ISO-10303-21;
HEADER;
FILE_DESCRIPTION(('FreeCAD Model'),'2;1');
FILE_NAME('Open CASCADE Shape Model','2026-06-28T13:40:56',('Author'),(
    ''),'Open CASCADE STEP processor 7.8','FreeCAD','Unknown');
FILE_SCHEMA(('AUTOMOTIVE_DESIGN { 1 0 10303 214 1 1 1 1 }'));
ENDSEC;
DATA;
#1 = APPLICATION_PROTOCOL_DEFINITION('international standard',
  'automotive_design',2000,#2);
#2 = APPLICATION_CONTEXT(
  'core data for automotive mechanical design processes');
#3 = SHAPE_DEFINITION_REPRESENTATION(#4,#10);
#4 = PRODUCT_DEFINITION_SHAPE('','',#5);
#5 = PRODUCT_DEFINITION('design','',#6,#9);
#6 = PRODUCT_DEFINITION_FORMATION('','',#7);
#7 = PRODUCT('Body001 (Solid)','Body001 (Solid)','',(#8));
#8 = PRODUCT_CONTEXT('',#2,'mechanical');
#9 = PRODUCT_DEFINITION_CONTEXT('part definition',#2,'design');
#10 = ADVANCED_BREP_SHAPE_REPRESENTATION('',(#11,#15),#11410);
#11 = AXIS2_PLACEMENT_3D('',#12,#13,#14);
#12 = CARTESIAN_POINT('',(0.,0.,0.));
#13 = DIRECTION('',(0.,0.,1.));
#14 = DIRECTION('',(1.,0.,-0.));
#15 = MANIFOLD_SOLID_BREP('',#16);
#16 = CLOSED_SHELL('',(#17,#49,#81,#104,#136,#168,#191,#221,#244,#276,
    #299,#329,#361,#384,#416,#446,#474,#497,#527,#543,#569,#590,#611,
    #622,#650,#680,#696,#726,#742,#765,#786,#809,#839,#869,#885,#917,
    #938,#961,#977,#993,#1021,#1037,#1060,#1088,#1120,#1141,#1164,#1187,
    #1203,#1226,#1242,#1274,#1295,#1311,#1327,#1350,#1373,#1389,#1405,
    #1428,#1444,#1472,#1488,#1504,#1520,#1543,#1564,#1580,#1603,#1631,
    #1652,#1663,#1684,#1700,#1728,#1749,#1772,#1798,#1814,#1825,#1841,
    #1852,#1882,#1898,#1909,#1930,#1946,#1967,#1983,#2004,#2020,#2031,
    #2047,#2058,#2079,#2095,#2111,#2127,#2143,#2159,#2170,#2181,#2202,
    #2218,#2229,#2250,#2261,#2272,#2293,#2304,#2315,#2338,#2368,#2384,
    #2400,#2423,#2439,#2455,#2466,#2482,#2498,#2509,#2520,#2536,#2547,
    #2568,#2584,#2595,#2611,#2627,#2638,#2659,#2675,#2691,#2702,#2734,
    #2766,#2789,#2821,#2853,#2876,#2906,#2929,#2961,#2984,#3014,#3046,
    #3069,#3101,#3131,#3159,#3182,#3205,#3228,#3254,#3275,#3291,#3307,
    #3335,#3358,#3381,#3404,#3427,#3450,#3471,#3494,#3524,#3554,#3570,
    #3600,#3623,#3646,#3667,#3678,#3699,#3722,#3745,#3773,#3803,#3826,
    #3849,#3872,#3888,#3911,#3927,#3959,#3980,#3996,#4012,#4035,#4058,
    #4074,#4090,#4113,#4129,#4150,#4173,#4189,#4205,#4228,#4249,#4265,
    #4288,#4316,#4337,#4348,#4369,#4385,#4413,#4434,#4457,#4478,#4499,
    #4510,#4526,#4537,#4560,#4583,#4594,#4615,#4631,#4652,#4678,#4689,
    #4705,#4716,#4732,#4743,#4764,#4780,#4801,#4812,#4828,#4844,#4855,
    #4866,#4887,#4903,#4914,#4935,#4946,#4957,#4978,#4989,#5000,#5023,
    #5053,#5074,#5085,#5108,#5124,#5140,#5151,#5167,#5183,#5194,#5205,
    #5221,#5232,#5253,#5269,#5280,#5296,#5312,#5323,#5344,#5360,#5376,
    #5387,#5408,#5424,#5440,#5456,#5477,#5488,#5509,#5525,#5546,#5562,
    #5583,#5599,#5615,#5626,#5642,#5653,#5669,#5685,#5706,#5722,#5738,
    #5749,#5765,#5781,#5802,#5813,#5829,#5840,#5861,#5877,#5898,#5909,
    #5925,#5941,#5957,#5968,#5989,#6000,#6016,#6027,#6059,#6091,#6114,
    #6144,#6174,#6190,#6220,#6243,#6266,#6289,#6319,#6349,#6372,#6404,
    #6434,#6462,#6485,#6508,#6531,#6557,#6578,#6594,#6610,#6638,#6659,
    #6682,#6705,#6728,#6751,#6772,#6795,#6825,#6855,#6871,#6899,#6915,
    #6938,#6959,#6970,#6991,#7014,#7037,#7065,#7095,#7116,#7139,#7162,
    #7178,#7201,#7217,#7240,#7261,#7277,#7293,#7316,#7339,#7355,#7371,
    #7394,#7410,#7431,#7447,#7463,#7479,#7495,#7516,#7532,#7555,#7566,
    #7587,#7598,#7619,#7635,#7658,#7679,#7695,#7711,#7732,#7743,#7759,
    #7770,#7791,#7807,#7818,#7839,#7855,#7876,#7902,#7913,#7929,#7940,
    #7956,#7967,#7988,#8004,#8025,#8036,#8052,#8063,#8074,#8085,#8101,
    #8117,#8128,#8144,#8155,#8166,#8187,#8198,#8209,#8232,#8255,#8276,
    #8287,#8303,#8319,#8335,#8346,#8362,#8378,#8389,#8400,#8416,#8427,
    #8443,#8459,#8470,#8481,#8497,#8508,#8524,#8540,#8556,#8567,#8599,
    #8631,#8654,#8684,#8714,#8737,#8767,#8790,#8822,#8843,#8873,#8903,
    #8926,#8958,#8988,#9016,#9039,#9069,#9085,#9111,#9132,#9153,#9164,
    #9192,#9222,#9238,#9268,#9284,#9307,#9328,#9351,#9381,#9411,#9427,
    #9457,#9478,#9501,#9517,#9533,#9561,#9577,#9600,#9628,#9658,#9679,
    #9702,#9725,#9741,#9764,#9780,#9803,#9824,#9840,#9856,#9879,#9902,
    #9918,#9934,#9957,#9973,#9994,#10010,#10026,#10042,#10058,#10079,
    #10095,#10118,#10129,#10150,#10161,#10182,#10198,#10226,#10247,
    #10263,#10289,#10300,#10311,#10327,#10338,#10359,#10375,#10386,
    #10407,#10423,#10444,#10460,#10481,#10497,#10508,#10524,#10535,
    #10556,#10572,#10588,#10604,#10620,#10631,#10642,#10653,#10669,
    #10685,#10696,#10717,#10728,#10739,#10760,#10771,#10782,#10805,
    #10835,#10851,#10867,#10888,#10904,#10920,#10931,#10947,#10963,
    #10974,#10985,#11001,#11012,#11033,#11049,#11060,#11076,#11092,
    #11103,#11119,#11135,#11151,#11162,#11178,#11194,#11210,#11221,
    #11237,#11248,#11264,#11275,#11291,#11307,#11323,#11339,#11355,
    #11366,#11377,#11388,#11399));
#17 = ADVANCED_FACE('',(#18),#44,.T.);
#18 = FACE_BOUND('',#19,.T.);
#19 = EDGE_LOOP('',(#20,#30,#38));
#20 = ORIENTED_EDGE('',*,*,#21,.T.);
#21 = EDGE_CURVE('',#22,#24,#26,.T.);
#22 = VERTEX_POINT('',#23);
#23 = CARTESIAN_POINT('',(0.486131280661,1.183676242828,
    3.056925535202E-02));
#24 = VERTEX_POINT('',#25);
#25 = CARTESIAN_POINT('',(0.450993210077,1.532300710678,
    1.242047548294E-02));
#26 = LINE('',#27,#28);
#27 = CARTESIAN_POINT('',(0.486131280661,1.183676242828,
    3.056925535202E-02));
#28 = VECTOR('',#29,1.);
#29 = DIRECTION('',(-0.10014826924,0.993627040133,-5.17264853341E-02));
#30 = ORIENTED_EDGE('',*,*,#31,.T.);
#31 = EDGE_CURVE('',#24,#32,#34,.T.);
#32 = VERTEX_POINT('',#33);
#33 = CARTESIAN_POINT('',(0.533330917358,1.382655143738,
    2.070516347885E-02));
#34 = LINE('',#35,#36);
#35 = CARTESIAN_POINT('',(0.450993210077,1.532300710678,
    1.242047548294E-02));
#36 = VECTOR('',#37,1.);
#37 = DIRECTION('',(0.481499404866,-0.875106361373,4.844769755261E-02));
#38 = ORIENTED_EDGE('',*,*,#39,.T.);
#39 = EDGE_CURVE('',#32,#22,#40,.T.);
#40 = LINE('',#41,#42);
#41 = CARTESIAN_POINT('',(0.533330917358,1.382655143738,
    2.070516347885E-02));
#42 = VECTOR('',#43,1.);
#43 = DIRECTION('',(-0.230536601441,-0.971870183406,4.817906187085E-02)
  );
#44 = PLANE('',#45);
#45 = AXIS2_PLACEMENT_3D('',#46,#47,#48);
#46 = CARTESIAN_POINT('',(0.485716724727,1.360319725416,
    2.150133742903E-02));
#47 = DIRECTION('',(7.341309116462E-03,-5.124850272139E-02,
    -0.998658948866));
#48 = DIRECTION('',(0.,-0.998685861225,5.124988379161E-02));
#49 = ADVANCED_FACE('',(#50),#76,.T.);
#50 = FACE_BOUND('',#51,.T.);
#51 = EDGE_LOOP('',(#52,#62,#70));
#52 = ORIENTED_EDGE('',*,*,#53,.T.);
#53 = EDGE_CURVE('',#54,#56,#58,.T.);
#54 = VERTEX_POINT('',#55);
#55 = CARTESIAN_POINT('',(0.468600839376,0.318466484547,0.323824286461)
  );
#56 = VERTEX_POINT('',#57);
#57 = CARTESIAN_POINT('',(0.493150234222,0.198765456676,0.189464241266)
  );
#58 = LINE('',#59,#60);
#59 = CARTESIAN_POINT('',(0.468600839376,0.318466484547,0.323824286461)
  );
#60 = VECTOR('',#61,1.);
#61 = DIRECTION('',(0.135173500949,-0.659095961672,-0.739811217777));
#62 = ORIENTED_EDGE('',*,*,#63,.T.);
#63 = EDGE_CURVE('',#56,#64,#66,.T.);
#64 = VERTEX_POINT('',#65);
#65 = CARTESIAN_POINT('',(0.478987127542,0.353999525309,0.139155179262)
  );
#66 = LINE('',#67,#68);
#67 = CARTESIAN_POINT('',(0.493150234222,0.198765456676,0.189464241266)
  );
#68 = VECTOR('',#69,1.);
#69 = DIRECTION('',(-8.646783254633E-02,0.947726636205,-0.307144163159)
  );
#70 = ORIENTED_EDGE('',*,*,#71,.T.);
#71 = EDGE_CURVE('',#64,#54,#72,.T.);
#72 = LINE('',#73,#74);
#73 = CARTESIAN_POINT('',(0.478987127542,0.353999525309,0.139155179262)
  );
#74 = VECTOR('',#75,1.);
#75 = DIRECTION('',(-5.514555136713E-02,-0.188661155289,0.980492700967)
  );
#76 = PLANE('',#77);
#77 = AXIS2_PLACEMENT_3D('',#78,#79,#80);
#78 = CARTESIAN_POINT('',(0.479970353391,0.291456470596,0.219432813043)
  );
#79 = DIRECTION('',(0.990233008324,0.115604327527,7.79373381753E-02));
#80 = DIRECTION('',(-0.115957038741,0.993254229876,0.));
#81 = ADVANCED_FACE('',(#82),#99,.T.);
#82 = FACE_BOUND('',#83,.T.);
#83 = EDGE_LOOP('',(#84,#92,#93));
#84 = ORIENTED_EDGE('',*,*,#85,.T.);
#85 = EDGE_CURVE('',#86,#56,#88,.T.);
#86 = VERTEX_POINT('',#87);
#87 = CARTESIAN_POINT('',(0.460207521915,0.209971487522,0.43311470747));
#88 = LINE('',#89,#90);
#89 = CARTESIAN_POINT('',(0.460207521915,0.209971487522,0.43311470747));
#90 = VECTOR('',#91,1.);
#91 = DIRECTION('',(0.133846744699,-4.553027497291E-02,-0.989955576273)
  );
#92 = ORIENTED_EDGE('',*,*,#53,.F.);
#93 = ORIENTED_EDGE('',*,*,#94,.T.);
#94 = EDGE_CURVE('',#54,#86,#95,.T.);
#95 = LINE('',#96,#97);
#96 = CARTESIAN_POINT('',(0.468600839376,0.318466484547,0.323824286461)
  );
#97 = VECTOR('',#98,1.);
#98 = DIRECTION('',(-5.442179560552E-02,-0.703475423123,0.708632907241)
  );
#99 = PLANE('',#100);
#100 = AXIS2_PLACEMENT_3D('',#101,#102,#103);
#101 = CARTESIAN_POINT('',(0.474735596155,0.237158619585,0.31203977737)
  );
#102 = DIRECTION('',(0.989783969368,5.565518229065E-02,0.131263836092));
#103 = DIRECTION('',(-0.131467604415,0.,0.991320467351));
#104 = ADVANCED_FACE('',(#105),#131,.T.);
#105 = FACE_BOUND('',#106,.T.);
#106 = EDGE_LOOP('',(#107,#117,#125));
#107 = ORIENTED_EDGE('',*,*,#108,.T.);
#108 = EDGE_CURVE('',#109,#111,#113,.T.);
#109 = VERTEX_POINT('',#110);
#110 = CARTESIAN_POINT('',(0.443114459515,0.242247253656,
    -2.07906961441E-03));
#111 = VERTEX_POINT('',#112);
#112 = CARTESIAN_POINT('',(0.193163082004,0.14935874939,
    -3.008431196213E-02));
#113 = LINE('',#114,#115);
#114 = CARTESIAN_POINT('',(0.443114459515,0.242247253656,
    -2.07906961441E-03));
#115 = VECTOR('',#116,1.);
#116 = DIRECTION('',(-0.932237463412,-0.34644395426,-0.104450458919));
#117 = ORIENTED_EDGE('',*,*,#118,.T.);
#118 = EDGE_CURVE('',#111,#119,#121,.T.);
#119 = VERTEX_POINT('',#120);
#120 = CARTESIAN_POINT('',(-8.023011588421E-09,0.203265964985,
    -3.454473614693E-02));
#121 = LINE('',#122,#123);
#122 = CARTESIAN_POINT('',(0.193163082004,0.14935874939,
    -3.008431196213E-02));
#123 = VECTOR('',#124,1.);
#124 = DIRECTION('',(-0.962956551816,0.26873822758,-2.223610469288E-02)
  );
#125 = ORIENTED_EDGE('',*,*,#126,.T.);
#126 = EDGE_CURVE('',#119,#109,#127,.T.);
#127 = LINE('',#128,#129);
#128 = CARTESIAN_POINT('',(-8.023011588421E-09,0.203265964985,
    -3.454473614693E-02));
#129 = VECTOR('',#130,1.);
#130 = DIRECTION('',(0.993510238685,8.740023684507E-02,
    7.279151205563E-02));
#131 = PLANE('',#132);
#132 = AXIS2_PLACEMENT_3D('',#133,#134,#135);
#133 = CARTESIAN_POINT('',(0.222460324735,0.204671098463,
    -2.07288919286E-02));
#134 = DIRECTION('',(6.056560803833E-02,0.13519209718,-0.988966583856));
#135 = DIRECTION('',(0.,-0.99078544944,-0.135440736777));
#136 = ADVANCED_FACE('',(#137),#163,.T.);
#137 = FACE_BOUND('',#138,.T.);
#138 = EDGE_LOOP('',(#139,#149,#157));
#139 = ORIENTED_EDGE('',*,*,#140,.T.);
#140 = EDGE_CURVE('',#141,#143,#145,.T.);
#141 = VERTEX_POINT('',#142);
#142 = CARTESIAN_POINT('',(0.256271094084,-0.278289437294,0.590558588505
    ));
#143 = VERTEX_POINT('',#144);
#144 = CARTESIAN_POINT('',(-8.023011588421E-09,-1.81725025177E-02,
    0.766034960747));
#145 = LINE('',#146,#147);
#146 = CARTESIAN_POINT('',(0.256271094084,-0.278289437294,0.590558588505
    ));
#147 = VECTOR('',#148,1.);
#148 = DIRECTION('',(-0.632570237846,0.642063150884,0.433139474614));
#149 = ORIENTED_EDGE('',*,*,#150,.T.);
#150 = EDGE_CURVE('',#143,#151,#153,.T.);
#151 = VERTEX_POINT('',#152);
#152 = CARTESIAN_POINT('',(-8.023011588421E-09,-0.319506406784,
    0.59232878685));
#153 = LINE('',#154,#155);
#154 = CARTESIAN_POINT('',(-8.023011588421E-09,-1.81725025177E-02,
    0.766034960747));
#155 = VECTOR('',#156,1.);
#156 = DIRECTION('',(0.,-0.86636014628,-0.49941976026));
#157 = ORIENTED_EDGE('',*,*,#158,.T.);
#158 = EDGE_CURVE('',#151,#141,#159,.T.);
#159 = LINE('',#160,#161);
#160 = CARTESIAN_POINT('',(-8.023011588421E-09,-0.319506406784,
    0.59232878685));
#161 = VECTOR('',#162,1.);
#162 = DIRECTION('',(0.98728897037,0.158789106673,-6.819720550618E-03));
#163 = PLANE('',#164);
#164 = AXIS2_PLACEMENT_3D('',#165,#166,#167);
#165 = CARTESIAN_POINT('',(8.411874193039E-02,-0.193935715041,
    0.656334939114));
#166 = DIRECTION('',(8.598814255651E-02,-0.497569989603,0.863151287311)
  );
#167 = DIRECTION('',(0.,0.86636014628,0.49941976026));
#168 = ADVANCED_FACE('',(#169),#186,.T.);
#169 = FACE_BOUND('',#170,.T.);
#170 = EDGE_LOOP('',(#171,#179,#180));
#171 = ORIENTED_EDGE('',*,*,#172,.T.);
#172 = EDGE_CURVE('',#173,#143,#175,.T.);
#173 = VERTEX_POINT('',#174);
#174 = CARTESIAN_POINT('',(0.215193510056,-9.164851903915E-02,
    0.690023899078));
#175 = LINE('',#176,#177);
#176 = CARTESIAN_POINT('',(0.215193510056,-9.164851903915E-02,
    0.690023899078));
#177 = VECTOR('',#178,1.);
#178 = DIRECTION('',(-0.897538764054,0.306457060813,0.31703034066));
#179 = ORIENTED_EDGE('',*,*,#140,.F.);
#180 = ORIENTED_EDGE('',*,*,#181,.T.);
#181 = EDGE_CURVE('',#141,#173,#182,.T.);
#182 = LINE('',#183,#184);
#183 = CARTESIAN_POINT('',(0.256271094084,-0.278289437294,0.590558588505
    ));
#184 = VECTOR('',#185,1.);
#185 = DIRECTION('',(-0.190665953767,0.866313575465,0.461678766068));
#186 = PLANE('',#187);
#187 = AXIS2_PLACEMENT_3D('',#188,#189,#190);
#188 = CARTESIAN_POINT('',(0.149355985978,-0.131423981357,0.682639145154
    ));
#189 = DIRECTION('',(0.163896212816,-0.435612160086,0.885087610019));
#190 = DIRECTION('',(0.,0.897220191191,0.441583433248));
#191 = ADVANCED_FACE('',(#192),#216,.T.);
#192 = FACE_BOUND('',#193,.T.);
#193 = EDGE_LOOP('',(#194,#202,#210));
#194 = ORIENTED_EDGE('',*,*,#195,.T.);
#195 = EDGE_CURVE('',#56,#196,#198,.T.);
#196 = VERTEX_POINT('',#197);
#197 = CARTESIAN_POINT('',(0.486126184464,-5.016946792603E-02,
    0.210759818554));
#198 = LINE('',#199,#200);
#199 = CARTESIAN_POINT('',(0.493150234222,0.198765456676,0.189464241266)
  );
#200 = VECTOR('',#201,1.);
#201 = DIRECTION('',(-2.810262165164E-02,-0.995967318299,
    8.520178129568E-02));
#202 = ORIENTED_EDGE('',*,*,#203,.T.);
#203 = EDGE_CURVE('',#196,#204,#206,.T.);
#204 = VERTEX_POINT('',#205);
#205 = CARTESIAN_POINT('',(0.509242594242,8.366203308105E-02,
    1.349985599518E-02));
#206 = LINE('',#207,#208);
#207 = CARTESIAN_POINT('',(0.486126184464,-5.016946792603E-02,
    0.210759818554));
#208 = VECTOR('',#209,1.);
#209 = DIRECTION('',(9.652241635526E-02,0.558812548548,-0.823657670836)
  );
#210 = ORIENTED_EDGE('',*,*,#211,.T.);
#211 = EDGE_CURVE('',#204,#56,#212,.T.);
#212 = LINE('',#213,#214);
#213 = CARTESIAN_POINT('',(0.509242594242,8.366203308105E-02,
    1.349985599518E-02));
#214 = VECTOR('',#215,1.);
#215 = DIRECTION('',(-7.630977687536E-02,0.545819044653,0.834420989937)
  );
#216 = PLANE('',#217);
#217 = AXIS2_PLACEMENT_3D('',#218,#219,#220);
#218 = CARTESIAN_POINT('',(0.495870266046,7.476651966284E-02,
    0.140324324629));
#219 = DIRECTION('',(0.994443326133,-1.920495521478E-02,0.103506718649)
  );
#220 = DIRECTION('',(-0.103525812138,0.,0.994626767296));
#221 = ADVANCED_FACE('',(#222),#239,.T.);
#222 = FACE_BOUND('',#223,.T.);
#223 = EDGE_LOOP('',(#224,#232,#233));
#224 = ORIENTED_EDGE('',*,*,#225,.T.);
#225 = EDGE_CURVE('',#226,#196,#228,.T.);
#226 = VERTEX_POINT('',#227);
#227 = CARTESIAN_POINT('',(0.47218221426,7.687509059906E-02,
    0.422216147184));
#228 = LINE('',#229,#230);
#229 = CARTESIAN_POINT('',(0.47218221426,7.687509059906E-02,
    0.422216147184));
#230 = VECTOR('',#231,1.);
#231 = DIRECTION('',(5.643503902069E-02,-0.514183873972,-0.855821260614)
  );
#232 = ORIENTED_EDGE('',*,*,#195,.F.);
#233 = ORIENTED_EDGE('',*,*,#234,.T.);
#234 = EDGE_CURVE('',#56,#226,#235,.T.);
#235 = LINE('',#236,#237);
#236 = CARTESIAN_POINT('',(0.493150234222,0.198765456676,0.189464241266)
  );
#237 = VECTOR('',#238,1.);
#238 = DIRECTION('',(-7.955319361709E-02,-0.462455105921,0.883066568495)
  );
#239 = PLANE('',#240);
#240 = AXIS2_PLACEMENT_3D('',#241,#242,#243);
#241 = CARTESIAN_POINT('',(0.483816437618,7.651254686513E-02,
    0.27455529459));
#242 = DIRECTION('',(0.996678010708,-2.140032706186E-02,
    7.858097080934E-02));
#243 = DIRECTION('',(-7.859897101299E-02,2.168404344971E-19,
    0.996906315436));
#244 = ADVANCED_FACE('',(#245),#271,.T.);
#245 = FACE_BOUND('',#246,.T.);
#246 = EDGE_LOOP('',(#247,#257,#265));
#247 = ORIENTED_EDGE('',*,*,#248,.T.);
#248 = EDGE_CURVE('',#249,#251,#253,.T.);
#249 = VERTEX_POINT('',#250);
#250 = CARTESIAN_POINT('',(0.232998520136,1.050237178802,0.514512121677)
  );
#251 = VERTEX_POINT('',#252);
#252 = CARTESIAN_POINT('',(-8.023011588421E-09,0.839945852757,
    0.631744682789));
#253 = LINE('',#254,#255);
#254 = CARTESIAN_POINT('',(0.232998520136,1.050237178802,0.514512121677)
  );
#255 = VECTOR('',#256,1.);
#256 = DIRECTION('',(-0.695427437377,-0.627653569876,0.34990238005));
#257 = ORIENTED_EDGE('',*,*,#258,.T.);
#258 = EDGE_CURVE('',#251,#259,#261,.T.);
#259 = VERTEX_POINT('',#260);
#260 = CARTESIAN_POINT('',(0.379252970219,0.804523229599,0.430786430836)
  );
#261 = LINE('',#262,#263);
#262 = CARTESIAN_POINT('',(-8.023011588421E-09,0.839945852757,
    0.631744682789));
#263 = VECTOR('',#264,1.);
#264 = DIRECTION('',(0.88062305919,-8.225111089202E-02,-0.466623812488)
  );
#265 = ORIENTED_EDGE('',*,*,#266,.T.);
#266 = EDGE_CURVE('',#259,#249,#267,.T.);
#267 = LINE('',#268,#269);
#268 = CARTESIAN_POINT('',(0.379252970219,0.804523229599,0.430786430836)
  );
#269 = VECTOR('',#270,1.);
#270 = DIRECTION('',(-0.490864964883,0.824674866159,0.281003472179));
#271 = PLANE('',#272);
#272 = AXIS2_PLACEMENT_3D('',#273,#274,#275);
#273 = CARTESIAN_POINT('',(0.199225820397,0.890386794429,0.528032392948)
  );
#274 = DIRECTION('',(0.466346600116,-2.373487819924E-02,0.88428361068));
#275 = DIRECTION('',(0.884532794096,0.,-0.466478012524));
#276 = ADVANCED_FACE('',(#277),#294,.T.);
#277 = FACE_BOUND('',#278,.T.);
#278 = EDGE_LOOP('',(#279,#287,#288));
#279 = ORIENTED_EDGE('',*,*,#280,.T.);
#280 = EDGE_CURVE('',#281,#251,#283,.T.);
#281 = VERTEX_POINT('',#282);
#282 = CARTESIAN_POINT('',(-8.023011588421E-09,1.054768562317,
    0.550237774849));
#283 = LINE('',#284,#285);
#284 = CARTESIAN_POINT('',(-8.023011588421E-09,1.054768562317,
    0.550237774849));
#285 = VECTOR('',#286,1.);
#286 = DIRECTION('',(0.,-0.934965148382,0.354739582385));
#287 = ORIENTED_EDGE('',*,*,#248,.F.);
#288 = ORIENTED_EDGE('',*,*,#289,.T.);
#289 = EDGE_CURVE('',#249,#281,#290,.T.);
#290 = LINE('',#291,#292);
#291 = CARTESIAN_POINT('',(0.232998520136,1.050237178802,0.514512121677)
  );
#292 = VECTOR('',#293,1.);
#293 = DIRECTION('',(-0.988265669537,1.921991009203E-02,0.151530727813)
  );
#294 = PLANE('',#295);
#295 = AXIS2_PLACEMENT_3D('',#296,#297,#298);
#296 = CARTESIAN_POINT('',(8.306386738527E-02,0.977373875956,
    0.566253361196));
#297 = DIRECTION('',(0.148589176596,0.350801622657,0.924586111804));
#298 = DIRECTION('',(6.938893903907E-18,0.934965148382,-0.354739582385)
  );
#299 = ADVANCED_FACE('',(#300),#324,.T.);
#300 = FACE_BOUND('',#301,.T.);
#301 = EDGE_LOOP('',(#302,#312,#318));
#302 = ORIENTED_EDGE('',*,*,#303,.T.);
#303 = EDGE_CURVE('',#304,#306,#308,.T.);
#304 = VERTEX_POINT('',#305);
#305 = CARTESIAN_POINT('',(0.431475639343,-0.192971229553,
    1.404923200607E-02));
#306 = VERTEX_POINT('',#307);
#307 = CARTESIAN_POINT('',(0.492284685373,-5.143576860428E-02,
    2.917066216469E-02));
#308 = LINE('',#309,#310);
#309 = CARTESIAN_POINT('',(0.431475639343,-0.192971229553,
    1.404923200607E-02));
#310 = VECTOR('',#311,1.);
#311 = DIRECTION('',(0.392858999766,0.914394868033,9.769253614358E-02));
#312 = ORIENTED_EDGE('',*,*,#313,.T.);
#313 = EDGE_CURVE('',#306,#196,#314,.T.);
#314 = LINE('',#315,#316);
#315 = CARTESIAN_POINT('',(0.492284685373,-5.143576860428E-02,
    2.917066216469E-02));
#316 = VECTOR('',#317,1.);
#317 = DIRECTION('',(-3.389416460495E-02,6.969261555152E-03,
    0.999401128176));
#318 = ORIENTED_EDGE('',*,*,#319,.T.);
#319 = EDGE_CURVE('',#196,#304,#320,.T.);
#320 = LINE('',#321,#322);
#321 = CARTESIAN_POINT('',(0.486126184464,-5.016946792603E-02,
    0.210759818554));
#322 = VECTOR('',#323,1.);
#323 = DIRECTION('',(-0.21935086543,-0.573163358736,-0.789537182175));
#324 = PLANE('',#325);
#325 = AXIS2_PLACEMENT_3D('',#326,#327,#328);
#326 = CARTESIAN_POINT('',(0.469048096242,-9.978127196286E-02,
    9.07527252847E-02));
#327 = DIRECTION('',(0.916945079975,-0.397573304336,3.387016370635E-02)
  );
#328 = DIRECTION('',(0.397801546392,0.917471487126,0.));
#329 = ADVANCED_FACE('',(#330),#356,.T.);
#330 = FACE_BOUND('',#331,.T.);
#331 = EDGE_LOOP('',(#332,#342,#350));
#332 = ORIENTED_EDGE('',*,*,#333,.T.);
#333 = EDGE_CURVE('',#334,#336,#338,.T.);
#334 = VERTEX_POINT('',#335);
#335 = CARTESIAN_POINT('',(-8.023011588421E-09,0.934864401817,
    -3.470620512962E-02));
#336 = VERTEX_POINT('',#337);
#337 = CARTESIAN_POINT('',(0.375573664904,0.925310969353,
    -2.378022670746E-02));
#338 = LINE('',#339,#340);
#339 = CARTESIAN_POINT('',(-8.023011588421E-09,0.934864401817,
    -3.470620512962E-02));
#340 = VECTOR('',#341,1.);
#341 = DIRECTION('',(0.999254161235,-2.541793483537E-02,
    2.906974101469E-02));
#342 = ORIENTED_EDGE('',*,*,#343,.T.);
#343 = EDGE_CURVE('',#336,#344,#346,.T.);
#344 = VERTEX_POINT('',#345);
#345 = CARTESIAN_POINT('',(0.322951734066,0.792246222496,
    -2.41559445858E-02));
#346 = LINE('',#347,#348);
#347 = CARTESIAN_POINT('',(0.375573664904,0.925310969353,
    -2.378022670746E-02));
#348 = VECTOR('',#349,1.);
#349 = DIRECTION('',(-0.367747902436,-0.929921817116,-2.625701099681E-03
    ));
#350 = ORIENTED_EDGE('',*,*,#351,.T.);
#351 = EDGE_CURVE('',#344,#334,#352,.T.);
#352 = LINE('',#353,#354);
#353 = CARTESIAN_POINT('',(0.322951734066,0.792246222496,
    -2.41559445858E-02));
#354 = VECTOR('',#355,1.);
#355 = DIRECTION('',(-0.914363653949,0.403790605742,-2.987063862409E-02)
  );
#356 = PLANE('',#357);
#357 = AXIS2_PLACEMENT_3D('',#358,#359,#360);
#358 = CARTESIAN_POINT('',(0.203624773159,0.891443970021,
    -2.845380614908E-02));
#359 = DIRECTION('',(2.885972869268E-02,-8.590608429035E-03,
    -0.999546555948));
#360 = DIRECTION('',(-0.999583440534,5.421010862428E-20,
    -2.886079365473E-02));
#361 = ADVANCED_FACE('',(#362),#379,.T.);
#362 = FACE_BOUND('',#363,.T.);
#363 = EDGE_LOOP('',(#364,#372,#373));
#364 = ORIENTED_EDGE('',*,*,#365,.T.);
#365 = EDGE_CURVE('',#366,#336,#368,.T.);
#366 = VERTEX_POINT('',#367);
#367 = CARTESIAN_POINT('',(0.32560813427,1.133490085602,
    -2.191829681396E-02));
#368 = LINE('',#369,#370);
#369 = CARTESIAN_POINT('',(0.32560813427,1.133490085602,
    -2.191829681396E-02));
#370 = VECTOR('',#371,1.);
#371 = DIRECTION('',(0.233375356856,-0.972347835163,-8.696566369304E-03)
  );
#372 = ORIENTED_EDGE('',*,*,#333,.F.);
#373 = ORIENTED_EDGE('',*,*,#374,.T.);
#374 = EDGE_CURVE('',#334,#366,#375,.T.);
#375 = LINE('',#376,#377);
#376 = CARTESIAN_POINT('',(-8.023011588421E-09,0.934864401817,
    -3.470620512962E-02));
#377 = VECTOR('',#378,1.);
#378 = DIRECTION('',(0.853218681318,0.520475755923,3.350924271448E-02));
#379 = PLANE('',#380);
#380 = AXIS2_PLACEMENT_3D('',#381,#382,#383);
#381 = CARTESIAN_POINT('',(0.213849878092,0.992857637023,
    -2.746855439629E-02));
#382 = DIRECTION('',(2.948243176812E-02,1.601499240034E-02,
    -0.99943699463));
#383 = DIRECTION('',(-0.999565187081,5.421010862428E-20,
    -2.948621332233E-02));
#384 = ADVANCED_FACE('',(#385),#411,.T.);
#385 = FACE_BOUND('',#386,.T.);
#386 = EDGE_LOOP('',(#387,#397,#405));
#387 = ORIENTED_EDGE('',*,*,#388,.T.);
#388 = EDGE_CURVE('',#389,#391,#393,.T.);
#389 = VERTEX_POINT('',#390);
#390 = CARTESIAN_POINT('',(0.186195775867,0.302933037281,0.825612545013)
  );
#391 = VERTEX_POINT('',#392);
#392 = CARTESIAN_POINT('',(0.351004213095,0.214789807796,0.705610454082)
  );
#393 = LINE('',#394,#395);
#394 = CARTESIAN_POINT('',(0.186195775867,0.302933037281,0.825612545013)
  );
#395 = VECTOR('',#396,1.);
#396 = DIRECTION('',(0.742022463647,-0.396850169785,-0.540289372637));
#397 = ORIENTED_EDGE('',*,*,#398,.T.);
#398 = EDGE_CURVE('',#391,#399,#401,.T.);
#399 = VERTEX_POINT('',#400);
#400 = CARTESIAN_POINT('',(0.322233051062,0.377736061811,0.746499240398)
  );
#401 = LINE('',#402,#403);
#402 = CARTESIAN_POINT('',(0.351004213095,0.214789807796,0.705610454082)
  );
#403 = VECTOR('',#404,1.);
#404 = DIRECTION('',(-0.168801268646,0.956010548592,0.239895732942));
#405 = ORIENTED_EDGE('',*,*,#406,.T.);
#406 = EDGE_CURVE('',#399,#389,#407,.T.);
#407 = LINE('',#408,#409);
#408 = CARTESIAN_POINT('',(0.322233051062,0.377736061811,0.746499240398)
  );
#409 = VECTOR('',#410,1.);
#410 = DIRECTION('',(-0.780734055485,-0.429303428934,0.454040637511));
#411 = PLANE('',#412);
#412 = AXIS2_PLACEMENT_3D('',#413,#414,#415);
#413 = CARTESIAN_POINT('',(0.284631898234,0.295154984239,0.760001160352)
  );
#414 = DIRECTION('',(0.544960619278,-0.112280820918,0.830909706701));
#415 = DIRECTION('',(0.836197388008,1.387778780781E-17,-0.548428599079)
  );
#416 = ADVANCED_FACE('',(#417),#441,.T.);
#417 = FACE_BOUND('',#418,.T.);
#418 = EDGE_LOOP('',(#419,#429,#435));
#419 = ORIENTED_EDGE('',*,*,#420,.T.);
#420 = EDGE_CURVE('',#421,#423,#425,.T.);
#421 = VERTEX_POINT('',#422);
#422 = CARTESIAN_POINT('',(0.238283053041,-0.308980107307,0.212793409824
    ));
#423 = VERTEX_POINT('',#424);
#424 = CARTESIAN_POINT('',(0.256806254387,-0.217809975147,
    2.133551239967E-02));
#425 = LINE('',#426,#427);
#426 = CARTESIAN_POINT('',(0.238283053041,-0.308980107307,0.212793409824
    ));
#427 = VECTOR('',#428,1.);
#428 = DIRECTION('',(8.701880782481E-02,0.428301569553,-0.89943620819));
#429 = ORIENTED_EDGE('',*,*,#430,.T.);
#430 = EDGE_CURVE('',#423,#304,#431,.T.);
#431 = LINE('',#432,#433);
#432 = CARTESIAN_POINT('',(0.256806254387,-0.217809975147,
    2.133551239967E-02));
#433 = VECTOR('',#434,1.);
#434 = DIRECTION('',(0.989196532793,0.140668045672,-4.1264033214E-02));
#435 = ORIENTED_EDGE('',*,*,#436,.T.);
#436 = EDGE_CURVE('',#304,#421,#437,.T.);
#437 = LINE('',#438,#439);
#438 = CARTESIAN_POINT('',(0.431475639343,-0.192971229553,
    1.404923200607E-02));
#439 = VECTOR('',#440,1.);
#440 = DIRECTION('',(-0.642973446333,-0.386094670413,0.661449962423));
#441 = PLANE('',#442);
#442 = AXIS2_PLACEMENT_3D('',#443,#444,#445);
#443 = CARTESIAN_POINT('',(0.310303553471,-0.243140380918,
    9.004426237403E-02));
#444 = DIRECTION('',(0.110727457011,-0.901425033549,-0.418535947267));
#445 = DIRECTION('',(0.,0.421125528638,-0.907002364456));
#446 = ADVANCED_FACE('',(#447),#469,.T.);
#447 = FACE_BOUND('',#448,.T.);
#448 = EDGE_LOOP('',(#449,#455,#463));
#449 = ORIENTED_EDGE('',*,*,#450,.T.);
#450 = EDGE_CURVE('',#344,#64,#451,.T.);
#451 = LINE('',#452,#453);
#452 = CARTESIAN_POINT('',(0.322951734066,0.792246222496,
    -2.41559445858E-02));
#453 = VECTOR('',#454,1.);
#454 = DIRECTION('',(0.316483104564,-0.888885990548,0.331240306021));
#455 = ORIENTED_EDGE('',*,*,#456,.T.);
#456 = EDGE_CURVE('',#64,#457,#459,.T.);
#457 = VERTEX_POINT('',#458);
#458 = CARTESIAN_POINT('',(0.408610552549,0.491549581289,
    -2.438452839851E-02));
#459 = LINE('',#460,#461);
#460 = CARTESIAN_POINT('',(0.478987127542,0.353999525309,0.139155179262)
  );
#461 = VECTOR('',#462,1.);
#462 = DIRECTION('',(-0.312806045606,0.611375149875,-0.726892566991));
#463 = ORIENTED_EDGE('',*,*,#464,.T.);
#464 = EDGE_CURVE('',#457,#344,#465,.T.);
#465 = LINE('',#466,#467);
#466 = CARTESIAN_POINT('',(0.408610552549,0.491549581289,
    -2.438452839851E-02));
#467 = VECTOR('',#468,1.);
#468 = DIRECTION('',(-0.273968396154,0.961738417351,7.310950777136E-04)
  );
#469 = PLANE('',#470);
#470 = AXIS2_PLACEMENT_3D('',#471,#472,#473);
#471 = CARTESIAN_POINT('',(0.39964409325,0.561166702437,
    3.26694080274E-02));
#472 = DIRECTION('',(0.94593952048,0.269604865779,-0.180309844277));
#473 = DIRECTION('',(-0.274097359404,0.961701948406,-6.938893903907E-18)
  );
#474 = ADVANCED_FACE('',(#475),#492,.T.);
#475 = FACE_BOUND('',#476,.T.);
#476 = EDGE_LOOP('',(#477,#485,#486));
#477 = ORIENTED_EDGE('',*,*,#478,.T.);
#478 = EDGE_CURVE('',#479,#64,#481,.T.);
#479 = VERTEX_POINT('',#480);
#480 = CARTESIAN_POINT('',(0.423532545567,0.744128167629,0.1337492764));
#481 = LINE('',#482,#483);
#482 = CARTESIAN_POINT('',(0.423532545567,0.744128167629,0.1337492764));
#483 = VECTOR('',#484,1.);
#484 = DIRECTION('',(0.14071649456,-0.989954896762,1.371752655321E-02));
#485 = ORIENTED_EDGE('',*,*,#450,.F.);
#486 = ORIENTED_EDGE('',*,*,#487,.T.);
#487 = EDGE_CURVE('',#344,#479,#488,.T.);
#488 = LINE('',#489,#490);
#489 = CARTESIAN_POINT('',(0.322951734066,0.792246222496,
    -2.41559445858E-02));
#490 = VECTOR('',#491,1.);
#491 = DIRECTION('',(0.520328217918,-0.248926026396,0.816880884231));
#492 = PLANE('',#493);
#493 = AXIS2_PLACEMENT_3D('',#494,#495,#496);
#494 = CARTESIAN_POINT('',(0.414352248699,0.599247078758,
    8.581430915107E-02));
#495 = DIRECTION('',(0.853316467394,0.114244882111,-0.508723022268));
#496 = DIRECTION('',(0.512075777299,6.938893903907E-18,0.858940276331));
#497 = ADVANCED_FACE('',(#498),#522,.T.);
#498 = FACE_BOUND('',#499,.T.);
#499 = EDGE_LOOP('',(#500,#508,#516));
#500 = ORIENTED_EDGE('',*,*,#501,.T.);
#501 = EDGE_CURVE('',#22,#502,#504,.T.);
#502 = VERTEX_POINT('',#503);
#503 = CARTESIAN_POINT('',(0.357704490423,1.180297017097,0.418577522039)
  );
#504 = LINE('',#505,#506);
#505 = CARTESIAN_POINT('',(0.486131280661,1.183676242828,
    3.056925535202E-02));
#506 = VECTOR('',#507,1.);
#507 = DIRECTION('',(-0.314214000475,-8.267745642862E-03,0.94931617825)
  );
#508 = ORIENTED_EDGE('',*,*,#509,.T.);
#509 = EDGE_CURVE('',#502,#510,#512,.T.);
#510 = VERTEX_POINT('',#511);
#511 = CARTESIAN_POINT('',(0.441618859768,1.009695291519,0.143365234137)
  );
#512 = LINE('',#513,#514);
#513 = CARTESIAN_POINT('',(0.357704490423,1.180297017097,0.418577522039)
  );
#514 = VECTOR('',#515,1.);
#515 = DIRECTION('',(0.250867183823,-0.510024383015,-0.822764112496));
#516 = ORIENTED_EDGE('',*,*,#517,.T.);
#517 = EDGE_CURVE('',#510,#22,#518,.T.);
#518 = LINE('',#519,#520);
#519 = CARTESIAN_POINT('',(0.441618859768,1.009695291519,0.143365234137)
  );
#520 = VECTOR('',#521,1.);
#521 = DIRECTION('',(0.209895002986,0.820394208227,-0.53188103071));
#522 = PLANE('',#523);
#523 = AXIS2_PLACEMENT_3D('',#524,#525,#526);
#524 = CARTESIAN_POINT('',(0.423439115788,1.132590357675,0.213773374319)
  );
#525 = DIRECTION('',(0.948715028113,-3.936431108859E-02,0.313672195844)
  );
#526 = DIRECTION('',(-0.313915503861,-1.734723475977E-18,0.949450923658)
  );
#527 = ADVANCED_FACE('',(#528),#538,.T.);
#528 = FACE_BOUND('',#529,.T.);
#529 = EDGE_LOOP('',(#530,#536,#537));
#530 = ORIENTED_EDGE('',*,*,#531,.T.);
#531 = EDGE_CURVE('',#32,#502,#532,.T.);
#532 = LINE('',#533,#534);
#533 = CARTESIAN_POINT('',(0.533330917358,1.382655143738,
    2.070516347885E-02));
#534 = VECTOR('',#535,1.);
#535 = DIRECTION('',(-0.366130119128,-0.421857953307,0.829448372775));
#536 = ORIENTED_EDGE('',*,*,#501,.F.);
#537 = ORIENTED_EDGE('',*,*,#39,.F.);
#538 = PLANE('',#539);
#539 = AXIS2_PLACEMENT_3D('',#540,#541,#542);
#540 = CARTESIAN_POINT('',(0.448720499258,1.244593702866,0.185149857423)
  );
#541 = DIRECTION('',(0.929647660148,-0.205355711434,0.305915445446));
#542 = DIRECTION('',(-0.31257727919,-6.938893903907E-18,0.949892333127)
  );
#543 = ADVANCED_FACE('',(#544),#564,.T.);
#544 = FACE_BOUND('',#545,.T.);
#545 = EDGE_LOOP('',(#546,#552,#558));
#546 = ORIENTED_EDGE('',*,*,#547,.T.);
#547 = EDGE_CURVE('',#510,#479,#548,.T.);
#548 = LINE('',#549,#550);
#549 = CARTESIAN_POINT('',(0.441618859768,1.009695291519,0.143365234137)
  );
#550 = VECTOR('',#551,1.);
#551 = DIRECTION('',(-6.790280416111E-02,-0.997038545519,
    -3.6101910415E-02));
#552 = ORIENTED_EDGE('',*,*,#553,.T.);
#553 = EDGE_CURVE('',#479,#336,#554,.T.);
#554 = LINE('',#555,#556);
#555 = CARTESIAN_POINT('',(0.423532545567,0.744128167629,0.1337492764));
#556 = VECTOR('',#557,1.);
#557 = DIRECTION('',(-0.195884694236,0.740028483272,-0.643418239181));
#558 = ORIENTED_EDGE('',*,*,#559,.T.);
#559 = EDGE_CURVE('',#336,#510,#560,.T.);
#560 = LINE('',#561,#562);
#561 = CARTESIAN_POINT('',(0.375573664904,0.925310969353,
    -2.378022670746E-02));
#562 = VECTOR('',#563,1.);
#563 = DIRECTION('',(0.332645257997,0.425012670122,0.841849964404));
#564 = PLANE('',#565);
#565 = AXIS2_PLACEMENT_3D('',#566,#567,#568);
#566 = CARTESIAN_POINT('',(0.414475947669,0.887699593184,
    8.769355212715E-02));
#567 = DIRECTION('',(0.937392997845,-5.136791492773E-02,-0.34446437393)
  );
#568 = DIRECTION('',(0.344919737937,3.469446951954E-18,0.93863218269));
#569 = ADVANCED_FACE('',(#570),#585,.T.);
#570 = FACE_BOUND('',#571,.T.);
#571 = EDGE_LOOP('',(#572,#578,#579));
#572 = ORIENTED_EDGE('',*,*,#573,.T.);
#573 = EDGE_CURVE('',#259,#479,#574,.T.);
#574 = LINE('',#575,#576);
#575 = CARTESIAN_POINT('',(0.379252970219,0.804523229599,0.430786430836)
  );
#576 = VECTOR('',#577,1.);
#577 = DIRECTION('',(0.144547648784,-0.197155553939,-0.969657498698));
#578 = ORIENTED_EDGE('',*,*,#547,.F.);
#579 = ORIENTED_EDGE('',*,*,#580,.T.);
#580 = EDGE_CURVE('',#510,#259,#581,.T.);
#581 = LINE('',#582,#583);
#582 = CARTESIAN_POINT('',(0.441618859768,1.009695291519,0.143365234137)
  );
#583 = VECTOR('',#584,1.);
#584 = DIRECTION('',(-0.173913522526,-0.572142821507,0.801502762615));
#585 = PLANE('',#586);
#586 = AXIS2_PLACEMENT_3D('',#587,#588,#589);
#587 = CARTESIAN_POINT('',(0.413793464306,0.854795688824,0.243016942042)
  );
#588 = DIRECTION('',(0.984173541331,-7.287546490335E-02,0.161528966936)
  );
#589 = DIRECTION('',(-0.161959609716,0.,0.986797387927));
#590 = ADVANCED_FACE('',(#591),#606,.T.);
#591 = FACE_BOUND('',#592,.T.);
#592 = EDGE_LOOP('',(#593,#599,#605));
#593 = ORIENTED_EDGE('',*,*,#594,.T.);
#594 = EDGE_CURVE('',#259,#502,#595,.T.);
#595 = LINE('',#596,#597);
#596 = CARTESIAN_POINT('',(0.379252970219,0.804523229599,0.430786430836)
  );
#597 = VECTOR('',#598,1.);
#598 = DIRECTION('',(-5.722014005145E-02,0.997835065509,
    -3.241971024553E-02));
#599 = ORIENTED_EDGE('',*,*,#600,.T.);
#600 = EDGE_CURVE('',#502,#249,#601,.T.);
#601 = LINE('',#602,#603);
#602 = CARTESIAN_POINT('',(0.357704490423,1.180297017097,0.418577522039)
  );
#603 = VECTOR('',#604,1.);
#604 = DIRECTION('',(-0.610903244396,-0.637130499823,0.469959521855));
#605 = ORIENTED_EDGE('',*,*,#266,.F.);
#606 = PLANE('',#607);
#607 = AXIS2_PLACEMENT_3D('',#608,#609,#610);
#608 = CARTESIAN_POINT('',(0.330346371598,0.998901061273,0.450672915398)
  );
#609 = DIRECTION('',(0.569092416044,5.928039016813E-02,0.820133926468));
#610 = DIRECTION('',(0.821578778501,3.469446951954E-18,-0.570095001484)
  );
#611 = ADVANCED_FACE('',(#612),#617,.T.);
#612 = FACE_BOUND('',#613,.T.);
#613 = EDGE_LOOP('',(#614,#615,#616));
#614 = ORIENTED_EDGE('',*,*,#509,.F.);
#615 = ORIENTED_EDGE('',*,*,#594,.F.);
#616 = ORIENTED_EDGE('',*,*,#580,.F.);
#617 = PLANE('',#618);
#618 = AXIS2_PLACEMENT_3D('',#619,#620,#621);
#619 = CARTESIAN_POINT('',(0.392295532326,0.995893008819,0.333611826618)
  );
#620 = DIRECTION('',(0.964905638812,6.360951841875E-02,0.254776249589));
#621 = DIRECTION('',(-0.255293253148,0.,0.966863669241));
#622 = ADVANCED_FACE('',(#623),#645,.T.);
#623 = FACE_BOUND('',#624,.T.);
#624 = EDGE_LOOP('',(#625,#633,#639));
#625 = ORIENTED_EDGE('',*,*,#626,.T.);
#626 = EDGE_CURVE('',#627,#226,#629,.T.);
#627 = VERTEX_POINT('',#628);
#628 = CARTESIAN_POINT('',(0.428056836128,7.079994678497E-02,
    0.552840769291));
#629 = LINE('',#630,#631);
#630 = CARTESIAN_POINT('',(0.428056836128,7.079994678497E-02,
    0.552840769291));
#631 = VECTOR('',#632,1.);
#632 = DIRECTION('',(0.319726047658,4.401960510856E-02,-0.946486940647)
  );
#633 = ORIENTED_EDGE('',*,*,#634,.T.);
#634 = EDGE_CURVE('',#226,#86,#635,.T.);
#635 = LINE('',#636,#637);
#636 = CARTESIAN_POINT('',(0.47218221426,7.687509059906E-02,
    0.422216147184));
#637 = VECTOR('',#638,1.);
#638 = DIRECTION('',(-8.931160543145E-02,0.992681276829,
    8.128542161913E-02));
#639 = ORIENTED_EDGE('',*,*,#640,.T.);
#640 = EDGE_CURVE('',#86,#627,#641,.T.);
#641 = LINE('',#642,#643);
#642 = CARTESIAN_POINT('',(0.460207521915,0.209971487522,0.43311470747)
  );
#643 = VECTOR('',#644,1.);
#644 = DIRECTION('',(-0.172502690519,-0.7467170492,0.642383429268));
#645 = PLANE('',#646);
#646 = AXIS2_PLACEMENT_3D('',#647,#648,#649);
#647 = CARTESIAN_POINT('',(0.452386731069,0.121241325226,0.472236859411)
  );
#648 = DIRECTION('',(0.944943840589,5.865529410459E-02,0.321932748576));
#649 = DIRECTION('',(-0.322487977383,0.,0.946573559975));
#650 = ADVANCED_FACE('',(#651),#675,.T.);
#651 = FACE_BOUND('',#652,.T.);
#652 = EDGE_LOOP('',(#653,#661,#669));
#653 = ORIENTED_EDGE('',*,*,#654,.T.);
#654 = EDGE_CURVE('',#391,#655,#657,.T.);
#655 = VERTEX_POINT('',#656);
#656 = CARTESIAN_POINT('',(-8.023011588421E-09,0.183553040028,
    0.866595864296));
#657 = LINE('',#658,#659);
#658 = CARTESIAN_POINT('',(0.351004213095,0.214789807796,0.705610454082)
  );
#659 = VECTOR('',#660,1.);
#660 = DIRECTION('',(-0.905999124907,-8.06271906742E-02,0.415529591957)
  );
#661 = ORIENTED_EDGE('',*,*,#662,.T.);
#662 = EDGE_CURVE('',#655,#663,#665,.T.);
#663 = VERTEX_POINT('',#664);
#664 = CARTESIAN_POINT('',(0.193241745234,0.109479308128,0.787189126015)
  );
#665 = LINE('',#666,#667);
#666 = CARTESIAN_POINT('',(-8.023011588421E-09,0.183553040028,
    0.866595864296));
#667 = VECTOR('',#668,1.);
#668 = DIRECTION('',(0.871779621653,-0.334171931693,-0.35823094693));
#669 = ORIENTED_EDGE('',*,*,#670,.T.);
#670 = EDGE_CURVE('',#663,#391,#671,.T.);
#671 = LINE('',#672,#673);
#672 = CARTESIAN_POINT('',(0.193241745234,0.109479308128,0.787189126015)
  );
#673 = VECTOR('',#674,1.);
#674 = DIRECTION('',(0.764053428845,0.510025289637,-0.395090574174));
#675 = PLANE('',#676);
#676 = AXIS2_PLACEMENT_3D('',#677,#678,#679);
#677 = CARTESIAN_POINT('',(0.17852487903,0.175483410346,0.787137433323)
  );
#678 = DIRECTION('',(0.408369211732,9.176493227953E-02,0.908192591972));
#679 = DIRECTION('',(0.912040768007,0.,-0.410099545835));
#680 = ADVANCED_FACE('',(#681),#691,.T.);
#681 = FACE_BOUND('',#682,.T.);
#682 = EDGE_LOOP('',(#683,#689,#690));
#683 = ORIENTED_EDGE('',*,*,#684,.T.);
#684 = EDGE_CURVE('',#389,#655,#685,.T.);
#685 = LINE('',#686,#687);
#686 = CARTESIAN_POINT('',(0.186195775867,0.302933037281,0.825612545013)
  );
#687 = VECTOR('',#688,1.);
#688 = DIRECTION('',(-0.827740518498,-0.530708369226,0.182192922117));
#689 = ORIENTED_EDGE('',*,*,#654,.F.);
#690 = ORIENTED_EDGE('',*,*,#388,.F.);
#691 = PLANE('',#692);
#692 = AXIS2_PLACEMENT_3D('',#693,#694,#695);
#693 = CARTESIAN_POINT('',(0.178068166881,0.226938909995,0.79682317069)
  );
#694 = DIRECTION('',(0.415145558324,-0.360788014815,0.835156376836));
#695 = DIRECTION('',(0.895468079011,0.,-0.445125734453));
#696 = ADVANCED_FACE('',(#697),#721,.T.);
#697 = FACE_BOUND('',#698,.T.);
#698 = EDGE_LOOP('',(#699,#707,#715));
#699 = ORIENTED_EDGE('',*,*,#700,.T.);
#700 = EDGE_CURVE('',#259,#701,#703,.T.);
#701 = VERTEX_POINT('',#702);
#702 = CARTESIAN_POINT('',(0.110620424151,0.585326731205,0.748348534107)
  );
#703 = LINE('',#704,#705);
#704 = CARTESIAN_POINT('',(0.379252970219,0.804523229599,0.430786430836)
  );
#705 = VECTOR('',#706,1.);
#706 = DIRECTION('',(-0.571356588536,-0.466210685841,0.675425232831));
#707 = ORIENTED_EDGE('',*,*,#708,.T.);
#708 = EDGE_CURVE('',#701,#709,#711,.T.);
#709 = VERTEX_POINT('',#710);
#710 = CARTESIAN_POINT('',(0.337889432907,0.551548182964,0.653231739998)
  );
#711 = LINE('',#712,#713);
#712 = CARTESIAN_POINT('',(0.110620424151,0.585326731205,0.748348534107)
  );
#713 = VECTOR('',#714,1.);
#714 = DIRECTION('',(0.913918763973,-0.135833958294,-0.382493958949));
#715 = ORIENTED_EDGE('',*,*,#716,.T.);
#716 = EDGE_CURVE('',#709,#259,#717,.T.);
#717 = LINE('',#718,#719);
#718 = CARTESIAN_POINT('',(0.337889432907,0.551548182964,0.653231739998)
  );
#719 = VECTOR('',#720,1.);
#720 = DIRECTION('',(0.121874186584,0.745369715417,-0.655416409609));
#721 = PLANE('',#722);
#722 = AXIS2_PLACEMENT_3D('',#723,#724,#725);
#723 = CARTESIAN_POINT('',(0.276521292024,0.659784962025,0.600450891401)
  );
#724 = DIRECTION('',(0.387542021049,0.572187538775,0.722781158022));
#725 = DIRECTION('',(2.775557561563E-17,0.784053326777,-0.620693467639)
  );
#726 = ADVANCED_FACE('',(#727),#737,.T.);
#727 = FACE_BOUND('',#728,.T.);
#728 = EDGE_LOOP('',(#729,#735,#736));
#729 = ORIENTED_EDGE('',*,*,#730,.T.);
#730 = EDGE_CURVE('',#251,#701,#731,.T.);
#731 = LINE('',#732,#733);
#732 = CARTESIAN_POINT('',(-8.023011588421E-09,0.839945852757,
    0.631744682789));
#733 = VECTOR('',#734,1.);
#734 = DIRECTION('',(0.367381556324,-0.84561565442,0.387253091754));
#735 = ORIENTED_EDGE('',*,*,#700,.F.);
#736 = ORIENTED_EDGE('',*,*,#258,.F.);
#737 = PLANE('',#738);
#738 = AXIS2_PLACEMENT_3D('',#739,#740,#741);
#739 = CARTESIAN_POINT('',(0.177613930966,0.744978126478,0.593849082403)
  );
#740 = DIRECTION('',(0.436391344736,0.524415946733,0.731129611664));
#741 = DIRECTION('',(0.,0.812585665829,-0.582841775862));
#742 = ADVANCED_FACE('',(#743),#760,.T.);
#743 = FACE_BOUND('',#744,.T.);
#744 = EDGE_LOOP('',(#745,#746,#754));
#745 = ORIENTED_EDGE('',*,*,#436,.F.);
#746 = ORIENTED_EDGE('',*,*,#747,.T.);
#747 = EDGE_CURVE('',#304,#748,#750,.T.);
#748 = VERTEX_POINT('',#749);
#749 = CARTESIAN_POINT('',(0.379767566919,-0.26262396574,0.388403773308)
  );
#750 = LINE('',#751,#752);
#751 = CARTESIAN_POINT('',(0.431475639343,-0.192971229553,
    1.404923200607E-02));
#752 = VECTOR('',#753,1.);
#753 = DIRECTION('',(-0.134560404119,-0.181257971725,0.974186350412));
#754 = ORIENTED_EDGE('',*,*,#755,.T.);
#755 = EDGE_CURVE('',#748,#421,#756,.T.);
#756 = LINE('',#757,#758);
#757 = CARTESIAN_POINT('',(0.379767566919,-0.26262396574,0.388403773308)
  );
#758 = VECTOR('',#759,1.);
#759 = DIRECTION('',(-0.614536067456,-0.201347272293,-0.762761232455));
#760 = PLANE('',#761);
#761 = AXIS2_PLACEMENT_3D('',#762,#763,#764);
#762 = CARTESIAN_POINT('',(0.35808449448,-0.250004420856,0.197396674892)
  );
#763 = DIRECTION('',(0.427893682102,-0.897369900638,-0.107862218813));
#764 = DIRECTION('',(-0.902636012511,-0.430404726876,0.));
#765 = ADVANCED_FACE('',(#766),#781,.T.);
#766 = FACE_BOUND('',#767,.T.);
#767 = EDGE_LOOP('',(#768,#774,#780));
#768 = ORIENTED_EDGE('',*,*,#769,.T.);
#769 = EDGE_CURVE('',#119,#457,#770,.T.);
#770 = LINE('',#771,#772);
#771 = CARTESIAN_POINT('',(-8.023011588421E-09,0.203265964985,
    -3.454473614693E-02));
#772 = VECTOR('',#773,1.);
#773 = DIRECTION('',(0.816938079137,0.576367540331,2.031337758377E-02));
#774 = ORIENTED_EDGE('',*,*,#775,.T.);
#775 = EDGE_CURVE('',#457,#109,#776,.T.);
#776 = LINE('',#777,#778);
#777 = CARTESIAN_POINT('',(0.408610552549,0.491549581289,
    -2.438452839851E-02));
#778 = VECTOR('',#779,1.);
#779 = DIRECTION('',(0.136559790854,-0.986690398721,8.828069208298E-02)
  );
#780 = ORIENTED_EDGE('',*,*,#126,.F.);
#781 = PLANE('',#782);
#782 = AXIS2_PLACEMENT_3D('',#783,#784,#785);
#783 = CARTESIAN_POINT('',(0.25741822818,0.305141402491,
    -2.189428649388E-02));
#784 = DIRECTION('',(7.966283596764E-02,-7.788900441274E-02,
    -0.993774187407));
#785 = DIRECTION('',(-0.996802436441,8.673617379884E-19,
    -7.99055861911E-02));
#786 = ADVANCED_FACE('',(#787),#804,.T.);
#787 = FACE_BOUND('',#788,.T.);
#788 = EDGE_LOOP('',(#789,#797,#798));
#789 = ORIENTED_EDGE('',*,*,#790,.T.);
#790 = EDGE_CURVE('',#791,#304,#793,.T.);
#791 = VERTEX_POINT('',#792);
#792 = CARTESIAN_POINT('',(0.459958791733,-0.119866490364,0.297299265862
    ));
#793 = LINE('',#794,#795);
#794 = CARTESIAN_POINT('',(0.459958791733,-0.119866490364,0.297299265862
    ));
#795 = VECTOR('',#796,1.);
#796 = DIRECTION('',(-9.690940613127E-02,-0.248727274401,-0.963713292412
    ));
#797 = ORIENTED_EDGE('',*,*,#319,.F.);
#798 = ORIENTED_EDGE('',*,*,#799,.T.);
#799 = EDGE_CURVE('',#196,#791,#800,.T.);
#800 = LINE('',#801,#802);
#801 = CARTESIAN_POINT('',(0.486126184464,-5.016946792603E-02,
    0.210759818554));
#802 = VECTOR('',#803,1.);
#803 = DIRECTION('',(-0.22922581541,-0.610544465183,0.758083756312));
#804 = PLANE('',#805);
#805 = AXIS2_PLACEMENT_3D('',#806,#807,#808);
#806 = CARTESIAN_POINT('',(0.455423425148,-0.130806034446,0.156354831669
    ));
#807 = DIRECTION('',(0.9351261156,-0.354305566178,-2.591080521062E-03));
#808 = DIRECTION('',(0.354306755535,0.935129254693,1.084202172486E-19));
#809 = ADVANCED_FACE('',(#810),#834,.T.);
#810 = FACE_BOUND('',#811,.T.);
#811 = EDGE_LOOP('',(#812,#820,#828));
#812 = ORIENTED_EDGE('',*,*,#813,.T.);
#813 = EDGE_CURVE('',#814,#24,#816,.T.);
#814 = VERTEX_POINT('',#815);
#815 = CARTESIAN_POINT('',(0.299111098051,1.7342492342,0.263310611248));
#816 = LINE('',#817,#818);
#817 = CARTESIAN_POINT('',(0.299111098051,1.7342492342,0.263310611248));
#818 = VECTOR('',#819,1.);
#819 = DIRECTION('',(0.426532102551,-0.567134122613,-0.70457735733));
#820 = ORIENTED_EDGE('',*,*,#821,.T.);
#821 = EDGE_CURVE('',#24,#822,#824,.T.);
#822 = VERTEX_POINT('',#823);
#823 = CARTESIAN_POINT('',(0.370488137007,1.629693865776,
    1.405638456345E-02));
#824 = LINE('',#825,#826);
#825 = CARTESIAN_POINT('',(0.450993210077,1.532300710678,
    1.242047548294E-02));
#826 = VECTOR('',#827,1.);
#827 = DIRECTION('',(-0.637062558165,0.7707033876,1.294547516078E-02));
#828 = ORIENTED_EDGE('',*,*,#829,.T.);
#829 = EDGE_CURVE('',#822,#814,#830,.T.);
#830 = LINE('',#831,#832);
#831 = CARTESIAN_POINT('',(0.370488137007,1.629693865776,
    1.405638456345E-02));
#832 = VECTOR('',#833,1.);
#833 = DIRECTION('',(-0.255318587098,0.373998828334,0.891592561368));
#834 = PLANE('',#835);
#835 = AXIS2_PLACEMENT_3D('',#836,#837,#838);
#836 = CARTESIAN_POINT('',(0.366203128734,1.642470792045,0.117498043388)
  );
#837 = DIRECTION('',(0.769537736722,0.636884949497,-4.678923876738E-02)
  );
#838 = DIRECTION('',(-0.63758324098,0.770381470975,-3.469446951954E-18)
  );
#839 = ADVANCED_FACE('',(#840),#864,.T.);
#840 = FACE_BOUND('',#841,.T.);
#841 = EDGE_LOOP('',(#842,#850,#858));
#842 = ORIENTED_EDGE('',*,*,#843,.T.);
#843 = EDGE_CURVE('',#844,#814,#846,.T.);
#844 = VERTEX_POINT('',#845);
#845 = CARTESIAN_POINT('',(0.409175872803,1.498115062714,0.229197055101)
  );
#846 = LINE('',#847,#848);
#847 = CARTESIAN_POINT('',(0.409175872803,1.498115062714,0.229197055101)
  );
#848 = VECTOR('',#849,1.);
#849 = DIRECTION('',(-0.418896118236,0.89870431336,0.129832966826));
#850 = ORIENTED_EDGE('',*,*,#851,.T.);
#851 = EDGE_CURVE('',#814,#852,#854,.T.);
#852 = VERTEX_POINT('',#853);
#853 = CARTESIAN_POINT('',(0.357102125883,1.459824562073,0.373880058527)
  );
#854 = LINE('',#855,#856);
#855 = CARTESIAN_POINT('',(0.299111098051,1.7342492342,0.263310611248));
#856 = VECTOR('',#857,1.);
#857 = DIRECTION('',(0.192346782537,-0.910221886138,0.366740825712));
#858 = ORIENTED_EDGE('',*,*,#859,.T.);
#859 = EDGE_CURVE('',#852,#844,#860,.T.);
#860 = LINE('',#861,#862);
#861 = CARTESIAN_POINT('',(0.357102125883,1.459824562073,0.373880058527)
  );
#862 = VECTOR('',#863,1.);
#863 = DIRECTION('',(0.328614517613,0.241634511468,-0.913030810916));
#864 = PLANE('',#865);
#865 = AXIS2_PLACEMENT_3D('',#866,#867,#868);
#866 = CARTESIAN_POINT('',(0.349639372773,1.578109372294,0.288554643555)
  );
#867 = DIRECTION('',(0.852566771239,0.340059294383,0.396849564549));
#868 = DIRECTION('',(-0.421999019677,0.,0.906596286884));
#869 = ADVANCED_FACE('',(#870),#880,.T.);
#870 = FACE_BOUND('',#871,.T.);
#871 = EDGE_LOOP('',(#872,#873,#874));
#872 = ORIENTED_EDGE('',*,*,#813,.F.);
#873 = ORIENTED_EDGE('',*,*,#843,.F.);
#874 = ORIENTED_EDGE('',*,*,#875,.T.);
#875 = EDGE_CURVE('',#844,#24,#876,.T.);
#876 = LINE('',#877,#878);
#877 = CARTESIAN_POINT('',(0.409175872803,1.498115062714,0.229197055101)
  );
#878 = VECTOR('',#879,1.);
#879 = DIRECTION('',(0.187182418604,0.153021514152,-0.970333529449));
#880 = PLANE('',#881);
#881 = AXIS2_PLACEMENT_3D('',#882,#883,#884);
#882 = CARTESIAN_POINT('',(0.383126722259,1.596625296871,0.167154614841)
  );
#883 = DIRECTION('',(0.893911020071,0.383023828176,0.232842941154));
#884 = DIRECTION('',(-0.393849023829,0.919175144588,0.));
#885 = ADVANCED_FACE('',(#886),#912,.T.);
#886 = FACE_BOUND('',#887,.T.);
#887 = EDGE_LOOP('',(#888,#898,#906));
#888 = ORIENTED_EDGE('',*,*,#889,.T.);
#889 = EDGE_CURVE('',#890,#892,#894,.T.);
#890 = VERTEX_POINT('',#891);
#891 = CARTESIAN_POINT('',(0.322076529264,1.607018589973,0.356439709663)
  );
#892 = VERTEX_POINT('',#893);
#893 = CARTESIAN_POINT('',(-8.023011588421E-09,1.864684700966,
    0.294166833162));
#894 = LINE('',#895,#896);
#895 = CARTESIAN_POINT('',(0.322076529264,1.607018589973,0.356439709663)
  );
#896 = VECTOR('',#897,1.);
#897 = DIRECTION('',(-0.772112672885,0.617701839897,-0.149286494224));
#898 = ORIENTED_EDGE('',*,*,#899,.T.);
#899 = EDGE_CURVE('',#892,#900,#902,.T.);
#900 = VERTEX_POINT('',#901);
#901 = CARTESIAN_POINT('',(-8.023011588421E-09,1.587753772736,
    0.443319380283));
#902 = LINE('',#903,#904);
#903 = CARTESIAN_POINT('',(-8.023011588421E-09,1.864684700966,
    0.294166833162));
#904 = VECTOR('',#905,1.);
#905 = DIRECTION('',(0.,-0.880423461116,0.474188284457));
#906 = ORIENTED_EDGE('',*,*,#907,.T.);
#907 = EDGE_CURVE('',#900,#890,#908,.T.);
#908 = LINE('',#909,#910);
#909 = CARTESIAN_POINT('',(-8.023011588421E-09,1.587753772736,
    0.443319380283));
#910 = VECTOR('',#911,1.);
#911 = DIRECTION('',(0.96388417565,5.765416083626E-02,-0.260006333903));
#912 = PLANE('',#913);
#913 = AXIS2_PLACEMENT_3D('',#914,#915,#916);
#914 = CARTESIAN_POINT('',(0.113513116478,1.689598915809,0.361503372989)
  );
#915 = DIRECTION('',(0.204701214582,0.464147113091,0.861780059039));
#916 = DIRECTION('',(-1.387778780781E-17,0.880423461116,-0.474188284457)
  );
#917 = ADVANCED_FACE('',(#918),#933,.T.);
#918 = FACE_BOUND('',#919,.T.);
#919 = EDGE_LOOP('',(#920,#926,#927));
#920 = ORIENTED_EDGE('',*,*,#921,.T.);
#921 = EDGE_CURVE('',#814,#892,#922,.T.);
#922 = LINE('',#923,#924);
#923 = CARTESIAN_POINT('',(0.299111098051,1.7342492342,0.263310611248));
#924 = VECTOR('',#925,1.);
#925 = DIRECTION('',(-0.912564868229,0.397948528573,9.413994837854E-02)
  );
#926 = ORIENTED_EDGE('',*,*,#889,.F.);
#927 = ORIENTED_EDGE('',*,*,#928,.T.);
#928 = EDGE_CURVE('',#890,#814,#929,.T.);
#929 = LINE('',#930,#931);
#930 = CARTESIAN_POINT('',(0.322076529264,1.607018589973,0.356439709663)
  );
#931 = VECTOR('',#932,1.);
#932 = DIRECTION('',(-0.144131764175,0.798503500285,-0.584481132791));
#933 = PLANE('',#934);
#934 = AXIS2_PLACEMENT_3D('',#935,#936,#937);
#935 = CARTESIAN_POINT('',(0.183229150811,1.747418913129,0.305705982054)
  );
#936 = DIRECTION('',(0.334892552404,0.59515631271,0.730503895805));
#937 = DIRECTION('',(0.,0.775270887473,-0.631628887114));
#938 = ADVANCED_FACE('',(#939),#956,.T.);
#939 = FACE_BOUND('',#940,.T.);
#940 = EDGE_LOOP('',(#941,#949,#955));
#941 = ORIENTED_EDGE('',*,*,#942,.T.);
#942 = EDGE_CURVE('',#627,#943,#945,.T.);
#943 = VERTEX_POINT('',#944);
#944 = CARTESIAN_POINT('',(0.442051142454,-3.129470348358E-02,
    0.473441421986));
#945 = LINE('',#946,#947);
#946 = CARTESIAN_POINT('',(0.428056836128,7.079994678497E-02,
    0.552840769291));
#947 = VECTOR('',#948,1.);
#948 = DIRECTION('',(0.107574015286,-0.784799990284,-0.610341549041));
#949 = ORIENTED_EDGE('',*,*,#950,.T.);
#950 = EDGE_CURVE('',#943,#226,#951,.T.);
#951 = LINE('',#952,#953);
#952 = CARTESIAN_POINT('',(0.442051142454,-3.129470348358E-02,
    0.473441421986));
#953 = VECTOR('',#954,1.);
#954 = DIRECTION('',(0.244133486338,0.876433109183,-0.415046799742));
#955 = ORIENTED_EDGE('',*,*,#626,.F.);
#956 = PLANE('',#957);
#957 = AXIS2_PLACEMENT_3D('',#958,#959,#960);
#958 = CARTESIAN_POINT('',(0.447319457112,3.977495428384E-02,
    0.483524059349));
#959 = DIRECTION('',(0.942794400941,-0.114316529271,0.313162016677));
#960 = DIRECTION('',(-0.315228535968,-6.938893903907E-18,0.949015790233)
  );
#961 = ADVANCED_FACE('',(#962),#972,.T.);
#962 = FACE_BOUND('',#963,.T.);
#963 = EDGE_LOOP('',(#964,#970,#971));
#964 = ORIENTED_EDGE('',*,*,#965,.T.);
#965 = EDGE_CURVE('',#852,#24,#966,.T.);
#966 = LINE('',#967,#968);
#967 = CARTESIAN_POINT('',(0.357102125883,1.459824562073,0.373880058527)
  );
#968 = VECTOR('',#969,1.);
#969 = DIRECTION('',(0.246807321894,0.190514832074,-0.950152748046));
#970 = ORIENTED_EDGE('',*,*,#875,.F.);
#971 = ORIENTED_EDGE('',*,*,#859,.F.);
#972 = PLANE('',#973);
#973 = AXIS2_PLACEMENT_3D('',#974,#975,#976);
#974 = CARTESIAN_POINT('',(0.407331798525,1.498120278546,0.19448086741)
  );
#975 = DIRECTION('',(0.539059909052,-0.841776243733,-2.876056221601E-02)
  );
#976 = DIRECTION('',(-0.842124605866,-0.539282994535,0.));
#977 = ADVANCED_FACE('',(#978),#988,.T.);
#978 = FACE_BOUND('',#979,.T.);
#979 = EDGE_LOOP('',(#980,#981,#982));
#980 = ORIENTED_EDGE('',*,*,#31,.F.);
#981 = ORIENTED_EDGE('',*,*,#965,.F.);
#982 = ORIENTED_EDGE('',*,*,#983,.T.);
#983 = EDGE_CURVE('',#852,#32,#984,.T.);
#984 = LINE('',#985,#986);
#985 = CARTESIAN_POINT('',(0.357102125883,1.459824562073,0.373880058527)
  );
#986 = VECTOR('',#987,1.);
#987 = DIRECTION('',(0.438190025991,-0.191880504558,-0.878163636854));
#988 = PLANE('',#989);
#989 = AXIS2_PLACEMENT_3D('',#990,#991,#992);
#990 = CARTESIAN_POINT('',(0.437211331012,1.457587481944,0.163231015027)
  );
#991 = DIRECTION('',(0.82590509689,0.471539368829,0.309081533864));
#992 = DIRECTION('',(-0.49581676725,0.868427160626,-2.775557561563E-17)
  );
#993 = ADVANCED_FACE('',(#994),#1016,.T.);
#994 = FACE_BOUND('',#995,.T.);
#995 = EDGE_LOOP('',(#996,#1002,#1010));
#996 = ORIENTED_EDGE('',*,*,#997,.T.);
#997 = EDGE_CURVE('',#627,#663,#998,.T.);
#998 = LINE('',#999,#1000);
#999 = CARTESIAN_POINT('',(0.428056836128,7.079994678497E-02,
    0.552840769291));
#1000 = VECTOR('',#1001,1.);
#1001 = DIRECTION('',(-0.70304747478,0.115807835071,0.701650050624));
#1002 = ORIENTED_EDGE('',*,*,#1003,.T.);
#1003 = EDGE_CURVE('',#663,#1004,#1006,.T.);
#1004 = VERTEX_POINT('',#1005);
#1005 = CARTESIAN_POINT('',(0.382997453213,3.780049085617E-02,
    0.656924366951));
#1006 = LINE('',#1007,#1008);
#1007 = CARTESIAN_POINT('',(0.193241745234,0.109479308128,0.787189126015
    ));
#1008 = VECTOR('',#1009,1.);
#1009 = DIRECTION('',(0.787144572337,-0.297338048843,-0.540364235447));
#1010 = ORIENTED_EDGE('',*,*,#1011,.T.);
#1011 = EDGE_CURVE('',#1004,#627,#1012,.T.);
#1012 = LINE('',#1013,#1014);
#1013 = CARTESIAN_POINT('',(0.382997453213,3.780049085617E-02,
    0.656924366951));
#1014 = VECTOR('',#1015,1.);
#1015 = DIRECTION('',(0.381466141638,0.279368564655,-0.881156505887));
#1016 = PLANE('',#1017);
#1017 = AXIS2_PLACEMENT_3D('',#1018,#1019,#1020);
#1018 = CARTESIAN_POINT('',(0.318981720746,7.829436490081E-02,
    0.677014648759));
#1019 = DIRECTION('',(0.573078307368,0.676470507775,0.462567730969));
#1020 = DIRECTION('',(0.763007846481,-0.646389221916,2.775557561563E-17)
  );
#1021 = ADVANCED_FACE('',(#1022),#1032,.T.);
#1022 = FACE_BOUND('',#1023,.T.);
#1023 = EDGE_LOOP('',(#1024,#1025,#1026));
#1024 = ORIENTED_EDGE('',*,*,#670,.F.);
#1025 = ORIENTED_EDGE('',*,*,#997,.F.);
#1026 = ORIENTED_EDGE('',*,*,#1027,.T.);
#1027 = EDGE_CURVE('',#627,#391,#1028,.T.);
#1028 = LINE('',#1029,#1030);
#1029 = CARTESIAN_POINT('',(0.428056836128,7.079994678497E-02,
    0.552840769291));
#1030 = VECTOR('',#1031,1.);
#1031 = DIRECTION('',(-0.344559612144,0.643885810885,0.683146936039));
#1032 = PLANE('',#1033);
#1033 = AXIS2_PLACEMENT_3D('',#1034,#1035,#1036);
#1034 = CARTESIAN_POINT('',(0.323324246624,0.125004914569,0.678718536479
    ));
#1035 = DIRECTION('',(0.615865391734,-0.39418105675,0.682151826036));
#1036 = DIRECTION('',(0.742249703383,0.,-0.670123404924));
#1037 = ADVANCED_FACE('',(#1038),#1055,.T.);
#1038 = FACE_BOUND('',#1039,.T.);
#1039 = EDGE_LOOP('',(#1040,#1041,#1049));
#1040 = ORIENTED_EDGE('',*,*,#708,.F.);
#1041 = ORIENTED_EDGE('',*,*,#1042,.T.);
#1042 = EDGE_CURVE('',#701,#1043,#1045,.T.);
#1043 = VERTEX_POINT('',#1044);
#1044 = CARTESIAN_POINT('',(0.238074377179,0.510570764542,0.749107003212
    ));
#1045 = LINE('',#1046,#1047);
#1046 = CARTESIAN_POINT('',(0.110620424151,0.585326731205,0.748348534107
    ));
#1047 = VECTOR('',#1048,1.);
#1048 = DIRECTION('',(0.862563808504,-0.505922254914,5.133053813544E-03)
  );
#1049 = ORIENTED_EDGE('',*,*,#1050,.T.);
#1050 = EDGE_CURVE('',#1043,#709,#1051,.T.);
#1051 = LINE('',#1052,#1053);
#1052 = CARTESIAN_POINT('',(0.238074377179,0.510570764542,0.749107003212
    ));
#1053 = VECTOR('',#1054,1.);
#1054 = DIRECTION('',(0.69152360778,0.283893567143,-0.66422853177));
#1055 = PLANE('',#1056);
#1056 = AXIS2_PLACEMENT_3D('',#1057,#1058,#1059);
#1057 = CARTESIAN_POINT('',(0.227627805057,0.552862456377,0.713989805733
    ));
#1058 = DIRECTION('',(0.37455264562,0.645342172292,0.665765571594));
#1059 = DIRECTION('',(2.775557561563E-17,0.718034421237,-0.696007593292)
  );
#1060 = ADVANCED_FACE('',(#1061),#1083,.T.);
#1061 = FACE_BOUND('',#1062,.T.);
#1062 = EDGE_LOOP('',(#1063,#1071,#1077));
#1063 = ORIENTED_EDGE('',*,*,#1064,.T.);
#1064 = EDGE_CURVE('',#399,#1065,#1067,.T.);
#1065 = VERTEX_POINT('',#1066);
#1066 = CARTESIAN_POINT('',(0.440932095051,0.396240621805,0.463503539562
    ));
#1067 = LINE('',#1068,#1069);
#1068 = CARTESIAN_POINT('',(0.322233051062,0.377736061811,0.746499240398
    ));
#1069 = VECTOR('',#1070,1.);
#1070 = DIRECTION('',(0.386090334141,6.018946329313E-02,-0.920495237571)
  );
#1071 = ORIENTED_EDGE('',*,*,#1072,.T.);
#1072 = EDGE_CURVE('',#1065,#709,#1073,.T.);
#1073 = LINE('',#1074,#1075);
#1074 = CARTESIAN_POINT('',(0.440932095051,0.396240621805,0.463503539562
    ));
#1075 = VECTOR('',#1076,1.);
#1076 = DIRECTION('',(-0.387435876299,0.583949597203,0.713369686546));
#1077 = ORIENTED_EDGE('',*,*,#1078,.T.);
#1078 = EDGE_CURVE('',#709,#399,#1079,.T.);
#1079 = LINE('',#1080,#1081);
#1080 = CARTESIAN_POINT('',(0.337889432907,0.551548182964,0.653231739998
    ));
#1081 = VECTOR('',#1082,1.);
#1082 = DIRECTION('',(-7.912249905187E-02,-0.878392563931,0.471345026255
    ));
#1083 = PLANE('',#1084);
#1084 = AXIS2_PLACEMENT_3D('',#1085,#1086,#1087);
#1085 = CARTESIAN_POINT('',(0.371063870973,0.436878948807,0.61325852537)
  );
#1086 = DIRECTION('',(0.911634125297,0.127539752762,0.390713236351));
#1087 = DIRECTION('',(-0.393930283953,0.,0.919140321923));
#1088 = ADVANCED_FACE('',(#1089),#1115,.T.);
#1089 = FACE_BOUND('',#1090,.T.);
#1090 = EDGE_LOOP('',(#1091,#1101,#1109));
#1091 = ORIENTED_EDGE('',*,*,#1092,.T.);
#1092 = EDGE_CURVE('',#1093,#1095,#1097,.T.);
#1093 = VERTEX_POINT('',#1094);
#1094 = CARTESIAN_POINT('',(0.22012783587,1.610726714134,
    -2.109056711197E-02));
#1095 = VERTEX_POINT('',#1096);
#1096 = CARTESIAN_POINT('',(0.290918529034,1.49059009552,
    -1.128309965134E-02));
#1097 = LINE('',#1098,#1099);
#1098 = CARTESIAN_POINT('',(0.22012783587,1.610726714134,
    -2.109056711197E-02));
#1099 = VECTOR('',#1100,1.);
#1100 = DIRECTION('',(0.506419448372,-0.859428230022,7.016024337893E-02)
  );
#1101 = ORIENTED_EDGE('',*,*,#1102,.T.);
#1102 = EDGE_CURVE('',#1095,#1103,#1105,.T.);
#1103 = VERTEX_POINT('',#1104);
#1104 = CARTESIAN_POINT('',(-8.023011588421E-09,1.48507976532,
    -3.398224711418E-02));
#1105 = LINE('',#1106,#1107);
#1106 = CARTESIAN_POINT('',(0.290918529034,1.49059009552,
    -1.128309965134E-02));
#1107 = VECTOR('',#1108,1.);
#1108 = DIRECTION('',(-0.99679210704,-1.888038385697E-02,
    -7.77754874489E-02));
#1109 = ORIENTED_EDGE('',*,*,#1110,.T.);
#1110 = EDGE_CURVE('',#1103,#1093,#1111,.T.);
#1111 = LINE('',#1112,#1113);
#1112 = CARTESIAN_POINT('',(-8.023011588421E-09,1.48507976532,
    -3.398224711418E-02));
#1113 = VECTOR('',#1114,1.);
#1114 = DIRECTION('',(0.867360450095,0.495081367943,5.079654246126E-02)
  );
#1115 = PLANE('',#1116);
#1116 = AXIS2_PLACEMENT_3D('',#1117,#1118,#1119);
#1117 = CARTESIAN_POINT('',(0.154800038026,1.522888229281,
    -2.31337858122E-02));
#1118 = DIRECTION('',(7.84027795112E-02,-3.513513678226E-02,
    -0.996302427142));
#1119 = DIRECTION('',(-0.996917953723,0.,-7.845121760946E-02));
#1120 = ADVANCED_FACE('',(#1121),#1136,.T.);
#1121 = FACE_BOUND('',#1122,.T.);
#1122 = EDGE_LOOP('',(#1123,#1129,#1130));
#1123 = ORIENTED_EDGE('',*,*,#1124,.T.);
#1124 = EDGE_CURVE('',#822,#1095,#1125,.T.);
#1125 = LINE('',#1126,#1127);
#1126 = CARTESIAN_POINT('',(0.370488137007,1.629693865776,
    1.405638456345E-02));
#1127 = VECTOR('',#1128,1.);
#1128 = DIRECTION('',(-0.490430297564,-0.857371365484,-0.156180872322));
#1129 = ORIENTED_EDGE('',*,*,#1092,.F.);
#1130 = ORIENTED_EDGE('',*,*,#1131,.T.);
#1131 = EDGE_CURVE('',#1093,#822,#1132,.T.);
#1132 = LINE('',#1133,#1134);
#1133 = CARTESIAN_POINT('',(0.22012783587,1.610726714134,
    -2.109056711197E-02));
#1134 = VECTOR('',#1135,1.);
#1135 = DIRECTION('',(0.966487103785,0.121917203669,0.225917847163));
#1136 = PLANE('',#1137);
#1137 = AXIS2_PLACEMENT_3D('',#1138,#1139,#1140);
#1138 = CARTESIAN_POINT('',(0.295704209885,1.577666676419,
    -5.648748576317E-03));
#1139 = DIRECTION('',(0.221233758478,5.085759407235E-02,-0.973893797719)
  );
#1140 = DIRECTION('',(-0.975155731895,0.,-0.221520424685));
#1141 = ADVANCED_FACE('',(#1142),#1159,.T.);
#1142 = FACE_BOUND('',#1143,.T.);
#1143 = EDGE_LOOP('',(#1144,#1145,#1153));
#1144 = ORIENTED_EDGE('',*,*,#1072,.F.);
#1145 = ORIENTED_EDGE('',*,*,#1146,.T.);
#1146 = EDGE_CURVE('',#1065,#1147,#1149,.T.);
#1147 = VERTEX_POINT('',#1148);
#1148 = CARTESIAN_POINT('',(0.414600670338,0.619043588638,0.420664429665
    ));
#1149 = LINE('',#1150,#1151);
#1150 = CARTESIAN_POINT('',(0.440932095051,0.396240621805,0.463503539562
    ));
#1151 = VECTOR('',#1152,1.);
#1152 = DIRECTION('',(-0.115282983662,0.975465287772,-0.187556141007));
#1153 = ORIENTED_EDGE('',*,*,#1154,.T.);
#1154 = EDGE_CURVE('',#1147,#709,#1155,.T.);
#1155 = LINE('',#1156,#1157);
#1156 = CARTESIAN_POINT('',(0.414600670338,0.619043588638,0.420664429665
    ));
#1157 = VECTOR('',#1158,1.);
#1158 = DIRECTION('',(-0.301985136141,-0.265705650881,0.915535627182));
#1159 = PLANE('',#1160);
#1160 = AXIS2_PLACEMENT_3D('',#1161,#1162,#1163);
#1161 = CARTESIAN_POINT('',(0.396648013572,0.52200666971,0.515607819692)
  );
#1162 = DIRECTION('',(0.918347483079,0.176630982957,0.35417424551));
#1163 = DIRECTION('',(-0.359831829613,-6.938893903907E-18,0.933017177975
    ));
#1164 = ADVANCED_FACE('',(#1165),#1182,.T.);
#1165 = FACE_BOUND('',#1166,.T.);
#1166 = EDGE_LOOP('',(#1167,#1168,#1176));
#1167 = ORIENTED_EDGE('',*,*,#108,.F.);
#1168 = ORIENTED_EDGE('',*,*,#1169,.T.);
#1169 = EDGE_CURVE('',#109,#1170,#1172,.T.);
#1170 = VERTEX_POINT('',#1171);
#1171 = CARTESIAN_POINT('',(0.389510512352,6.687235832214E-02,
    -1.954865455627E-02));
#1172 = LINE('',#1173,#1174);
#1173 = CARTESIAN_POINT('',(0.443114459515,0.242247253656,
    -2.07906961441E-03));
#1174 = VECTOR('',#1175,1.);
#1175 = DIRECTION('',(-0.290986830046,-0.952015431031,
    -9.483292581113E-02));
#1176 = ORIENTED_EDGE('',*,*,#1177,.T.);
#1177 = EDGE_CURVE('',#1170,#111,#1178,.T.);
#1178 = LINE('',#1179,#1180);
#1179 = CARTESIAN_POINT('',(0.389510512352,6.687235832214E-02,
    -1.954865455627E-02));
#1180 = VECTOR('',#1181,1.);
#1181 = DIRECTION('',(-0.920821715233,0.386841121228,-4.940967195928E-02
    ));
#1182 = PLANE('',#1183);
#1183 = AXIS2_PLACEMENT_3D('',#1184,#1185,#1186);
#1184 = CARTESIAN_POINT('',(0.336724492551,0.156294844726,
    -1.742208011703E-02));
#1185 = DIRECTION('',(8.410965409179E-02,7.328262465169E-02,
    -0.993758131042));
#1186 = DIRECTION('',(-0.99643733813,8.673617379884E-19,
    -8.43364166956E-02));
#1187 = ADVANCED_FACE('',(#1188),#1198,.T.);
#1188 = FACE_BOUND('',#1189,.T.);
#1189 = EDGE_LOOP('',(#1190,#1191,#1197));
#1190 = ORIENTED_EDGE('',*,*,#313,.F.);
#1191 = ORIENTED_EDGE('',*,*,#1192,.T.);
#1192 = EDGE_CURVE('',#306,#204,#1193,.T.);
#1193 = LINE('',#1194,#1195);
#1194 = CARTESIAN_POINT('',(0.492284685373,-5.143576860428E-02,
    2.917066216469E-02));
#1195 = VECTOR('',#1196,1.);
#1196 = DIRECTION('',(0.123729077153,0.985706814281,-0.11433805905));
#1197 = ORIENTED_EDGE('',*,*,#203,.F.);
#1198 = PLANE('',#1199);
#1199 = AXIS2_PLACEMENT_3D('',#1200,#1201,#1202);
#1200 = CARTESIAN_POINT('',(0.495680660095,-5.394932241557E-03,
    9.238888449149E-02));
#1201 = DIRECTION('',(0.992110149371,-0.120532441076,3.448742036111E-02)
  );
#1202 = DIRECTION('',(0.120604184648,0.992700675252,8.673617379884E-19)
  );
#1203 = ADVANCED_FACE('',(#1204),#1221,.T.);
#1204 = FACE_BOUND('',#1205,.T.);
#1205 = EDGE_LOOP('',(#1206,#1214,#1220));
#1206 = ORIENTED_EDGE('',*,*,#1207,.T.);
#1207 = EDGE_CURVE('',#32,#1208,#1210,.T.);
#1208 = VERTEX_POINT('',#1209);
#1209 = CARTESIAN_POINT('',(0.23970541358,1.324990391731,0.472015827894)
  );
#1210 = LINE('',#1211,#1212);
#1211 = CARTESIAN_POINT('',(0.533330917358,1.382655143738,
    2.070516347885E-02));
#1212 = VECTOR('',#1213,1.);
#1213 = DIRECTION('',(-0.54224448877,-0.106490729073,0.833445042591));
#1214 = ORIENTED_EDGE('',*,*,#1215,.T.);
#1215 = EDGE_CURVE('',#1208,#502,#1216,.T.);
#1216 = LINE('',#1217,#1218);
#1217 = CARTESIAN_POINT('',(0.23970541358,1.324990391731,0.472015827894)
  );
#1218 = VECTOR('',#1219,1.);
#1219 = DIRECTION('',(0.607600408104,-0.745054587115,-0.275164325979));
#1220 = ORIENTED_EDGE('',*,*,#531,.F.);
#1221 = PLANE('',#1222);
#1222 = AXIS2_PLACEMENT_3D('',#1223,#1224,#1225);
#1223 = CARTESIAN_POINT('',(0.395772252803,1.309102108287,0.267602831539
    ));
#1224 = DIRECTION('',(0.740988767479,0.407030734034,0.534098893485));
#1225 = DIRECTION('',(-0.584727870001,0.,0.811229510092));
#1226 = ADVANCED_FACE('',(#1227),#1237,.T.);
#1227 = FACE_BOUND('',#1228,.T.);
#1228 = EDGE_LOOP('',(#1229,#1235,#1236));
#1229 = ORIENTED_EDGE('',*,*,#1230,.T.);
#1230 = EDGE_CURVE('',#852,#1208,#1231,.T.);
#1231 = LINE('',#1232,#1233);
#1232 = CARTESIAN_POINT('',(0.357102125883,1.459824562073,0.373880058527
    ));
#1233 = VECTOR('',#1234,1.);
#1234 = DIRECTION('',(-0.575634064262,-0.661135562934,0.481191429147));
#1235 = ORIENTED_EDGE('',*,*,#1207,.F.);
#1236 = ORIENTED_EDGE('',*,*,#983,.F.);
#1237 = PLANE('',#1238);
#1238 = AXIS2_PLACEMENT_3D('',#1239,#1240,#1241);
#1239 = CARTESIAN_POINT('',(0.391429759165,1.38430548923,0.260546387031)
  );
#1240 = DIRECTION('',(0.804427738178,-0.352232007677,0.478360352473));
#1241 = DIRECTION('',(-0.511116415107,0.,0.8595114951));
#1242 = ADVANCED_FACE('',(#1243),#1269,.T.);
#1243 = FACE_BOUND('',#1244,.T.);
#1244 = EDGE_LOOP('',(#1245,#1255,#1263));
#1245 = ORIENTED_EDGE('',*,*,#1246,.T.);
#1246 = EDGE_CURVE('',#1247,#1249,#1251,.T.);
#1247 = VERTEX_POINT('',#1248);
#1248 = CARTESIAN_POINT('',(0.203801929951,-6.128853559494E-02,
    -2.209201455116E-02));
#1249 = VERTEX_POINT('',#1250);
#1250 = CARTESIAN_POINT('',(-8.023011588421E-09,-0.250325739384,
    1.174280047417E-02));
#1251 = LINE('',#1252,#1253);
#1252 = CARTESIAN_POINT('',(0.203801929951,-6.128853559494E-02,
    -2.209201455116E-02));
#1253 = VECTOR('',#1254,1.);
#1254 = DIRECTION('',(-0.727794031097,-0.675067911231,0.120826998328));
#1255 = ORIENTED_EDGE('',*,*,#1256,.T.);
#1256 = EDGE_CURVE('',#1249,#1257,#1259,.T.);
#1257 = VERTEX_POINT('',#1258);
#1258 = CARTESIAN_POINT('',(-8.023011588421E-09,4.22061085701E-02,
    -3.441914916039E-02));
#1259 = LINE('',#1260,#1261);
#1260 = CARTESIAN_POINT('',(-8.023011588421E-09,-0.250325739384,
    1.174280047417E-02));
#1261 = VECTOR('',#1262,1.);
#1262 = DIRECTION('',(0.,0.987777156871,-0.155872667146));
#1263 = ORIENTED_EDGE('',*,*,#1264,.T.);
#1264 = EDGE_CURVE('',#1257,#1247,#1265,.T.);
#1265 = LINE('',#1266,#1267);
#1266 = CARTESIAN_POINT('',(-8.023011588421E-09,4.22061085701E-02,
    -3.441914916039E-02));
#1267 = VECTOR('',#1268,1.);
#1268 = DIRECTION('',(0.890327091297,-0.452125658963,5.385219595936E-02)
  );
#1269 = PLANE('',#1270);
#1270 = AXIS2_PLACEMENT_3D('',#1271,#1272,#1273);
#1271 = CARTESIAN_POINT('',(6.441656405992E-02,-9.518459867252E-02,
    -1.400440687959E-02));
#1272 = DIRECTION('',(-1.940501389971E-02,-0.1558433171,-0.987591163362)
  );
#1273 = DIRECTION('',(0.,-0.987777156871,0.155872667146));
#1274 = ADVANCED_FACE('',(#1275),#1290,.T.);
#1275 = FACE_BOUND('',#1276,.T.);
#1276 = EDGE_LOOP('',(#1277,#1283,#1289));
#1277 = ORIENTED_EDGE('',*,*,#1278,.T.);
#1278 = EDGE_CURVE('',#1257,#1170,#1279,.T.);
#1279 = LINE('',#1280,#1281);
#1280 = CARTESIAN_POINT('',(-8.023011588421E-09,4.22061085701E-02,
    -3.441914916039E-02));
#1281 = VECTOR('',#1282,1.);
#1282 = DIRECTION('',(0.997277295218,6.31538547719E-02,
    3.807344310768E-02));
#1283 = ORIENTED_EDGE('',*,*,#1284,.T.);
#1284 = EDGE_CURVE('',#1170,#1247,#1285,.T.);
#1285 = LINE('',#1286,#1287);
#1286 = CARTESIAN_POINT('',(0.389510512352,6.687235832214E-02,
    -1.954865455627E-02));
#1287 = VECTOR('',#1288,1.);
#1288 = DIRECTION('',(-0.822982314298,-0.567955167793,
    -1.127110157011E-02));
#1289 = ORIENTED_EDGE('',*,*,#1264,.F.);
#1290 = PLANE('',#1291);
#1291 = AXIS2_PLACEMENT_3D('',#1292,#1293,#1294);
#1292 = CARTESIAN_POINT('',(0.196813267346,2.336618749627E-02,
    -2.568264966618E-02));
#1293 = DIRECTION('',(4.058641528252E-02,-3.899721223659E-02,
    -0.998414723616));
#1294 = DIRECTION('',(-0.999174776483,0.,-4.061731208379E-02));
#1295 = ADVANCED_FACE('',(#1296),#1306,.T.);
#1296 = FACE_BOUND('',#1297,.T.);
#1297 = EDGE_LOOP('',(#1298,#1299,#1300));
#1298 = ORIENTED_EDGE('',*,*,#1177,.F.);
#1299 = ORIENTED_EDGE('',*,*,#1278,.F.);
#1300 = ORIENTED_EDGE('',*,*,#1301,.T.);
#1301 = EDGE_CURVE('',#1257,#111,#1302,.T.);
#1302 = LINE('',#1303,#1304);
#1303 = CARTESIAN_POINT('',(-8.023011588421E-09,4.22061085701E-02,
    -3.441914916039E-02));
#1304 = VECTOR('',#1305,1.);
#1305 = DIRECTION('',(0.874296626717,0.484995308366,1.962038161266E-02)
  );
#1306 = PLANE('',#1307);
#1307 = AXIS2_PLACEMENT_3D('',#1308,#1309,#1310);
#1308 = CARTESIAN_POINT('',(0.193426465833,7.943944036648E-02,
    -2.78347030734E-02));
#1309 = DIRECTION('',(4.01522753918E-02,-3.198068858744E-02,
    -0.998681646141));
#1310 = DIRECTION('',(-0.999192746264,2.168404344971E-19,
    -4.017282431545E-02));
#1311 = ADVANCED_FACE('',(#1312),#1322,.T.);
#1312 = FACE_BOUND('',#1313,.T.);
#1313 = EDGE_LOOP('',(#1314,#1315,#1321));
#1314 = ORIENTED_EDGE('',*,*,#950,.F.);
#1315 = ORIENTED_EDGE('',*,*,#1316,.T.);
#1316 = EDGE_CURVE('',#943,#196,#1317,.T.);
#1317 = LINE('',#1318,#1319);
#1318 = CARTESIAN_POINT('',(0.442051142454,-3.129470348358E-02,
    0.473441421986));
#1319 = VECTOR('',#1320,1.);
#1320 = DIRECTION('',(0.165061761357,-7.068630503869E-02,-0.983746949788
    ));
#1321 = ORIENTED_EDGE('',*,*,#225,.F.);
#1322 = PLANE('',#1323);
#1323 = AXIS2_PLACEMENT_3D('',#1324,#1325,#1326);
#1324 = CARTESIAN_POINT('',(0.468577774469,-7.473238342615E-03,
    0.3526424522));
#1325 = DIRECTION('',(0.966709365657,-0.186133149026,0.175577484843));
#1326 = DIRECTION('',(0.189070238939,0.981963565896,6.938893903907E-18)
  );
#1327 = ADVANCED_FACE('',(#1328),#1345,.T.);
#1328 = FACE_BOUND('',#1329,.T.);
#1329 = EDGE_LOOP('',(#1330,#1338,#1344));
#1330 = ORIENTED_EDGE('',*,*,#1331,.T.);
#1331 = EDGE_CURVE('',#510,#1332,#1334,.T.);
#1332 = VERTEX_POINT('',#1333);
#1333 = CARTESIAN_POINT('',(0.429118543863,1.057010650635,
    1.302888989449E-02));
#1334 = LINE('',#1335,#1336);
#1335 = CARTESIAN_POINT('',(0.441618859768,1.009695291519,0.143365234137
    ));
#1336 = VECTOR('',#1337,1.);
#1337 = DIRECTION('',(-8.978739636043E-02,0.33985724323,-0.936181220533)
  );
#1338 = ORIENTED_EDGE('',*,*,#1339,.T.);
#1339 = EDGE_CURVE('',#1332,#22,#1340,.T.);
#1340 = LINE('',#1341,#1342);
#1341 = CARTESIAN_POINT('',(0.429118543863,1.057010650635,
    1.302888989449E-02));
#1342 = VECTOR('',#1343,1.);
#1343 = DIRECTION('',(0.407210058638,0.904701407475,0.125281009959));
#1344 = ORIENTED_EDGE('',*,*,#517,.F.);
#1345 = PLANE('',#1346);
#1346 = AXIS2_PLACEMENT_3D('',#1347,#1348,#1349);
#1347 = CARTESIAN_POINT('',(0.45401597762,1.085480778374,
    6.591068940195E-02));
#1348 = DIRECTION('',(0.900228010882,-0.37441817168,-0.222262370048));
#1349 = DIRECTION('',(0.38402380062,0.923323193989,1.387778780781E-17));
#1350 = ADVANCED_FACE('',(#1351),#1368,.T.);
#1351 = FACE_BOUND('',#1352,.T.);
#1352 = EDGE_LOOP('',(#1353,#1361,#1362));
#1353 = ORIENTED_EDGE('',*,*,#1354,.T.);
#1354 = EDGE_CURVE('',#1355,#502,#1357,.T.);
#1355 = VERTEX_POINT('',#1356);
#1356 = CARTESIAN_POINT('',(0.106557503343,1.185266375542,0.515214681625
    ));
#1357 = LINE('',#1358,#1359);
#1358 = CARTESIAN_POINT('',(0.106557503343,1.185266375542,0.515214681625
    ));
#1359 = VECTOR('',#1360,1.);
#1360 = DIRECTION('',(0.933134001972,-1.846359928974E-02,-0.359054355029
    ));
#1361 = ORIENTED_EDGE('',*,*,#1215,.F.);
#1362 = ORIENTED_EDGE('',*,*,#1363,.T.);
#1363 = EDGE_CURVE('',#1208,#1355,#1364,.T.);
#1364 = LINE('',#1365,#1366);
#1365 = CARTESIAN_POINT('',(0.23970541358,1.324990391731,0.472015827894)
  );
#1366 = VECTOR('',#1367,1.);
#1367 = DIRECTION('',(-0.673208943086,-0.706458382224,0.218417657559));
#1368 = PLANE('',#1369);
#1369 = AXIS2_PLACEMENT_3D('',#1370,#1371,#1372);
#1370 = CARTESIAN_POINT('',(0.234036847242,1.224946431653,0.468544525447
    ));
#1371 = DIRECTION('',(0.357711037588,-5.261859949746E-02,0.932348699025)
  );
#1372 = DIRECTION('',(0.933642090274,0.,-0.358207268586));
#1373 = ADVANCED_FACE('',(#1374),#1384,.T.);
#1374 = FACE_BOUND('',#1375,.T.);
#1375 = EDGE_LOOP('',(#1376,#1377,#1378));
#1376 = ORIENTED_EDGE('',*,*,#600,.F.);
#1377 = ORIENTED_EDGE('',*,*,#1354,.F.);
#1378 = ORIENTED_EDGE('',*,*,#1379,.T.);
#1379 = EDGE_CURVE('',#1355,#249,#1380,.T.);
#1380 = LINE('',#1381,#1382);
#1381 = CARTESIAN_POINT('',(0.106557503343,1.185266375542,0.515214681625
    ));
#1382 = VECTOR('',#1383,1.);
#1383 = DIRECTION('',(0.683507811872,-0.729933317073,-3.797859467781E-03
    ));
#1384 = PLANE('',#1385);
#1385 = AXIS2_PLACEMENT_3D('',#1386,#1387,#1388);
#1386 = CARTESIAN_POINT('',(0.23421353059,1.143569886693,0.480267125288)
  );
#1387 = DIRECTION('',(0.345820483964,0.319234717099,0.882324990165));
#1388 = DIRECTION('',(0.93104108117,0.,-0.364914380608));
#1389 = ADVANCED_FACE('',(#1390),#1400,.T.);
#1390 = FACE_BOUND('',#1391,.T.);
#1391 = EDGE_LOOP('',(#1392,#1393,#1399));
#1392 = ORIENTED_EDGE('',*,*,#790,.F.);
#1393 = ORIENTED_EDGE('',*,*,#1394,.T.);
#1394 = EDGE_CURVE('',#791,#748,#1395,.T.);
#1395 = LINE('',#1396,#1397);
#1396 = CARTESIAN_POINT('',(0.459958791733,-0.119866490364,
    0.297299265862));
#1397 = VECTOR('',#1398,1.);
#1398 = DIRECTION('',(-0.42796593525,-0.761870598752,0.486208133439));
#1399 = ORIENTED_EDGE('',*,*,#747,.F.);
#1400 = PLANE('',#1401);
#1401 = AXIS2_PLACEMENT_3D('',#1402,#1403,#1404);
#1402 = CARTESIAN_POINT('',(0.422319635641,-0.195647113885,
    0.216417531916));
#1403 = DIRECTION('',(0.880367622336,-0.473102011631,3.357582661108E-02)
  );
#1404 = DIRECTION('',(0.473368909811,0.880864277414,0.));
#1405 = ADVANCED_FACE('',(#1406),#1423,.T.);
#1406 = FACE_BOUND('',#1407,.T.);
#1407 = EDGE_LOOP('',(#1408,#1416,#1422));
#1408 = ORIENTED_EDGE('',*,*,#1409,.T.);
#1409 = EDGE_CURVE('',#391,#1410,#1412,.T.);
#1410 = VERTEX_POINT('',#1411);
#1411 = CARTESIAN_POINT('',(0.401374161243,0.289383381605,0.599516868591
    ));
#1412 = LINE('',#1413,#1414);
#1413 = CARTESIAN_POINT('',(0.351004213095,0.214789807796,0.705610454082
    ));
#1414 = VECTOR('',#1415,1.);
#1415 = DIRECTION('',(0.362034900712,0.536142642192,-0.762549537991));
#1416 = ORIENTED_EDGE('',*,*,#1417,.T.);
#1417 = EDGE_CURVE('',#1410,#399,#1418,.T.);
#1418 = LINE('',#1419,#1420);
#1419 = CARTESIAN_POINT('',(0.401374161243,0.289383381605,0.599516868591
    ));
#1420 = VECTOR('',#1421,1.);
#1421 = DIRECTION('',(-0.419015721818,0.46778674176,0.77820395084));
#1422 = ORIENTED_EDGE('',*,*,#398,.F.);
#1423 = PLANE('',#1424);
#1424 = AXIS2_PLACEMENT_3D('',#1425,#1426,#1427);
#1425 = CARTESIAN_POINT('',(0.35720701698,0.298064786755,0.685440801298)
  );
#1426 = DIRECTION('',(0.890319962028,4.346491275317E-02,0.453256182059)
  );
#1427 = DIRECTION('',(-0.453684935136,3.469446951954E-18,0.891162151144)
  );
#1428 = ADVANCED_FACE('',(#1429),#1439,.T.);
#1429 = FACE_BOUND('',#1430,.T.);
#1430 = EDGE_LOOP('',(#1431,#1432,#1433));
#1431 = ORIENTED_EDGE('',*,*,#1064,.F.);
#1432 = ORIENTED_EDGE('',*,*,#1417,.F.);
#1433 = ORIENTED_EDGE('',*,*,#1434,.T.);
#1434 = EDGE_CURVE('',#1410,#1065,#1435,.T.);
#1435 = LINE('',#1436,#1437);
#1436 = CARTESIAN_POINT('',(0.401374161243,0.289383381605,0.599516868591
    ));
#1437 = VECTOR('',#1438,1.);
#1438 = DIRECTION('',(0.222944138167,0.602235582862,-0.766556073612));
#1439 = PLANE('',#1440);
#1440 = AXIS2_PLACEMENT_3D('',#1441,#1442,#1443);
#1441 = CARTESIAN_POINT('',(0.386458951453,0.360376460319,0.604711702633
    ));
#1442 = DIRECTION('',(0.906198203035,0.161799615814,0.390673394458));
#1443 = DIRECTION('',(-0.395889783197,0.,0.91829803417));
#1444 = ADVANCED_FACE('',(#1445),#1467,.T.);
#1445 = FACE_BOUND('',#1446,.T.);
#1446 = EDGE_LOOP('',(#1447,#1453,#1461));
#1447 = ORIENTED_EDGE('',*,*,#1448,.T.);
#1448 = EDGE_CURVE('',#1249,#421,#1449,.T.);
#1449 = LINE('',#1450,#1451);
#1450 = CARTESIAN_POINT('',(-8.023011588421E-09,-0.250325739384,
    1.174280047417E-02));
#1451 = VECTOR('',#1452,1.);
#1452 = DIRECTION('',(0.751115594093,-0.184890231864,0.633751502146));
#1453 = ORIENTED_EDGE('',*,*,#1454,.T.);
#1454 = EDGE_CURVE('',#421,#1455,#1457,.T.);
#1455 = VERTEX_POINT('',#1456);
#1456 = CARTESIAN_POINT('',(-8.023011588421E-09,-0.373237252235,
    0.278453409672));
#1457 = LINE('',#1458,#1459);
#1458 = CARTESIAN_POINT('',(0.238283053041,-0.308980107307,
    0.212793409824));
#1459 = VECTOR('',#1460,1.);
#1460 = DIRECTION('',(-0.933052307928,-0.251613677902,0.257106880039));
#1461 = ORIENTED_EDGE('',*,*,#1462,.T.);
#1462 = EDGE_CURVE('',#1455,#1249,#1463,.T.);
#1463 = LINE('',#1464,#1465);
#1464 = CARTESIAN_POINT('',(-8.023011588421E-09,-0.373237252235,
    0.278453409672));
#1465 = VECTOR('',#1466,1.);
#1466 = DIRECTION('',(0.,0.418536834788,-0.908199822685));
#1467 = PLANE('',#1468);
#1468 = AXIS2_PLACEMENT_3D('',#1469,#1470,#1471);
#1469 = CARTESIAN_POINT('',(7.87528600368E-02,-0.308661460844,
    0.162710270816));
#1470 = DIRECTION('',(0.128507588735,-0.900669507055,-0.415066547314));
#1471 = DIRECTION('',(6.938893903907E-18,0.418536834788,-0.908199822685)
  );
#1472 = ADVANCED_FACE('',(#1473),#1483,.T.);
#1473 = FACE_BOUND('',#1474,.T.);
#1474 = EDGE_LOOP('',(#1475,#1476,#1477));
#1475 = ORIENTED_EDGE('',*,*,#420,.F.);
#1476 = ORIENTED_EDGE('',*,*,#1448,.F.);
#1477 = ORIENTED_EDGE('',*,*,#1478,.T.);
#1478 = EDGE_CURVE('',#1249,#423,#1479,.T.);
#1479 = LINE('',#1480,#1481);
#1480 = CARTESIAN_POINT('',(-8.023011588421E-09,-0.250325739384,
    1.174280047417E-02));
#1481 = VECTOR('',#1482,1.);
#1482 = DIRECTION('',(0.991398803814,0.125526883444,3.703259818914E-02)
  );
#1483 = PLANE('',#1484);
#1484 = AXIS2_PLACEMENT_3D('',#1485,#1486,#1487);
#1485 = CARTESIAN_POINT('',(0.156817492681,-0.260304181216,
    8.213887475101E-02));
#1486 = DIRECTION('',(0.129504200653,-0.900063178505,-0.416070831365));
#1487 = DIRECTION('',(0.,0.419604372945,-0.90770709494));
#1488 = ADVANCED_FACE('',(#1489),#1499,.T.);
#1489 = FACE_BOUND('',#1490,.T.);
#1490 = EDGE_LOOP('',(#1491,#1492,#1493));
#1491 = ORIENTED_EDGE('',*,*,#716,.F.);
#1492 = ORIENTED_EDGE('',*,*,#1154,.F.);
#1493 = ORIENTED_EDGE('',*,*,#1494,.T.);
#1494 = EDGE_CURVE('',#1147,#259,#1495,.T.);
#1495 = LINE('',#1496,#1497);
#1496 = CARTESIAN_POINT('',(0.414600670338,0.619043588638,0.420664429665
    ));
#1497 = VECTOR('',#1498,1.);
#1498 = DIRECTION('',(-0.186936938969,0.980912370692,5.353038270656E-02)
  );
#1499 = PLANE('',#1500);
#1500 = AXIS2_PLACEMENT_3D('',#1501,#1502,#1503);
#1501 = CARTESIAN_POINT('',(0.373577051191,0.656084796236,0.512266802211
    ));
#1502 = DIRECTION('',(0.923469215209,0.156882309642,0.350132188584));
#1503 = DIRECTION('',(-0.354522128004,6.938893903907E-18,0.935047624859)
  );
#1504 = ADVANCED_FACE('',(#1505),#1515,.T.);
#1505 = FACE_BOUND('',#1506,.T.);
#1506 = EDGE_LOOP('',(#1507,#1508,#1514));
#1507 = ORIENTED_EDGE('',*,*,#1379,.F.);
#1508 = ORIENTED_EDGE('',*,*,#1509,.T.);
#1509 = EDGE_CURVE('',#1355,#281,#1510,.T.);
#1510 = LINE('',#1511,#1512);
#1511 = CARTESIAN_POINT('',(0.106557503343,1.185266375542,0.515214681625
    ));
#1512 = VECTOR('',#1513,1.);
#1513 = DIRECTION('',(-0.619239999948,-0.758364800555,0.203530468833));
#1514 = ORIENTED_EDGE('',*,*,#289,.F.);
#1515 = PLANE('',#1516);
#1516 = AXIS2_PLACEMENT_3D('',#1517,#1518,#1519);
#1517 = CARTESIAN_POINT('',(0.114773807911,1.092460372616,0.527012570891
    ));
#1518 = DIRECTION('',(0.152730458058,0.137924778461,0.97859601607));
#1519 = DIRECTION('',(0.988038994416,3.469446951954E-18,-0.154204233124)
  );
#1520 = ADVANCED_FACE('',(#1521),#1538,.T.);
#1521 = FACE_BOUND('',#1522,.T.);
#1522 = EDGE_LOOP('',(#1523,#1524,#1532));
#1523 = ORIENTED_EDGE('',*,*,#351,.F.);
#1524 = ORIENTED_EDGE('',*,*,#1525,.T.);
#1525 = EDGE_CURVE('',#344,#1526,#1528,.T.);
#1526 = VERTEX_POINT('',#1527);
#1527 = CARTESIAN_POINT('',(-8.023011588421E-09,0.626421928406,
    -3.463411331177E-02));
#1528 = LINE('',#1529,#1530);
#1529 = CARTESIAN_POINT('',(0.322951734066,0.792246222496,
    -2.41559445858E-02));
#1530 = VECTOR('',#1531,1.);
#1531 = DIRECTION('',(-0.889214389272,-0.456580130028,
    -2.885055935626E-02));
#1532 = ORIENTED_EDGE('',*,*,#1533,.T.);
#1533 = EDGE_CURVE('',#1526,#334,#1534,.T.);
#1534 = LINE('',#1535,#1536);
#1535 = CARTESIAN_POINT('',(-8.023011588421E-09,0.626421928406,
    -3.463411331177E-02));
#1536 = VECTOR('',#1537,1.);
#1537 = DIRECTION('',(0.,0.999999972685,-2.337285623776E-04));
#1538 = PLANE('',#1539);
#1539 = AXIS2_PLACEMENT_3D('',#1540,#1541,#1542);
#1540 = CARTESIAN_POINT('',(0.112876496675,0.783946984987,
    -3.09951069519E-02));
#1541 = DIRECTION('',(3.254775522528E-02,-2.336047286522E-04,
    -0.999470154161));
#1542 = DIRECTION('',(-0.999470181432,0.,-3.254775611337E-02));
#1543 = ADVANCED_FACE('',(#1544),#1559,.T.);
#1544 = FACE_BOUND('',#1545,.T.);
#1545 = EDGE_LOOP('',(#1546,#1552,#1558));
#1546 = ORIENTED_EDGE('',*,*,#1547,.T.);
#1547 = EDGE_CURVE('',#54,#1410,#1548,.T.);
#1548 = LINE('',#1549,#1550);
#1549 = CARTESIAN_POINT('',(0.468600839376,0.318466484547,0.323824286461
    ));
#1550 = VECTOR('',#1551,1.);
#1551 = DIRECTION('',(-0.235670423849,-0.101953977014,0.966470298506));
#1552 = ORIENTED_EDGE('',*,*,#1553,.T.);
#1553 = EDGE_CURVE('',#1410,#86,#1554,.T.);
#1554 = LINE('',#1555,#1556);
#1555 = CARTESIAN_POINT('',(0.401374161243,0.289383381605,0.599516868591
    ));
#1556 = VECTOR('',#1557,1.);
#1557 = DIRECTION('',(0.303987318035,-0.410314971415,-0.859786796076));
#1558 = ORIENTED_EDGE('',*,*,#94,.F.);
#1559 = PLANE('',#1560);
#1560 = AXIS2_PLACEMENT_3D('',#1561,#1562,#1563);
#1561 = CARTESIAN_POINT('',(0.440871382395,0.277665651405,0.458106897536
    ));
#1562 = DIRECTION('',(0.95130657493,0.179112439373,0.250867563779));
#1563 = DIRECTION('',(-0.254991124676,0.,0.966943393553));
#1564 = ADVANCED_FACE('',(#1565),#1575,.T.);
#1565 = FACE_BOUND('',#1566,.T.);
#1566 = EDGE_LOOP('',(#1567,#1568,#1569));
#1567 = ORIENTED_EDGE('',*,*,#1434,.F.);
#1568 = ORIENTED_EDGE('',*,*,#1547,.F.);
#1569 = ORIENTED_EDGE('',*,*,#1570,.T.);
#1570 = EDGE_CURVE('',#54,#1065,#1571,.T.);
#1571 = LINE('',#1572,#1573);
#1572 = CARTESIAN_POINT('',(0.468600839376,0.318466484547,0.323824286461
    ));
#1573 = VECTOR('',#1574,1.);
#1574 = DIRECTION('',(-0.170532824731,0.479351110466,0.86089550387));
#1575 = PLANE('',#1576);
#1576 = AXIS2_PLACEMENT_3D('',#1577,#1578,#1579);
#1577 = CARTESIAN_POINT('',(0.436194690119,0.328837119941,0.463843497672
    ));
#1578 = DIRECTION('',(0.970950078689,-6.70840525452E-02,0.229686034815)
  );
#1579 = DIRECTION('',(-0.230204610368,0.,0.973142249296));
#1580 = ADVANCED_FACE('',(#1581),#1598,.T.);
#1581 = FACE_BOUND('',#1582,.T.);
#1582 = EDGE_LOOP('',(#1583,#1591,#1597));
#1583 = ORIENTED_EDGE('',*,*,#1584,.T.);
#1584 = EDGE_CURVE('',#334,#1585,#1587,.T.);
#1585 = VERTEX_POINT('',#1586);
#1586 = CARTESIAN_POINT('',(0.224539503455,1.302553296089,
    -2.544090151787E-02));
#1587 = LINE('',#1588,#1589);
#1588 = CARTESIAN_POINT('',(-8.023011588421E-09,0.934864401817,
    -3.470620512962E-02));
#1589 = VECTOR('',#1590,1.);
#1590 = DIRECTION('',(0.521060361535,0.853248975739,2.150081479154E-02)
  );
#1591 = ORIENTED_EDGE('',*,*,#1592,.T.);
#1592 = EDGE_CURVE('',#1585,#366,#1593,.T.);
#1593 = LINE('',#1594,#1595);
#1594 = CARTESIAN_POINT('',(0.224539503455,1.302553296089,
    -2.544090151787E-02));
#1595 = VECTOR('',#1596,1.);
#1596 = DIRECTION('',(0.513034465103,-0.858181743058,1.788109332708E-02)
  );
#1597 = ORIENTED_EDGE('',*,*,#374,.F.);
#1598 = PLANE('',#1599);
#1599 = AXIS2_PLACEMENT_3D('',#1600,#1601,#1602);
#1600 = CARTESIAN_POINT('',(0.163141512802,1.106134532334,
    -2.816005939355E-02));
#1601 = DIRECTION('',(3.806501751288E-02,1.93498072591E-03,
    -0.999273391165));
#1602 = DIRECTION('',(-0.999275261886,0.,-3.806508877365E-02));
#1603 = ADVANCED_FACE('',(#1604),#1626,.T.);
#1604 = FACE_BOUND('',#1605,.T.);
#1605 = EDGE_LOOP('',(#1606,#1612,#1620));
#1606 = ORIENTED_EDGE('',*,*,#1607,.T.);
#1607 = EDGE_CURVE('',#1103,#334,#1608,.T.);
#1608 = LINE('',#1609,#1610);
#1609 = CARTESIAN_POINT('',(-8.023011588421E-09,1.48507976532,
    -3.398224711418E-02));
#1610 = VECTOR('',#1611,1.);
#1611 = DIRECTION('',(0.,-0.999999134373,-1.315770944955E-03));
#1612 = ORIENTED_EDGE('',*,*,#1613,.T.);
#1613 = EDGE_CURVE('',#334,#1614,#1616,.T.);
#1614 = VERTEX_POINT('',#1615);
#1615 = CARTESIAN_POINT('',(-8.023011588421E-09,1.120591878891,
    -3.486344218254E-02));
#1616 = LINE('',#1617,#1618);
#1617 = CARTESIAN_POINT('',(-8.023011588421E-09,0.934864401817,
    -3.470620512962E-02));
#1618 = VECTOR('',#1619,1.);
#1619 = DIRECTION('',(0.,0.999999641634,-8.466006163786E-04));
#1620 = ORIENTED_EDGE('',*,*,#1621,.T.);
#1621 = EDGE_CURVE('',#1614,#1103,#1622,.T.);
#1622 = LINE('',#1623,#1624);
#1623 = CARTESIAN_POINT('',(-8.023011588421E-09,1.120591878891,
    -3.486344218254E-02));
#1624 = VECTOR('',#1625,1.);
#1625 = DIRECTION('',(0.,0.999997077557,2.417618049672E-03));
#1626 = PLANE('',#1627);
#1627 = AXIS2_PLACEMENT_3D('',#1628,#1629,#1630);
#1628 = CARTESIAN_POINT('',(-8.023011588421E-09,1.209972162436,
    -3.444462909855E-02));
#1629 = DIRECTION('',(1.,0.,0.));
#1630 = DIRECTION('',(-0.,0.,1.));
#1631 = ADVANCED_FACE('',(#1632),#1647,.T.);
#1632 = FACE_BOUND('',#1633,.T.);
#1633 = EDGE_LOOP('',(#1634,#1640,#1641));
#1634 = ORIENTED_EDGE('',*,*,#1635,.T.);
#1635 = EDGE_CURVE('',#1585,#1103,#1636,.T.);
#1636 = LINE('',#1637,#1638);
#1637 = CARTESIAN_POINT('',(0.224539503455,1.302553296089,
    -2.544090151787E-02));
#1638 = VECTOR('',#1639,1.);
#1639 = DIRECTION('',(-0.775627130948,0.630501423644,-2.950438137008E-02
    ));
#1640 = ORIENTED_EDGE('',*,*,#1102,.F.);
#1641 = ORIENTED_EDGE('',*,*,#1642,.T.);
#1642 = EDGE_CURVE('',#1095,#1585,#1643,.T.);
#1643 = LINE('',#1644,#1645);
#1644 = CARTESIAN_POINT('',(0.290918529034,1.49059009552,
    -1.128309965134E-02));
#1645 = VECTOR('',#1646,1.);
#1646 = DIRECTION('',(-0.332042685872,-0.940601995612,
    -7.082048157297E-02));
#1647 = PLANE('',#1648);
#1648 = AXIS2_PLACEMENT_3D('',#1649,#1650,#1651);
#1649 = CARTESIAN_POINT('',(0.161888877431,1.429643919406,
    -2.41629517925E-02));
#1650 = DIRECTION('',(7.679884964837E-02,4.787294048648E-02,
    -0.995896640351));
#1651 = DIRECTION('',(-0.997039812822,0.,-7.688700571516E-02));
#1652 = ADVANCED_FACE('',(#1653),#1658,.T.);
#1653 = FACE_BOUND('',#1654,.T.);
#1654 = EDGE_LOOP('',(#1655,#1656,#1657));
#1655 = ORIENTED_EDGE('',*,*,#1635,.F.);
#1656 = ORIENTED_EDGE('',*,*,#1584,.F.);
#1657 = ORIENTED_EDGE('',*,*,#1607,.F.);
#1658 = PLANE('',#1659);
#1659 = AXIS2_PLACEMENT_3D('',#1660,#1661,#1662);
#1660 = CARTESIAN_POINT('',(6.36543295886E-02,1.220906752072,
    -3.184038306393E-02));
#1661 = DIRECTION('',(3.907906083883E-02,1.314765856144E-03,
    -0.999235256781));
#1662 = DIRECTION('',(-0.999236120426,0.,-3.907909461509E-02));
#1663 = ADVANCED_FACE('',(#1664),#1679,.T.);
#1664 = FACE_BOUND('',#1665,.T.);
#1665 = EDGE_LOOP('',(#1666,#1672,#1673));
#1666 = ORIENTED_EDGE('',*,*,#1667,.T.);
#1667 = EDGE_CURVE('',#1147,#64,#1668,.T.);
#1668 = LINE('',#1669,#1670);
#1669 = CARTESIAN_POINT('',(0.414600670338,0.619043588638,0.420664429665
    ));
#1670 = VECTOR('',#1671,1.);
#1671 = DIRECTION('',(0.164263230483,-0.676182476143,-0.718188589486));
#1672 = ORIENTED_EDGE('',*,*,#478,.F.);
#1673 = ORIENTED_EDGE('',*,*,#1674,.T.);
#1674 = EDGE_CURVE('',#479,#1147,#1675,.T.);
#1675 = LINE('',#1676,#1677);
#1676 = CARTESIAN_POINT('',(0.423532545567,0.744128167629,0.1337492764)
  );
#1677 = VECTOR('',#1678,1.);
#1678 = DIRECTION('',(-2.852510068382E-02,-0.399473807938,0.916300712322
    ));
#1679 = PLANE('',#1680);
#1680 = AXIS2_PLACEMENT_3D('',#1681,#1682,#1683);
#1681 = CARTESIAN_POINT('',(0.440496403126,0.564512578823,0.227706281862
    ));
#1682 = DIRECTION('',(0.985640779045,0.141382538153,9.232135500369E-02)
  );
#1683 = DIRECTION('',(-0.141988935395,0.989868244882,0.));
#1684 = ADVANCED_FACE('',(#1685),#1695,.T.);
#1685 = FACE_BOUND('',#1686,.T.);
#1686 = EDGE_LOOP('',(#1687,#1693,#1694));
#1687 = ORIENTED_EDGE('',*,*,#1688,.T.);
#1688 = EDGE_CURVE('',#1065,#64,#1689,.T.);
#1689 = LINE('',#1690,#1691);
#1690 = CARTESIAN_POINT('',(0.440932095051,0.396240621805,0.463503539562
    ));
#1691 = VECTOR('',#1692,1.);
#1692 = DIRECTION('',(0.115565618436,-0.12827786814,-0.984981916779));
#1693 = ORIENTED_EDGE('',*,*,#1667,.F.);
#1694 = ORIENTED_EDGE('',*,*,#1146,.F.);
#1695 = PLANE('',#1696);
#1696 = AXIS2_PLACEMENT_3D('',#1697,#1698,#1699);
#1697 = CARTESIAN_POINT('',(0.446782706761,0.452973408035,0.32634165707)
  );
#1698 = DIRECTION('',(0.985931666338,0.135371783547,9.804707813512E-02)
  );
#1699 = DIRECTION('',(-0.136027192815,0.99070510386,-1.734723475977E-18)
  );
#1700 = ADVANCED_FACE('',(#1701),#1723,.T.);
#1701 = FACE_BOUND('',#1702,.T.);
#1702 = EDGE_LOOP('',(#1703,#1711,#1717));
#1703 = ORIENTED_EDGE('',*,*,#1704,.T.);
#1704 = EDGE_CURVE('',#1705,#1455,#1707,.T.);
#1705 = VERTEX_POINT('',#1706);
#1706 = CARTESIAN_POINT('',(0.350978344679,-0.238874614239,
    0.530246138573));
#1707 = LINE('',#1708,#1709);
#1708 = CARTESIAN_POINT('',(0.350978344679,-0.238874614239,
    0.530246138573));
#1709 = VECTOR('',#1710,1.);
#1710 = DIRECTION('',(-0.775865509832,-0.297019277198,-0.556607814917));
#1711 = ORIENTED_EDGE('',*,*,#1712,.T.);
#1712 = EDGE_CURVE('',#1455,#748,#1713,.T.);
#1713 = LINE('',#1714,#1715);
#1714 = CARTESIAN_POINT('',(-8.023011588421E-09,-0.373237252235,
    0.278453409672));
#1715 = VECTOR('',#1716,1.);
#1716 = DIRECTION('',(0.925031126881,0.269429882396,0.267815146648));
#1717 = ORIENTED_EDGE('',*,*,#1718,.T.);
#1718 = EDGE_CURVE('',#748,#1705,#1719,.T.);
#1719 = LINE('',#1720,#1721);
#1720 = CARTESIAN_POINT('',(0.379767566919,-0.26262396574,0.388403773308
    ));
#1721 = VECTOR('',#1722,1.);
#1722 = DIRECTION('',(-0.196285605297,0.161923646146,0.967084636406));
#1723 = PLANE('',#1724);
#1724 = AXIS2_PLACEMENT_3D('',#1725,#1726,#1727);
#1725 = CARTESIAN_POINT('',(0.208928535776,-0.302849934045,
    0.383496496237));
#1726 = DIRECTION('',(0.218805075847,-0.954168993901,0.204171177841));
#1727 = DIRECTION('',(-0.97470087064,-0.223513339138,0.));
#1728 = ADVANCED_FACE('',(#1729),#1744,.T.);
#1729 = FACE_BOUND('',#1730,.T.);
#1730 = EDGE_LOOP('',(#1731,#1737,#1738));
#1731 = ORIENTED_EDGE('',*,*,#1732,.T.);
#1732 = EDGE_CURVE('',#151,#1455,#1733,.T.);
#1733 = LINE('',#1734,#1735);
#1734 = CARTESIAN_POINT('',(-8.023011588421E-09,-0.319506406784,
    0.59232878685));
#1735 = VECTOR('',#1736,1.);
#1736 = DIRECTION('',(0.,-0.16873085675,-0.985662162194));
#1737 = ORIENTED_EDGE('',*,*,#1704,.F.);
#1738 = ORIENTED_EDGE('',*,*,#1739,.T.);
#1739 = EDGE_CURVE('',#1705,#151,#1740,.T.);
#1740 = LINE('',#1741,#1742);
#1741 = CARTESIAN_POINT('',(0.350978344679,-0.238874614239,
    0.530246138573));
#1742 = VECTOR('',#1743,1.);
#1743 = DIRECTION('',(-0.960444187664,-0.220647045309,0.169887738756));
#1744 = PLANE('',#1745);
#1745 = AXIS2_PLACEMENT_3D('',#1746,#1747,#1748);
#1746 = CARTESIAN_POINT('',(0.126307000402,-0.308714443473,
    0.463522862996));
#1747 = DIRECTION('',(0.248262737449,-0.954803774843,0.163448354961));
#1748 = DIRECTION('',(-0.967819110942,-0.251646912349,0.));
#1749 = ADVANCED_FACE('',(#1750),#1767,.T.);
#1750 = FACE_BOUND('',#1751,.T.);
#1751 = EDGE_LOOP('',(#1752,#1753,#1761));
#1752 = ORIENTED_EDGE('',*,*,#1509,.F.);
#1753 = ORIENTED_EDGE('',*,*,#1754,.T.);
#1754 = EDGE_CURVE('',#1355,#1755,#1757,.T.);
#1755 = VERTEX_POINT('',#1756);
#1756 = CARTESIAN_POINT('',(-8.023011588421E-09,1.329424977303,
    0.491745650768));
#1757 = LINE('',#1758,#1759);
#1758 = CARTESIAN_POINT('',(0.106557503343,1.185266375542,0.515214681625
    ));
#1759 = VECTOR('',#1760,1.);
#1760 = DIRECTION('',(-0.589381541411,0.797357387805,-0.129809840758));
#1761 = ORIENTED_EDGE('',*,*,#1762,.T.);
#1762 = EDGE_CURVE('',#1755,#281,#1763,.T.);
#1763 = LINE('',#1764,#1765);
#1764 = CARTESIAN_POINT('',(-8.023011588421E-09,1.329424977303,
    0.491745650768));
#1765 = VECTOR('',#1766,1.);
#1766 = DIRECTION('',(0.,-0.978066342088,0.20829361602));
#1767 = PLANE('',#1768);
#1768 = AXIS2_PLACEMENT_3D('',#1769,#1770,#1771);
#1769 = CARTESIAN_POINT('',(2.966856871681E-02,1.191139601228,
    0.519182059384));
#1770 = DIRECTION('',(6.623199575028E-02,0.207836255461,0.975918753614)
  );
#1771 = DIRECTION('',(-1.734723475977E-18,0.978066342088,-0.20829361602)
  );
#1772 = ADVANCED_FACE('',(#1773),#1793,.T.);
#1773 = FACE_BOUND('',#1774,.T.);
#1774 = EDGE_LOOP('',(#1775,#1781,#1787));
#1775 = ORIENTED_EDGE('',*,*,#1776,.T.);
#1776 = EDGE_CURVE('',#890,#1755,#1777,.T.);
#1777 = LINE('',#1778,#1779);
#1778 = CARTESIAN_POINT('',(0.322076529264,1.607018589973,0.356439709663
    ));
#1779 = VECTOR('',#1780,1.);
#1780 = DIRECTION('',(-0.721812373949,-0.62212077366,0.303236936726));
#1781 = ORIENTED_EDGE('',*,*,#1782,.T.);
#1782 = EDGE_CURVE('',#1755,#1208,#1783,.T.);
#1783 = LINE('',#1784,#1785);
#1784 = CARTESIAN_POINT('',(-8.023011588421E-09,1.329424977303,
    0.491745650768));
#1785 = VECTOR('',#1786,1.);
#1786 = DIRECTION('',(0.996460399913,-1.84346640233E-02,
    -8.201728212836E-02));
#1787 = ORIENTED_EDGE('',*,*,#1788,.T.);
#1788 = EDGE_CURVE('',#1208,#890,#1789,.T.);
#1789 = LINE('',#1790,#1791);
#1790 = CARTESIAN_POINT('',(0.23970541358,1.324990391731,0.472015827894)
  );
#1791 = VECTOR('',#1792,1.);
#1792 = DIRECTION('',(0.260894518961,0.893269570313,-0.366064918735));
#1793 = PLANE('',#1794);
#1794 = AXIS2_PLACEMENT_3D('',#1795,#1796,#1797);
#1795 = CARTESIAN_POINT('',(0.188902052134,1.433685738173,0.434852619375
    ));
#1796 = DIRECTION('',(8.318412255883E-02,0.356985269132,0.930398795881)
  );
#1797 = DIRECTION('',(3.469446951954E-18,0.93363459134,-0.358226813422)
  );
#1798 = ADVANCED_FACE('',(#1799),#1809,.T.);
#1799 = FACE_BOUND('',#1800,.T.);
#1800 = EDGE_LOOP('',(#1801,#1807,#1808));
#1801 = ORIENTED_EDGE('',*,*,#1802,.T.);
#1802 = EDGE_CURVE('',#900,#1755,#1803,.T.);
#1803 = LINE('',#1804,#1805);
#1804 = CARTESIAN_POINT('',(-8.023011588421E-09,1.587753772736,
    0.443319380283));
#1805 = VECTOR('',#1806,1.);
#1806 = DIRECTION('',(0.,-0.982879338795,0.184250387707));
#1807 = ORIENTED_EDGE('',*,*,#1776,.F.);
#1808 = ORIENTED_EDGE('',*,*,#907,.F.);
#1809 = PLANE('',#1810);
#1810 = AXIS2_PLACEMENT_3D('',#1811,#1812,#1813);
#1811 = CARTESIAN_POINT('',(0.120464699262,1.507168040333,0.427281536936
    ));
#1812 = DIRECTION('',(0.246282374874,0.178575128996,0.952604805326));
#1813 = DIRECTION('',(0.968166848742,6.938893903907E-18,-0.250305719066)
  );
#1814 = ADVANCED_FACE('',(#1815),#1820,.T.);
#1815 = FACE_BOUND('',#1816,.T.);
#1816 = EDGE_LOOP('',(#1817,#1818,#1819));
#1817 = ORIENTED_EDGE('',*,*,#634,.F.);
#1818 = ORIENTED_EDGE('',*,*,#234,.F.);
#1819 = ORIENTED_EDGE('',*,*,#85,.F.);
#1820 = PLANE('',#1821);
#1821 = AXIS2_PLACEMENT_3D('',#1822,#1823,#1824);
#1822 = CARTESIAN_POINT('',(0.476946716513,0.164429445962,0.333295905216
    ));
#1823 = DIRECTION('',(0.988414088309,7.827955562299E-02,0.130038075979)
  );
#1824 = DIRECTION('',(-0.130438332841,0.,0.99145642432));
#1825 = ADVANCED_FACE('',(#1826),#1836,.T.);
#1826 = FACE_BOUND('',#1827,.T.);
#1827 = EDGE_LOOP('',(#1828,#1834,#1835));
#1828 = ORIENTED_EDGE('',*,*,#1829,.T.);
#1829 = EDGE_CURVE('',#1004,#943,#1830,.T.);
#1830 = LINE('',#1831,#1832);
#1831 = CARTESIAN_POINT('',(0.382997453213,3.780049085617E-02,
    0.656924366951));
#1832 = VECTOR('',#1833,1.);
#1833 = DIRECTION('',(0.288401609026,-0.337441495689,-0.896079097456));
#1834 = ORIENTED_EDGE('',*,*,#942,.F.);
#1835 = ORIENTED_EDGE('',*,*,#1011,.F.);
#1836 = PLANE('',#1837);
#1837 = AXIS2_PLACEMENT_3D('',#1838,#1839,#1840);
#1838 = CARTESIAN_POINT('',(0.417169984344,2.1303041991E-02,
    0.560589402101));
#1839 = DIRECTION('',(0.923838395499,-0.147930308494,0.353042834272));
#1840 = DIRECTION('',(-0.356970297313,0.,0.934115735247));
#1841 = ADVANCED_FACE('',(#1842),#1847,.T.);
#1842 = FACE_BOUND('',#1843,.T.);
#1843 = EDGE_LOOP('',(#1844,#1845,#1846));
#1844 = ORIENTED_EDGE('',*,*,#343,.F.);
#1845 = ORIENTED_EDGE('',*,*,#553,.F.);
#1846 = ORIENTED_EDGE('',*,*,#487,.F.);
#1847 = PLANE('',#1848);
#1848 = AXIS2_PLACEMENT_3D('',#1849,#1850,#1851);
#1849 = CARTESIAN_POINT('',(0.378421690381,0.818515546969,
    3.548469455778E-02));
#1850 = DIRECTION('',(0.760838116226,-0.299256001126,-0.575822200587));
#1851 = DIRECTION('',(0.603477865524,0.,0.797379750071));
#1852 = ADVANCED_FACE('',(#1853),#1877,.T.);
#1853 = FACE_BOUND('',#1854,.T.);
#1854 = EDGE_LOOP('',(#1855,#1863,#1871));
#1855 = ORIENTED_EDGE('',*,*,#1856,.T.);
#1856 = EDGE_CURVE('',#1043,#1857,#1859,.T.);
#1857 = VERTEX_POINT('',#1858);
#1858 = CARTESIAN_POINT('',(-8.023011588421E-09,0.531487286091,
    0.795989871025));
#1859 = LINE('',#1860,#1861);
#1860 = CARTESIAN_POINT('',(0.238074377179,0.510570764542,0.749107003212
    ));
#1861 = VECTOR('',#1862,1.);
#1862 = DIRECTION('',(-0.977531380161,8.588305777133E-02,0.192500652434)
  );
#1863 = ORIENTED_EDGE('',*,*,#1864,.T.);
#1864 = EDGE_CURVE('',#1857,#1865,#1867,.T.);
#1865 = VERTEX_POINT('',#1866);
#1866 = CARTESIAN_POINT('',(-8.023011588421E-09,0.408155620098,
    0.852650403976));
#1867 = LINE('',#1868,#1869);
#1868 = CARTESIAN_POINT('',(-8.023011588421E-09,0.531487286091,
    0.795989871025));
#1869 = VECTOR('',#1870,1.);
#1870 = DIRECTION('',(0.,-0.90869184684,0.417467516684));
#1871 = ORIENTED_EDGE('',*,*,#1872,.T.);
#1872 = EDGE_CURVE('',#1865,#1043,#1873,.T.);
#1873 = LINE('',#1874,#1875);
#1874 = CARTESIAN_POINT('',(-8.023011588421E-09,0.408155620098,
    0.852650403976));
#1875 = VECTOR('',#1876,1.);
#1876 = DIRECTION('',(0.853047440256,0.366965042194,-0.371007712159));
#1877 = PLANE('',#1878);
#1878 = AXIS2_PLACEMENT_3D('',#1879,#1880,#1881);
#1879 = CARTESIAN_POINT('',(9.449695573198E-02,0.484331286704,
    0.795231070747));
#1880 = DIRECTION('',(0.210777728228,0.40808869746,0.888277188882));
#1881 = DIRECTION('',(0.,0.90869184684,-0.417467516684));
#1882 = ADVANCED_FACE('',(#1883),#1893,.T.);
#1883 = FACE_BOUND('',#1884,.T.);
#1884 = EDGE_LOOP('',(#1885,#1891,#1892));
#1885 = ORIENTED_EDGE('',*,*,#1886,.T.);
#1886 = EDGE_CURVE('',#701,#1857,#1887,.T.);
#1887 = LINE('',#1888,#1889);
#1888 = CARTESIAN_POINT('',(0.110620424151,0.585326731205,0.748348534107
    ));
#1889 = VECTOR('',#1890,1.);
#1890 = DIRECTION('',(-0.838484536624,-0.408094068168,0.361113435597));
#1891 = ORIENTED_EDGE('',*,*,#1856,.F.);
#1892 = ORIENTED_EDGE('',*,*,#1042,.F.);
#1893 = PLANE('',#1894);
#1894 = AXIS2_PLACEMENT_3D('',#1895,#1896,#1897);
#1895 = CARTESIAN_POINT('',(0.118588628219,0.538055612994,0.765725880665
    ));
#1896 = DIRECTION('',(0.210678522256,0.368379907835,0.905489262092));
#1897 = DIRECTION('',(0.,0.92627922878,-0.376837883355));
#1898 = ADVANCED_FACE('',(#1899),#1904,.T.);
#1899 = FACE_BOUND('',#1900,.T.);
#1900 = EDGE_LOOP('',(#1901,#1902,#1903));
#1901 = ORIENTED_EDGE('',*,*,#1494,.F.);
#1902 = ORIENTED_EDGE('',*,*,#1674,.F.);
#1903 = ORIENTED_EDGE('',*,*,#573,.F.);
#1904 = PLANE('',#1905);
#1905 = AXIS2_PLACEMENT_3D('',#1906,#1907,#1908);
#1906 = CARTESIAN_POINT('',(0.407192855746,0.723784179764,0.313857363534
    ));
#1907 = DIRECTION('',(0.977539558531,0.180342844476,0.109054435736));
#1908 = DIRECTION('',(-0.18142490268,0.983404802046,0.));
#1909 = ADVANCED_FACE('',(#1910),#1925,.T.);
#1910 = FACE_BOUND('',#1911,.T.);
#1911 = EDGE_LOOP('',(#1912,#1918,#1919));
#1912 = ORIENTED_EDGE('',*,*,#1913,.T.);
#1913 = EDGE_CURVE('',#943,#748,#1914,.T.);
#1914 = LINE('',#1915,#1916);
#1915 = CARTESIAN_POINT('',(0.442051142454,-3.129470348358E-02,
    0.473441421986));
#1916 = VECTOR('',#1917,1.);
#1917 = DIRECTION('',(-0.245006183318,-0.909984681333,-0.334514349281));
#1918 = ORIENTED_EDGE('',*,*,#1394,.F.);
#1919 = ORIENTED_EDGE('',*,*,#1920,.T.);
#1920 = EDGE_CURVE('',#791,#943,#1921,.T.);
#1921 = LINE('',#1922,#1923);
#1922 = CARTESIAN_POINT('',(0.459958791733,-0.119866490364,
    0.297299265862));
#1923 = VECTOR('',#1924,1.);
#1924 = DIRECTION('',(-9.045685917329E-02,0.447402421608,0.889746385083)
  );
#1925 = PLANE('',#1926);
#1926 = AXIS2_PLACEMENT_3D('',#1927,#1928,#1929);
#1927 = CARTESIAN_POINT('',(0.425943832112,-0.137839626217,
    0.391019342293));
#1928 = DIRECTION('',(0.903119759779,-0.339703157231,0.262633707782));
#1929 = DIRECTION('',(0.35206208236,0.935976650438,-1.387778780781E-17)
  );
#1930 = ADVANCED_FACE('',(#1931),#1941,.T.);
#1931 = FACE_BOUND('',#1932,.T.);
#1932 = EDGE_LOOP('',(#1933,#1934,#1935));
#1933 = ORIENTED_EDGE('',*,*,#1718,.F.);
#1934 = ORIENTED_EDGE('',*,*,#1913,.F.);
#1935 = ORIENTED_EDGE('',*,*,#1936,.T.);
#1936 = EDGE_CURVE('',#943,#1705,#1937,.T.);
#1937 = LINE('',#1938,#1939);
#1938 = CARTESIAN_POINT('',(0.442051142454,-3.129470348358E-02,
    0.473441421986));
#1939 = VECTOR('',#1940,1.);
#1940 = DIRECTION('',(-0.389718302392,-0.888275010831,0.243078485091));
#1941 = PLANE('',#1942);
#1942 = AXIS2_PLACEMENT_3D('',#1943,#1944,#1945);
#1943 = CARTESIAN_POINT('',(0.395083412455,-0.166575577075,
    0.463604925188));
#1944 = DIRECTION('',(0.911309498065,-0.333908887457,0.240873106871));
#1945 = DIRECTION('',(0.344038546214,0.938955525421,0.));
#1946 = ADVANCED_FACE('',(#1947),#1962,.T.);
#1947 = FACE_BOUND('',#1948,.T.);
#1948 = EDGE_LOOP('',(#1949,#1950,#1956));
#1949 = ORIENTED_EDGE('',*,*,#365,.F.);
#1950 = ORIENTED_EDGE('',*,*,#1951,.T.);
#1951 = EDGE_CURVE('',#366,#1332,#1952,.T.);
#1952 = LINE('',#1953,#1954);
#1953 = CARTESIAN_POINT('',(0.32560813427,1.133490085602,
    -2.191829681396E-02));
#1954 = VECTOR('',#1955,1.);
#1955 = DIRECTION('',(0.776174471226,-0.573482273216,0.262052041633));
#1956 = ORIENTED_EDGE('',*,*,#1957,.T.);
#1957 = EDGE_CURVE('',#1332,#336,#1958,.T.);
#1958 = LINE('',#1959,#1960);
#1959 = CARTESIAN_POINT('',(0.429118543863,1.057010650635,
    1.302888989449E-02));
#1960 = VECTOR('',#1961,1.);
#1961 = DIRECTION('',(-0.364607313648,-0.896792894737,-0.250647183872));
#1962 = PLANE('',#1963);
#1963 = AXIS2_PLACEMENT_3D('',#1964,#1965,#1966);
#1964 = CARTESIAN_POINT('',(0.373189713299,1.035805290074,
    -1.269272311216E-02));
#1965 = DIRECTION('',(0.384051584538,0.100386109901,-0.917838226134));
#1966 = DIRECTION('',(-0.922498174069,-6.938893903907E-18,
    -0.386001449272));
#1967 = ADVANCED_FACE('',(#1968),#1978,.T.);
#1968 = FACE_BOUND('',#1969,.T.);
#1969 = EDGE_LOOP('',(#1970,#1976,#1977));
#1970 = ORIENTED_EDGE('',*,*,#1971,.T.);
#1971 = EDGE_CURVE('',#204,#64,#1972,.T.);
#1972 = LINE('',#1973,#1974);
#1973 = CARTESIAN_POINT('',(0.509242594242,8.366203308105E-02,
    1.349985599518E-02));
#1974 = VECTOR('',#1975,1.);
#1975 = DIRECTION('',(-0.10097110148,0.902193135299,0.419347568593));
#1976 = ORIENTED_EDGE('',*,*,#63,.F.);
#1977 = ORIENTED_EDGE('',*,*,#211,.F.);
#1978 = PLANE('',#1979);
#1979 = AXIS2_PLACEMENT_3D('',#1980,#1981,#1982);
#1980 = CARTESIAN_POINT('',(0.494375030209,0.208537074682,0.105565418615
    ));
#1981 = DIRECTION('',(0.994725126286,9.92066817681E-02,
    2.607599333636E-02));
#1982 = DIRECTION('',(-9.924042713825E-02,0.995063484217,0.));
#1983 = ADVANCED_FACE('',(#1984),#1999,.T.);
#1984 = FACE_BOUND('',#1985,.T.);
#1985 = EDGE_LOOP('',(#1986,#1992,#1993));
#1986 = ORIENTED_EDGE('',*,*,#1987,.T.);
#1987 = EDGE_CURVE('',#109,#64,#1988,.T.);
#1988 = LINE('',#1989,#1990);
#1989 = CARTESIAN_POINT('',(0.443114459515,0.242247253656,
    -2.07906961441E-03));
#1990 = VECTOR('',#1991,1.);
#1991 = DIRECTION('',(0.195345581963,0.60855001152,0.769094914225));
#1992 = ORIENTED_EDGE('',*,*,#1971,.F.);
#1993 = ORIENTED_EDGE('',*,*,#1994,.T.);
#1994 = EDGE_CURVE('',#204,#109,#1995,.T.);
#1995 = LINE('',#1996,#1997);
#1996 = CARTESIAN_POINT('',(0.509242594242,8.366203308105E-02,
    1.349985599518E-02));
#1997 = VECTOR('',#1998,1.);
#1998 = DIRECTION('',(-0.383295764391,0.919200936061,-9.029948031227E-02
    ));
#1999 = PLANE('',#2000);
#2000 = AXIS2_PLACEMENT_3D('',#2001,#2002,#2003);
#2001 = CARTESIAN_POINT('',(0.480137800119,0.226334541031,
    5.556887714051E-02));
#2002 = DIRECTION('',(0.837445456193,0.304630073832,-0.453746213228));
#2003 = DIRECTION('',(0.476388609415,0.,0.879234833716));
#2004 = ADVANCED_FACE('',(#2005),#2015,.T.);
#2005 = FACE_BOUND('',#2006,.T.);
#2006 = EDGE_LOOP('',(#2007,#2013,#2014));
#2007 = ORIENTED_EDGE('',*,*,#2008,.T.);
#2008 = EDGE_CURVE('',#1410,#627,#2009,.T.);
#2009 = LINE('',#2010,#2011);
#2010 = CARTESIAN_POINT('',(0.401374161243,0.289383381605,0.599516868591
    ));
#2011 = VECTOR('',#2012,1.);
#2012 = DIRECTION('',(0.118537765161,-0.971056761613,-0.207358539629));
#2013 = ORIENTED_EDGE('',*,*,#640,.F.);
#2014 = ORIENTED_EDGE('',*,*,#1553,.F.);
#2015 = PLANE('',#2016);
#2016 = AXIS2_PLACEMENT_3D('',#2017,#2018,#2019);
#2017 = CARTESIAN_POINT('',(0.428919805107,0.190119908456,0.531398685476
    ));
#2018 = DIRECTION('',(0.948812851597,4.920189309948E-02,0.311982926393)
  );
#2019 = DIRECTION('',(-0.312361241642,0.,0.949963396516));
#2020 = ADVANCED_FACE('',(#2021),#2026,.T.);
#2021 = FACE_BOUND('',#2022,.T.);
#2022 = EDGE_LOOP('',(#2023,#2024,#2025));
#2023 = ORIENTED_EDGE('',*,*,#1027,.F.);
#2024 = ORIENTED_EDGE('',*,*,#2008,.F.);
#2025 = ORIENTED_EDGE('',*,*,#1409,.F.);
#2026 = PLANE('',#2027);
#2027 = AXIS2_PLACEMENT_3D('',#2028,#2029,#2030);
#2028 = CARTESIAN_POINT('',(0.396016679884,0.182942903416,0.614436710729
    ));
#2029 = DIRECTION('',(0.898788457228,1.616778886624E-02,0.438084366026)
  );
#2030 = DIRECTION('',(-0.43814163431,0.,0.898905950744));
#2031 = ADVANCED_FACE('',(#2032),#2042,.T.);
#2032 = FACE_BOUND('',#2033,.T.);
#2033 = EDGE_LOOP('',(#2034,#2035,#2041));
#2034 = ORIENTED_EDGE('',*,*,#821,.F.);
#2035 = ORIENTED_EDGE('',*,*,#2036,.T.);
#2036 = EDGE_CURVE('',#24,#1095,#2037,.T.);
#2037 = LINE('',#2038,#2039);
#2038 = CARTESIAN_POINT('',(0.450993210077,1.532300710678,
    1.242047548294E-02));
#2039 = VECTOR('',#2040,1.);
#2040 = DIRECTION('',(-0.957903737187,-0.249600710617,-0.141844688103));
#2041 = ORIENTED_EDGE('',*,*,#1124,.F.);
#2042 = PLANE('',#2043);
#2043 = AXIS2_PLACEMENT_3D('',#2044,#2045,#2046);
#2044 = CARTESIAN_POINT('',(0.367657421402,1.548068450043,
    4.373133720012E-03));
#2045 = DIRECTION('',(0.116665117913,0.113009169356,-0.986720921996));
#2046 = DIRECTION('',(-0.993082664111,0.,-0.117417299586));
#2047 = ADVANCED_FACE('',(#2048),#2053,.T.);
#2048 = FACE_BOUND('',#2049,.T.);
#2049 = EDGE_LOOP('',(#2050,#2051,#2052));
#2050 = ORIENTED_EDGE('',*,*,#1712,.F.);
#2051 = ORIENTED_EDGE('',*,*,#1454,.F.);
#2052 = ORIENTED_EDGE('',*,*,#755,.F.);
#2053 = PLANE('',#2054);
#2054 = AXIS2_PLACEMENT_3D('',#2055,#2056,#2057);
#2055 = CARTESIAN_POINT('',(0.200332589271,-0.316281637771,
    0.299972187708));
#2056 = DIRECTION('',(0.269625605504,-0.96226257923,3.677990578425E-02)
  );
#2057 = DIRECTION('',(-0.962914096186,-0.269808160305,0.));
#2058 = ADVANCED_FACE('',(#2059),#2074,.T.);
#2059 = FACE_BOUND('',#2060,.T.);
#2060 = EDGE_LOOP('',(#2061,#2067,#2068));
#2061 = ORIENTED_EDGE('',*,*,#2062,.T.);
#2062 = EDGE_CURVE('',#1705,#173,#2063,.T.);
#2063 = LINE('',#2064,#2065);
#2064 = CARTESIAN_POINT('',(0.350978344679,-0.238874614239,
    0.530246138573));
#2065 = VECTOR('',#2066,1.);
#2066 = DIRECTION('',(-0.529981171482,0.574637503687,0.623627851552));
#2067 = ORIENTED_EDGE('',*,*,#181,.F.);
#2068 = ORIENTED_EDGE('',*,*,#2069,.T.);
#2069 = EDGE_CURVE('',#141,#1705,#2070,.T.);
#2070 = LINE('',#2071,#2072);
#2071 = CARTESIAN_POINT('',(0.256271094084,-0.278289437294,
    0.590558588505));
#2072 = VECTOR('',#2073,1.);
#2073 = DIRECTION('',(0.795870960959,0.331221874818,-0.506834769076));
#2074 = PLANE('',#2075);
#2075 = AXIS2_PLACEMENT_3D('',#2076,#2077,#2078);
#2076 = CARTESIAN_POINT('',(0.269951346597,-0.191251315419,
    0.611115025867));
#2077 = DIRECTION('',(0.594906542197,-0.272132001009,0.756326900274));
#2078 = DIRECTION('',(0.785990225954,0.,-0.618238922024));
#2079 = ADVANCED_FACE('',(#2080),#2090,.T.);
#2080 = FACE_BOUND('',#2081,.T.);
#2081 = EDGE_LOOP('',(#2082,#2083,#2089));
#2082 = ORIENTED_EDGE('',*,*,#928,.F.);
#2083 = ORIENTED_EDGE('',*,*,#2084,.T.);
#2084 = EDGE_CURVE('',#890,#852,#2085,.T.);
#2085 = LINE('',#2086,#2087);
#2086 = CARTESIAN_POINT('',(0.322076529264,1.607018589973,0.356439709663
    ));
#2087 = VECTOR('',#2088,1.);
#2088 = DIRECTION('',(0.22996897826,-0.966437790365,0.11450880487));
#2089 = ORIENTED_EDGE('',*,*,#851,.F.);
#2090 = PLANE('',#2091);
#2091 = AXIS2_PLACEMENT_3D('',#2092,#2093,#2094);
#2092 = CARTESIAN_POINT('',(0.326407893977,1.600360316805,0.32789608465)
  );
#2093 = DIRECTION('',(0.966376667128,0.240677511557,9.050123016769E-02)
  );
#2094 = DIRECTION('',(-0.241669239059,0.970358685689,-3.469446951954E-18
    ));
#2095 = ADVANCED_FACE('',(#2096),#2106,.T.);
#2096 = FACE_BOUND('',#2097,.T.);
#2097 = EDGE_LOOP('',(#2098,#2104,#2105));
#2098 = ORIENTED_EDGE('',*,*,#2099,.T.);
#2099 = EDGE_CURVE('',#1004,#1705,#2100,.T.);
#2100 = LINE('',#2101,#2102);
#2101 = CARTESIAN_POINT('',(0.382997453213,3.780049085617E-02,
    0.656924366951));
#2102 = VECTOR('',#2103,1.);
#2103 = DIRECTION('',(-0.104645594637,-0.90423600842,-0.414012729997));
#2104 = ORIENTED_EDGE('',*,*,#1936,.F.);
#2105 = ORIENTED_EDGE('',*,*,#1829,.F.);
#2106 = PLANE('',#2107);
#2107 = AXIS2_PLACEMENT_3D('',#2108,#2109,#2110);
#2108 = CARTESIAN_POINT('',(0.388782120544,-8.283372118964E-02,
    0.556973655946));
#2109 = DIRECTION('',(0.878397349373,-0.27924387424,0.387867187725));
#2110 = DIRECTION('',(-0.403935662061,0.,0.914787396566));
#2111 = ADVANCED_FACE('',(#2112),#2122,.T.);
#2112 = FACE_BOUND('',#2113,.T.);
#2113 = EDGE_LOOP('',(#2114,#2115,#2116));
#2114 = ORIENTED_EDGE('',*,*,#2062,.F.);
#2115 = ORIENTED_EDGE('',*,*,#2099,.F.);
#2116 = ORIENTED_EDGE('',*,*,#2117,.T.);
#2117 = EDGE_CURVE('',#1004,#173,#2118,.T.);
#2118 = LINE('',#2119,#2120);
#2119 = CARTESIAN_POINT('',(0.382997453213,3.780049085617E-02,
    0.656924366951));
#2120 = VECTOR('',#2121,1.);
#2121 = DIRECTION('',(-0.782298187093,-0.603488355856,0.154309270031));
#2122 = PLANE('',#2123);
#2123 = AXIS2_PLACEMENT_3D('',#2124,#2125,#2126);
#2124 = CARTESIAN_POINT('',(0.320560734892,-0.101557776707,
    0.621107909528));
#2125 = DIRECTION('',(0.471410528162,-0.411658926013,0.779941691777));
#2126 = DIRECTION('',(0.855820455115,2.775557561563E-17,-0.517272992342)
  );
#2127 = ADVANCED_FACE('',(#2128),#2138,.T.);
#2128 = FACE_BOUND('',#2129,.T.);
#2129 = EDGE_LOOP('',(#2130,#2131,#2137));
#2130 = ORIENTED_EDGE('',*,*,#1050,.F.);
#2131 = ORIENTED_EDGE('',*,*,#2132,.T.);
#2132 = EDGE_CURVE('',#1043,#399,#2133,.T.);
#2133 = LINE('',#2134,#2135);
#2134 = CARTESIAN_POINT('',(0.238074377179,0.510570764542,0.749107003212
    ));
#2135 = VECTOR('',#2136,1.);
#2136 = DIRECTION('',(0.535114790744,-0.844616613783,-1.658120771059E-02
    ));
#2137 = ORIENTED_EDGE('',*,*,#1078,.F.);
#2138 = PLANE('',#2139);
#2139 = AXIS2_PLACEMENT_3D('',#2140,#2141,#2142);
#2140 = CARTESIAN_POINT('',(0.302187048463,0.477384021494,0.715336245436
    ));
#2141 = DIRECTION('',(0.571457409041,0.347457174025,0.743444646138));
#2142 = DIRECTION('',(0.792841990265,0.,-0.609427254456));
#2143 = ADVANCED_FACE('',(#2144),#2154,.T.);
#2144 = FACE_BOUND('',#2145,.T.);
#2145 = EDGE_LOOP('',(#2146,#2147,#2148));
#2146 = ORIENTED_EDGE('',*,*,#118,.F.);
#2147 = ORIENTED_EDGE('',*,*,#1301,.F.);
#2148 = ORIENTED_EDGE('',*,*,#2149,.T.);
#2149 = EDGE_CURVE('',#1257,#119,#2150,.T.);
#2150 = LINE('',#2151,#2152);
#2151 = CARTESIAN_POINT('',(-8.023011588421E-09,4.22061085701E-02,
    -3.441914916039E-02));
#2152 = VECTOR('',#2153,1.);
#2153 = DIRECTION('',(0.,0.999999695992,-7.797532616626E-04));
#2154 = PLANE('',#2155);
#2155 = AXIS2_PLACEMENT_3D('',#2156,#2157,#2158);
#2156 = CARTESIAN_POINT('',(6.988104678102E-02,0.130961507872,
    -3.288990544964E-02));
#2157 = DIRECTION('',(2.28678940299E-02,-7.795493526906E-04,
    -0.999738191591));
#2158 = DIRECTION('',(-0.99973849536,3.388131789017E-21,
    -2.286790097828E-02));
#2159 = ADVANCED_FACE('',(#2160),#2165,.T.);
#2160 = FACE_BOUND('',#2161,.T.);
#2161 = EDGE_LOOP('',(#2162,#2163,#2164));
#2162 = ORIENTED_EDGE('',*,*,#1782,.F.);
#2163 = ORIENTED_EDGE('',*,*,#1754,.F.);
#2164 = ORIENTED_EDGE('',*,*,#1363,.F.);
#2165 = PLANE('',#2166);
#2166 = AXIS2_PLACEMENT_3D('',#2167,#2168,#2169);
#2167 = CARTESIAN_POINT('',(0.117431986746,1.283781419688,0.491936638374
    ));
#2168 = DIRECTION('',(8.406334888082E-02,0.220344944016,0.971792909535)
  );
#2169 = DIRECTION('',(0.,0.97524487425,-0.221127644696));
#2170 = ADVANCED_FACE('',(#2171),#2176,.T.);
#2171 = FACE_BOUND('',#2172,.T.);
#2172 = EDGE_LOOP('',(#2173,#2174,#2175));
#2173 = ORIENTED_EDGE('',*,*,#799,.F.);
#2174 = ORIENTED_EDGE('',*,*,#1316,.F.);
#2175 = ORIENTED_EDGE('',*,*,#1920,.F.);
#2176 = PLANE('',#2177);
#2177 = AXIS2_PLACEMENT_3D('',#2178,#2179,#2180);
#2178 = CARTESIAN_POINT('',(0.46138116464,-6.137351750533E-02,
    0.339531771865));
#2179 = DIRECTION('',(0.973348508134,-0.149332702407,0.174047193903));
#2180 = DIRECTION('',(-0.176020915303,0.,0.984386426855));
#2181 = ADVANCED_FACE('',(#2182),#2197,.T.);
#2182 = FACE_BOUND('',#2183,.T.);
#2183 = EDGE_LOOP('',(#2184,#2190,#2191));
#2184 = ORIENTED_EDGE('',*,*,#2185,.T.);
#2185 = EDGE_CURVE('',#1526,#457,#2186,.T.);
#2186 = LINE('',#2187,#2188);
#2187 = CARTESIAN_POINT('',(-8.023011588421E-09,0.626421928406,
    -3.463411331177E-02));
#2188 = VECTOR('',#2189,1.);
#2189 = DIRECTION('',(0.949338018471,-0.313353249066,2.381318930688E-02)
  );
#2190 = ORIENTED_EDGE('',*,*,#769,.F.);
#2191 = ORIENTED_EDGE('',*,*,#2192,.T.);
#2192 = EDGE_CURVE('',#119,#1526,#2193,.T.);
#2193 = LINE('',#2194,#2195);
#2194 = CARTESIAN_POINT('',(-8.023011588421E-09,0.203265964985,
    -3.454473614693E-02));
#2195 = VECTOR('',#2196,1.);
#2196 = DIRECTION('',(0.,0.999999977694,-2.1121565232E-04));
#2197 = PLANE('',#2198);
#2198 = AXIS2_PLACEMENT_3D('',#2199,#2200,#2201);
#2199 = CARTESIAN_POINT('',(0.140443195513,0.435757194455,
    -3.108075673368E-02));
#2200 = DIRECTION('',(2.500645425648E-02,-2.111496030161E-04,
    -0.99968726743));
#2201 = DIRECTION('',(-0.999687289715,0.,-2.500645481393E-02));
#2202 = ADVANCED_FACE('',(#2203),#2213,.T.);
#2203 = FACE_BOUND('',#2204,.T.);
#2204 = EDGE_LOOP('',(#2205,#2206,#2212));
#2205 = ORIENTED_EDGE('',*,*,#1642,.F.);
#2206 = ORIENTED_EDGE('',*,*,#2207,.T.);
#2207 = EDGE_CURVE('',#1095,#366,#2208,.T.);
#2208 = LINE('',#2209,#2210);
#2209 = CARTESIAN_POINT('',(0.290918529034,1.49059009552,
    -1.128309965134E-02));
#2210 = VECTOR('',#2211,1.);
#2211 = DIRECTION('',(9.664496560043E-02,-0.99487780099,
    -2.962957511167E-02));
#2212 = ORIENTED_EDGE('',*,*,#1592,.F.);
#2213 = PLANE('',#2214);
#2214 = AXIS2_PLACEMENT_3D('',#2215,#2216,#2217);
#2215 = CARTESIAN_POINT('',(0.286247414599,1.309892881349,
    -1.891154821032E-02));
#2216 = DIRECTION('',(0.100509444407,3.937184530184E-02,-0.994156783099)
  );
#2217 = DIRECTION('',(-0.994928222288,8.673617379884E-19,-0.100587437059
    ));
#2218 = ADVANCED_FACE('',(#2219),#2224,.T.);
#2219 = FACE_BOUND('',#2220,.T.);
#2220 = EDGE_LOOP('',(#2221,#2222,#2223));
#2221 = ORIENTED_EDGE('',*,*,#1957,.F.);
#2222 = ORIENTED_EDGE('',*,*,#1331,.F.);
#2223 = ORIENTED_EDGE('',*,*,#559,.F.);
#2224 = PLANE('',#2225);
#2225 = AXIS2_PLACEMENT_3D('',#2226,#2227,#2228);
#2226 = CARTESIAN_POINT('',(0.414393383331,0.993589341905,
    4.533167497986E-02));
#2227 = DIRECTION('',(0.925392120569,-0.319056701025,-0.204578211742));
#2228 = DIRECTION('',(0.325950481655,0.945386843313,0.));
#2229 = ADVANCED_FACE('',(#2230),#2245,.T.);
#2230 = FACE_BOUND('',#2231,.T.);
#2231 = EDGE_LOOP('',(#2232,#2238,#2244));
#2232 = ORIENTED_EDGE('',*,*,#2233,.T.);
#2233 = EDGE_CURVE('',#389,#1865,#2234,.T.);
#2234 = LINE('',#2235,#2236);
#2235 = CARTESIAN_POINT('',(0.186195775867,0.302933037281,0.825612545013
    ));
#2236 = VECTOR('',#2237,1.);
#2237 = DIRECTION('',(-0.863725073188,0.488106557228,0.12542323045));
#2238 = ORIENTED_EDGE('',*,*,#2239,.T.);
#2239 = EDGE_CURVE('',#1865,#655,#2240,.T.);
#2240 = LINE('',#2241,#2242);
#2241 = CARTESIAN_POINT('',(-8.023011588421E-09,0.408155620098,
    0.852650403976));
#2242 = VECTOR('',#2243,1.);
#2243 = DIRECTION('',(0.,-0.998078002775,6.197015715096E-02));
#2244 = ORIENTED_EDGE('',*,*,#684,.F.);
#2245 = PLANE('',#2246);
#2246 = AXIS2_PLACEMENT_3D('',#2247,#2248,#2249);
#2247 = CARTESIAN_POINT('',(6.161984605223E-02,0.297406308094,
    0.848416720878));
#2248 = DIRECTION('',(0.177108512151,6.099049141431E-02,0.982299717439)
  );
#2249 = DIRECTION('',(0.98413182931,0.,-0.177438841684));
#2250 = ADVANCED_FACE('',(#2251),#2256,.T.);
#2251 = FACE_BOUND('',#2252,.T.);
#2252 = EDGE_LOOP('',(#2253,#2254,#2255));
#2253 = ORIENTED_EDGE('',*,*,#2185,.F.);
#2254 = ORIENTED_EDGE('',*,*,#1525,.F.);
#2255 = ORIENTED_EDGE('',*,*,#464,.F.);
#2256 = PLANE('',#2257);
#2257 = AXIS2_PLACEMENT_3D('',#2258,#2259,#2260);
#2258 = CARTESIAN_POINT('',(0.235881698405,0.631778477364,
    -2.799109410222E-02));
#2259 = DIRECTION('',(2.795234884482E-02,8.722581540002E-03,
    -0.999571199448));
#2260 = DIRECTION('',(-0.99960922702,0.,-2.795341226077E-02));
#2261 = ADVANCED_FACE('',(#2262),#2267,.T.);
#2262 = FACE_BOUND('',#2263,.T.);
#2263 = EDGE_LOOP('',(#2264,#2265,#2266));
#2264 = ORIENTED_EDGE('',*,*,#1570,.F.);
#2265 = ORIENTED_EDGE('',*,*,#71,.F.);
#2266 = ORIENTED_EDGE('',*,*,#1688,.F.);
#2267 = PLANE('',#2268);
#2268 = AXIS2_PLACEMENT_3D('',#2269,#2270,#2271);
#2269 = CARTESIAN_POINT('',(0.462552735793,0.360107681637,0.304017094484
    ));
#2270 = DIRECTION('',(0.978498214529,0.185252830994,9.067873384489E-02)
  );
#2271 = DIRECTION('',(-0.186019193383,0.982546110721,0.));
#2272 = ADVANCED_FACE('',(#2273),#2288,.T.);
#2273 = FACE_BOUND('',#2274,.T.);
#2274 = EDGE_LOOP('',(#2275,#2281,#2287));
#2275 = ORIENTED_EDGE('',*,*,#2276,.T.);
#2276 = EDGE_CURVE('',#1170,#304,#2277,.T.);
#2277 = LINE('',#2278,#2279);
#2278 = CARTESIAN_POINT('',(0.389510512352,6.687235832214E-02,
    -1.954865455627E-02));
#2279 = VECTOR('',#2280,1.);
#2280 = DIRECTION('',(0.158152386161,-0.979262697328,0.126619083767));
#2281 = ORIENTED_EDGE('',*,*,#2282,.T.);
#2282 = EDGE_CURVE('',#304,#1247,#2283,.T.);
#2283 = LINE('',#2284,#2285);
#2284 = CARTESIAN_POINT('',(0.431475639343,-0.192971229553,
    1.404923200607E-02));
#2285 = VECTOR('',#2286,1.);
#2286 = DIRECTION('',(-0.857579257693,0.496009606191,-0.136133343974));
#2287 = ORIENTED_EDGE('',*,*,#1284,.F.);
#2288 = PLANE('',#2289);
#2289 = AXIS2_PLACEMENT_3D('',#2290,#2291,#2292);
#2290 = CARTESIAN_POINT('',(0.343949664512,-6.589818759182E-02,
    -8.586328520189E-03));
#2291 = DIRECTION('',(9.162004849971E-02,-0.113126261569,-0.98934736855)
  );
#2292 = DIRECTION('',(0.,-0.99352610128,0.113604075962));
#2293 = ADVANCED_FACE('',(#2294),#2299,.T.);
#2294 = FACE_BOUND('',#2295,.T.);
#2295 = EDGE_LOOP('',(#2296,#2297,#2298));
#2296 = ORIENTED_EDGE('',*,*,#1788,.F.);
#2297 = ORIENTED_EDGE('',*,*,#1230,.F.);
#2298 = ORIENTED_EDGE('',*,*,#2084,.F.);
#2299 = PLANE('',#2300);
#2300 = AXIS2_PLACEMENT_3D('',#2301,#2302,#2303);
#2301 = CARTESIAN_POINT('',(0.299510293136,1.458948260808,0.40575289792)
  );
#2302 = DIRECTION('',(0.470574845237,0.213418398608,0.85616114264));
#2303 = DIRECTION('',(0.876351498271,0.,-0.481672141065));
#2304 = ADVANCED_FACE('',(#2305),#2310,.T.);
#2305 = FACE_BOUND('',#2306,.T.);
#2306 = EDGE_LOOP('',(#2307,#2308,#2309));
#2307 = ORIENTED_EDGE('',*,*,#456,.F.);
#2308 = ORIENTED_EDGE('',*,*,#1987,.F.);
#2309 = ORIENTED_EDGE('',*,*,#775,.F.);
#2310 = PLANE('',#2311);
#2311 = AXIS2_PLACEMENT_3D('',#2312,#2313,#2314);
#2312 = CARTESIAN_POINT('',(0.441736510825,0.366810163776,
    3.350093027966E-02));
#2313 = DIRECTION('',(0.942009004933,0.101764058875,-0.319786039323));
#2314 = DIRECTION('',(0.321454852049,6.938893903907E-18,0.946924906259)
  );
#2315 = ADVANCED_FACE('',(#2316),#2333,.T.);
#2316 = FACE_BOUND('',#2317,.T.);
#2317 = EDGE_LOOP('',(#2318,#2319,#2327));
#2318 = ORIENTED_EDGE('',*,*,#829,.F.);
#2319 = ORIENTED_EDGE('',*,*,#2320,.T.);
#2320 = EDGE_CURVE('',#822,#2321,#2323,.T.);
#2321 = VERTEX_POINT('',#2322);
#2322 = CARTESIAN_POINT('',(0.310818374157,1.732772350311,0.10814166069)
  );
#2323 = LINE('',#2324,#2325);
#2324 = CARTESIAN_POINT('',(0.370488137007,1.629693865776,
    1.405638456345E-02));
#2325 = VECTOR('',#2326,1.);
#2326 = DIRECTION('',(-0.393128755336,0.679123133592,0.619872205497));
#2327 = ORIENTED_EDGE('',*,*,#2328,.T.);
#2328 = EDGE_CURVE('',#2321,#814,#2329,.T.);
#2329 = LINE('',#2330,#2331);
#2330 = CARTESIAN_POINT('',(0.310818374157,1.732772350311,0.10814166069)
  );
#2331 = VECTOR('',#2332,1.);
#2332 = DIRECTION('',(-7.523135357593E-02,9.490505988094E-03,
    0.997120942381));
#2333 = PLANE('',#2334);
#2334 = AXIS2_PLACEMENT_3D('',#2335,#2336,#2337);
#2335 = CARTESIAN_POINT('',(0.328403367835,1.695444882784,0.131093070603
    ));
#2336 = DIRECTION('',(0.887472581995,0.456587401812,6.261278394668E-02)
  );
#2337 = DIRECTION('',(-0.457485035618,0.889217319998,0.));
#2338 = ADVANCED_FACE('',(#2339),#2363,.T.);
#2339 = FACE_BOUND('',#2340,.T.);
#2340 = EDGE_LOOP('',(#2341,#2349,#2357));
#2341 = ORIENTED_EDGE('',*,*,#2342,.T.);
#2342 = EDGE_CURVE('',#892,#2343,#2345,.T.);
#2343 = VERTEX_POINT('',#2344);
#2344 = CARTESIAN_POINT('',(0.199552565813,1.789692759514,
    8.328428864479E-02));
#2345 = LINE('',#2346,#2347);
#2346 = CARTESIAN_POINT('',(-8.023011588421E-09,1.864684700966,
    0.294166833162));
#2347 = VECTOR('',#2348,1.);
#2348 = DIRECTION('',(0.66548414464,-0.250089222368,-0.70326825187));
#2349 = ORIENTED_EDGE('',*,*,#2350,.T.);
#2350 = EDGE_CURVE('',#2343,#2351,#2353,.T.);
#2351 = VERTEX_POINT('',#2352);
#2352 = CARTESIAN_POINT('',(-8.023011588421E-09,1.867884635925,
    0.110519975424));
#2353 = LINE('',#2354,#2355);
#2354 = CARTESIAN_POINT('',(0.199552565813,1.789692759514,
    8.328428864479E-02));
#2355 = VECTOR('',#2356,1.);
#2356 = DIRECTION('',(-0.923646842998,0.361918057017,0.126062799526));
#2357 = ORIENTED_EDGE('',*,*,#2358,.T.);
#2358 = EDGE_CURVE('',#2351,#892,#2359,.T.);
#2359 = LINE('',#2360,#2361);
#2360 = CARTESIAN_POINT('',(-8.023011588421E-09,1.867884635925,
    0.110519975424));
#2361 = VECTOR('',#2362,1.);
#2362 = DIRECTION('',(0.,-1.742174815368E-02,0.999848229829));
#2363 = PLANE('',#2364);
#2364 = AXIS2_PLACEMENT_3D('',#2365,#2366,#2367);
#2365 = CARTESIAN_POINT('',(7.358016556242E-02,1.837947418588,
    0.163943597609));
#2366 = DIRECTION('',(0.366697578041,0.930199001314,1.620815264781E-02)
  );
#2367 = DIRECTION('',(0.930321208991,-0.366745754033,0.));
#2368 = ADVANCED_FACE('',(#2369),#2379,.T.);
#2369 = FACE_BOUND('',#2370,.T.);
#2370 = EDGE_LOOP('',(#2371,#2377,#2378));
#2371 = ORIENTED_EDGE('',*,*,#2372,.T.);
#2372 = EDGE_CURVE('',#2321,#892,#2373,.T.);
#2373 = LINE('',#2374,#2375);
#2374 = CARTESIAN_POINT('',(0.310818374157,1.732772350311,0.10814166069)
  );
#2375 = VECTOR('',#2376,1.);
#2376 = DIRECTION('',(-0.806262379353,0.342180423689,0.482548995734));
#2377 = ORIENTED_EDGE('',*,*,#921,.F.);
#2378 = ORIENTED_EDGE('',*,*,#2328,.F.);
#2379 = PLANE('',#2380);
#2380 = AXIS2_PLACEMENT_3D('',#2381,#2382,#2383);
#2381 = CARTESIAN_POINT('',(0.179986161921,1.787326707319,0.227658076531
    ));
#2382 = DIRECTION('',(0.401500124574,0.915604740697,2.157796977658E-02)
  );
#2383 = DIRECTION('',(0.915817971965,-0.401593628219,0.));
#2384 = ADVANCED_FACE('',(#2385),#2395,.T.);
#2385 = FACE_BOUND('',#2386,.T.);
#2386 = EDGE_LOOP('',(#2387,#2388,#2389));
#2387 = ORIENTED_EDGE('',*,*,#2342,.F.);
#2388 = ORIENTED_EDGE('',*,*,#2372,.F.);
#2389 = ORIENTED_EDGE('',*,*,#2390,.T.);
#2390 = EDGE_CURVE('',#2321,#2343,#2391,.T.);
#2391 = LINE('',#2392,#2393);
#2392 = CARTESIAN_POINT('',(0.310818374157,1.732772350311,0.10814166069)
  );
#2393 = VECTOR('',#2394,1.);
#2394 = DIRECTION('',(-0.873165904439,0.446686734426,-0.195069896738));
#2395 = PLANE('',#2396);
#2396 = AXIS2_PLACEMENT_3D('',#2397,#2398,#2399);
#2397 = CARTESIAN_POINT('',(0.150527467913,1.803349697256,0.180038136598
    ));
#2398 = DIRECTION('',(0.436498303311,0.894687482593,9.488698381441E-02)
  );
#2399 = DIRECTION('',(0.898742562922,-0.438476687627,0.));
#2400 = ADVANCED_FACE('',(#2401),#2418,.T.);
#2401 = FACE_BOUND('',#2402,.T.);
#2402 = EDGE_LOOP('',(#2403,#2411,#2412));
#2403 = ORIENTED_EDGE('',*,*,#2404,.T.);
#2404 = EDGE_CURVE('',#2405,#2351,#2407,.T.);
#2405 = VERTEX_POINT('',#2406);
#2406 = CARTESIAN_POINT('',(-8.023011588421E-09,1.710116624832,
    -1.778370141983E-02));
#2407 = LINE('',#2408,#2409);
#2408 = CARTESIAN_POINT('',(-8.023011588421E-09,1.710116624832,
    -1.778370141983E-02));
#2409 = VECTOR('',#2410,1.);
#2410 = DIRECTION('',(0.,0.775831933954,0.630939624891));
#2411 = ORIENTED_EDGE('',*,*,#2350,.F.);
#2412 = ORIENTED_EDGE('',*,*,#2413,.T.);
#2413 = EDGE_CURVE('',#2343,#2405,#2414,.T.);
#2414 = LINE('',#2415,#2416);
#2415 = CARTESIAN_POINT('',(0.199552565813,1.789692759514,
    8.328428864479E-02));
#2416 = VECTOR('',#2417,1.);
#2417 = DIRECTION('',(-0.840503935443,-0.335170091177,-0.425692546899));
#2418 = PLANE('',#2419);
#2419 = AXIS2_PLACEMENT_3D('',#2420,#2421,#2422);
#2420 = CARTESIAN_POINT('',(6.888535401585E-02,1.787956193966,
    5.806787597991E-02));
#2421 = DIRECTION('',(0.139945513926,0.624730677986,-0.768197131676));
#2422 = DIRECTION('',(-1.387778780781E-17,-0.775831933954,
    -0.630939624891));
#2423 = ADVANCED_FACE('',(#2424),#2434,.T.);
#2424 = FACE_BOUND('',#2425,.T.);
#2425 = EDGE_LOOP('',(#2426,#2432,#2433));
#2426 = ORIENTED_EDGE('',*,*,#2427,.T.);
#2427 = EDGE_CURVE('',#22,#1095,#2428,.T.);
#2428 = LINE('',#2429,#2430);
#2429 = CARTESIAN_POINT('',(0.486131280661,1.183676242828,
    3.056925535202E-02));
#2430 = VECTOR('',#2431,1.);
#2431 = DIRECTION('',(-0.533169697074,0.8382503935,-0.114308144591));
#2432 = ORIENTED_EDGE('',*,*,#2036,.F.);
#2433 = ORIENTED_EDGE('',*,*,#21,.F.);
#2434 = PLANE('',#2435);
#2435 = AXIS2_PLACEMENT_3D('',#2436,#2437,#2438);
#2436 = CARTESIAN_POINT('',(0.416967181426,1.378357304559,
    1.263130345047E-02));
#2437 = DIRECTION('',(0.155489038842,-3.571963378618E-02,-0.9871916058)
  );
#2438 = DIRECTION('',(-0.987821984139,8.673617379884E-19,-0.155588327492
    ));
#2439 = ADVANCED_FACE('',(#2440),#2450,.T.);
#2440 = FACE_BOUND('',#2441,.T.);
#2441 = EDGE_LOOP('',(#2442,#2448,#2449));
#2442 = ORIENTED_EDGE('',*,*,#2443,.T.);
#2443 = EDGE_CURVE('',#366,#22,#2444,.T.);
#2444 = LINE('',#2445,#2446);
#2445 = CARTESIAN_POINT('',(0.32560813427,1.133490085602,
    -2.191829681396E-02));
#2446 = VECTOR('',#2447,1.);
#2447 = DIRECTION('',(0.911103877177,0.284848655523,0.297911007585));
#2448 = ORIENTED_EDGE('',*,*,#1339,.F.);
#2449 = ORIENTED_EDGE('',*,*,#1951,.F.);
#2450 = PLANE('',#2451);
#2451 = AXIS2_PLACEMENT_3D('',#2452,#2453,#2454);
#2452 = CARTESIAN_POINT('',(0.413531871102,1.127886205754,
    7.1657586828E-03));
#2453 = DIRECTION('',(0.31348478702,-9.610079947466E-03,-0.949544593303)
  );
#2454 = DIRECTION('',(-0.949588443288,4.336808689942E-19,-0.313499263753
    ));
#2455 = ADVANCED_FACE('',(#2456),#2461,.T.);
#2456 = FACE_BOUND('',#2457,.T.);
#2457 = EDGE_LOOP('',(#2458,#2459,#2460));
#2458 = ORIENTED_EDGE('',*,*,#2427,.F.);
#2459 = ORIENTED_EDGE('',*,*,#2443,.F.);
#2460 = ORIENTED_EDGE('',*,*,#2207,.F.);
#2461 = PLANE('',#2462);
#2462 = AXIS2_PLACEMENT_3D('',#2463,#2464,#2465);
#2463 = CARTESIAN_POINT('',(0.359950387377,1.292235181727,
    -1.848372447912E-03));
#2464 = DIRECTION('',(0.29414061297,5.698755367664E-02,-0.954061695347)
  );
#2465 = DIRECTION('',(-0.955614675392,-3.469446951954E-18,-0.29461940224
    ));
#2466 = ADVANCED_FACE('',(#2467),#2477,.T.);
#2467 = FACE_BOUND('',#2468,.T.);
#2468 = EDGE_LOOP('',(#2469,#2475,#2476));
#2469 = ORIENTED_EDGE('',*,*,#2470,.T.);
#2470 = EDGE_CURVE('',#204,#1170,#2471,.T.);
#2471 = LINE('',#2472,#2473);
#2472 = CARTESIAN_POINT('',(0.509242594242,8.366203308105E-02,
    1.349985599518E-02));
#2473 = VECTOR('',#2474,1.);
#2474 = DIRECTION('',(-0.955265860063,-0.133954098564,-0.263672971833));
#2475 = ORIENTED_EDGE('',*,*,#1169,.F.);
#2476 = ORIENTED_EDGE('',*,*,#1994,.F.);
#2477 = PLANE('',#2478);
#2478 = AXIS2_PLACEMENT_3D('',#2479,#2480,#2481);
#2479 = CARTESIAN_POINT('',(0.446333765117,0.13694827873,
    -2.874962885517E-03));
#2480 = DIRECTION('',(0.264037333122,1.536167351184E-02,-0.964390121115)
  );
#2481 = DIRECTION('',(-0.964503930137,-8.673617379884E-19,
    -0.264068492535));
#2482 = ADVANCED_FACE('',(#2483),#2493,.T.);
#2483 = FACE_BOUND('',#2484,.T.);
#2484 = EDGE_LOOP('',(#2485,#2491,#2492));
#2485 = ORIENTED_EDGE('',*,*,#2486,.T.);
#2486 = EDGE_CURVE('',#304,#204,#2487,.T.);
#2487 = LINE('',#2488,#2489);
#2488 = CARTESIAN_POINT('',(0.431475639343,-0.192971229553,
    1.404923200607E-02));
#2489 = VECTOR('',#2490,1.);
#2490 = DIRECTION('',(0.270628499337,0.962681962162,-1.911824959503E-03)
  );
#2491 = ORIENTED_EDGE('',*,*,#1192,.F.);
#2492 = ORIENTED_EDGE('',*,*,#303,.F.);
#2493 = PLANE('',#2494);
#2494 = AXIS2_PLACEMENT_3D('',#2495,#2496,#2497);
#2495 = CARTESIAN_POINT('',(0.475287855206,-5.596057687035E-02,
    1.765758803043E-02));
#2496 = DIRECTION('',(0.582902374751,-0.165444972531,-0.795520447615));
#2497 = DIRECTION('',(-0.806636689386,0.,-0.591047588047));
#2498 = ADVANCED_FACE('',(#2499),#2504,.T.);
#2499 = FACE_BOUND('',#2500,.T.);
#2500 = EDGE_LOOP('',(#2501,#2502,#2503));
#2501 = ORIENTED_EDGE('',*,*,#2470,.F.);
#2502 = ORIENTED_EDGE('',*,*,#2486,.F.);
#2503 = ORIENTED_EDGE('',*,*,#2276,.F.);
#2504 = PLANE('',#2505);
#2505 = AXIS2_PLACEMENT_3D('',#2506,#2507,#2508);
#2506 = CARTESIAN_POINT('',(0.443052317549,-3.392324029066E-02,
    4.202555356787E-03));
#2507 = DIRECTION('',(0.275557757878,-7.936714156687E-02,-0.95800249421)
  );
#2508 = DIRECTION('',(-0.961034121673,-3.469446951954E-18,-0.27642976862
    ));
#2509 = ADVANCED_FACE('',(#2510),#2515,.T.);
#2510 = FACE_BOUND('',#2511,.T.);
#2511 = EDGE_LOOP('',(#2512,#2513,#2514));
#2512 = ORIENTED_EDGE('',*,*,#2069,.F.);
#2513 = ORIENTED_EDGE('',*,*,#158,.F.);
#2514 = ORIENTED_EDGE('',*,*,#1739,.F.);
#2515 = PLANE('',#2516);
#2516 = AXIS2_PLACEMENT_3D('',#2517,#2518,#2519);
#2517 = CARTESIAN_POINT('',(0.179462680476,-0.282769921357,
    0.571666924265));
#2518 = DIRECTION('',(0.144912487734,-0.916973383838,-0.371699050618));
#2519 = DIRECTION('',(-6.938893903907E-18,0.375664385087,-0.92675577677)
  );
#2520 = ADVANCED_FACE('',(#2521),#2531,.T.);
#2521 = FACE_BOUND('',#2522,.T.);
#2522 = EDGE_LOOP('',(#2523,#2529,#2530));
#2523 = ORIENTED_EDGE('',*,*,#2524,.T.);
#2524 = EDGE_CURVE('',#1865,#399,#2525,.T.);
#2525 = LINE('',#2526,#2527);
#2526 = CARTESIAN_POINT('',(-8.023011588421E-09,0.408155620098,
    0.852650403976));
#2527 = VECTOR('',#2528,1.);
#2528 = DIRECTION('',(0.945996453319,-8.930428905236E-02,-0.311633525579
    ));
#2529 = ORIENTED_EDGE('',*,*,#2132,.F.);
#2530 = ORIENTED_EDGE('',*,*,#1872,.F.);
#2531 = PLANE('',#2532);
#2532 = AXIS2_PLACEMENT_3D('',#2533,#2534,#2535);
#2533 = CARTESIAN_POINT('',(0.170096651629,0.427167431362,0.789563909093
    ));
#2534 = DIRECTION('',(0.323233963912,0.186574772394,0.927744393074));
#2535 = DIRECTION('',(0.944326037042,6.938893903907E-18,-0.329011148391)
  );
#2536 = ADVANCED_FACE('',(#2537),#2542,.T.);
#2537 = FACE_BOUND('',#2538,.T.);
#2538 = EDGE_LOOP('',(#2539,#2540,#2541));
#2539 = ORIENTED_EDGE('',*,*,#406,.F.);
#2540 = ORIENTED_EDGE('',*,*,#2524,.F.);
#2541 = ORIENTED_EDGE('',*,*,#2233,.F.);
#2542 = PLANE('',#2543);
#2543 = AXIS2_PLACEMENT_3D('',#2544,#2545,#2546);
#2544 = CARTESIAN_POINT('',(0.163250368712,0.369357592756,0.808024162261
    ));
#2545 = DIRECTION('',(0.322897156915,0.344910020067,0.881348117439));
#2546 = DIRECTION('',(1.387778780781E-17,0.931230348308,-0.364431116112)
  );
#2547 = ADVANCED_FACE('',(#2548),#2563,.T.);
#2548 = FACE_BOUND('',#2549,.T.);
#2549 = EDGE_LOOP('',(#2550,#2556,#2557));
#2550 = ORIENTED_EDGE('',*,*,#2551,.T.);
#2551 = EDGE_CURVE('',#143,#663,#2552,.T.);
#2552 = LINE('',#2553,#2554);
#2553 = CARTESIAN_POINT('',(-8.023011588421E-09,-1.81725025177E-02,
    0.766034960747));
#2554 = VECTOR('',#2555,1.);
#2555 = DIRECTION('',(0.830927475342,0.548894816754,9.096159004373E-02)
  );
#2556 = ORIENTED_EDGE('',*,*,#662,.F.);
#2557 = ORIENTED_EDGE('',*,*,#2558,.T.);
#2558 = EDGE_CURVE('',#655,#143,#2559,.T.);
#2559 = LINE('',#2560,#2561);
#2560 = CARTESIAN_POINT('',(-8.023011588421E-09,0.183553040028,
    0.866595864296));
#2561 = VECTOR('',#2562,1.);
#2562 = DIRECTION('',(0.,-0.894962247888,-0.446141877496));
#2563 = PLANE('',#2564);
#2564 = AXIS2_PLACEMENT_3D('',#2565,#2566,#2567);
#2565 = CARTESIAN_POINT('',(6.457610886571E-02,9.083375400196E-02,
    0.806179073006));
#2566 = DIRECTION('',(0.193040768579,-0.437750277426,0.878128667269));
#2567 = DIRECTION('',(0.,0.894962247888,0.446141877496));
#2568 = ADVANCED_FACE('',(#2569),#2579,.T.);
#2569 = FACE_BOUND('',#2570,.T.);
#2570 = EDGE_LOOP('',(#2571,#2577,#2578));
#2571 = ORIENTED_EDGE('',*,*,#2572,.T.);
#2572 = EDGE_CURVE('',#143,#1004,#2573,.T.);
#2573 = LINE('',#2574,#2575);
#2574 = CARTESIAN_POINT('',(-8.023011588421E-09,-1.81725025177E-02,
    0.766034960747));
#2575 = VECTOR('',#2576,1.);
#2576 = DIRECTION('',(0.952373077447,0.139184139188,-0.271317704457));
#2577 = ORIENTED_EDGE('',*,*,#1003,.F.);
#2578 = ORIENTED_EDGE('',*,*,#2551,.F.);
#2579 = PLANE('',#2580);
#2580 = AXIS2_PLACEMENT_3D('',#2581,#2582,#2583);
#2581 = CARTESIAN_POINT('',(0.192900107473,3.689986239291E-02,
    0.731686877266));
#2582 = DIRECTION('',(0.300454760741,-0.580277631628,0.75697080986));
#2583 = DIRECTION('',(2.775557561563E-17,0.793640104349,0.608387528446)
  );
#2584 = ADVANCED_FACE('',(#2585),#2590,.T.);
#2585 = FACE_BOUND('',#2586,.T.);
#2586 = EDGE_LOOP('',(#2587,#2588,#2589));
#2587 = ORIENTED_EDGE('',*,*,#2117,.F.);
#2588 = ORIENTED_EDGE('',*,*,#2572,.F.);
#2589 = ORIENTED_EDGE('',*,*,#172,.F.);
#2590 = PLANE('',#2591);
#2591 = AXIS2_PLACEMENT_3D('',#2592,#2593,#2594);
#2592 = CARTESIAN_POINT('',(0.194958903054,-1.750776551342E-02,
    0.706593847727));
#2593 = DIRECTION('',(0.289465913442,-0.132852979926,0.947923821137));
#2594 = DIRECTION('',(0.9564015988,6.938893903907E-18,-0.292054758242));
#2595 = ADVANCED_FACE('',(#2596),#2606,.T.);
#2596 = FACE_BOUND('',#2597,.T.);
#2597 = EDGE_LOOP('',(#2598,#2599,#2600));
#2598 = ORIENTED_EDGE('',*,*,#1886,.F.);
#2599 = ORIENTED_EDGE('',*,*,#730,.F.);
#2600 = ORIENTED_EDGE('',*,*,#2601,.T.);
#2601 = EDGE_CURVE('',#251,#1857,#2602,.T.);
#2602 = LINE('',#2603,#2604);
#2603 = CARTESIAN_POINT('',(-8.023011588421E-09,0.839945852757,
    0.631744682789));
#2604 = VECTOR('',#2605,1.);
#2605 = DIRECTION('',(0.,-0.882668855757,0.469995416017));
#2606 = PLANE('',#2607);
#2607 = AXIS2_PLACEMENT_3D('',#2608,#2609,#2610);
#2608 = CARTESIAN_POINT('',(3.060874607626E-02,0.674610866456,
    0.714530785328));
#2609 = DIRECTION('',(0.149687950036,0.464700113692,0.872724081224));
#2610 = DIRECTION('',(0.,0.882668855757,-0.469995416017));
#2611 = ADVANCED_FACE('',(#2612),#2622,.T.);
#2612 = FACE_BOUND('',#2613,.T.);
#2613 = EDGE_LOOP('',(#2614,#2620,#2621));
#2614 = ORIENTED_EDGE('',*,*,#2615,.T.);
#2615 = EDGE_CURVE('',#304,#1249,#2616,.T.);
#2616 = LINE('',#2617,#2618);
#2617 = CARTESIAN_POINT('',(0.431475639343,-0.192971229553,
    1.404923200607E-02));
#2618 = VECTOR('',#2619,1.);
#2619 = DIRECTION('',(-0.991266748902,-0.131765532636,
    -5.298766918024E-03));
#2620 = ORIENTED_EDGE('',*,*,#1246,.F.);
#2621 = ORIENTED_EDGE('',*,*,#2282,.F.);
#2622 = PLANE('',#2623);
#2623 = AXIS2_PLACEMENT_3D('',#2624,#2625,#2626);
#2624 = CARTESIAN_POINT('',(0.210819023232,-0.177265257064,
    3.157353225312E-03));
#2625 = DIRECTION('',(3.322873365291E-02,-0.210690206328,-0.976987967284
    ));
#2626 = DIRECTION('',(0.,-0.97752778437,0.210806619403));
#2627 = ADVANCED_FACE('',(#2628),#2633,.T.);
#2628 = FACE_BOUND('',#2629,.T.);
#2629 = EDGE_LOOP('',(#2630,#2631,#2632));
#2630 = ORIENTED_EDGE('',*,*,#1478,.F.);
#2631 = ORIENTED_EDGE('',*,*,#2615,.F.);
#2632 = ORIENTED_EDGE('',*,*,#430,.F.);
#2633 = PLANE('',#2634);
#2634 = AXIS2_PLACEMENT_3D('',#2635,#2636,#2637);
#2635 = CARTESIAN_POINT('',(0.215795647862,-0.222046095269,
    1.495210584556E-02));
#2636 = DIRECTION('',(0.130328841515,-0.972746515572,-0.191777500017));
#2637 = DIRECTION('',(0.,0.193427275465,-0.981114615683));
#2638 = ADVANCED_FACE('',(#2639),#2654,.T.);
#2639 = FACE_BOUND('',#2640,.T.);
#2640 = EDGE_LOOP('',(#2641,#2647,#2648));
#2641 = ORIENTED_EDGE('',*,*,#2642,.T.);
#2642 = EDGE_CURVE('',#2405,#1093,#2643,.T.);
#2643 = LINE('',#2644,#2645);
#2644 = CARTESIAN_POINT('',(-8.023011588421E-09,1.710116624832,
    -1.778370141983E-02));
#2645 = VECTOR('',#2646,1.);
#2646 = DIRECTION('',(0.911320381536,-0.411470215382,-1.369029038287E-02
    ));
#2647 = ORIENTED_EDGE('',*,*,#1110,.F.);
#2648 = ORIENTED_EDGE('',*,*,#2649,.T.);
#2649 = EDGE_CURVE('',#1103,#2405,#2650,.T.);
#2650 = LINE('',#2651,#2652);
#2651 = CARTESIAN_POINT('',(-8.023011588421E-09,1.48507976532,
    -3.398224711418E-02));
#2652 = VECTOR('',#2653,1.);
#2653 = DIRECTION('',(0.,0.997419338445,7.179598384567E-02));
#2654 = PLANE('',#2655);
#2655 = AXIS2_PLACEMENT_3D('',#2656,#2657,#2658);
#2656 = CARTESIAN_POINT('',(7.562012031286E-02,1.601152900324,
    -2.430541212414E-02));
#2657 = DIRECTION('',(1.743024227782E-02,7.178507672814E-02,
    -0.997267812282));
#2658 = DIRECTION('',(-2.168404344971E-19,-0.997419338445,
    -7.179598384567E-02));
#2659 = ADVANCED_FACE('',(#2660),#2670,.T.);
#2660 = FACE_BOUND('',#2661,.T.);
#2661 = EDGE_LOOP('',(#2662,#2668,#2669));
#2662 = ORIENTED_EDGE('',*,*,#2663,.T.);
#2663 = EDGE_CURVE('',#2321,#2405,#2664,.T.);
#2664 = LINE('',#2665,#2666);
#2665 = CARTESIAN_POINT('',(0.310818374157,1.732772350311,0.10814166069)
  );
#2666 = VECTOR('',#2667,1.);
#2667 = DIRECTION('',(-0.924716711144,-6.740311755923E-02,
    -0.374640926587));
#2668 = ORIENTED_EDGE('',*,*,#2413,.F.);
#2669 = ORIENTED_EDGE('',*,*,#2390,.F.);
#2670 = PLANE('',#2671);
#2671 = AXIS2_PLACEMENT_3D('',#2672,#2673,#2674);
#2672 = CARTESIAN_POINT('',(0.15470433606,1.738316998956,
    5.015582854541E-02));
#2673 = DIRECTION('',(0.343062499576,0.278903137516,-0.89695103616));
#2674 = DIRECTION('',(-0.934013399062,0.,-0.357237974428));
#2675 = ADVANCED_FACE('',(#2676),#2686,.T.);
#2676 = FACE_BOUND('',#2677,.T.);
#2677 = EDGE_LOOP('',(#2678,#2684,#2685));
#2678 = ORIENTED_EDGE('',*,*,#2679,.T.);
#2679 = EDGE_CURVE('',#1093,#2321,#2680,.T.);
#2680 = LINE('',#2681,#2682);
#2681 = CARTESIAN_POINT('',(0.22012783587,1.610726714134,
    -2.109056711197E-02));
#2682 = VECTOR('',#2683,1.);
#2683 = DIRECTION('',(0.454471396047,0.611599089634,0.647612772985));
#2684 = ORIENTED_EDGE('',*,*,#2320,.F.);
#2685 = ORIENTED_EDGE('',*,*,#1131,.F.);
#2686 = PLANE('',#2687);
#2687 = AXIS2_PLACEMENT_3D('',#2688,#2689,#2690);
#2688 = CARTESIAN_POINT('',(0.297140632976,1.658771355888,
    3.434974865863E-02));
#2689 = DIRECTION('',(7.883204322585E-02,0.69656461728,-0.713150224647)
  );
#2690 = DIRECTION('',(0.,-0.715376539438,-0.698739155066));
#2691 = ADVANCED_FACE('',(#2692),#2697,.T.);
#2692 = FACE_BOUND('',#2693,.T.);
#2693 = EDGE_LOOP('',(#2694,#2695,#2696));
#2694 = ORIENTED_EDGE('',*,*,#2642,.F.);
#2695 = ORIENTED_EDGE('',*,*,#2663,.F.);
#2696 = ORIENTED_EDGE('',*,*,#2679,.F.);
#2697 = PLANE('',#2698);
#2698 = AXIS2_PLACEMENT_3D('',#2699,#2700,#2701);
#2699 = CARTESIAN_POINT('',(0.16957548457,1.689720419677,
    2.467281922311E-02));
#2700 = DIRECTION('',(0.261202012578,0.603571609342,-0.753309246606));
#2701 = DIRECTION('',(-1.387778780781E-17,-0.780401542048,
    -0.625278684404));
#2702 = ADVANCED_FACE('',(#2703),#2729,.T.);
#2703 = FACE_BOUND('',#2704,.T.);
#2704 = EDGE_LOOP('',(#2705,#2715,#2723));
#2705 = ORIENTED_EDGE('',*,*,#2706,.T.);
#2706 = EDGE_CURVE('',#2707,#2709,#2711,.T.);
#2707 = VERTEX_POINT('',#2708);
#2708 = CARTESIAN_POINT('',(0.530221283436,1.382316350937,
    2.237120270729E-02));
#2709 = VERTEX_POINT('',#2710);
#2710 = CARTESIAN_POINT('',(0.448486357927,1.531192779541,
    1.411989331245E-02));
#2711 = LINE('',#2712,#2713);
#2712 = CARTESIAN_POINT('',(0.530221283436,1.382316350937,
    2.237120270729E-02));
#2713 = VECTOR('',#2714,1.);
#2714 = DIRECTION('',(-0.480686633415,0.875548718193,-4.852630756797E-02
    ));
#2715 = ORIENTED_EDGE('',*,*,#2716,.T.);
#2716 = EDGE_CURVE('',#2709,#2717,#2719,.T.);
#2717 = VERTEX_POINT('',#2718);
#2718 = CARTESIAN_POINT('',(0.483515739441,1.184094905853,
    3.210172057152E-02));
#2719 = LINE('',#2720,#2721);
#2720 = CARTESIAN_POINT('',(0.448486357927,1.531192779541,
    1.411989331245E-02));
#2721 = VECTOR('',#2722,1.);
#2722 = DIRECTION('',(0.100277593127,-0.993627002508,5.147605466207E-02)
  );
#2723 = ORIENTED_EDGE('',*,*,#2724,.T.);
#2724 = EDGE_CURVE('',#2717,#2707,#2725,.T.);
#2725 = LINE('',#2726,#2727);
#2726 = CARTESIAN_POINT('',(0.483515739441,1.184094905853,
    3.210172057152E-02));
#2727 = VECTOR('',#2728,1.);
#2728 = DIRECTION('',(0.229081357057,0.972236564517,-4.772624503518E-02)
  );
#2729 = PLANE('',#2730);
#2730 = AXIS2_PLACEMENT_3D('',#2731,#2732,#2733);
#2731 = CARTESIAN_POINT('',(0.483011896489,1.359961138293,
    2.312998185853E-02));
#2732 = DIRECTION('',(-8.062765585051E-03,5.092361306107E-02,
    0.998670004278));
#2733 = DIRECTION('',(0.,0.998702466725,-5.092526836771E-02));
#2734 = ADVANCED_FACE('',(#2735),#2761,.T.);
#2735 = FACE_BOUND('',#2736,.T.);
#2736 = EDGE_LOOP('',(#2737,#2747,#2755));
#2737 = ORIENTED_EDGE('',*,*,#2738,.T.);
#2738 = EDGE_CURVE('',#2739,#2741,#2743,.T.);
#2739 = VERTEX_POINT('',#2740);
#2740 = CARTESIAN_POINT('',(0.46662029624,0.318226158619,0.323566734791)
  );
#2741 = VERTEX_POINT('',#2742);
#2742 = CARTESIAN_POINT('',(0.491133838892,0.19859328866,0.18944093585)
  );
#2743 = LINE('',#2744,#2745);
#2744 = CARTESIAN_POINT('',(0.46662029624,0.318226158619,0.323566734791)
  );
#2745 = VECTOR('',#2746,1.);
#2746 = DIRECTION('',(0.135142057381,-0.659530627869,-0.739429493075));
#2747 = ORIENTED_EDGE('',*,*,#2748,.T.);
#2748 = EDGE_CURVE('',#2741,#2749,#2751,.T.);
#2749 = VERTEX_POINT('',#2750);
#2750 = CARTESIAN_POINT('',(0.458255857229,0.209845513105,0.432638734579
    ));
#2751 = LINE('',#2752,#2753);
#2752 = CARTESIAN_POINT('',(0.491133838892,0.19859328866,0.18944093585)
  );
#2753 = VECTOR('',#2754,1.);
#2754 = DIRECTION('',(-0.133830974492,4.580257322881E-02,0.989945147244)
  );
#2755 = ORIENTED_EDGE('',*,*,#2756,.T.);
#2756 = EDGE_CURVE('',#2749,#2739,#2757,.T.);
#2757 = LINE('',#2758,#2759);
#2758 = CARTESIAN_POINT('',(0.458255857229,0.209845513105,0.432638734579
    ));
#2759 = VECTOR('',#2760,1.);
#2760 = DIRECTION('',(5.431794110828E-02,0.703814507202,-0.70830410187)
  );
#2761 = PLANE('',#2762);
#2762 = AXIS2_PLACEMENT_3D('',#2763,#2764,#2765);
#2763 = CARTESIAN_POINT('',(0.472752141936,0.236989062531,0.311787971921
    ));
#2764 = DIRECTION('',(-0.989786511934,-5.568211029349E-02,
    -0.131233240406));
#2765 = DIRECTION('',(0.131437158876,0.,-0.991324504522));
#2766 = ADVANCED_FACE('',(#2767),#2784,.T.);
#2767 = FACE_BOUND('',#2768,.T.);
#2768 = EDGE_LOOP('',(#2769,#2777,#2778));
#2769 = ORIENTED_EDGE('',*,*,#2770,.T.);
#2770 = EDGE_CURVE('',#2771,#2741,#2773,.T.);
#2771 = VERTEX_POINT('',#2772);
#2772 = CARTESIAN_POINT('',(0.476975560188,0.353700637817,0.1393956393)
  );
#2773 = LINE('',#2774,#2775);
#2774 = CARTESIAN_POINT('',(0.476975560188,0.353700637817,0.1393956393)
  );
#2775 = VECTOR('',#2776,1.);
#2776 = DIRECTION('',(8.654476476485E-02,-0.94811871747,0.305909956156)
  );
#2777 = ORIENTED_EDGE('',*,*,#2738,.F.);
#2778 = ORIENTED_EDGE('',*,*,#2779,.T.);
#2779 = EDGE_CURVE('',#2739,#2771,#2780,.T.);
#2780 = LINE('',#2781,#2782);
#2781 = CARTESIAN_POINT('',(0.46662029624,0.318226158619,0.323566734791)
  );
#2782 = VECTOR('',#2783,1.);
#2783 = DIRECTION('',(5.51274861575E-02,0.188852632892,-0.98045685439));
#2784 = PLANE('',#2785);
#2785 = AXIS2_PLACEMENT_3D('',#2786,#2787,#2788);
#2786 = CARTESIAN_POINT('',(0.477971096672,0.291196234641,0.219409251036
    ));
#2787 = DIRECTION('',(-0.990241635875,-0.115534326623,
    -7.793152090712E-02));
#2788 = DIRECTION('',(0.115886771401,-0.993262430687,0.));
#2789 = ADVANCED_FACE('',(#2790),#2816,.T.);
#2790 = FACE_BOUND('',#2791,.T.);
#2791 = EDGE_LOOP('',(#2792,#2802,#2810));
#2792 = ORIENTED_EDGE('',*,*,#2793,.T.);
#2793 = EDGE_CURVE('',#2794,#2796,#2798,.T.);
#2794 = VERTEX_POINT('',#2795);
#2795 = CARTESIAN_POINT('',(-8.023011588421E-09,0.203261703253,
    -3.25383245945E-02));
#2796 = VERTEX_POINT('',#2797);
#2797 = CARTESIAN_POINT('',(0.193059518933,0.149258345366,
    -2.808576822281E-02));
#2798 = LINE('',#2799,#2800);
#2799 = CARTESIAN_POINT('',(-8.023011588421E-09,0.203261703253,
    -3.25383245945E-02));
#2800 = VECTOR('',#2801,1.);
#2801 = DIRECTION('',(0.962795585001,-0.269316906391,2.220507676682E-02)
  );
#2802 = ORIENTED_EDGE('',*,*,#2803,.T.);
#2803 = EDGE_CURVE('',#2796,#2804,#2806,.T.);
#2804 = VERTEX_POINT('',#2805);
#2805 = CARTESIAN_POINT('',(0.441614419222,0.242042869329,
    -2.331137657166E-04));
#2806 = LINE('',#2807,#2808);
#2807 = CARTESIAN_POINT('',(0.193059518933,0.149258345366,
    -2.808576822281E-02));
#2808 = VECTOR('',#2809,1.);
#2809 = DIRECTION('',(0.931732640321,0.347811969885,0.104408431486));
#2810 = ORIENTED_EDGE('',*,*,#2811,.T.);
#2811 = EDGE_CURVE('',#2804,#2794,#2812,.T.);
#2812 = LINE('',#2813,#2814);
#2813 = CARTESIAN_POINT('',(0.441614419222,0.242042869329,
    -2.331137657166E-04));
#2814 = VECTOR('',#2815,1.);
#2815 = DIRECTION('',(-0.993531761558,-8.724878054328E-02,
    -7.267935792423E-02));
#2816 = PLANE('',#2817);
#2817 = AXIS2_PLACEMENT_3D('',#2818,#2819,#2820);
#2818 = CARTESIAN_POINT('',(0.221718403777,0.204549472362,
    -1.879706645629E-02));
#2819 = DIRECTION('',(-6.051312867493E-02,-0.134786914546,0.98902510025)
  );
#2820 = DIRECTION('',(-1.734723475977E-18,0.990840913902,0.135034378356)
  );
#2821 = ADVANCED_FACE('',(#2822),#2848,.T.);
#2822 = FACE_BOUND('',#2823,.T.);
#2823 = EDGE_LOOP('',(#2824,#2834,#2842));
#2824 = ORIENTED_EDGE('',*,*,#2825,.T.);
#2825 = EDGE_CURVE('',#2826,#2828,#2830,.T.);
#2826 = VERTEX_POINT('',#2827);
#2827 = CARTESIAN_POINT('',(0.255293518305,-0.276035308838,
    0.589520931244));
#2828 = VERTEX_POINT('',#2829);
#2829 = CARTESIAN_POINT('',(-8.023011588421E-09,-1.729279756546E-02,
    0.76427513361));
#2830 = LINE('',#2831,#2832);
#2831 = CARTESIAN_POINT('',(0.255293518305,-0.276035308838,
    0.589520931244));
#2832 = VECTOR('',#2833,1.);
#2833 = DIRECTION('',(-0.632990820197,0.641542450316,0.433296556632));
#2834 = ORIENTED_EDGE('',*,*,#2835,.T.);
#2835 = EDGE_CURVE('',#2828,#2836,#2838,.T.);
#2836 = VERTEX_POINT('',#2837);
#2837 = CARTESIAN_POINT('',(0.214443236589,-9.07695889473E-02,
    0.688275933266));
#2838 = LINE('',#2839,#2840);
#2839 = CARTESIAN_POINT('',(-8.023011588421E-09,-1.729279756546E-02,
    0.76427513361));
#2840 = VECTOR('',#2841,1.);
#2841 = DIRECTION('',(0.896941037912,-0.307327701759,-0.317878055615));
#2842 = ORIENTED_EDGE('',*,*,#2843,.T.);
#2843 = EDGE_CURVE('',#2836,#2826,#2844,.T.);
#2844 = LINE('',#2845,#2846);
#2845 = CARTESIAN_POINT('',(0.214443236589,-9.07695889473E-02,
    0.688275933266));
#2846 = VECTOR('',#2847,1.);
#2847 = DIRECTION('',(0.190996208093,-0.866213120272,-0.46173074271));
#2848 = PLANE('',#2849);
#2849 = AXIS2_PLACEMENT_3D('',#2850,#2851,#2852);
#2850 = CARTESIAN_POINT('',(0.148725547631,-0.129976304719,
    0.681193326921));
#2851 = DIRECTION('',(-0.164437480023,0.435507810059,-0.885038565567));
#2852 = DIRECTION('',(0.,-0.897252407134,-0.441517970067));
#2853 = ADVANCED_FACE('',(#2854),#2871,.T.);
#2854 = FACE_BOUND('',#2855,.T.);
#2855 = EDGE_LOOP('',(#2856,#2864,#2865));
#2856 = ORIENTED_EDGE('',*,*,#2857,.T.);
#2857 = EDGE_CURVE('',#2858,#2828,#2860,.T.);
#2858 = VERTEX_POINT('',#2859);
#2859 = CARTESIAN_POINT('',(-5.425186827779E-04,-0.317221820354,
    0.590848684311));
#2860 = LINE('',#2861,#2862);
#2861 = CARTESIAN_POINT('',(-5.425186827779E-04,-0.317221820354,
    0.590848684311));
#2862 = VECTOR('',#2863,1.);
#2863 = DIRECTION('',(1.565868649846E-03,0.865696268838,0.500567196464)
  );
#2864 = ORIENTED_EDGE('',*,*,#2825,.F.);
#2865 = ORIENTED_EDGE('',*,*,#2866,.T.);
#2866 = EDGE_CURVE('',#2826,#2858,#2867,.T.);
#2867 = LINE('',#2868,#2869);
#2868 = CARTESIAN_POINT('',(0.255293518305,-0.276035308838,
    0.589520931244));
#2869 = VECTOR('',#2870,1.);
#2870 = DIRECTION('',(-0.987275051444,-0.158939357235,5.123818727723E-03
    ));
#2871 = PLANE('',#2872);
#2872 = AXIS2_PLACEMENT_3D('',#2873,#2874,#2875);
#2873 = CARTESIAN_POINT('',(8.364986257349E-02,-0.192253573867,
    0.654854073059));
#2874 = DIRECTION('',(-8.4789996293E-02,0.49888012177,-0.862513350987));
#2875 = DIRECTION('',(6.938893903907E-18,-0.865630621806,-0.500683159884
    ));
#2876 = ADVANCED_FACE('',(#2877),#2901,.T.);
#2877 = FACE_BOUND('',#2878,.T.);
#2878 = EDGE_LOOP('',(#2879,#2887,#2895));
#2879 = ORIENTED_EDGE('',*,*,#2880,.T.);
#2880 = EDGE_CURVE('',#2741,#2881,#2883,.T.);
#2881 = VERTEX_POINT('',#2882);
#2882 = CARTESIAN_POINT('',(0.48414799571,-4.977506399155E-02,
    0.210618555546));
#2883 = LINE('',#2884,#2885);
#2884 = CARTESIAN_POINT('',(0.491133838892,0.19859328866,0.18944093585)
  );
#2885 = VECTOR('',#2886,1.);
#2886 = DIRECTION('',(-2.801425280256E-02,-0.995993416751,
    8.492535209958E-02));
#2887 = ORIENTED_EDGE('',*,*,#2888,.T.);
#2888 = EDGE_CURVE('',#2881,#2889,#2891,.T.);
#2889 = VERTEX_POINT('',#2890);
#2890 = CARTESIAN_POINT('',(0.470210552216,7.695215940475E-02,
    0.421785205603));
#2891 = LINE('',#2892,#2893);
#2892 = CARTESIAN_POINT('',(0.48414799571,-4.977506399155E-02,
    0.210618555546));
#2893 = VECTOR('',#2894,1.);
#2894 = DIRECTION('',(-5.650270767407E-02,0.513754998223,0.856074322606)
  );
#2895 = ORIENTED_EDGE('',*,*,#2896,.T.);
#2896 = EDGE_CURVE('',#2889,#2741,#2897,.T.);
#2897 = LINE('',#2898,#2899);
#2898 = CARTESIAN_POINT('',(0.470210552216,7.695215940475E-02,
    0.421785205603));
#2899 = VECTOR('',#2900,1.);
#2900 = DIRECTION('',(7.952793940633E-02,0.462349367303,-0.883124209502)
  );
#2901 = PLANE('',#2902);
#2902 = AXIS2_PLACEMENT_3D('',#2903,#2904,#2905);
#2903 = CARTESIAN_POINT('',(0.481826383743,7.660640957934E-02,
    0.274370553793));
#2904 = DIRECTION('',(-0.996679112736,2.133280349342E-02,
    -7.858535315929E-02));
#2905 = DIRECTION('',(7.860324091034E-02,0.,-0.996905978776));
#2906 = ADVANCED_FACE('',(#2907),#2924,.T.);
#2907 = FACE_BOUND('',#2908,.T.);
#2908 = EDGE_LOOP('',(#2909,#2917,#2918));
#2909 = ORIENTED_EDGE('',*,*,#2910,.T.);
#2910 = EDGE_CURVE('',#2911,#2881,#2913,.T.);
#2911 = VERTEX_POINT('',#2912);
#2912 = CARTESIAN_POINT('',(0.507223665714,8.369165658951E-02,
    1.484176516533E-02));
#2913 = LINE('',#2914,#2915);
#2914 = CARTESIAN_POINT('',(0.507223665714,8.369165658951E-02,
    1.484176516533E-02));
#2915 = VECTOR('',#2916,1.);
#2916 = DIRECTION('',(-9.693058637004E-02,-0.560634100099,0.8223708818)
  );
#2917 = ORIENTED_EDGE('',*,*,#2880,.F.);
#2918 = ORIENTED_EDGE('',*,*,#2919,.T.);
#2919 = EDGE_CURVE('',#2741,#2911,#2920,.T.);
#2920 = LINE('',#2921,#2922);
#2921 = CARTESIAN_POINT('',(0.491133838892,0.19859328866,0.18944093585)
  );
#2922 = VECTOR('',#2923,1.);
#2923 = DIRECTION('',(7.675223171132E-02,-0.548107620181,-0.832878821694
    ));
#2924 = PLANE('',#2925);
#2925 = AXIS2_PLACEMENT_3D('',#2926,#2927,#2928);
#2926 = CARTESIAN_POINT('',(0.493858300377,7.485752700823E-02,
    0.140776207512));
#2927 = DIRECTION('',(-0.994373901822,1.90844180092E-02,-0.104193705972)
  );
#2928 = DIRECTION('',(0.104212685613,0.,-0.994555034253));
#2929 = ADVANCED_FACE('',(#2930),#2956,.T.);
#2930 = FACE_BOUND('',#2931,.T.);
#2931 = EDGE_LOOP('',(#2932,#2942,#2950));
#2932 = ORIENTED_EDGE('',*,*,#2933,.T.);
#2933 = EDGE_CURVE('',#2934,#2936,#2938,.T.);
#2934 = VERTEX_POINT('',#2935);
#2935 = CARTESIAN_POINT('',(0.231929659843,1.04999268055,0.512676477432)
  );
#2936 = VERTEX_POINT('',#2937);
#2937 = CARTESIAN_POINT('',(-7.686939788982E-04,0.83923304081,
    0.629967749119));
#2938 = LINE('',#2939,#2940);
#2939 = CARTESIAN_POINT('',(0.231929659843,1.04999268055,0.512676477432)
  );
#2940 = VECTOR('',#2941,1.);
#2941 = DIRECTION('',(-0.694311469394,-0.628852042797,0.349966700899));
#2942 = ORIENTED_EDGE('',*,*,#2943,.T.);
#2943 = EDGE_CURVE('',#2936,#2944,#2946,.T.);
#2944 = VERTEX_POINT('',#2945);
#2945 = CARTESIAN_POINT('',(-8.023011588421E-09,1.054484367371,
    0.548297762871));
#2946 = LINE('',#2947,#2948);
#2947 = CARTESIAN_POINT('',(-7.686939788982E-04,0.83923304081,
    0.629967749119));
#2948 = VECTOR('',#2949,1.);
#2949 = DIRECTION('',(3.338841533763E-03,0.934959281896,-0.354739331529)
  );
#2950 = ORIENTED_EDGE('',*,*,#2951,.T.);
#2951 = EDGE_CURVE('',#2944,#2934,#2952,.T.);
#2952 = LINE('',#2953,#2954);
#2953 = CARTESIAN_POINT('',(-8.023011588421E-09,1.054484367371,
    0.548297762871));
#2954 = VECTOR('',#2955,1.);
#2955 = DIRECTION('',(0.988229186675,-1.913862963169E-02,-0.151778745087
    ));
#2956 = PLANE('',#2957);
#2957 = AXIS2_PLACEMENT_3D('',#2958,#2959,#2960);
#2958 = CARTESIAN_POINT('',(8.232347980363E-02,0.97683008911,
    0.564468699704));
#2959 = DIRECTION('',(-0.148810827491,-0.350326917028,-0.92473044117));
#2960 = DIRECTION('',(0.,-0.935142616158,0.354271488333));
#2961 = ADVANCED_FACE('',(#2962),#2979,.T.);
#2962 = FACE_BOUND('',#2963,.T.);
#2963 = EDGE_LOOP('',(#2964,#2972,#2973));
#2964 = ORIENTED_EDGE('',*,*,#2965,.T.);
#2965 = EDGE_CURVE('',#2966,#2936,#2968,.T.);
#2966 = VERTEX_POINT('',#2967);
#2967 = CARTESIAN_POINT('',(0.377308726311,0.80406332016,0.429677546024)
  );
#2968 = LINE('',#2969,#2970);
#2969 = CARTESIAN_POINT('',(0.377308726311,0.80406332016,0.429677546024)
  );
#2970 = VECTOR('',#2971,1.);
#2971 = DIRECTION('',(-0.880690365592,8.192405172736E-02,0.466554315919)
  );
#2972 = ORIENTED_EDGE('',*,*,#2933,.F.);
#2973 = ORIENTED_EDGE('',*,*,#2974,.T.);
#2974 = EDGE_CURVE('',#2934,#2966,#2975,.T.);
#2975 = LINE('',#2976,#2977);
#2976 = CARTESIAN_POINT('',(0.231929659843,1.04999268055,0.512676477432)
  );
#2977 = VECTOR('',#2978,1.);
#2978 = DIRECTION('',(0.488672179088,-0.826658468538,-0.278989744938));
#2979 = PLANE('',#2980);
#2980 = AXIS2_PLACEMENT_3D('',#2981,#2982,#2983);
#2981 = CARTESIAN_POINT('',(0.197923797871,0.889977441517,0.526490618766
    ));
#2982 = DIRECTION('',(-0.466352152562,2.276518430238E-02,-0.884306177851
    ));
#2983 = DIRECTION('',(-0.884535414394,0.,0.466473043898));
#2984 = ADVANCED_FACE('',(#2985),#3009,.T.);
#2985 = FACE_BOUND('',#2986,.T.);
#2986 = EDGE_LOOP('',(#2987,#2995,#3003));
#2987 = ORIENTED_EDGE('',*,*,#2988,.T.);
#2988 = EDGE_CURVE('',#2881,#2989,#2991,.T.);
#2989 = VERTEX_POINT('',#2990);
#2990 = CARTESIAN_POINT('',(0.49026286602,-5.092531442642E-02,
    3.043174743652E-02));
#2991 = LINE('',#2992,#2993);
#2992 = CARTESIAN_POINT('',(0.48414799571,-4.977506399155E-02,
    0.210618555546));
#2993 = VECTOR('',#2994,1.);
#2994 = DIRECTION('',(3.391606676082E-02,-6.379852484883E-03,
    -0.999404321532));
#2995 = ORIENTED_EDGE('',*,*,#2996,.T.);
#2996 = EDGE_CURVE('',#2989,#2997,#2999,.T.);
#2997 = VERTEX_POINT('',#2998);
#2998 = CARTESIAN_POINT('',(0.430020928383,-0.191467523575,
    1.567375659943E-02));
#2999 = LINE('',#3000,#3001);
#3000 = CARTESIAN_POINT('',(0.49026286602,-5.092531442642E-02,
    3.043174743652E-02));
#3001 = VECTOR('',#3002,1.);
#3002 = DIRECTION('',(-0.392149905414,-0.91487120411,-9.606836927627E-02
    ));
#3003 = ORIENTED_EDGE('',*,*,#3004,.T.);
#3004 = EDGE_CURVE('',#2997,#2881,#3005,.T.);
#3005 = LINE('',#3006,#3007);
#3006 = CARTESIAN_POINT('',(0.430020928383,-0.191467523575,
    1.567375659943E-02));
#3007 = VECTOR('',#3008,1.);
#3008 = DIRECTION('',(0.219136187461,0.573649135602,0.78924394237));
#3009 = PLANE('',#3010);
#3010 = AXIS2_PLACEMENT_3D('',#3011,#3012,#3013);
#3011 = CARTESIAN_POINT('',(0.467241386697,-9.896390078151E-02,
    9.161166188555E-02));
#3012 = DIRECTION('',(-0.917316610273,0.396732963385,-3.366292145459E-02
    ));
#3013 = DIRECTION('',(-0.396957941977,-0.917836800472,0.));
#3014 = ADVANCED_FACE('',(#3015),#3041,.T.);
#3015 = FACE_BOUND('',#3016,.T.);
#3016 = EDGE_LOOP('',(#3017,#3027,#3035));
#3017 = ORIENTED_EDGE('',*,*,#3018,.T.);
#3018 = EDGE_CURVE('',#3019,#3021,#3023,.T.);
#3019 = VERTEX_POINT('',#3020);
#3020 = CARTESIAN_POINT('',(-8.023011588421E-09,0.934853196144,
    -3.270748257637E-02));
#3021 = VERTEX_POINT('',#3022);
#3022 = CARTESIAN_POINT('',(0.374064177275,0.92557322979,
    -2.184852957726E-02));
#3023 = LINE('',#3024,#3025);
#3024 = CARTESIAN_POINT('',(-8.023011588421E-09,0.934853196144,
    -3.270748257637E-02));
#3025 = VECTOR('',#3026,1.);
#3026 = DIRECTION('',(0.999271705549,-2.479041878599E-02,
    2.900850952964E-02));
#3027 = ORIENTED_EDGE('',*,*,#3028,.T.);
#3028 = EDGE_CURVE('',#3021,#3029,#3031,.T.);
#3029 = VERTEX_POINT('',#3030);
#3030 = CARTESIAN_POINT('',(0.325288802385,1.133444905281,
    -1.992067694664E-02));
#3031 = LINE('',#3032,#3033);
#3032 = CARTESIAN_POINT('',(0.374064177275,0.92557322979,
    -2.184852957726E-02));
#3033 = VECTOR('',#3034,1.);
#3034 = DIRECTION('',(-0.22842818382,0.973518899808,9.02865177525E-03));
#3035 = ORIENTED_EDGE('',*,*,#3036,.T.);
#3036 = EDGE_CURVE('',#3029,#3019,#3037,.T.);
#3037 = LINE('',#3038,#3039);
#3038 = CARTESIAN_POINT('',(0.325288802385,1.133444905281,
    -1.992067694664E-02));
#3039 = VECTOR('',#3040,1.);
#3040 = DIRECTION('',(-0.853030483213,-0.52078268968,-3.353184811796E-02
    ));
#3041 = PLANE('',#3042);
#3042 = AXIS2_PLACEMENT_3D('',#3043,#3044,#3045);
#3043 = CARTESIAN_POINT('',(0.213269282342,0.992983212835,
    -2.549019925692E-02));
#3044 = DIRECTION('',(-2.941446814703E-02,-1.617088025022E-02,
    0.999436487074));
#3045 = DIRECTION('',(0.999567187714,0.,2.941831480446E-02));
#3046 = ADVANCED_FACE('',(#3047),#3064,.T.);
#3047 = FACE_BOUND('',#3048,.T.);
#3048 = EDGE_LOOP('',(#3049,#3057,#3058));
#3049 = ORIENTED_EDGE('',*,*,#3050,.T.);
#3050 = EDGE_CURVE('',#3051,#3021,#3053,.T.);
#3051 = VERTEX_POINT('',#3052);
#3052 = CARTESIAN_POINT('',(0.321965426207,0.792346417904,
    -2.203938364983E-02));
#3053 = LINE('',#3054,#3055);
#3054 = CARTESIAN_POINT('',(0.321965426207,0.792346417904,
    -2.203938364983E-02));
#3055 = VECTOR('',#3056,1.);
#3056 = DIRECTION('',(0.364196053521,0.931321348732,1.334164420522E-03)
  );
#3057 = ORIENTED_EDGE('',*,*,#3018,.F.);
#3058 = ORIENTED_EDGE('',*,*,#3059,.T.);
#3059 = EDGE_CURVE('',#3019,#3051,#3060,.T.);
#3060 = LINE('',#3061,#3062);
#3061 = CARTESIAN_POINT('',(-8.023011588421E-09,0.934853196144,
    -3.270748257637E-02));
#3062 = VECTOR('',#3063,1.);
#3063 = DIRECTION('',(0.914011851706,-0.404555490783,3.028514187358E-02)
  );
#3064 = PLANE('',#3065);
#3065 = AXIS2_PLACEMENT_3D('',#3066,#3067,#3068);
#3066 = CARTESIAN_POINT('',(0.202961341223,0.89151020547,
    -2.643923871124E-02));
#3067 = DIRECTION('',(-2.877261992843E-02,9.819732941612E-03,
    0.999537747755));
#3068 = DIRECTION('',(0.999585942531,0.,2.87740072597E-02));
#3069 = ADVANCED_FACE('',(#3070),#3096,.T.);
#3070 = FACE_BOUND('',#3071,.T.);
#3071 = EDGE_LOOP('',(#3072,#3082,#3090));
#3072 = ORIENTED_EDGE('',*,*,#3073,.T.);
#3073 = EDGE_CURVE('',#3074,#3076,#3078,.T.);
#3074 = VERTEX_POINT('',#3075);
#3075 = CARTESIAN_POINT('',(0.320783615112,0.377449423075,0.74495267868)
  );
#3076 = VERTEX_POINT('',#3077);
#3077 = CARTESIAN_POINT('',(0.349424690008,0.214888125658,0.70422565937)
  );
#3078 = LINE('',#3079,#3080);
#3079 = CARTESIAN_POINT('',(0.320783615112,0.377449423075,0.74495267868)
  );
#3080 = VECTOR('',#3081,1.);
#3081 = DIRECTION('',(0.168461824029,-0.956157294335,-0.239549248244));
#3082 = ORIENTED_EDGE('',*,*,#3083,.T.);
#3083 = EDGE_CURVE('',#3076,#3084,#3086,.T.);
#3084 = VERTEX_POINT('',#3085);
#3085 = CARTESIAN_POINT('',(0.185432747006,0.302874922752,0.823709726334
    ));
#3086 = LINE('',#3087,#3088);
#3087 = CARTESIAN_POINT('',(0.349424690008,0.214888125658,0.70422565937)
  );
#3088 = VECTOR('',#3089,1.);
#3089 = DIRECTION('',(-0.741510195384,0.397843369073,0.540262236165));
#3090 = ORIENTED_EDGE('',*,*,#3091,.T.);
#3091 = EDGE_CURVE('',#3084,#3074,#3092,.T.);
#3092 = LINE('',#3093,#3094);
#3093 = CARTESIAN_POINT('',(0.185432747006,0.302874922752,0.823709726334
    ));
#3094 = VECTOR('',#3095,1.);
#3095 = DIRECTION('',(0.780358342021,0.429955376297,-0.454069633902));
#3096 = PLANE('',#3097);
#3097 = AXIS2_PLACEMENT_3D('',#3098,#3099,#3100);
#3098 = CARTESIAN_POINT('',(0.283407557265,0.295077956467,0.758365787053
    ));
#3099 = DIRECTION('',(-0.545175276407,0.112089333489,-0.830794739579));
#3100 = DIRECTION('',(-0.836063499806,-1.387778780781E-17,0.548632686132
    ));
#3101 = ADVANCED_FACE('',(#3102),#3126,.T.);
#3102 = FACE_BOUND('',#3103,.T.);
#3103 = EDGE_LOOP('',(#3104,#3112,#3120));
#3104 = ORIENTED_EDGE('',*,*,#3105,.T.);
#3105 = EDGE_CURVE('',#2997,#3106,#3108,.T.);
#3106 = VERTEX_POINT('',#3107);
#3107 = CARTESIAN_POINT('',(0.256611734629,-0.216385602951,
    2.300003170967E-02));
#3108 = LINE('',#3109,#3110);
#3109 = CARTESIAN_POINT('',(0.430020928383,-0.191467523575,
    1.567375659943E-02));
#3110 = VECTOR('',#3111,1.);
#3111 = DIRECTION('',(-0.988968627985,-0.142110105233,4.178242276065E-02
    ));
#3112 = ORIENTED_EDGE('',*,*,#3113,.T.);
#3113 = EDGE_CURVE('',#3106,#3114,#3116,.T.);
#3114 = VERTEX_POINT('',#3115);
#3115 = CARTESIAN_POINT('',(0.237753838301,-0.307028412819,
    0.213198214769));
#3116 = LINE('',#3117,#3118);
#3117 = CARTESIAN_POINT('',(0.256611734629,-0.216385602951,
    2.300003170967E-02));
#3118 = VECTOR('',#3119,1.);
#3119 = DIRECTION('',(-8.914784606278E-02,-0.428500142342,0.899133076666
    ));
#3120 = ORIENTED_EDGE('',*,*,#3121,.T.);
#3121 = EDGE_CURVE('',#3114,#2997,#3122,.T.);
#3122 = LINE('',#3123,#3124);
#3123 = CARTESIAN_POINT('',(0.237753838301,-0.307028412819,
    0.213198214769));
#3124 = VECTOR('',#3125,1.);
#3125 = DIRECTION('',(0.643264523222,0.386629975473,-0.660854004474));
#3126 = PLANE('',#3127);
#3127 = AXIS2_PLACEMENT_3D('',#3128,#3129,#3130);
#3128 = CARTESIAN_POINT('',(0.309553090816,-0.241502982662,
    9.125023355594E-02));
#3129 = DIRECTION('',(-0.111836994784,0.901325041009,0.418456278539));
#3130 = DIRECTION('',(0.,-0.4210980094,0.907015141262));
#3131 = ADVANCED_FACE('',(#3132),#3154,.T.);
#3132 = FACE_BOUND('',#3133,.T.);
#3133 = EDGE_LOOP('',(#3134,#3140,#3148));
#3134 = ORIENTED_EDGE('',*,*,#3135,.T.);
#3135 = EDGE_CURVE('',#3051,#2771,#3136,.T.);
#3136 = LINE('',#3137,#3138);
#3137 = CARTESIAN_POINT('',(0.321965426207,0.792346417904,
    -2.203938364983E-02));
#3138 = VECTOR('',#3139,1.);
#3139 = DIRECTION('',(0.314778196103,-0.890755486994,0.327825181534));
#3140 = ORIENTED_EDGE('',*,*,#3141,.T.);
#3141 = EDGE_CURVE('',#2771,#3142,#3144,.T.);
#3142 = VERTEX_POINT('',#3143);
#3143 = CARTESIAN_POINT('',(0.421395003796,0.744021832943,0.134090453386
    ));
#3144 = LINE('',#3145,#3146);
#3145 = CARTESIAN_POINT('',(0.476975560188,0.353700637817,0.1393956393)
  );
#3146 = VECTOR('',#3147,1.);
#3147 = DIRECTION('',(-0.140962117191,0.989923556376,-1.345488939071E-02
    ));
#3148 = ORIENTED_EDGE('',*,*,#3149,.T.);
#3149 = EDGE_CURVE('',#3142,#3051,#3150,.T.);
#3150 = LINE('',#3151,#3152);
#3151 = CARTESIAN_POINT('',(0.421395003796,0.744021832943,0.134090453386
    ));
#3152 = VECTOR('',#3153,1.);
#3153 = DIRECTION('',(-0.519740698316,0.252603441978,-0.816125669009));
#3154 = PLANE('',#3155);
#3155 = AXIS2_PLACEMENT_3D('',#3156,#3157,#3158);
#3156 = CARTESIAN_POINT('',(0.412722106475,0.598818758913,
    8.675965959767E-02));
#3157 = DIRECTION('',(-0.853615396565,-0.114645809467,0.508130980279));
#3158 = DIRECTION('',(-0.51150361434,6.938893903907E-18,-0.859281125428)
  );
#3159 = ADVANCED_FACE('',(#3160),#3177,.T.);
#3160 = FACE_BOUND('',#3161,.T.);
#3161 = EDGE_LOOP('',(#3162,#3170,#3171));
#3162 = ORIENTED_EDGE('',*,*,#3163,.T.);
#3163 = EDGE_CURVE('',#3164,#2771,#3166,.T.);
#3164 = VERTEX_POINT('',#3165);
#3165 = CARTESIAN_POINT('',(0.407202810049,0.491348624229,
    -2.243223786354E-02));
#3166 = LINE('',#3167,#3168);
#3167 = CARTESIAN_POINT('',(0.407202810049,0.491348624229,
    -2.243223786354E-02));
#3168 = VECTOR('',#3169,1.);
#3169 = DIRECTION('',(0.312022408031,-0.615559170238,0.723691180561));
#3170 = ORIENTED_EDGE('',*,*,#3135,.F.);
#3171 = ORIENTED_EDGE('',*,*,#3172,.T.);
#3172 = EDGE_CURVE('',#3051,#3164,#3173,.T.);
#3173 = LINE('',#3174,#3175);
#3174 = CARTESIAN_POINT('',(0.321965426207,0.792346417904,
    -2.203938364983E-02));
#3175 = VECTOR('',#3176,1.);
#3176 = DIRECTION('',(0.272468238405,-0.962163957988,-1.255790484593E-03
    ));
#3177 = PLANE('',#3178);
#3178 = AXIS2_PLACEMENT_3D('',#3179,#3180,#3181);
#3179 = CARTESIAN_POINT('',(0.398125849799,0.561240703344,
    3.403356651093E-02));
#3180 = DIRECTION('',(-0.946407740747,-0.268241132194,0.179886306462));
#3181 = DIRECTION('',(0.272689403158,-0.96210212005,0.));
#3182 = ADVANCED_FACE('',(#3183),#3200,.T.);
#3183 = FACE_BOUND('',#3184,.T.);
#3184 = EDGE_LOOP('',(#3185,#3193,#3199));
#3185 = ORIENTED_EDGE('',*,*,#3186,.T.);
#3186 = EDGE_CURVE('',#2717,#3187,#3189,.T.);
#3187 = VERTEX_POINT('',#3188);
#3188 = CARTESIAN_POINT('',(0.356030255556,1.180164575577,0.41724717617)
  );
#3189 = LINE('',#3190,#3191);
#3190 = CARTESIAN_POINT('',(0.483515739441,1.184094905853,
    3.210172057152E-02));
#3191 = VECTOR('',#3192,1.);
#3192 = DIRECTION('',(-0.314223890414,-9.687406224274E-03,0.949299479013
    ));
#3193 = ORIENTED_EDGE('',*,*,#3194,.T.);
#3194 = EDGE_CURVE('',#3187,#2707,#3195,.T.);
#3195 = LINE('',#3196,#3197);
#3196 = CARTESIAN_POINT('',(0.356030255556,1.180164575577,0.41724717617)
  );
#3197 = VECTOR('',#3198,1.);
#3198 = DIRECTION('',(0.365497034376,0.424165786765,-0.828550121116));
#3199 = ORIENTED_EDGE('',*,*,#2724,.F.);
#3200 = PLANE('',#3201);
#3201 = AXIS2_PLACEMENT_3D('',#3202,#3203,#3204);
#3202 = CARTESIAN_POINT('',(0.446367772202,1.244589134568,0.185479662837
    ));
#3203 = DIRECTION('',(-0.929976852735,0.204115237475,-0.305745029736));
#3204 = DIRECTION('',(0.312320351406,6.938893903907E-18,-0.949976840822)
  );
#3205 = ADVANCED_FACE('',(#3206),#3223,.T.);
#3206 = FACE_BOUND('',#3207,.T.);
#3207 = EDGE_LOOP('',(#3208,#3216,#3217));
#3208 = ORIENTED_EDGE('',*,*,#3209,.T.);
#3209 = EDGE_CURVE('',#3210,#3187,#3212,.T.);
#3210 = VERTEX_POINT('',#3211);
#3211 = CARTESIAN_POINT('',(0.439511060715,1.009980678558,0.143120452762
    ));
#3212 = LINE('',#3213,#3214);
#3213 = CARTESIAN_POINT('',(0.439511060715,1.009980678558,0.143120452762
    ));
#3214 = VECTOR('',#3215,1.);
#3215 = DIRECTION('',(-0.250480794943,0.510629931404,0.822506197252));
#3216 = ORIENTED_EDGE('',*,*,#3186,.F.);
#3217 = ORIENTED_EDGE('',*,*,#3218,.T.);
#3218 = EDGE_CURVE('',#2717,#3210,#3219,.T.);
#3219 = LINE('',#3220,#3221);
#3220 = CARTESIAN_POINT('',(0.483515739441,1.184094905853,
    3.210172057152E-02));
#3221 = VECTOR('',#3222,1.);
#3222 = DIRECTION('',(-0.208421158234,-0.824664330436,0.525822558385));
#3223 = PLANE('',#3224);
#3224 = AXIS2_PLACEMENT_3D('',#3225,#3226,#3227);
#3225 = CARTESIAN_POINT('',(0.42133047295,1.132683568674,0.213688203115)
  );
#3226 = DIRECTION('',(-0.948712927501,3.979981654175E-02,-0.313623589349
    ));
#3227 = DIRECTION('',(0.313872278701,1.734723475977E-18,-0.949465214035)
  );
#3228 = ADVANCED_FACE('',(#3229),#3249,.T.);
#3229 = FACE_BOUND('',#3230,.T.);
#3230 = EDGE_LOOP('',(#3231,#3237,#3243));
#3231 = ORIENTED_EDGE('',*,*,#3232,.T.);
#3232 = EDGE_CURVE('',#3210,#3142,#3233,.T.);
#3233 = LINE('',#3234,#3235);
#3234 = CARTESIAN_POINT('',(0.439511060715,1.009980678558,0.143120452762
    ));
#3235 = VECTOR('',#3236,1.);
#3236 = DIRECTION('',(-6.791958526531E-02,-0.997116236304,
    -3.385470774674E-02));
#3237 = ORIENTED_EDGE('',*,*,#3238,.T.);
#3238 = EDGE_CURVE('',#3142,#2966,#3239,.T.);
#3239 = LINE('',#3240,#3241);
#3240 = CARTESIAN_POINT('',(0.421395003796,0.744021832943,0.134090453386
    ));
#3241 = VECTOR('',#3242,1.);
#3242 = DIRECTION('',(-0.144626576584,0.196968200643,0.969683804795));
#3243 = ORIENTED_EDGE('',*,*,#3244,.T.);
#3244 = EDGE_CURVE('',#2966,#3210,#3245,.T.);
#3245 = LINE('',#3246,#3247);
#3246 = CARTESIAN_POINT('',(0.377308726311,0.80406332016,0.429677546024)
  );
#3247 = VECTOR('',#3248,1.);
#3248 = DIRECTION('',(0.173599213765,0.574690513807,-0.79974628872));
#3249 = PLANE('',#3250);
#3250 = AXIS2_PLACEMENT_3D('',#3251,#3252,#3253);
#3251 = CARTESIAN_POINT('',(0.411763471374,0.85481743413,0.242524973305)
  );
#3252 = DIRECTION('',(-0.984200449646,7.2523949806E-02,-0.161523223166)
  );
#3253 = DIRECTION('',(0.161949689958,0.,-0.986799015972));
#3254 = ADVANCED_FACE('',(#3255),#3270,.T.);
#3255 = FACE_BOUND('',#3256,.T.);
#3256 = EDGE_LOOP('',(#3257,#3263,#3264));
#3257 = ORIENTED_EDGE('',*,*,#3258,.T.);
#3258 = EDGE_CURVE('',#3021,#3142,#3259,.T.);
#3259 = LINE('',#3260,#3261);
#3260 = CARTESIAN_POINT('',(0.374064177275,0.92557322979,
    -2.184852957726E-02));
#3261 = VECTOR('',#3262,1.);
#3262 = DIRECTION('',(0.194007991783,-0.744175086234,0.639190378646));
#3263 = ORIENTED_EDGE('',*,*,#3232,.F.);
#3264 = ORIENTED_EDGE('',*,*,#3265,.T.);
#3265 = EDGE_CURVE('',#3210,#3021,#3266,.T.);
#3266 = LINE('',#3267,#3268);
#3267 = CARTESIAN_POINT('',(0.439511060715,1.009980678558,0.143120452762
    ));
#3268 = VECTOR('',#3269,1.);
#3269 = DIRECTION('',(-0.333018057946,-0.429496458619,-0.839423471864));
#3270 = PLANE('',#3271);
#3271 = AXIS2_PLACEMENT_3D('',#3272,#3273,#3274);
#3272 = CARTESIAN_POINT('',(0.412588381342,0.887667946392,
    8.848474217434E-02));
#3273 = DIRECTION('',(-0.937114523784,5.211514542894E-02,0.345109230432)
  );
#3274 = DIRECTION('',(-0.345578843577,0.,-0.938389718013));
#3275 = ADVANCED_FACE('',(#3276),#3286,.T.);
#3276 = FACE_BOUND('',#3277,.T.);
#3277 = EDGE_LOOP('',(#3278,#3284,#3285));
#3278 = ORIENTED_EDGE('',*,*,#3279,.T.);
#3279 = EDGE_CURVE('',#2966,#3187,#3280,.T.);
#3280 = LINE('',#3281,#3282);
#3281 = CARTESIAN_POINT('',(0.377308726311,0.80406332016,0.429677546024)
  );
#3282 = VECTOR('',#3283,1.);
#3283 = DIRECTION('',(-5.645538337667E-02,0.997860269559,
    -3.297987452728E-02));
#3284 = ORIENTED_EDGE('',*,*,#3209,.F.);
#3285 = ORIENTED_EDGE('',*,*,#3244,.F.);
#3286 = PLANE('',#3287);
#3287 = AXIS2_PLACEMENT_3D('',#3288,#3289,#3290);
#3288 = CARTESIAN_POINT('',(0.390367638835,0.995693737354,0.332808761408
    ));
#3289 = DIRECTION('',(-0.964954058274,-6.301301153026E-02,
    -0.254741095623));
#3290 = DIRECTION('',(0.255248349259,-1.734723475977E-18,-0.966875524667
    ));
#3291 = ADVANCED_FACE('',(#3292),#3302,.T.);
#3292 = FACE_BOUND('',#3293,.T.);
#3293 = EDGE_LOOP('',(#3294,#3300,#3301));
#3294 = ORIENTED_EDGE('',*,*,#3295,.T.);
#3295 = EDGE_CURVE('',#2934,#3187,#3296,.T.);
#3296 = LINE('',#3297,#3298);
#3297 = CARTESIAN_POINT('',(0.231929659843,1.04999268055,0.512676477432)
  );
#3298 = VECTOR('',#3299,1.);
#3299 = DIRECTION('',(0.609535297635,0.639355228904,-0.468712718208));
#3300 = ORIENTED_EDGE('',*,*,#3279,.F.);
#3301 = ORIENTED_EDGE('',*,*,#2974,.F.);
#3302 = PLANE('',#3303);
#3303 = AXIS2_PLACEMENT_3D('',#3304,#3305,#3306);
#3304 = CARTESIAN_POINT('',(0.328788887854,0.998574621126,0.449252952428
    ));
#3305 = DIRECTION('',(-0.568683707793,-5.928936083573E-02,
    -0.820416730804));
#3306 = DIRECTION('',(-0.821862519689,0.,0.569685877243));
#3307 = ADVANCED_FACE('',(#3308),#3330,.T.);
#3308 = FACE_BOUND('',#3309,.T.);
#3309 = EDGE_LOOP('',(#3310,#3316,#3324));
#3310 = ORIENTED_EDGE('',*,*,#3311,.T.);
#3311 = EDGE_CURVE('',#2749,#2889,#3312,.T.);
#3312 = LINE('',#3313,#3314);
#3313 = CARTESIAN_POINT('',(0.458255857229,0.209845513105,0.432638734579
    ));
#3314 = VECTOR('',#3315,1.);
#3315 = DIRECTION('',(8.93003273568E-02,-0.992699521198,
    -8.107473186726E-02));
#3316 = ORIENTED_EDGE('',*,*,#3317,.T.);
#3317 = EDGE_CURVE('',#2889,#3318,#3320,.T.);
#3318 = VERTEX_POINT('',#3319);
#3319 = CARTESIAN_POINT('',(0.426195800304,7.092046737671E-02,
    0.552000939846));
#3320 = LINE('',#3321,#3322);
#3321 = CARTESIAN_POINT('',(0.470210552216,7.695215940475E-02,
    0.421785205603));
#3322 = VECTOR('',#3323,1.);
#3323 = DIRECTION('',(-0.319907961869,-4.383953605391E-02,0.946433828121
    ));
#3324 = ORIENTED_EDGE('',*,*,#3325,.T.);
#3325 = EDGE_CURVE('',#3318,#2749,#3326,.T.);
#3326 = LINE('',#3327,#3328);
#3327 = CARTESIAN_POINT('',(0.426195800304,7.092046737671E-02,
    0.552000939846));
#3328 = VECTOR('',#3329,1.);
#3329 = DIRECTION('',(0.172417358153,0.747131841407,-0.641923878792));
#3330 = PLANE('',#3331);
#3331 = AXIS2_PLACEMENT_3D('',#3332,#3333,#3334);
#3332 = CARTESIAN_POINT('',(0.450464859747,0.121278570757,0.47163190131)
  );
#3333 = DIRECTION('',(-0.944883627209,-5.869251436461E-02,
    -0.322102654117));
#3334 = DIRECTION('',(0.32265888303,3.469446951954E-18,-0.94651531694));
#3335 = ADVANCED_FACE('',(#3336),#3353,.T.);
#3336 = FACE_BOUND('',#3337,.T.);
#3337 = EDGE_LOOP('',(#3338,#3346,#3352));
#3338 = ORIENTED_EDGE('',*,*,#3339,.T.);
#3339 = EDGE_CURVE('',#3076,#3340,#3342,.T.);
#3340 = VERTEX_POINT('',#3341);
#3341 = CARTESIAN_POINT('',(-5.46709576156E-04,0.183951973915,
    0.864651679993));
#3342 = LINE('',#3343,#3344);
#3343 = CARTESIAN_POINT('',(0.349424690008,0.214888125658,0.70422565937)
  );
#3344 = VECTOR('',#3345,1.);
#3345 = DIRECTION('',(-0.906121979169,-8.009776535587E-02,0.415364065432
    ));
#3346 = ORIENTED_EDGE('',*,*,#3347,.T.);
#3347 = EDGE_CURVE('',#3340,#3084,#3348,.T.);
#3348 = LINE('',#3349,#3350);
#3349 = CARTESIAN_POINT('',(-5.46709576156E-04,0.183951973915,
    0.864651679993));
#3350 = VECTOR('',#3351,1.);
#3351 = DIRECTION('',(0.828358603992,0.52968671751,-0.182356805428));
#3352 = ORIENTED_EDGE('',*,*,#3083,.F.);
#3353 = PLANE('',#3354);
#3354 = AXIS2_PLACEMENT_3D('',#3355,#3356,#3357);
#3355 = CARTESIAN_POINT('',(0.177030841907,0.227100700038,0.795119784175
    ));
#3356 = DIRECTION('',(-0.41477454586,0.361114890957,-0.835199444226));
#3357 = DIRECTION('',(-0.895635751309,0.,0.444788265333));
#3358 = ADVANCED_FACE('',(#3359),#3376,.T.);
#3359 = FACE_BOUND('',#3360,.T.);
#3360 = EDGE_LOOP('',(#3361,#3369,#3370));
#3361 = ORIENTED_EDGE('',*,*,#3362,.T.);
#3362 = EDGE_CURVE('',#3363,#3340,#3365,.T.);
#3363 = VERTEX_POINT('',#3364);
#3364 = CARTESIAN_POINT('',(0.192421168089,0.11005628109,0.785353064537)
  );
#3365 = LINE('',#3366,#3367);
#3366 = CARTESIAN_POINT('',(0.192421168089,0.11005628109,0.785353064537)
  );
#3367 = VECTOR('',#3368,1.);
#3368 = DIRECTION('',(-0.871869506707,0.333876301232,0.35828784343));
#3369 = ORIENTED_EDGE('',*,*,#3339,.F.);
#3370 = ORIENTED_EDGE('',*,*,#3371,.T.);
#3371 = EDGE_CURVE('',#3076,#3363,#3372,.T.);
#3372 = LINE('',#3373,#3374);
#3373 = CARTESIAN_POINT('',(0.349424690008,0.214888125658,0.70422565937)
  );
#3374 = VECTOR('',#3375,1.);
#3375 = DIRECTION('',(-0.764086772927,-0.510183624144,0.39482157121));
#3376 = PLANE('',#3377);
#3377 = AXIS2_PLACEMENT_3D('',#3378,#3379,#3380);
#3378 = CARTESIAN_POINT('',(0.1774534545,0.175813406967,0.785460443891)
  );
#3379 = DIRECTION('',(-0.408265721451,-9.144674027616E-02,
    -0.908271211908));
#3380 = DIRECTION('',(-0.91209290978,-6.938893903907E-18,0.409983565437)
  );
#3381 = ADVANCED_FACE('',(#3382),#3399,.T.);
#3382 = FACE_BOUND('',#3383,.T.);
#3383 = EDGE_LOOP('',(#3384,#3392,#3398));
#3384 = ORIENTED_EDGE('',*,*,#3385,.T.);
#3385 = EDGE_CURVE('',#2966,#3386,#3388,.T.);
#3386 = VERTEX_POINT('',#3387);
#3387 = CARTESIAN_POINT('',(0.110062725842,0.584333598614,0.7466558218)
  );
#3388 = LINE('',#3389,#3390);
#3389 = CARTESIAN_POINT('',(0.377308726311,0.80406332016,0.429677546024)
  );
#3390 = VECTOR('',#3391,1.);
#3391 = DIRECTION('',(-0.569541577851,-0.468277213095,0.675528565491));
#3392 = ORIENTED_EDGE('',*,*,#3393,.T.);
#3393 = EDGE_CURVE('',#3386,#2936,#3394,.T.);
#3394 = LINE('',#3395,#3396);
#3395 = CARTESIAN_POINT('',(0.110062725842,0.584333598614,0.7466558218)
  );
#3396 = VECTOR('',#3397,1.);
#3397 = DIRECTION('',(-0.36765834103,0.845571645646,-0.387086471412));
#3398 = ORIENTED_EDGE('',*,*,#2965,.F.);
#3399 = PLANE('',#3400);
#3400 = AXIS2_PLACEMENT_3D('',#3401,#3402,#3403);
#3401 = CARTESIAN_POINT('',(0.176371277679,0.744211617512,0.59245181201)
  );
#3402 = DIRECTION('',(-0.43617563411,-0.524409320682,-0.731263072082));
#3403 = DIRECTION('',(-2.775557561563E-17,-0.812639532052,0.582766669386
    ));
#3404 = ADVANCED_FACE('',(#3405),#3422,.T.);
#3405 = FACE_BOUND('',#3406,.T.);
#3406 = EDGE_LOOP('',(#3407,#3415,#3416));
#3407 = ORIENTED_EDGE('',*,*,#3408,.T.);
#3408 = EDGE_CURVE('',#3409,#3386,#3411,.T.);
#3409 = VERTEX_POINT('',#3410);
#3410 = CARTESIAN_POINT('',(0.336351811886,0.550770401955,0.651952505112
    ));
#3411 = LINE('',#3412,#3413);
#3412 = CARTESIAN_POINT('',(0.336351811886,0.550770401955,0.651952505112
    ));
#3413 = VECTOR('',#3414,1.);
#3414 = DIRECTION('',(-0.913958422563,0.13555831088,0.382496988456));
#3415 = ORIENTED_EDGE('',*,*,#3385,.F.);
#3416 = ORIENTED_EDGE('',*,*,#3417,.T.);
#3417 = EDGE_CURVE('',#2966,#3409,#3418,.T.);
#3418 = LINE('',#3419,#3420);
#3419 = CARTESIAN_POINT('',(0.377308726311,0.80406332016,0.429677546024)
  );
#3420 = VECTOR('',#3421,1.);
#3421 = DIRECTION('',(-0.120649035941,-0.746138883295,0.654767574763));
#3422 = PLANE('',#3423);
#3423 = AXIS2_PLACEMENT_3D('',#3424,#3425,#3426);
#3424 = CARTESIAN_POINT('',(0.275248006938,0.65911961758,0.598999129438)
  );
#3425 = DIRECTION('',(-0.387434604332,-0.571884100608,-0.723078835839));
#3426 = DIRECTION('',(0.,-0.784337824594,0.620333923714));
#3427 = ADVANCED_FACE('',(#3428),#3445,.T.);
#3428 = FACE_BOUND('',#3429,.T.);
#3429 = EDGE_LOOP('',(#3430,#3438,#3439));
#3430 = ORIENTED_EDGE('',*,*,#3431,.T.);
#3431 = EDGE_CURVE('',#3432,#2997,#3434,.T.);
#3432 = VERTEX_POINT('',#3433);
#3433 = CARTESIAN_POINT('',(0.378346920013,-0.260978341103,
    0.388095706701));
#3434 = LINE('',#3435,#3436);
#3435 = CARTESIAN_POINT('',(0.378346920013,-0.260978341103,
    0.388095706701));
#3436 = VECTOR('',#3437,1.);
#3437 = DIRECTION('',(0.135144497299,0.181793609361,-0.97400567167));
#3438 = ORIENTED_EDGE('',*,*,#3121,.F.);
#3439 = ORIENTED_EDGE('',*,*,#3440,.T.);
#3440 = EDGE_CURVE('',#3114,#3432,#3441,.T.);
#3441 = LINE('',#3442,#3443);
#3442 = CARTESIAN_POINT('',(0.237753838301,-0.307028412819,
    0.213198214769));
#3443 = VECTOR('',#3444,1.);
#3444 = DIRECTION('',(0.613737897976,0.201024644118,0.763488627974));
#3445 = PLANE('',#3446);
#3446 = AXIS2_PLACEMENT_3D('',#3447,#3448,#3449);
#3447 = CARTESIAN_POINT('',(0.356911996249,-0.248322783833,0.1980249646)
  );
#3448 = DIRECTION('',(-0.428255354872,0.897176818427,0.108032900083));
#3449 = DIRECTION('',(0.902458620566,0.43077655248,0.));
#3450 = ADVANCED_FACE('',(#3451),#3466,.T.);
#3451 = FACE_BOUND('',#3452,.T.);
#3452 = EDGE_LOOP('',(#3453,#3459,#3465));
#3453 = ORIENTED_EDGE('',*,*,#3454,.T.);
#3454 = EDGE_CURVE('',#2804,#3164,#3455,.T.);
#3455 = LINE('',#3456,#3457);
#3456 = CARTESIAN_POINT('',(0.441614419222,0.242042869329,
    -2.331137657166E-04));
#3457 = VECTOR('',#3458,1.);
#3458 = DIRECTION('',(-0.136204505261,0.986776492615,-8.78662982536E-02)
  );
#3459 = ORIENTED_EDGE('',*,*,#3460,.T.);
#3460 = EDGE_CURVE('',#3164,#2794,#3461,.T.);
#3461 = LINE('',#3462,#3463);
#3462 = CARTESIAN_POINT('',(0.407202810049,0.491348624229,
    -2.243223786354E-02));
#3463 = VECTOR('',#3464,1.);
#3464 = DIRECTION('',(-0.816186306342,-0.577433626444,
    -2.025636669109E-02));
#3465 = ORIENTED_EDGE('',*,*,#2811,.F.);
#3466 = PLANE('',#3467);
#3467 = AXIS2_PLACEMENT_3D('',#3468,#3469,#3470);
#3468 = CARTESIAN_POINT('',(0.256637852936,0.305076052703,
    -1.994832572404E-02));
#3469 = DIRECTION('',(-7.950756195023E-02,7.751867660708E-02,
    0.993815577645));
#3470 = DIRECTION('',(0.996815093897,0.,7.974753023971E-02));
#3471 = ADVANCED_FACE('',(#3472),#3489,.T.);
#3472 = FACE_BOUND('',#3473,.T.);
#3473 = EDGE_LOOP('',(#3474,#3475,#3483));
#3474 = ORIENTED_EDGE('',*,*,#3004,.F.);
#3475 = ORIENTED_EDGE('',*,*,#3476,.T.);
#3476 = EDGE_CURVE('',#2997,#3477,#3479,.T.);
#3477 = VERTEX_POINT('',#3478);
#3478 = CARTESIAN_POINT('',(0.458060204983,-0.119212090969,0.2970456779)
  );
#3479 = LINE('',#3480,#3481);
#3480 = CARTESIAN_POINT('',(0.430020928383,-0.191467523575,
    1.567375659943E-02));
#3481 = VECTOR('',#3482,1.);
#3482 = DIRECTION('',(9.607383083814E-02,0.247576152137,0.964093287976)
  );
#3483 = ORIENTED_EDGE('',*,*,#3484,.T.);
#3484 = EDGE_CURVE('',#3477,#2881,#3485,.T.);
#3485 = LINE('',#3486,#3487);
#3486 = CARTESIAN_POINT('',(0.458060204983,-0.119212090969,0.2970456779)
  );
#3487 = VECTOR('',#3488,1.);
#3488 = DIRECTION('',(0.229054327922,0.609666480128,-0.758841813468));
#3489 = PLANE('',#3490);
#3490 = AXIS2_PLACEMENT_3D('',#3491,#3492,#3493);
#3491 = CARTESIAN_POINT('',(0.453698565183,-0.129840694618,
    0.157014848729));
#3492 = DIRECTION('',(-0.935185400681,0.3541513974,2.248126578838E-03));
#3493 = DIRECTION('',(-0.354152292357,-0.935187763938,0.));
#3494 = ADVANCED_FACE('',(#3495),#3519,.T.);
#3495 = FACE_BOUND('',#3496,.T.);
#3496 = EDGE_LOOP('',(#3497,#3505,#3513));
#3497 = ORIENTED_EDGE('',*,*,#3498,.T.);
#3498 = EDGE_CURVE('',#2709,#3499,#3501,.T.);
#3499 = VERTEX_POINT('',#3500);
#3500 = CARTESIAN_POINT('',(0.297684848309,1.732640028,0.262356221676));
#3501 = LINE('',#3502,#3503);
#3502 = CARTESIAN_POINT('',(0.448486357927,1.531192779541,
    1.411989331245E-02));
#3503 = VECTOR('',#3504,1.);
#3504 = DIRECTION('',(-0.426627741276,0.569907985759,0.70227747945));
#3505 = ORIENTED_EDGE('',*,*,#3506,.T.);
#3506 = EDGE_CURVE('',#3499,#3507,#3509,.T.);
#3507 = VERTEX_POINT('',#3508);
#3508 = CARTESIAN_POINT('',(0.368796795607,1.628551006317,
    1.588493585587E-02));
#3509 = LINE('',#3510,#3511);
#3510 = CARTESIAN_POINT('',(0.297684848309,1.732640028,0.262356221676));
#3511 = VECTOR('',#3512,1.);
#3512 = DIRECTION('',(0.256871640909,-0.375991922823,-0.890307269469));
#3513 = ORIENTED_EDGE('',*,*,#3514,.T.);
#3514 = EDGE_CURVE('',#3507,#2709,#3515,.T.);
#3515 = LINE('',#3516,#3517);
#3516 = CARTESIAN_POINT('',(0.368796795607,1.628551006317,
    1.588493585587E-02));
#3517 = VECTOR('',#3518,1.);
#3518 = DIRECTION('',(0.633331769143,-0.773753252109,-1.402765285789E-02
    ));
#3519 = PLANE('',#3520);
#3520 = AXIS2_PLACEMENT_3D('',#3521,#3522,#3523);
#3521 = CARTESIAN_POINT('',(0.364414293509,1.641078361115,0.11805400269)
  );
#3522 = DIRECTION('',(-0.772667163462,-0.633249577575,4.450198881064E-02
    ));
#3523 = DIRECTION('',(0.633877562771,-0.773433407227,0.));
#3524 = ADVANCED_FACE('',(#3525),#3549,.T.);
#3525 = FACE_BOUND('',#3526,.T.);
#3526 = EDGE_LOOP('',(#3527,#3535,#3543));
#3527 = ORIENTED_EDGE('',*,*,#3528,.T.);
#3528 = EDGE_CURVE('',#3499,#3529,#3531,.T.);
#3529 = VERTEX_POINT('',#3530);
#3530 = CARTESIAN_POINT('',(0.407431274652,1.497286319733,0.228669077158
    ));
#3531 = LINE('',#3532,#3533);
#3532 = CARTESIAN_POINT('',(0.297684848309,1.732640028,0.262356221676));
#3533 = VECTOR('',#3534,1.);
#3534 = DIRECTION('',(0.419104018306,-0.898778102795,-0.128645807458));
#3535 = ORIENTED_EDGE('',*,*,#3536,.T.);
#3536 = EDGE_CURVE('',#3529,#3537,#3539,.T.);
#3537 = VERTEX_POINT('',#3538);
#3538 = CARTESIAN_POINT('',(0.355415552855,1.459300279617,0.372553408146
    ));
#3539 = LINE('',#3540,#3541);
#3540 = CARTESIAN_POINT('',(0.407431274652,1.497286319733,0.228669077158
    ));
#3541 = VECTOR('',#3542,1.);
#3542 = DIRECTION('',(-0.329959236094,-0.240962623328,0.912723351665));
#3543 = ORIENTED_EDGE('',*,*,#3544,.T.);
#3544 = EDGE_CURVE('',#3537,#3499,#3545,.T.);
#3545 = LINE('',#3546,#3547);
#3546 = CARTESIAN_POINT('',(0.355415552855,1.459300279617,0.372553408146
    ));
#3547 = VECTOR('',#3548,1.);
#3548 = DIRECTION('',(-0.192231946814,0.910167862777,-0.366935062635));
#3549 = PLANE('',#3550);
#3550 = AXIS2_PLACEMENT_3D('',#3551,#3552,#3553);
#3551 = CARTESIAN_POINT('',(0.348028861992,1.577107933734,0.287594565538
    ));
#3552 = DIRECTION('',(-0.851987218158,-0.340338852415,-0.397853296622));
#3553 = DIRECTION('',(0.423111865568,1.387778780781E-17,-0.906077452106)
  );
#3554 = ADVANCED_FACE('',(#3555),#3565,.T.);
#3555 = FACE_BOUND('',#3556,.T.);
#3556 = EDGE_LOOP('',(#3557,#3558,#3564));
#3557 = ORIENTED_EDGE('',*,*,#3498,.F.);
#3558 = ORIENTED_EDGE('',*,*,#3559,.T.);
#3559 = EDGE_CURVE('',#2709,#3529,#3560,.T.);
#3560 = LINE('',#3561,#3562);
#3561 = CARTESIAN_POINT('',(0.448486357927,1.531192779541,
    1.411989331245E-02));
#3562 = VECTOR('',#3563,1.);
#3563 = DIRECTION('',(-0.185721092862,-0.153382827859,0.970557254254));
#3564 = ORIENTED_EDGE('',*,*,#3528,.F.);
#3565 = PLANE('',#3566);
#3566 = AXIS2_PLACEMENT_3D('',#3567,#3568,#3569);
#3567 = CARTESIAN_POINT('',(0.381161749494,1.595506689258,0.167372151462
    ));
#3568 = DIRECTION('',(-0.893928635384,-0.383679528905,-0.231692930276));
#3569 = DIRECTION('',(0.39441188124,-0.918933766893,0.));
#3570 = ADVANCED_FACE('',(#3571),#3595,.T.);
#3571 = FACE_BOUND('',#3572,.T.);
#3572 = EDGE_LOOP('',(#3573,#3583,#3589));
#3573 = ORIENTED_EDGE('',*,*,#3574,.T.);
#3574 = EDGE_CURVE('',#3575,#3577,#3579,.T.);
#3575 = VERTEX_POINT('',#3576);
#3576 = CARTESIAN_POINT('',(0.320522516966,1.606159329414,0.354996532202
    ));
#3577 = VERTEX_POINT('',#3578);
#3578 = CARTESIAN_POINT('',(-8.274902356789E-04,1.862856030464,
    0.293163269758));
#3579 = LINE('',#3580,#3581);
#3580 = CARTESIAN_POINT('',(0.320522516966,1.606159329414,0.354996532202
    ));
#3581 = VECTOR('',#3582,1.);
#3582 = DIRECTION('',(-0.772640350721,0.617190678959,-0.148669278077));
#3583 = ORIENTED_EDGE('',*,*,#3584,.T.);
#3584 = EDGE_CURVE('',#3577,#3499,#3585,.T.);
#3585 = LINE('',#3586,#3587);
#3586 = CARTESIAN_POINT('',(-8.274902356789E-04,1.862856030464,
    0.293163269758));
#3587 = VECTOR('',#3588,1.);
#3588 = DIRECTION('',(0.912515323764,-0.398054225254,-9.417333833561E-02
    ));
#3589 = ORIENTED_EDGE('',*,*,#3590,.T.);
#3590 = EDGE_CURVE('',#3499,#3575,#3591,.T.);
#3591 = LINE('',#3592,#3593);
#3592 = CARTESIAN_POINT('',(0.297684848309,1.732640028,0.262356221676));
#3593 = VECTOR('',#3594,1.);
#3594 = DIRECTION('',(0.144146774589,-0.798320749044,0.584727020943));
#3595 = PLANE('',#3596);
#3596 = AXIS2_PLACEMENT_3D('',#3597,#3598,#3599);
#3597 = CARTESIAN_POINT('',(0.181935404522,1.746013933573,0.304563905358
    ));
#3598 = DIRECTION('',(-0.335072738373,-0.59536893328,-0.730247966984));
#3599 = DIRECTION('',(0.,-0.775051967469,0.631897497797));
#3600 = ADVANCED_FACE('',(#3601),#3618,.T.);
#3601 = FACE_BOUND('',#3602,.T.);
#3602 = EDGE_LOOP('',(#3603,#3611,#3612));
#3603 = ORIENTED_EDGE('',*,*,#3604,.T.);
#3604 = EDGE_CURVE('',#3605,#3577,#3607,.T.);
#3605 = VERTEX_POINT('',#3606);
#3606 = CARTESIAN_POINT('',(-8.023011588421E-09,1.586990237236,
    0.441496133804));
#3607 = LINE('',#3608,#3609);
#3608 = CARTESIAN_POINT('',(-8.023011588421E-09,1.586990237236,
    0.441496133804));
#3609 = VECTOR('',#3610,1.);
#3610 = DIRECTION('',(-2.641876564727E-03,0.880748084953,-0.473577693035
    ));
#3611 = ORIENTED_EDGE('',*,*,#3574,.F.);
#3612 = ORIENTED_EDGE('',*,*,#3613,.T.);
#3613 = EDGE_CURVE('',#3575,#3605,#3614,.T.);
#3614 = LINE('',#3615,#3616);
#3615 = CARTESIAN_POINT('',(0.320522516966,1.606159329414,0.354996532202
    ));
#3616 = VECTOR('',#3617,1.);
#3617 = DIRECTION('',(-0.963855147834,-5.764408656158E-02,0.260116153437
    ));
#3618 = PLANE('',#3619);
#3619 = AXIS2_PLACEMENT_3D('',#3620,#3621,#3622);
#3620 = CARTESIAN_POINT('',(0.112696328327,1.688475957074,0.360070388576
    ));
#3621 = DIRECTION('',(-0.204829324084,-0.464014911921,-0.861820810557));
#3622 = DIRECTION('',(-1.387778780781E-17,-0.880489202057,0.474066203247
    ));
#3623 = ADVANCED_FACE('',(#3624),#3641,.T.);
#3624 = FACE_BOUND('',#3625,.T.);
#3625 = EDGE_LOOP('',(#3626,#3634,#3640));
#3626 = ORIENTED_EDGE('',*,*,#3627,.T.);
#3627 = EDGE_CURVE('',#2889,#3628,#3630,.T.);
#3628 = VERTEX_POINT('',#3629);
#3629 = CARTESIAN_POINT('',(0.440210819244,-3.077971935272E-02,
    0.472718954086));
#3630 = LINE('',#3631,#3632);
#3631 = CARTESIAN_POINT('',(0.470210552216,7.695215940475E-02,
    0.421785205603));
#3632 = VECTOR('',#3633,1.);
#3633 = DIRECTION('',(-0.244131224738,-0.876698320271,0.414487635932));
#3634 = ORIENTED_EDGE('',*,*,#3635,.T.);
#3635 = EDGE_CURVE('',#3628,#3318,#3636,.T.);
#3636 = LINE('',#3637,#3638);
#3637 = CARTESIAN_POINT('',(0.440210819244,-3.077971935272E-02,
    0.472718954086));
#3638 = VECTOR('',#3639,1.);
#3639 = DIRECTION('',(-0.108047913535,0.784051240267,0.611219519499));
#3640 = ORIENTED_EDGE('',*,*,#3317,.F.);
#3641 = PLANE('',#3642);
#3642 = AXIS2_PLACEMENT_3D('',#3643,#3644,#3645);
#3643 = CARTESIAN_POINT('',(0.445423586382,4.001442665735E-02,
    0.482874696426));
#3644 = DIRECTION('',(-0.942723647461,0.114367710251,-0.313356269077));
#3645 = DIRECTION('',(0.315425940582,6.938893903907E-18,-0.948950196801)
  );
#3646 = ADVANCED_FACE('',(#3647),#3662,.T.);
#3647 = FACE_BOUND('',#3648,.T.);
#3648 = EDGE_LOOP('',(#3649,#3655,#3656));
#3649 = ORIENTED_EDGE('',*,*,#3650,.T.);
#3650 = EDGE_CURVE('',#3537,#2709,#3651,.T.);
#3651 = LINE('',#3652,#3653);
#3652 = CARTESIAN_POINT('',(0.355415552855,1.459300279617,0.372553408146
    ));
#3653 = VECTOR('',#3654,1.);
#3654 = DIRECTION('',(0.246719199334,0.190578130332,-0.950162940194));
#3655 = ORIENTED_EDGE('',*,*,#2706,.F.);
#3656 = ORIENTED_EDGE('',*,*,#3657,.T.);
#3657 = EDGE_CURVE('',#2707,#3537,#3658,.T.);
#3658 = LINE('',#3659,#3660);
#3659 = CARTESIAN_POINT('',(0.530221283436,1.382316350937,
    2.237120270729E-02));
#3660 = VECTOR('',#3661,1.);
#3661 = DIRECTION('',(-0.438233289037,0.192996649231,0.877897418703));
#3662 = PLANE('',#3663);
#3663 = AXIS2_PLACEMENT_3D('',#3664,#3665,#3666);
#3664 = CARTESIAN_POINT('',(0.434887609872,1.456946881586,0.163609675553
    ));
#3665 = DIRECTION('',(-0.826354040852,-0.470804270978,-0.309002164388));
#3666 = DIRECTION('',(0.495030397924,-0.868875655736,0.));
#3667 = ADVANCED_FACE('',(#3668),#3673,.T.);
#3668 = FACE_BOUND('',#3669,.T.);
#3669 = EDGE_LOOP('',(#3670,#3671,#3672));
#3670 = ORIENTED_EDGE('',*,*,#3559,.F.);
#3671 = ORIENTED_EDGE('',*,*,#3650,.F.);
#3672 = ORIENTED_EDGE('',*,*,#3536,.F.);
#3673 = PLANE('',#3674);
#3674 = AXIS2_PLACEMENT_3D('',#3675,#3676,#3677);
#3675 = CARTESIAN_POINT('',(0.405275606682,1.497265220846,0.194669706983
    ));
#3676 = DIRECTION('',(-0.528351009864,0.848385534222,3.297265075993E-02)
  );
#3677 = DIRECTION('',(0.84884709116,0.52863845474,1.734723475977E-18));
#3678 = ADVANCED_FACE('',(#3679),#3694,.T.);
#3679 = FACE_BOUND('',#3680,.T.);
#3680 = EDGE_LOOP('',(#3681,#3687,#3688));
#3681 = ORIENTED_EDGE('',*,*,#3682,.T.);
#3682 = EDGE_CURVE('',#3318,#3363,#3683,.T.);
#3683 = LINE('',#3684,#3685);
#3684 = CARTESIAN_POINT('',(0.426195800304,7.092046737671E-02,
    0.552000939846));
#3685 = VECTOR('',#3686,1.);
#3686 = DIRECTION('',(-0.702830043937,0.117659582696,0.701559799261));
#3687 = ORIENTED_EDGE('',*,*,#3371,.F.);
#3688 = ORIENTED_EDGE('',*,*,#3689,.T.);
#3689 = EDGE_CURVE('',#3076,#3318,#3690,.T.);
#3690 = LINE('',#3691,#3692);
#3691 = CARTESIAN_POINT('',(0.349424690008,0.214888125658,0.70422565937)
  );
#3692 = VECTOR('',#3693,1.);
#3693 = DIRECTION('',(0.344044251958,-0.645180786215,-0.682184216904));
#3694 = PLANE('',#3695);
#3695 = AXIS2_PLACEMENT_3D('',#3696,#3697,#3698);
#3696 = CARTESIAN_POINT('',(0.321958510764,0.125283400347,0.677331233421
    ));
#3697 = DIRECTION('',(-0.615595649467,0.393612248394,-0.682723512318));
#3698 = DIRECTION('',(-0.74267477313,0.,0.669652283917));
#3699 = ADVANCED_FACE('',(#3700),#3717,.T.);
#3700 = FACE_BOUND('',#3701,.T.);
#3701 = EDGE_LOOP('',(#3702,#3710,#3711));
#3702 = ORIENTED_EDGE('',*,*,#3703,.T.);
#3703 = EDGE_CURVE('',#3704,#3363,#3706,.T.);
#3704 = VERTEX_POINT('',#3705);
#3705 = CARTESIAN_POINT('',(0.381544232368,3.830128908157E-02,
    0.655421316624));
#3706 = LINE('',#3707,#3708);
#3707 = CARTESIAN_POINT('',(0.381544232368,3.830128908157E-02,
    0.655421316624));
#3708 = VECTOR('',#3709,1.);
#3709 = DIRECTION('',(-0.786657963969,0.298465108594,0.540451502612));
#3710 = ORIENTED_EDGE('',*,*,#3682,.F.);
#3711 = ORIENTED_EDGE('',*,*,#3712,.T.);
#3712 = EDGE_CURVE('',#3318,#3704,#3713,.T.);
#3713 = LINE('',#3714,#3715);
#3714 = CARTESIAN_POINT('',(0.426195800304,7.092046737671E-02,
    0.552000939846));
#3715 = VECTOR('',#3716,1.);
#3716 = DIRECTION('',(-0.380740736424,-0.278141407788,0.881858179585));
#3717 = PLANE('',#3718);
#3718 = AXIS2_PLACEMENT_3D('',#3719,#3720,#3721);
#3719 = CARTESIAN_POINT('',(0.317598027183,7.871305606678E-02,
    0.675649126389));
#3720 = DIRECTION('',(-0.573670094192,-0.676914572815,-0.461182484641));
#3721 = DIRECTION('',(-0.762887998103,0.64653066621,2.775557561563E-17)
  );
#3722 = ADVANCED_FACE('',(#3723),#3740,.T.);
#3723 = FACE_BOUND('',#3724,.T.);
#3724 = EDGE_LOOP('',(#3725,#3733,#3734));
#3725 = ORIENTED_EDGE('',*,*,#3726,.T.);
#3726 = EDGE_CURVE('',#3727,#3386,#3729,.T.);
#3727 = VERTEX_POINT('',#3728);
#3728 = CARTESIAN_POINT('',(0.237275540829,0.509671866894,0.747447907925
    ));
#3729 = LINE('',#3730,#3731);
#3730 = CARTESIAN_POINT('',(0.237275540829,0.509671866894,0.747447907925
    ));
#3731 = VECTOR('',#3732,1.);
#3732 = DIRECTION('',(-0.862423058901,0.506159690433,-5.369846885372E-03
    ));
#3733 = ORIENTED_EDGE('',*,*,#3408,.F.);
#3734 = ORIENTED_EDGE('',*,*,#3735,.T.);
#3735 = EDGE_CURVE('',#3409,#3727,#3736,.T.);
#3736 = LINE('',#3737,#3738);
#3737 = CARTESIAN_POINT('',(0.336351811886,0.550770401955,0.651952505112
    ));
#3738 = VECTOR('',#3739,1.);
#3739 = DIRECTION('',(-0.68988580887,-0.286176455788,0.664951582352));
#3740 = PLANE('',#3741);
#3741 = AXIS2_PLACEMENT_3D('',#3742,#3743,#3744);
#3742 = CARTESIAN_POINT('',(0.226599612552,0.551973471453,0.712483698129
    ));
#3743 = DIRECTION('',(-0.374442068427,-0.645061887664,-0.666099315774));
#3744 = DIRECTION('',(-2.775557561563E-17,-0.718359766065,0.695671795101
    ));
#3745 = ADVANCED_FACE('',(#3746),#3768,.T.);
#3746 = FACE_BOUND('',#3747,.T.);
#3747 = EDGE_LOOP('',(#3748,#3756,#3762));
#3748 = ORIENTED_EDGE('',*,*,#3749,.T.);
#3749 = EDGE_CURVE('',#3409,#3750,#3752,.T.);
#3750 = VERTEX_POINT('',#3751);
#3751 = CARTESIAN_POINT('',(0.438990145922,0.395987451077,0.463000297546
    ));
#3752 = LINE('',#3753,#3754);
#3753 = CARTESIAN_POINT('',(0.336351811886,0.550770401955,0.651952505112
    ));
#3754 = VECTOR('',#3755,1.);
#3755 = DIRECTION('',(0.38739632438,-0.584210049882,-0.713177891885));
#3756 = ORIENTED_EDGE('',*,*,#3757,.T.);
#3757 = EDGE_CURVE('',#3750,#3074,#3758,.T.);
#3758 = LINE('',#3759,#3760);
#3759 = CARTESIAN_POINT('',(0.438990145922,0.395987451077,0.463000297546
    ));
#3760 = VECTOR('',#3761,1.);
#3761 = DIRECTION('',(-0.385930053159,-6.052442350856E-02,0.920540487012
    ));
#3762 = ORIENTED_EDGE('',*,*,#3763,.T.);
#3763 = EDGE_CURVE('',#3074,#3409,#3764,.T.);
#3764 = LINE('',#3765,#3766);
#3765 = CARTESIAN_POINT('',(0.320783615112,0.377449423075,0.74495267868)
  );
#3766 = VECTOR('',#3767,1.);
#3767 = DIRECTION('',(7.890188769486E-02,0.878415953349,-0.471338418782)
  );
#3768 = PLANE('',#3769);
#3769 = AXIS2_PLACEMENT_3D('',#3770,#3771,#3772);
#3770 = CARTESIAN_POINT('',(0.369395005014,0.436462251254,0.612201432689
    ));
#3771 = DIRECTION('',(-0.91165894123,-0.127700833355,-0.390602703569));
#3772 = DIRECTION('',(0.393827070987,0.,-0.919184550652));
#3773 = ADVANCED_FACE('',(#3774),#3798,.T.);
#3774 = FACE_BOUND('',#3775,.T.);
#3775 = EDGE_LOOP('',(#3776,#3786,#3792));
#3776 = ORIENTED_EDGE('',*,*,#3777,.T.);
#3777 = EDGE_CURVE('',#3778,#3780,#3782,.T.);
#3778 = VERTEX_POINT('',#3779);
#3779 = CARTESIAN_POINT('',(0.219815596938,1.610309123993,
    -1.911261677742E-02));
#3780 = VERTEX_POINT('',#3781);
#3781 = CARTESIAN_POINT('',(0.290635406971,1.490549325943,
    -9.297281503677E-03));
#3782 = LINE('',#3783,#3784);
#3783 = CARTESIAN_POINT('',(0.219815596938,1.610309123993,
    -1.911261677742E-02));
#3784 = VECTOR('',#3785,1.);
#3785 = DIRECTION('',(0.507747880509,-0.858626754319,7.037177421704E-02)
  );
#3786 = ORIENTED_EDGE('',*,*,#3787,.T.);
#3787 = EDGE_CURVE('',#3780,#3507,#3788,.T.);
#3788 = LINE('',#3789,#3790);
#3789 = CARTESIAN_POINT('',(0.290635406971,1.490549325943,
    -9.297281503677E-03));
#3790 = VECTOR('',#3791,1.);
#3791 = DIRECTION('',(0.48672654373,0.859363965891,0.156814686034));
#3792 = ORIENTED_EDGE('',*,*,#3793,.T.);
#3793 = EDGE_CURVE('',#3507,#3778,#3794,.T.);
#3794 = LINE('',#3795,#3796);
#3795 = CARTESIAN_POINT('',(0.368796795607,1.628551006317,
    1.588493585587E-02));
#3796 = VECTOR('',#3797,1.);
#3797 = DIRECTION('',(-0.966656772971,-0.118361506405,-0.227079803309));
#3798 = PLANE('',#3799);
#3799 = AXIS2_PLACEMENT_3D('',#3800,#3801,#3802);
#3800 = CARTESIAN_POINT('',(0.294824533252,1.577068433725,
    -3.74532040828E-03));
#3801 = DIRECTION('',(-0.222376792818,-5.170836599721E-02,0.973588623034
    ));
#3802 = DIRECTION('',(0.974892807701,0.,0.222674680855));
#3803 = ADVANCED_FACE('',(#3804),#3821,.T.);
#3804 = FACE_BOUND('',#3805,.T.);
#3805 = EDGE_LOOP('',(#3806,#3814,#3815));
#3806 = ORIENTED_EDGE('',*,*,#3807,.T.);
#3807 = EDGE_CURVE('',#3808,#3780,#3810,.T.);
#3808 = VERTEX_POINT('',#3809);
#3809 = CARTESIAN_POINT('',(-8.023011588421E-09,1.48478770256,
    -3.197214007378E-02));
#3810 = LINE('',#3811,#3812);
#3811 = CARTESIAN_POINT('',(-8.023011588421E-09,1.48478770256,
    -3.197214007378E-02));
#3812 = VECTOR('',#3813,1.);
#3813 = DIRECTION('',(0.996775739494,1.976031175678E-02,
    7.776667175812E-02));
#3814 = ORIENTED_EDGE('',*,*,#3777,.F.);
#3815 = ORIENTED_EDGE('',*,*,#3816,.T.);
#3816 = EDGE_CURVE('',#3778,#3808,#3817,.T.);
#3817 = LINE('',#3818,#3819);
#3818 = CARTESIAN_POINT('',(0.219815596938,1.610309123993,
    -1.911261677742E-02));
#3819 = VECTOR('',#3820,1.);
#3820 = DIRECTION('',(-0.867273566585,-0.495239684497,
    -5.073672834001E-02));
#3821 = PLANE('',#3822);
#3822 = AXIS2_PLACEMENT_3D('',#3823,#3824,#3825);
#3823 = CARTESIAN_POINT('',(0.15460157588,1.522628822166,
    -2.114173809223E-02));
#3824 = DIRECTION('',(-7.842852270972E-02,3.527628222016E-02,
    0.996295413388));
#3825 = DIRECTION('',(0.996915895572,0.,7.847736715924E-02));
#3826 = ADVANCED_FACE('',(#3827),#3844,.T.);
#3827 = FACE_BOUND('',#3828,.T.);
#3828 = EDGE_LOOP('',(#3829,#3837,#3838));
#3829 = ORIENTED_EDGE('',*,*,#3830,.T.);
#3830 = EDGE_CURVE('',#3831,#3750,#3833,.T.);
#3831 = VERTEX_POINT('',#3832);
#3832 = CARTESIAN_POINT('',(0.412658452988,0.618720173836,0.420225381851
    ));
#3833 = LINE('',#3834,#3835);
#3834 = CARTESIAN_POINT('',(0.412658452988,0.618720173836,0.420225381851
    ));
#3835 = VECTOR('',#3836,1.);
#3836 = DIRECTION('',(0.115324815376,-0.975501658578,0.187341135552));
#3837 = ORIENTED_EDGE('',*,*,#3749,.F.);
#3838 = ORIENTED_EDGE('',*,*,#3839,.T.);
#3839 = EDGE_CURVE('',#3409,#3831,#3840,.T.);
#3840 = LINE('',#3841,#3842);
#3841 = CARTESIAN_POINT('',(0.336351811886,0.550770401955,0.651952505112
    ));
#3842 = VECTOR('',#3843,1.);
#3843 = DIRECTION('',(0.301305377727,0.268307337179,-0.91500067878));
#3844 = PLANE('',#3845);
#3845 = AXIS2_PLACEMENT_3D('',#3846,#3847,#3848);
#3846 = CARTESIAN_POINT('',(0.394873845065,0.521550572056,0.514783657246
    ));
#3847 = DIRECTION('',(-0.918349622532,-0.176588931016,-0.35418966704));
#3848 = DIRECTION('',(0.359844738943,0.,-0.933012199199));
#3849 = ADVANCED_FACE('',(#3850),#3867,.T.);
#3850 = FACE_BOUND('',#3851,.T.);
#3851 = EDGE_LOOP('',(#3852,#3860,#3861));
#3852 = ORIENTED_EDGE('',*,*,#3853,.T.);
#3853 = EDGE_CURVE('',#3854,#2804,#3856,.T.);
#3854 = VERTEX_POINT('',#3855);
#3855 = CARTESIAN_POINT('',(0.389155894518,6.694036722183E-02,
    -1.756367087364E-02));
#3856 = LINE('',#3857,#3858);
#3857 = CARTESIAN_POINT('',(0.389155894518,6.694036722183E-02,
    -1.756367087364E-02));
#3858 = VECTOR('',#3859,1.);
#3859 = DIRECTION('',(0.285704135631,0.953658329008,9.438717284666E-02)
  );
#3860 = ORIENTED_EDGE('',*,*,#2803,.F.);
#3861 = ORIENTED_EDGE('',*,*,#3862,.T.);
#3862 = EDGE_CURVE('',#2796,#3854,#3863,.T.);
#3863 = LINE('',#3864,#3865);
#3864 = CARTESIAN_POINT('',(0.193059518933,0.149258345366,
    -2.808576822281E-02));
#3865 = VECTOR('',#3866,1.);
#3866 = DIRECTION('',(0.920926997124,-0.386589748001,4.941490369892E-02)
  );
#3867 = PLANE('',#3868);
#3868 = AXIS2_PLACEMENT_3D('',#3869,#3870,#3871);
#3869 = CARTESIAN_POINT('',(0.336057690805,0.156152011159,
    -1.548482360753E-02));
#3870 = DIRECTION('',(-8.404293569131E-02,-7.317910083195E-02,
    0.993771404379));
#3871 = DIRECTION('',(0.99644305232,8.673617379884E-19,
    8.426887611898E-02));
#3872 = ADVANCED_FACE('',(#3873),#3883,.T.);
#3873 = FACE_BOUND('',#3874,.T.);
#3874 = EDGE_LOOP('',(#3875,#3881,#3882));
#3875 = ORIENTED_EDGE('',*,*,#3876,.T.);
#3876 = EDGE_CURVE('',#2911,#2989,#3877,.T.);
#3877 = LINE('',#3878,#3879);
#3878 = CARTESIAN_POINT('',(0.507223665714,8.369165658951E-02,
    1.484176516533E-02));
#3879 = VECTOR('',#3880,1.);
#3880 = DIRECTION('',(-0.124187658662,-0.985670885107,0.114150478265));
#3881 = ORIENTED_EDGE('',*,*,#2988,.F.);
#3882 = ORIENTED_EDGE('',*,*,#2910,.F.);
#3883 = PLANE('',#3884);
#3884 = AXIS2_PLACEMENT_3D('',#3885,#3886,#3887);
#3885 = CARTESIAN_POINT('',(0.4936830612,-5.051385047883E-03,
    9.308987960874E-02));
#3886 = DIRECTION('',(-0.992054478425,0.121003558767,-3.443908539732E-02
    ));
#3887 = DIRECTION('',(-0.121075380834,-0.992643315676,
    -8.673617379884E-19));
#3888 = ADVANCED_FACE('',(#3889),#3906,.T.);
#3889 = FACE_BOUND('',#3890,.T.);
#3890 = EDGE_LOOP('',(#3891,#3899,#3905));
#3891 = ORIENTED_EDGE('',*,*,#3892,.T.);
#3892 = EDGE_CURVE('',#2707,#3893,#3895,.T.);
#3893 = VERTEX_POINT('',#3894);
#3894 = CARTESIAN_POINT('',(0.238827988505,1.32459461689,0.470150113106)
  );
#3895 = LINE('',#3896,#3897);
#3896 = CARTESIAN_POINT('',(0.530221283436,1.382316350937,
    2.237120270729E-02));
#3897 = VECTOR('',#3898,1.);
#3898 = DIRECTION('',(-0.542275782419,-0.107418732817,0.83330558119));
#3899 = ORIENTED_EDGE('',*,*,#3900,.T.);
#3900 = EDGE_CURVE('',#3893,#3537,#3901,.T.);
#3901 = LINE('',#3902,#3903);
#3902 = CARTESIAN_POINT('',(0.238827988505,1.32459461689,0.470150113106)
  );
#3903 = VECTOR('',#3904,1.);
#3904 = DIRECTION('',(0.573944321929,0.663137193796,-0.480454969305));
#3905 = ORIENTED_EDGE('',*,*,#3657,.F.);
#3906 = PLANE('',#3907);
#3907 = AXIS2_PLACEMENT_3D('',#3908,#3909,#3910);
#3908 = CARTESIAN_POINT('',(0.389350239758,1.383897833571,0.260392889814
    ));
#3909 = DIRECTION('',(-0.805147387732,0.349922471325,-0.478844388179));
#3910 = DIRECTION('',(0.511160647574,2.775557561563E-17,-0.859485190316)
  );
#3911 = ADVANCED_FACE('',(#3912),#3922,.T.);
#3912 = FACE_BOUND('',#3913,.T.);
#3913 = EDGE_LOOP('',(#3914,#3920,#3921));
#3914 = ORIENTED_EDGE('',*,*,#3915,.T.);
#3915 = EDGE_CURVE('',#3187,#3893,#3916,.T.);
#3916 = LINE('',#3917,#3918);
#3917 = CARTESIAN_POINT('',(0.356030255556,1.180164575577,0.41724717617)
  );
#3918 = VECTOR('',#3919,1.);
#3919 = DIRECTION('',(-0.606077964818,0.746878603123,0.273572390343));
#3920 = ORIENTED_EDGE('',*,*,#3892,.F.);
#3921 = ORIENTED_EDGE('',*,*,#3194,.F.);
#3922 = PLANE('',#3923);
#3923 = AXIS2_PLACEMENT_3D('',#3924,#3925,#3926);
#3924 = CARTESIAN_POINT('',(0.393707098234,1.308759211022,0.26744297714)
  );
#3925 = DIRECTION('',(-0.741292634381,-0.405693006369,-0.534694693069));
#3926 = DIRECTION('',(0.584999117793,0.,-0.811033927886));
#3927 = ADVANCED_FACE('',(#3928),#3954,.T.);
#3928 = FACE_BOUND('',#3929,.T.);
#3929 = EDGE_LOOP('',(#3930,#3940,#3948));
#3930 = ORIENTED_EDGE('',*,*,#3931,.T.);
#3931 = EDGE_CURVE('',#3932,#3934,#3936,.T.);
#3932 = VERTEX_POINT('',#3933);
#3933 = CARTESIAN_POINT('',(-8.023011588421E-09,4.233866930008E-02,
    -3.241869807243E-02));
#3934 = VERTEX_POINT('',#3935);
#3935 = CARTESIAN_POINT('',(-8.023011588421E-09,-0.248893916607,
    1.34764611721E-02));
#3936 = LINE('',#3937,#3938);
#3937 = CARTESIAN_POINT('',(-8.023011588421E-09,4.233866930008E-02,
    -3.241869807243E-02));
#3938 = VECTOR('',#3939,1.);
#3939 = DIRECTION('',(0.,-0.987809391258,0.15566825798));
#3940 = ORIENTED_EDGE('',*,*,#3941,.T.);
#3941 = EDGE_CURVE('',#3934,#3942,#3944,.T.);
#3942 = VERTEX_POINT('',#3943);
#3943 = CARTESIAN_POINT('',(0.203726276755,-6.101083755493E-02,
    -2.010580897331E-02));
#3944 = LINE('',#3945,#3946);
#3945 = CARTESIAN_POINT('',(-8.023011588421E-09,-0.248893916607,
    1.34764611721E-02));
#3946 = VECTOR('',#3947,1.);
#3947 = DIRECTION('',(0.729774263227,0.673021823066,-0.120296094731));
#3948 = ORIENTED_EDGE('',*,*,#3949,.T.);
#3949 = EDGE_CURVE('',#3942,#3932,#3950,.T.);
#3950 = LINE('',#3951,#3952);
#3951 = CARTESIAN_POINT('',(0.203726276755,-6.101083755493E-02,
    -2.010580897331E-02));
#3952 = VECTOR('',#3953,1.);
#3953 = DIRECTION('',(-0.890516818985,0.451755521819,-5.382140475884E-02
    ));
#3954 = PLANE('',#3955);
#3955 = AXIS2_PLACEMENT_3D('',#3956,#3957,#3958);
#3956 = CARTESIAN_POINT('',(6.445238406158E-02,-9.447603080404E-02,
    -1.211536726991E-02));
#3957 = DIRECTION('',(1.926468017695E-02,0.155639368882,0.987626072434)
  );
#3958 = DIRECTION('',(0.,0.987809391258,-0.15566825798));
#3959 = ADVANCED_FACE('',(#3960),#3975,.T.);
#3960 = FACE_BOUND('',#3961,.T.);
#3961 = EDGE_LOOP('',(#3962,#3968,#3969));
#3962 = ORIENTED_EDGE('',*,*,#3963,.T.);
#3963 = EDGE_CURVE('',#3932,#3854,#3964,.T.);
#3964 = LINE('',#3965,#3966);
#3965 = CARTESIAN_POINT('',(-8.023011588421E-09,4.233866930008E-02,
    -3.241869807243E-02));
#3966 = VECTOR('',#3967,1.);
#3967 = DIRECTION('',(0.997284271415,6.304641976976E-02,
    3.806876596262E-02));
#3968 = ORIENTED_EDGE('',*,*,#3862,.F.);
#3969 = ORIENTED_EDGE('',*,*,#3970,.T.);
#3970 = EDGE_CURVE('',#2796,#3932,#3971,.T.);
#3971 = LINE('',#3972,#3973);
#3972 = CARTESIAN_POINT('',(0.193059518933,0.149258345366,
    -2.808576822281E-02));
#3973 = VECTOR('',#3974,1.);
#3974 = DIRECTION('',(-0.874633551404,-0.484387056502,
    -1.962983066471E-02));
#3975 = PLANE('',#3976);
#3976 = AXIS2_PLACEMENT_3D('',#3977,#3978,#3979);
#3977 = CARTESIAN_POINT('',(0.193257455478,7.948351507371E-02,
    -2.584078259747E-02));
#3978 = DIRECTION('',(-4.014621190669E-02,3.201838490611E-02,
    0.998680682049));
#3979 = DIRECTION('',(0.999192988205,0.,4.016680622864E-02));
#3980 = ADVANCED_FACE('',(#3981),#3991,.T.);
#3981 = FACE_BOUND('',#3982,.T.);
#3982 = EDGE_LOOP('',(#3983,#3989,#3990));
#3983 = ORIENTED_EDGE('',*,*,#3984,.T.);
#3984 = EDGE_CURVE('',#3942,#3854,#3985,.T.);
#3985 = LINE('',#3986,#3987);
#3986 = CARTESIAN_POINT('',(0.203726276755,-6.101083755493E-02,
    -2.010580897331E-02));
#3987 = VECTOR('',#3988,1.);
#3988 = DIRECTION('',(0.823017827648,0.567903465859,1.128312187458E-02)
  );
#3989 = ORIENTED_EDGE('',*,*,#3963,.F.);
#3990 = ORIENTED_EDGE('',*,*,#3949,.F.);
#3991 = PLANE('',#3992);
#3992 = AXIS2_PLACEMENT_3D('',#3993,#3994,#3995);
#3993 = CARTESIAN_POINT('',(0.196638330196,2.351472618607E-02,
    -2.369271584186E-02));
#3994 = DIRECTION('',(-4.057534393082E-02,3.896609010636E-02,
    0.998416388731));
#3995 = DIRECTION('',(0.999175228829,0.,4.060618296582E-02));
#3996 = ADVANCED_FACE('',(#3997),#4007,.T.);
#3997 = FACE_BOUND('',#3998,.T.);
#3998 = EDGE_LOOP('',(#3999,#4005,#4006));
#3999 = ORIENTED_EDGE('',*,*,#4000,.T.);
#4000 = EDGE_CURVE('',#2881,#3628,#4001,.T.);
#4001 = LINE('',#4002,#4003);
#4002 = CARTESIAN_POINT('',(0.48414799571,-4.977506399155E-02,
    0.210618555546));
#4003 = VECTOR('',#4004,1.);
#4004 = DIRECTION('',(-0.164907317212,7.129432466688E-02,0.983728974871)
  );
#4005 = ORIENTED_EDGE('',*,*,#3627,.F.);
#4006 = ORIENTED_EDGE('',*,*,#2888,.F.);
#4007 = PLANE('',#4008);
#4008 = AXIS2_PLACEMENT_3D('',#4009,#4010,#4011);
#4009 = CARTESIAN_POINT('',(0.466650647427,-7.142500864184E-03,
    0.352191888855));
#4010 = DIRECTION('',(-0.966702221846,0.186198516782,-0.175547505326));
#4011 = DIRECTION('',(-0.189135611031,-0.981950976699,0.));
#4012 = ADVANCED_FACE('',(#4013),#4030,.T.);
#4013 = FACE_BOUND('',#4014,.T.);
#4014 = EDGE_LOOP('',(#4015,#4023,#4029));
#4015 = ORIENTED_EDGE('',*,*,#4016,.T.);
#4016 = EDGE_CURVE('',#2717,#4017,#4019,.T.);
#4017 = VERTEX_POINT('',#4018);
#4018 = CARTESIAN_POINT('',(0.427417457104,1.057416319847,
    1.459151506424E-02));
#4019 = LINE('',#4020,#4021);
#4020 = CARTESIAN_POINT('',(0.483515739441,1.184094905853,
    3.210172057152E-02));
#4021 = VECTOR('',#4022,1.);
#4022 = DIRECTION('',(-0.401716929656,-0.907138873124,-0.125389685762));
#4023 = ORIENTED_EDGE('',*,*,#4024,.T.);
#4024 = EDGE_CURVE('',#4017,#3210,#4025,.T.);
#4025 = LINE('',#4026,#4027);
#4026 = CARTESIAN_POINT('',(0.427417457104,1.057416319847,
    1.459151506424E-02));
#4027 = VECTOR('',#4028,1.);
#4028 = DIRECTION('',(8.793061742775E-02,-0.344896803366,0.934512922087)
  );
#4029 = ORIENTED_EDGE('',*,*,#3218,.F.);
#4030 = PLANE('',#4031);
#4031 = AXIS2_PLACEMENT_3D('',#4032,#4033,#4034);
#4032 = CARTESIAN_POINT('',(0.451884024833,1.085980778032,
    6.676711431392E-02));
#4033 = DIRECTION('',(-0.902662363513,0.369162012035,0.221178810846));
#4034 = DIRECTION('',(-0.378537138614,-0.925586103337,
    -1.387778780781E-17));
#4035 = ADVANCED_FACE('',(#4036),#4053,.T.);
#4036 = FACE_BOUND('',#4037,.T.);
#4037 = EDGE_LOOP('',(#4038,#4046,#4047));
#4038 = ORIENTED_EDGE('',*,*,#4039,.T.);
#4039 = EDGE_CURVE('',#4040,#3187,#4042,.T.);
#4040 = VERTEX_POINT('',#4041);
#4041 = CARTESIAN_POINT('',(0.106221221387,1.184909820557,0.513259887695
    ));
#4042 = LINE('',#4043,#4044);
#4043 = CARTESIAN_POINT('',(0.106221221387,1.184909820557,0.513259887695
    ));
#4044 = VECTOR('',#4045,1.);
#4045 = DIRECTION('',(0.933283625,-1.772817965151E-02,-0.358702365414));
#4046 = ORIENTED_EDGE('',*,*,#3295,.F.);
#4047 = ORIENTED_EDGE('',*,*,#4048,.T.);
#4048 = EDGE_CURVE('',#2934,#4040,#4049,.T.);
#4049 = LINE('',#4050,#4051);
#4050 = CARTESIAN_POINT('',(0.231929659843,1.04999268055,0.512676477432)
  );
#4051 = VECTOR('',#4052,1.);
#4052 = DIRECTION('',(-0.681693725458,0.731630819133,3.163726481544E-03)
  );
#4053 = PLANE('',#4054);
#4054 = AXIS2_PLACEMENT_3D('',#4055,#4056,#4057);
#4055 = CARTESIAN_POINT('',(0.233191693577,1.143284740507,0.478582582266
    ));
#4056 = DIRECTION('',(-0.345392891195,-0.318000262154,-0.882938040851));
#4057 = DIRECTION('',(-0.931280214719,1.387778780781E-17,0.36430366684)
  );
#4058 = ADVANCED_FACE('',(#4059),#4069,.T.);
#4059 = FACE_BOUND('',#4060,.T.);
#4060 = EDGE_LOOP('',(#4061,#4062,#4063));
#4061 = ORIENTED_EDGE('',*,*,#3915,.F.);
#4062 = ORIENTED_EDGE('',*,*,#4039,.F.);
#4063 = ORIENTED_EDGE('',*,*,#4064,.T.);
#4064 = EDGE_CURVE('',#4040,#3893,#4065,.T.);
#4065 = LINE('',#4066,#4067);
#4066 = CARTESIAN_POINT('',(0.106221221387,1.184909820557,0.513259887695
    ));
#4067 = VECTOR('',#4068,1.);
#4068 = DIRECTION('',(0.671869491487,0.707731250227,-0.218421299011));
#4069 = PLANE('',#4070);
#4070 = AXIS2_PLACEMENT_3D('',#4071,#4072,#4073);
#4071 = CARTESIAN_POINT('',(0.233032641693,1.224697645701,0.466852032515
    ));
#4072 = DIRECTION('',(-0.357429374559,5.152254742194E-02,-0.932517919029
    ));
#4073 = DIRECTION('',(-0.933758107098,0.,0.357904732337));
#4074 = ADVANCED_FACE('',(#4075),#4085,.T.);
#4075 = FACE_BOUND('',#4076,.T.);
#4076 = EDGE_LOOP('',(#4077,#4083,#4084));
#4077 = ORIENTED_EDGE('',*,*,#4078,.T.);
#4078 = EDGE_CURVE('',#3432,#3477,#4079,.T.);
#4079 = LINE('',#4080,#4081);
#4080 = CARTESIAN_POINT('',(0.378346920013,-0.260978341103,
    0.388095706701));
#4081 = VECTOR('',#4082,1.);
#4082 = DIRECTION('',(0.427664686781,0.760581112455,-0.48848673171));
#4083 = ORIENTED_EDGE('',*,*,#3476,.F.);
#4084 = ORIENTED_EDGE('',*,*,#3431,.F.);
#4085 = PLANE('',#4086);
#4086 = AXIS2_PLACEMENT_3D('',#4087,#4088,#4089);
#4087 = CARTESIAN_POINT('',(0.420736664476,-0.194360151966,0.21691626272
    ));
#4088 = DIRECTION('',(-0.880276917382,0.473254172063,-3.380883536611E-02
    ));
#4089 = DIRECTION('',(-0.473524877752,-0.880780443783,0.));
#4090 = ADVANCED_FACE('',(#4091),#4108,.T.);
#4091 = FACE_BOUND('',#4092,.T.);
#4092 = EDGE_LOOP('',(#4093,#4101,#4107));
#4093 = ORIENTED_EDGE('',*,*,#4094,.T.);
#4094 = EDGE_CURVE('',#3074,#4095,#4097,.T.);
#4095 = VERTEX_POINT('',#4096);
#4096 = CARTESIAN_POINT('',(0.39951351285,0.289220303297,0.598771452904)
  );
#4097 = LINE('',#4098,#4099);
#4098 = CARTESIAN_POINT('',(0.320783615112,0.377449423075,0.74495267868)
  );
#4099 = VECTOR('',#4100,1.);
#4100 = DIRECTION('',(0.41873029332,-0.469252549102,-0.777474749826));
#4101 = ORIENTED_EDGE('',*,*,#4102,.T.);
#4102 = EDGE_CURVE('',#4095,#3076,#4103,.T.);
#4103 = LINE('',#4104,#4105);
#4104 = CARTESIAN_POINT('',(0.39951351285,0.289220303297,0.598771452904)
  );
#4105 = VECTOR('',#4106,1.);
#4106 = DIRECTION('',(-0.361911641573,-0.537079510056,0.761948530789));
#4107 = ORIENTED_EDGE('',*,*,#3073,.F.);
#4108 = PLANE('',#4109);
#4109 = AXIS2_PLACEMENT_3D('',#4110,#4111,#4112);
#4110 = CARTESIAN_POINT('',(0.355563971468,0.297946448965,0.684242474676
    ));
#4111 = DIRECTION('',(-0.890274118621,-4.327113918229E-02,-0.45336475627
    ));
#4112 = DIRECTION('',(0.453789791392,0.,-0.891108761728));
#4113 = ADVANCED_FACE('',(#4114),#4124,.T.);
#4114 = FACE_BOUND('',#4115,.T.);
#4115 = EDGE_LOOP('',(#4116,#4117,#4118));
#4116 = ORIENTED_EDGE('',*,*,#4094,.F.);
#4117 = ORIENTED_EDGE('',*,*,#3757,.F.);
#4118 = ORIENTED_EDGE('',*,*,#4119,.T.);
#4119 = EDGE_CURVE('',#3750,#4095,#4120,.T.);
#4120 = LINE('',#4121,#4122);
#4121 = CARTESIAN_POINT('',(0.438990145922,0.395987451077,0.463000297546
    ));
#4122 = VECTOR('',#4123,1.);
#4123 = DIRECTION('',(-0.222809918722,-0.602604063917,0.766305475819));
#4124 = PLANE('',#4125);
#4125 = AXIS2_PLACEMENT_3D('',#4126,#4127,#4128);
#4126 = CARTESIAN_POINT('',(0.384746731756,0.360130780233,0.603699431629
    ));
#4127 = DIRECTION('',(-0.906278887156,-0.161585101702,-0.390575003813));
#4128 = DIRECTION('',(0.395775982418,0.,-0.918347086749));
#4129 = ADVANCED_FACE('',(#4130),#4145,.T.);
#4130 = FACE_BOUND('',#4131,.T.);
#4131 = EDGE_LOOP('',(#4132,#4138,#4139));
#4132 = ORIENTED_EDGE('',*,*,#4133,.T.);
#4133 = EDGE_CURVE('',#3934,#3114,#4134,.T.);
#4134 = LINE('',#4135,#4136);
#4135 = CARTESIAN_POINT('',(-8.023011588421E-09,-0.248893916607,
    1.34764611721E-02));
#4136 = VECTOR('',#4137,1.);
#4137 = DIRECTION('',(0.752614410155,-0.184025874882,0.632223083256));
#4138 = ORIENTED_EDGE('',*,*,#3113,.F.);
#4139 = ORIENTED_EDGE('',*,*,#4140,.T.);
#4140 = EDGE_CURVE('',#3106,#3934,#4141,.T.);
#4141 = LINE('',#4142,#4143);
#4142 = CARTESIAN_POINT('',(0.256611734629,-0.216385602951,
    2.300003170967E-02));
#4143 = VECTOR('',#4144,1.);
#4144 = DIRECTION('',(-0.991399290428,-0.12559331369,-3.679356593632E-02
    ));
#4145 = PLANE('',#4146);
#4146 = AXIS2_PLACEMENT_3D('',#4147,#4148,#4149);
#4147 = CARTESIAN_POINT('',(0.156499488505,-0.258668696113,
    8.3312334513E-02));
#4148 = DIRECTION('',(-0.129464172016,0.900054119552,0.416102883961));
#4149 = DIRECTION('',(-6.938893903907E-18,-0.419634485662,0.907693174175
    ));
#4150 = ADVANCED_FACE('',(#4151),#4168,.T.);
#4151 = FACE_BOUND('',#4152,.T.);
#4152 = EDGE_LOOP('',(#4153,#4161,#4162));
#4153 = ORIENTED_EDGE('',*,*,#4154,.T.);
#4154 = EDGE_CURVE('',#4155,#3114,#4157,.T.);
#4155 = VERTEX_POINT('',#4156);
#4156 = CARTESIAN_POINT('',(-8.023011588421E-09,-0.371223568916,
    0.278644233942));
#4157 = LINE('',#4158,#4159);
#4158 = CARTESIAN_POINT('',(-8.023011588421E-09,-0.371223568916,
    0.278644233942));
#4159 = VECTOR('',#4160,1.);
#4160 = DIRECTION('',(0.933042017595,0.251927692827,-0.25683658421));
#4161 = ORIENTED_EDGE('',*,*,#4133,.F.);
#4162 = ORIENTED_EDGE('',*,*,#4163,.T.);
#4163 = EDGE_CURVE('',#3934,#4155,#4164,.T.);
#4164 = LINE('',#4165,#4166);
#4165 = CARTESIAN_POINT('',(-8.023011588421E-09,-0.248893916607,
    1.34764611721E-02));
#4166 = VECTOR('',#4167,1.);
#4167 = DIRECTION('',(0.,-0.418901568503,0.908031649176));
#4168 = PLANE('',#4169);
#4169 = AXIS2_PLACEMENT_3D('',#4170,#4171,#4172);
#4170 = CARTESIAN_POINT('',(7.863903495834E-02,-0.306890995235,
    0.163572833819));
#4171 = DIRECTION('',(-0.128783127508,0.900470271458,0.415413283718));
#4172 = DIRECTION('',(0.,-0.418901568503,0.908031649176));
#4173 = ADVANCED_FACE('',(#4174),#4184,.T.);
#4174 = FACE_BOUND('',#4175,.T.);
#4175 = EDGE_LOOP('',(#4176,#4177,#4178));
#4176 = ORIENTED_EDGE('',*,*,#3839,.F.);
#4177 = ORIENTED_EDGE('',*,*,#3417,.F.);
#4178 = ORIENTED_EDGE('',*,*,#4179,.T.);
#4179 = EDGE_CURVE('',#2966,#3831,#4180,.T.);
#4180 = LINE('',#4181,#4182);
#4181 = CARTESIAN_POINT('',(0.377308726311,0.80406332016,0.429677546024)
  );
#4182 = VECTOR('',#4183,1.);
#4183 = DIRECTION('',(0.187114105935,-0.981063232329,-5.003244479283E-02
    ));
#4184 = PLANE('',#4185);
#4185 = AXIS2_PLACEMENT_3D('',#4186,#4187,#4188);
#4186 = CARTESIAN_POINT('',(0.371778438364,0.655602834135,0.511280007083
    ));
#4187 = DIRECTION('',(-0.923150928593,-0.158200064904,-0.350378513186));
#4188 = DIRECTION('',(0.354847074395,6.938893903907E-18,-0.934924357257)
  );
#4189 = ADVANCED_FACE('',(#4190),#4200,.T.);
#4190 = FACE_BOUND('',#4191,.T.);
#4191 = EDGE_LOOP('',(#4192,#4198,#4199));
#4192 = ORIENTED_EDGE('',*,*,#4193,.T.);
#4193 = EDGE_CURVE('',#2944,#4040,#4194,.T.);
#4194 = LINE('',#4195,#4196);
#4195 = CARTESIAN_POINT('',(-8.023011588421E-09,1.054484367371,
    0.548297762871));
#4196 = VECTOR('',#4197,1.);
#4197 = DIRECTION('',(0.618219701122,0.759091051148,-0.203924439956));
#4198 = ORIENTED_EDGE('',*,*,#4048,.F.);
#4199 = ORIENTED_EDGE('',*,*,#2951,.F.);
#4200 = PLANE('',#4201);
#4201 = AXIS2_PLACEMENT_3D('',#4202,#4203,#4204);
#4202 = CARTESIAN_POINT('',(0.114263122793,1.092203944144,0.525104837628
    ));
#4203 = DIRECTION('',(-0.152963903058,-0.138292154402,-0.978507702776));
#4204 = DIRECTION('',(-0.988000931293,0.,0.154447919262));
#4205 = ADVANCED_FACE('',(#4206),#4223,.T.);
#4206 = FACE_BOUND('',#4207,.T.);
#4207 = EDGE_LOOP('',(#4208,#4216,#4217));
#4208 = ORIENTED_EDGE('',*,*,#4209,.T.);
#4209 = EDGE_CURVE('',#4210,#3051,#4212,.T.);
#4210 = VERTEX_POINT('',#4211);
#4211 = CARTESIAN_POINT('',(-8.023011588421E-09,0.62641787529,
    -3.263488411903E-02));
#4212 = LINE('',#4213,#4214);
#4213 = CARTESIAN_POINT('',(-8.023011588421E-09,0.62641787529,
    -3.263488411903E-02));
#4214 = VECTOR('',#4215,1.);
#4215 = DIRECTION('',(0.888518529136,0.457908113577,2.924009067894E-02)
  );
#4216 = ORIENTED_EDGE('',*,*,#3059,.F.);
#4217 = ORIENTED_EDGE('',*,*,#4218,.T.);
#4218 = EDGE_CURVE('',#3019,#4210,#4219,.T.);
#4219 = LINE('',#4220,#4221);
#4220 = CARTESIAN_POINT('',(-8.023011588421E-09,0.934853196144,
    -3.270748257637E-02));
#4221 = VECTOR('',#4222,1.);
#4222 = DIRECTION('',(0.,-0.999999972299,2.353765941083E-04));
#4223 = PLANE('',#4224);
#4224 = AXIS2_PLACEMENT_3D('',#4225,#4226,#4227);
#4225 = CARTESIAN_POINT('',(0.112448786277,0.783963878013,
    -2.895776985849E-02));
#4226 = DIRECTION('',(-3.30121137043E-02,2.352483024807E-04,
    0.99945492395));
#4227 = DIRECTION('',(0.999454951605,0.,3.301211461778E-02));
#4228 = ADVANCED_FACE('',(#4229),#4244,.T.);
#4229 = FACE_BOUND('',#4230,.T.);
#4230 = EDGE_LOOP('',(#4231,#4237,#4238));
#4231 = ORIENTED_EDGE('',*,*,#4232,.T.);
#4232 = EDGE_CURVE('',#2739,#4095,#4233,.T.);
#4233 = LINE('',#4234,#4235);
#4234 = CARTESIAN_POINT('',(0.46662029624,0.318226158619,0.323566734791)
  );
#4235 = VECTOR('',#4236,1.);
#4236 = DIRECTION('',(-0.235669511163,-0.101864452433,0.966479960909));
#4237 = ORIENTED_EDGE('',*,*,#4119,.F.);
#4238 = ORIENTED_EDGE('',*,*,#4239,.T.);
#4239 = EDGE_CURVE('',#3750,#2739,#4240,.T.);
#4240 = LINE('',#4241,#4242);
#4241 = CARTESIAN_POINT('',(0.438990145922,0.395987451077,0.463000297546
    ));
#4242 = VECTOR('',#4243,1.);
#4243 = DIRECTION('',(0.170530616548,-0.479935179276,-0.860570469231));
#4244 = PLANE('',#4245);
#4245 = AXIS2_PLACEMENT_3D('',#4246,#4247,#4248);
#4246 = CARTESIAN_POINT('',(0.434269546074,0.328626138933,0.463337581014
    ));
#4247 = DIRECTION('',(-0.97095735164,6.689334412789E-02,-0.229710909207)
  );
#4248 = DIRECTION('',(0.230226586428,0.,-0.973137050421));
#4249 = ADVANCED_FACE('',(#4250),#4260,.T.);
#4250 = FACE_BOUND('',#4251,.T.);
#4251 = EDGE_LOOP('',(#4252,#4258,#4259));
#4252 = ORIENTED_EDGE('',*,*,#4253,.T.);
#4253 = EDGE_CURVE('',#2749,#4095,#4254,.T.);
#4254 = LINE('',#4255,#4256);
#4255 = CARTESIAN_POINT('',(0.458255857229,0.209845513105,0.432638734579
    ));
#4256 = VECTOR('',#4257,1.);
#4257 = DIRECTION('',(-0.303948198912,0.410705850654,0.859613981167));
#4258 = ORIENTED_EDGE('',*,*,#4232,.F.);
#4259 = ORIENTED_EDGE('',*,*,#2756,.F.);
#4260 = PLANE('',#4261);
#4261 = AXIS2_PLACEMENT_3D('',#4262,#4263,#4264);
#4262 = CARTESIAN_POINT('',(0.438944402326,0.27748205736,0.457606531009)
  );
#4263 = DIRECTION('',(-0.951329552777,-0.179023643166,-0.250843810371));
#4264 = DIRECTION('',(0.254962792441,-6.938893903907E-18,-0.966950864559
    ));
#4265 = ADVANCED_FACE('',(#4266),#4283,.T.);
#4266 = FACE_BOUND('',#4267,.T.);
#4267 = EDGE_LOOP('',(#4268,#4276,#4282));
#4268 = ORIENTED_EDGE('',*,*,#4269,.T.);
#4269 = EDGE_CURVE('',#3808,#4270,#4272,.T.);
#4270 = VERTEX_POINT('',#4271);
#4271 = CARTESIAN_POINT('',(0.224391072989,1.302502393723,
    -2.344617247581E-02));
#4272 = LINE('',#4273,#4274);
#4273 = CARTESIAN_POINT('',(-8.023011588421E-09,1.48478770256,
    -3.197214007378E-02));
#4274 = VECTOR('',#4275,1.);
#4275 = DIRECTION('',(0.775831609684,-0.630251006145,2.947851196146E-02)
  );
#4276 = ORIENTED_EDGE('',*,*,#4277,.T.);
#4277 = EDGE_CURVE('',#4270,#3780,#4278,.T.);
#4278 = LINE('',#4279,#4280);
#4279 = CARTESIAN_POINT('',(0.224391072989,1.302502393723,
    -2.344617247581E-02));
#4280 = VECTOR('',#4281,1.);
#4281 = DIRECTION('',(0.331428248817,0.940821073961,7.078857731192E-02)
  );
#4282 = ORIENTED_EDGE('',*,*,#3807,.F.);
#4283 = PLANE('',#4284);
#4284 = AXIS2_PLACEMENT_3D('',#4285,#4286,#4287);
#4285 = CARTESIAN_POINT('',(0.161771759248,1.429499480912,
    -2.21642183136E-02));
#4286 = DIRECTION('',(-7.674879882899E-02,-4.789601568793E-02,
    0.995899389276));
#4287 = DIRECTION('',(0.997043669111,0.,7.683698253894E-02));
#4288 = ADVANCED_FACE('',(#4289),#4311,.T.);
#4289 = FACE_BOUND('',#4290,.T.);
#4290 = EDGE_LOOP('',(#4291,#4297,#4305));
#4291 = ORIENTED_EDGE('',*,*,#4292,.T.);
#4292 = EDGE_CURVE('',#3019,#3808,#4293,.T.);
#4293 = LINE('',#4294,#4295);
#4294 = CARTESIAN_POINT('',(-8.023011588421E-09,0.934853196144,
    -3.270748257637E-02));
#4295 = VECTOR('',#4296,1.);
#4296 = DIRECTION('',(0.,0.999999106022,1.337144399259E-03));
#4297 = ORIENTED_EDGE('',*,*,#4298,.T.);
#4298 = EDGE_CURVE('',#3808,#4299,#4301,.T.);
#4299 = VERTEX_POINT('',#4300);
#4300 = CARTESIAN_POINT('',(-8.023011588421E-09,1.120568752289,
    -3.286585211754E-02));
#4301 = LINE('',#4302,#4303);
#4302 = CARTESIAN_POINT('',(-8.023011588421E-09,1.48478770256,
    -3.197214007378E-02));
#4303 = VECTOR('',#4304,1.);
#4304 = DIRECTION('',(0.,-0.999996989503,-2.453769504795E-03));
#4305 = ORIENTED_EDGE('',*,*,#4306,.T.);
#4306 = EDGE_CURVE('',#4299,#3019,#4307,.T.);
#4307 = LINE('',#4308,#4309);
#4308 = CARTESIAN_POINT('',(-8.023011588421E-09,1.120568752289,
    -3.286585211754E-02));
#4309 = VECTOR('',#4310,1.);
#4310 = DIRECTION('',(0.,-0.999999636406,8.527529242764E-04));
#4311 = PLANE('',#4312);
#4312 = AXIS2_PLACEMENT_3D('',#4313,#4314,#4315);
#4313 = CARTESIAN_POINT('',(-8.023011588421E-09,1.209820530744,
    -3.244148584813E-02));
#4314 = DIRECTION('',(-1.,-0.,-0.));
#4315 = DIRECTION('',(0.,0.,-1.));
#4316 = ADVANCED_FACE('',(#4317),#4332,.T.);
#4317 = FACE_BOUND('',#4318,.T.);
#4318 = EDGE_LOOP('',(#4319,#4325,#4326));
#4319 = ORIENTED_EDGE('',*,*,#4320,.T.);
#4320 = EDGE_CURVE('',#4270,#3019,#4321,.T.);
#4321 = LINE('',#4322,#4323);
#4322 = CARTESIAN_POINT('',(0.224391072989,1.302502393723,
    -2.344617247581E-02));
#4323 = VECTOR('',#4324,1.);
#4324 = DIRECTION('',(-0.520850425053,-0.853377237482,
    -2.149709908558E-02));
#4325 = ORIENTED_EDGE('',*,*,#3036,.F.);
#4326 = ORIENTED_EDGE('',*,*,#4327,.T.);
#4327 = EDGE_CURVE('',#3029,#4270,#4328,.T.);
#4328 = LINE('',#4329,#4330);
#4329 = CARTESIAN_POINT('',(0.325288802385,1.133444905281,
    -1.992067694664E-02));
#4330 = VECTOR('',#4331,1.);
#4331 = DIRECTION('',(-0.512407507959,0.85855575613,-1.790417276211E-02)
  );
#4332 = PLANE('',#4333);
#4333 = AXIS2_PLACEMENT_3D('',#4334,#4335,#4336);
#4334 = CARTESIAN_POINT('',(0.162999295892,1.106110294201,
    -2.616305080946E-02));
#4335 = DIRECTION('',(-3.811483608688E-02,-1.909250325502E-03,
    0.999271541691));
#4336 = DIRECTION('',(0.999273362987,0.,3.811490555587E-02));
#4337 = ADVANCED_FACE('',(#4338),#4343,.T.);
#4338 = FACE_BOUND('',#4339,.T.);
#4339 = EDGE_LOOP('',(#4340,#4341,#4342));
#4340 = ORIENTED_EDGE('',*,*,#4320,.F.);
#4341 = ORIENTED_EDGE('',*,*,#4269,.F.);
#4342 = ORIENTED_EDGE('',*,*,#4292,.F.);
#4343 = PLANE('',#4344);
#4344 = AXIS2_PLACEMENT_3D('',#4345,#4346,#4347);
#4345 = CARTESIAN_POINT('',(6.361182344191E-02,1.220766439073,
    -2.98390810829E-02));
#4346 = DIRECTION('',(-3.905240738654E-02,-1.336124377079E-03,
    0.999236270483));
#4347 = DIRECTION('',(0.999237162417,0.,3.905244224532E-02));
#4348 = ADVANCED_FACE('',(#4349),#4364,.T.);
#4349 = FACE_BOUND('',#4350,.T.);
#4350 = EDGE_LOOP('',(#4351,#4357,#4363));
#4351 = ORIENTED_EDGE('',*,*,#4352,.T.);
#4352 = EDGE_CURVE('',#3831,#2771,#4353,.T.);
#4353 = LINE('',#4354,#4355);
#4354 = CARTESIAN_POINT('',(0.412658452988,0.618720173836,0.420225381851
    ));
#4355 = VECTOR('',#4356,1.);
#4356 = DIRECTION('',(0.164302484645,-0.677010676359,-0.71739893897));
#4357 = ORIENTED_EDGE('',*,*,#4358,.T.);
#4358 = EDGE_CURVE('',#2771,#3750,#4359,.T.);
#4359 = LINE('',#4360,#4361);
#4360 = CARTESIAN_POINT('',(0.476975560188,0.353700637817,0.1393956393)
  );
#4361 = VECTOR('',#4362,1.);
#4362 = DIRECTION('',(-0.115612142517,0.128703850557,0.984920885835));
#4363 = ORIENTED_EDGE('',*,*,#3830,.F.);
#4364 = PLANE('',#4365);
#4365 = AXIS2_PLACEMENT_3D('',#4366,#4367,#4368);
#4366 = CARTESIAN_POINT('',(0.444805642054,0.45271735552,0.326176514931)
  );
#4367 = DIRECTION('',(-0.985930528857,-0.135385760977,
    -9.803921660546E-02));
#4368 = DIRECTION('',(0.136041132043,-0.990703189857,0.));
#4369 = ADVANCED_FACE('',(#4370),#4380,.T.);
#4370 = FACE_BOUND('',#4371,.T.);
#4371 = EDGE_LOOP('',(#4372,#4373,#4374));
#4372 = ORIENTED_EDGE('',*,*,#3141,.F.);
#4373 = ORIENTED_EDGE('',*,*,#4352,.F.);
#4374 = ORIENTED_EDGE('',*,*,#4375,.T.);
#4375 = EDGE_CURVE('',#3831,#3142,#4376,.T.);
#4376 = LINE('',#4377,#4378);
#4377 = CARTESIAN_POINT('',(0.412658452988,0.618720173836,0.420225381851
    ));
#4378 = VECTOR('',#4379,1.);
#4379 = DIRECTION('',(2.795785290182E-02,0.400978078269,-0.915660930262)
  );
#4380 = PLANE('',#4381);
#4381 = AXIS2_PLACEMENT_3D('',#4382,#4383,#4384);
#4382 = CARTESIAN_POINT('',(0.438477954443,0.56423399234,0.227691117853)
  );
#4383 = DIRECTION('',(-0.985629578773,-0.141602524725,
    -9.210352023769E-02));
#4384 = DIRECTION('',(0.142206984452,-0.989836942922,0.));
#4385 = ADVANCED_FACE('',(#4386),#4408,.T.);
#4386 = FACE_BOUND('',#4387,.T.);
#4387 = EDGE_LOOP('',(#4388,#4396,#4402));
#4388 = ORIENTED_EDGE('',*,*,#4389,.T.);
#4389 = EDGE_CURVE('',#4390,#4155,#4392,.T.);
#4390 = VERTEX_POINT('',#4391);
#4391 = CARTESIAN_POINT('',(0.349276006222,-0.237132668495,
    0.529140532017));
#4392 = LINE('',#4393,#4394);
#4393 = CARTESIAN_POINT('',(0.349276006222,-0.237132668495,
    0.529140532017));
#4394 = VECTOR('',#4395,1.);
#4395 = DIRECTION('',(-0.775742859644,-0.297816209252,-0.556352874728));
#4396 = ORIENTED_EDGE('',*,*,#4397,.T.);
#4397 = EDGE_CURVE('',#4155,#2858,#4398,.T.);
#4398 = LINE('',#4399,#4400);
#4399 = CARTESIAN_POINT('',(-8.023011588421E-09,-0.371223568916,
    0.278644233942));
#4400 = VECTOR('',#4401,1.);
#4401 = DIRECTION('',(-1.712249919294E-03,0.170438106519,0.985366896159)
  );
#4402 = ORIENTED_EDGE('',*,*,#4403,.T.);
#4403 = EDGE_CURVE('',#2858,#4390,#4404,.T.);
#4404 = LINE('',#4405,#4406);
#4405 = CARTESIAN_POINT('',(-5.425186827779E-04,-0.317221820354,
    0.590848684311));
#4406 = VECTOR('',#4407,1.);
#4407 = DIRECTION('',(0.960680452791,0.219942848061,-0.169464483629));
#4408 = PLANE('',#4409);
#4409 = AXIS2_PLACEMENT_3D('',#4410,#4411,#4412);
#4410 = CARTESIAN_POINT('',(0.125560929382,-0.306702605482,
    0.462782833809));
#4411 = DIRECTION('',(-0.247747285282,0.954576786026,-0.165542871231));
#4412 = DIRECTION('',(0.967931732446,0.251213378077,0.));
#4413 = ADVANCED_FACE('',(#4414),#4429,.T.);
#4414 = FACE_BOUND('',#4415,.T.);
#4415 = EDGE_LOOP('',(#4416,#4422,#4423));
#4416 = ORIENTED_EDGE('',*,*,#4417,.T.);
#4417 = EDGE_CURVE('',#3432,#4155,#4418,.T.);
#4418 = LINE('',#4419,#4420);
#4419 = CARTESIAN_POINT('',(0.378346920013,-0.260978341103,
    0.388095706701));
#4420 = VECTOR('',#4421,1.);
#4421 = DIRECTION('',(-0.925056287243,-0.269549013274,-0.267608286261));
#4422 = ORIENTED_EDGE('',*,*,#4389,.F.);
#4423 = ORIENTED_EDGE('',*,*,#4424,.T.);
#4424 = EDGE_CURVE('',#4390,#3432,#4425,.T.);
#4425 = LINE('',#4426,#4427);
#4426 = CARTESIAN_POINT('',(0.349276006222,-0.237132668495,
    0.529140532017));
#4427 = VECTOR('',#4428,1.);
#4428 = DIRECTION('',(0.199156135023,-0.163359570585,-0.966255910502));
#4429 = PLANE('',#4430);
#4430 = AXIS2_PLACEMENT_3D('',#4431,#4432,#4433);
#4431 = CARTESIAN_POINT('',(0.208022573911,-0.301024720537,
    0.383145366298));
#4432 = DIRECTION('',(-0.21827178233,0.953844118262,-0.20624942932));
#4433 = DIRECTION('',(0.974802917501,0.223067864183,0.));
#4434 = ADVANCED_FACE('',(#4435),#4452,.T.);
#4435 = FACE_BOUND('',#4436,.T.);
#4436 = EDGE_LOOP('',(#4437,#4445,#4446));
#4437 = ORIENTED_EDGE('',*,*,#4438,.T.);
#4438 = EDGE_CURVE('',#4439,#4040,#4441,.T.);
#4439 = VERTEX_POINT('',#4440);
#4440 = CARTESIAN_POINT('',(-8.023011588421E-09,1.328946352005,
    0.489816606045));
#4441 = LINE('',#4442,#4443);
#4442 = CARTESIAN_POINT('',(-8.023011588421E-09,1.328946352005,
    0.489816606045));
#4443 = VECTOR('',#4444,1.);
#4444 = DIRECTION('',(0.588494018164,-0.798000904574,0.129882049888));
#4445 = ORIENTED_EDGE('',*,*,#4193,.F.);
#4446 = ORIENTED_EDGE('',*,*,#4447,.T.);
#4447 = EDGE_CURVE('',#2944,#4439,#4448,.T.);
#4448 = LINE('',#4449,#4450);
#4449 = CARTESIAN_POINT('',(-8.023011588421E-09,1.054484367371,
    0.548297762871));
#4450 = VECTOR('',#4451,1.);
#4451 = DIRECTION('',(0.,0.978044238288,-0.208397379908));
#4452 = PLANE('',#4453);
#4453 = AXIS2_PLACEMENT_3D('',#4454,#4455,#4456);
#4454 = CARTESIAN_POINT('',(2.956315488315E-02,1.190762110945,
    0.517243227092));
#4455 = DIRECTION('',(-6.658310733312E-02,-0.20793492167,-0.975873843367
    ));
#4456 = DIRECTION('',(0.,-0.978044238288,0.208397379908));
#4457 = ADVANCED_FACE('',(#4458),#4473,.T.);
#4458 = FACE_BOUND('',#4459,.T.);
#4459 = EDGE_LOOP('',(#4460,#4466,#4472));
#4460 = ORIENTED_EDGE('',*,*,#4461,.T.);
#4461 = EDGE_CURVE('',#3575,#4439,#4462,.T.);
#4462 = LINE('',#4463,#4464);
#4463 = CARTESIAN_POINT('',(0.320522516966,1.606159329414,0.354996532202
    ));
#4464 = VECTOR('',#4465,1.);
#4465 = DIRECTION('',(-0.720761086461,-0.623370625155,0.303170776853));
#4466 = ORIENTED_EDGE('',*,*,#4467,.T.);
#4467 = EDGE_CURVE('',#4439,#3605,#4468,.T.);
#4468 = LINE('',#4469,#4470);
#4469 = CARTESIAN_POINT('',(-8.023011588421E-09,1.328946352005,
    0.489816606045));
#4470 = VECTOR('',#4471,1.);
#4471 = DIRECTION('',(0.,0.982915458508,-0.184057603555));
#4472 = ORIENTED_EDGE('',*,*,#3613,.F.);
#4473 = PLANE('',#4474);
#4474 = AXIS2_PLACEMENT_3D('',#4475,#4476,#4477);
#4475 = CARTESIAN_POINT('',(0.119797320326,1.506396976102,0.42559960924)
  );
#4476 = DIRECTION('',(-0.246412414126,-0.178382199213,-0.952607323701));
#4477 = DIRECTION('',(-0.968134974165,0.,0.250428975558));
#4478 = ADVANCED_FACE('',(#4479),#4494,.T.);
#4479 = FACE_BOUND('',#4480,.T.);
#4480 = EDGE_LOOP('',(#4481,#4487,#4488));
#4481 = ORIENTED_EDGE('',*,*,#4482,.T.);
#4482 = EDGE_CURVE('',#3893,#4439,#4483,.T.);
#4483 = LINE('',#4484,#4485);
#4484 = CARTESIAN_POINT('',(0.238827988505,1.32459461689,0.470150113106)
  );
#4485 = VECTOR('',#4486,1.);
#4486 = DIRECTION('',(-0.996462435221,1.815675144127E-02,
    8.20545402177E-02));
#4487 = ORIENTED_EDGE('',*,*,#4461,.F.);
#4488 = ORIENTED_EDGE('',*,*,#4489,.T.);
#4489 = EDGE_CURVE('',#3575,#3893,#4490,.T.);
#4490 = LINE('',#4491,#4492);
#4491 = CARTESIAN_POINT('',(0.320522516966,1.606159329414,0.354996532202
    ));
#4492 = VECTOR('',#4493,1.);
#4493 = DIRECTION('',(-0.259363353337,-0.893910147935,0.365588974621));
#4494 = PLANE('',#4495);
#4495 = AXIS2_PLACEMENT_3D('',#4496,#4497,#4498);
#4496 = CARTESIAN_POINT('',(0.18810219445,1.433103198286,0.433115936919)
  );
#4497 = DIRECTION('',(-8.312640862737E-02,-0.356475368899,
    -0.930599436684));
#4498 = DIRECTION('',(0.,-0.933831417067,0.357713411126));
#4499 = ADVANCED_FACE('',(#4500),#4505,.T.);
#4500 = FACE_BOUND('',#4501,.T.);
#4501 = EDGE_LOOP('',(#4502,#4503,#4504));
#4502 = ORIENTED_EDGE('',*,*,#2896,.F.);
#4503 = ORIENTED_EDGE('',*,*,#3311,.F.);
#4504 = ORIENTED_EDGE('',*,*,#2748,.F.);
#4505 = PLANE('',#4506);
#4506 = AXIS2_PLACEMENT_3D('',#4507,#4508,#4509);
#4507 = CARTESIAN_POINT('',(0.474962643928,0.164346231524,0.333018653184
    ));
#4508 = DIRECTION('',(-0.988417422005,-7.829775120783E-02,
    -0.130001777035));
#4509 = DIRECTION('',(0.130402109073,0.,-0.991461189331));
#4510 = ADVANCED_FACE('',(#4511),#4521,.T.);
#4511 = FACE_BOUND('',#4512,.T.);
#4512 = EDGE_LOOP('',(#4513,#4514,#4520));
#4513 = ORIENTED_EDGE('',*,*,#3635,.F.);
#4514 = ORIENTED_EDGE('',*,*,#4515,.T.);
#4515 = EDGE_CURVE('',#3628,#3704,#4516,.T.);
#4516 = LINE('',#4517,#4518);
#4517 = CARTESIAN_POINT('',(0.440210819244,-3.077971935272E-02,
    0.472718954086));
#4518 = VECTOR('',#4519,1.);
#4519 = DIRECTION('',(-0.287656980821,0.3387215002,0.895835479699));
#4520 = ORIENTED_EDGE('',*,*,#3712,.F.);
#4521 = PLANE('',#4522);
#4522 = AXIS2_PLACEMENT_3D('',#4523,#4524,#4525);
#4523 = CARTESIAN_POINT('',(0.41547708659,2.167698667831E-02,
    0.55950522252));
#4524 = DIRECTION('',(-0.924128776809,0.147436682043,-0.352488905729));
#4525 = DIRECTION('',(0.356383645721,6.938893903907E-18,-0.934339711809)
  );
#4526 = ADVANCED_FACE('',(#4527),#4532,.T.);
#4527 = FACE_BOUND('',#4528,.T.);
#4528 = EDGE_LOOP('',(#4529,#4530,#4531));
#4529 = ORIENTED_EDGE('',*,*,#3258,.F.);
#4530 = ORIENTED_EDGE('',*,*,#3050,.F.);
#4531 = ORIENTED_EDGE('',*,*,#3149,.F.);
#4532 = PLANE('',#4533);
#4533 = AXIS2_PLACEMENT_3D('',#4534,#4535,#4536);
#4534 = CARTESIAN_POINT('',(0.376815290513,0.818738791979,
    3.677953258038E-02));
#4535 = DIRECTION('',(-0.761179201637,0.296835405658,0.576623763769));
#4536 = DIRECTION('',(-0.603839626043,2.775557561563E-17,-0.797105831129
    ));
#4537 = ADVANCED_FACE('',(#4538),#4555,.T.);
#4538 = FACE_BOUND('',#4539,.T.);
#4539 = EDGE_LOOP('',(#4540,#4548,#4554));
#4540 = ORIENTED_EDGE('',*,*,#4541,.T.);
#4541 = EDGE_CURVE('',#3727,#4542,#4544,.T.);
#4542 = VERTEX_POINT('',#4543);
#4543 = CARTESIAN_POINT('',(-8.023011588421E-09,0.530650317669,
    0.794210791588));
#4544 = LINE('',#4545,#4546);
#4545 = CARTESIAN_POINT('',(0.237275540829,0.509671866894,0.747447907925
    ));
#4546 = VECTOR('',#4547,1.);
#4547 = DIRECTION('',(-0.97745660064,8.642072594755E-02,0.192639694746)
  );
#4548 = ORIENTED_EDGE('',*,*,#4549,.T.);
#4549 = EDGE_CURVE('',#4542,#3386,#4550,.T.);
#4550 = LINE('',#4551,#4552);
#4551 = CARTESIAN_POINT('',(-8.023011588421E-09,0.530650317669,
    0.794210791588));
#4552 = VECTOR('',#4553,1.);
#4553 = DIRECTION('',(0.8378291032,0.408652534344,-0.362002071825));
#4554 = ORIENTED_EDGE('',*,*,#3726,.F.);
#4555 = PLANE('',#4556);
#4556 = AXIS2_PLACEMENT_3D('',#4557,#4558,#4559);
#4557 = CARTESIAN_POINT('',(0.118180952953,0.537153012309,0.764005704319
    ));
#4558 = DIRECTION('',(-0.211016771097,-0.369144316248,-0.905099108439));
#4559 = DIRECTION('',(0.,-0.92594922481,0.377648028029));
#4560 = ADVANCED_FACE('',(#4561),#4578,.T.);
#4561 = FACE_BOUND('',#4562,.T.);
#4562 = EDGE_LOOP('',(#4563,#4571,#4572));
#4563 = ORIENTED_EDGE('',*,*,#4564,.T.);
#4564 = EDGE_CURVE('',#4565,#4542,#4567,.T.);
#4565 = VERTEX_POINT('',#4566);
#4566 = CARTESIAN_POINT('',(-8.023011588421E-09,0.407672971487,
    0.850743532181));
#4567 = LINE('',#4568,#4569);
#4568 = CARTESIAN_POINT('',(-8.023011588421E-09,0.407672971487,
    0.850743532181));
#4569 = VECTOR('',#4570,1.);
#4570 = DIRECTION('',(0.,0.908593759779,-0.417680954426));
#4571 = ORIENTED_EDGE('',*,*,#4541,.F.);
#4572 = ORIENTED_EDGE('',*,*,#4573,.T.);
#4573 = EDGE_CURVE('',#3727,#4565,#4574,.T.);
#4574 = LINE('',#4575,#4576);
#4575 = CARTESIAN_POINT('',(0.237275540829,0.509671866894,0.747447907925
    ));
#4576 = VECTOR('',#4577,1.);
#4577 = DIRECTION('',(-0.853015680839,-0.366690363298,0.371352158614));
#4578 = PLANE('',#4579);
#4579 = AXIS2_PLACEMENT_3D('',#4580,#4581,#4582);
#4580 = CARTESIAN_POINT('',(9.416946318129E-02,0.483580242341,
    0.793462346893));
#4581 = DIRECTION('',(-0.211127913375,-0.408265774615,-0.888112640081));
#4582 = DIRECTION('',(0.,-0.908593759779,0.417680954426));
#4583 = ADVANCED_FACE('',(#4584),#4589,.T.);
#4584 = FACE_BOUND('',#4585,.T.);
#4585 = EDGE_LOOP('',(#4586,#4587,#4588));
#4586 = ORIENTED_EDGE('',*,*,#4375,.F.);
#4587 = ORIENTED_EDGE('',*,*,#4179,.F.);
#4588 = ORIENTED_EDGE('',*,*,#3238,.F.);
#4589 = PLANE('',#4590);
#4590 = AXIS2_PLACEMENT_3D('',#4591,#4592,#4593);
#4591 = CARTESIAN_POINT('',(0.405178872771,0.723443462603,0.313576275499
    ));
#4592 = DIRECTION('',(-0.977444430033,-0.180862753943,-0.109046093156));
#4593 = DIRECTION('',(0.181947764086,-0.983308197436,-3.469446951954E-18
    ));
#4594 = ADVANCED_FACE('',(#4595),#4610,.T.);
#4595 = FACE_BOUND('',#4596,.T.);
#4596 = EDGE_LOOP('',(#4597,#4603,#4604));
#4597 = ORIENTED_EDGE('',*,*,#4598,.T.);
#4598 = EDGE_CURVE('',#3628,#3432,#4599,.T.);
#4599 = LINE('',#4600,#4601);
#4600 = CARTESIAN_POINT('',(0.440210819244,-3.077971935272E-02,
    0.472718954086));
#4601 = VECTOR('',#4602,1.);
#4602 = DIRECTION('',(-0.244577436498,-0.91008471003,-0.33455597159));
#4603 = ORIENTED_EDGE('',*,*,#4424,.F.);
#4604 = ORIENTED_EDGE('',*,*,#4605,.T.);
#4605 = EDGE_CURVE('',#4390,#3628,#4606,.T.);
#4606 = LINE('',#4607,#4608);
#4607 = CARTESIAN_POINT('',(0.349276006222,-0.237132668495,
    0.529140532017));
#4608 = VECTOR('',#4609,1.);
#4609 = DIRECTION('',(0.391197724875,0.887721671631,-0.242723245219));
#4610 = PLANE('',#4611);
#4611 = AXIS2_PLACEMENT_3D('',#4612,#4613,#4614);
#4612 = CARTESIAN_POINT('',(0.393415299369,-0.165343574908,
    0.462894160889));
#4613 = DIRECTION('',(-0.910265951092,0.334377048182,-0.244147266892));
#4614 = DIRECTION('',(-0.344811681796,-0.938671883086,0.));
#4615 = ADVANCED_FACE('',(#4616),#4626,.T.);
#4616 = FACE_BOUND('',#4617,.T.);
#4617 = EDGE_LOOP('',(#4618,#4619,#4620));
#4618 = ORIENTED_EDGE('',*,*,#4078,.F.);
#4619 = ORIENTED_EDGE('',*,*,#4598,.F.);
#4620 = ORIENTED_EDGE('',*,*,#4621,.T.);
#4621 = EDGE_CURVE('',#3628,#3477,#4622,.T.);
#4622 = LINE('',#4623,#4624);
#4623 = CARTESIAN_POINT('',(0.440210819244,-3.077971935272E-02,
    0.472718954086));
#4624 = VECTOR('',#4625,1.);
#4625 = DIRECTION('',(9.038389559019E-02,-0.447794807066,-0.88955638505)
  );
#4626 = PLANE('',#4627);
#4627 = AXIS2_PLACEMENT_3D('',#4628,#4629,#4630);
#4628 = CARTESIAN_POINT('',(0.424251034781,-0.136839167209,
    0.390580391699));
#4629 = DIRECTION('',(-0.903298818986,0.339276739677,-0.262569110012));
#4630 = DIRECTION('',(-0.351613744651,-0.936145167467,0.));
#4631 = ADVANCED_FACE('',(#4632),#4647,.T.);
#4632 = FACE_BOUND('',#4633,.T.);
#4633 = EDGE_LOOP('',(#4634,#4640,#4641));
#4634 = ORIENTED_EDGE('',*,*,#4635,.T.);
#4635 = EDGE_CURVE('',#4017,#3029,#4636,.T.);
#4636 = LINE('',#4637,#4638);
#4637 = CARTESIAN_POINT('',(0.427417457104,1.057416319847,
    1.459151506424E-02));
#4638 = VECTOR('',#4639,1.);
#4639 = DIRECTION('',(-0.77419752952,0.576343076076,-0.261623477435));
#4640 = ORIENTED_EDGE('',*,*,#3028,.F.);
#4641 = ORIENTED_EDGE('',*,*,#4642,.T.);
#4642 = EDGE_CURVE('',#3021,#4017,#4643,.T.);
#4643 = LINE('',#4644,#4645);
#4644 = CARTESIAN_POINT('',(0.374064177275,0.92557322979,
    -2.184852957726E-02));
#4645 = VECTOR('',#4646,1.);
#4646 = DIRECTION('',(0.363384551796,0.897971827438,0.248189976922));
#4647 = PLANE('',#4648);
#4648 = AXIS2_PLACEMENT_3D('',#4649,#4650,#4651);
#4649 = CARTESIAN_POINT('',(0.372055685824,1.035836340953,
    -1.085524766411E-02));
#4650 = DIRECTION('',(-0.383642139823,-9.853416939448E-02,0.918210066387
    ));
#4651 = DIRECTION('',(0.922700231924,0.,0.38551819932));
#4652 = ADVANCED_FACE('',(#4653),#4673,.T.);
#4653 = FACE_BOUND('',#4654,.T.);
#4654 = EDGE_LOOP('',(#4655,#4661,#4667));
#4655 = ORIENTED_EDGE('',*,*,#4656,.T.);
#4656 = EDGE_CURVE('',#2911,#2771,#4657,.T.);
#4657 = LINE('',#4658,#4659);
#4658 = CARTESIAN_POINT('',(0.507223665714,8.369165658951E-02,
    1.484176516533E-02));
#4659 = VECTOR('',#4660,1.);
#4660 = DIRECTION('',(-0.101202464538,0.903381348107,0.416725570447));
#4661 = ORIENTED_EDGE('',*,*,#4662,.T.);
#4662 = EDGE_CURVE('',#2771,#2804,#4663,.T.);
#4663 = LINE('',#4664,#4665);
#4664 = CARTESIAN_POINT('',(0.476975560188,0.353700637817,0.1393956393)
  );
#4665 = VECTOR('',#4666,1.);
#4666 = DIRECTION('',(-0.194028403941,-0.612671933519,-0.766150168271));
#4667 = ORIENTED_EDGE('',*,*,#4668,.T.);
#4668 = EDGE_CURVE('',#2804,#2911,#4669,.T.);
#4669 = LINE('',#4670,#4671);
#4670 = CARTESIAN_POINT('',(0.441614419222,0.242042869329,
    -2.331137657166E-04));
#4671 = VECTOR('',#4672,1.);
#4672 = DIRECTION('',(0.381301354952,-0.920289977466,8.761069619677E-02)
  );
#4673 = PLANE('',#4674);
#4674 = AXIS2_PLACEMENT_3D('',#4675,#4676,#4677);
#4675 = CARTESIAN_POINT('',(0.478289484879,0.226080163967,
    5.66251562287E-02));
#4676 = DIRECTION('',(-0.837243616654,-0.303595425052,0.454810888457));
#4677 = DIRECTION('',(-0.477340882671,1.387778780781E-17,-0.878718203823
    ));
#4678 = ADVANCED_FACE('',(#4679),#4684,.T.);
#4679 = FACE_BOUND('',#4680,.T.);
#4680 = EDGE_LOOP('',(#4681,#4682,#4683));
#4681 = ORIENTED_EDGE('',*,*,#2770,.F.);
#4682 = ORIENTED_EDGE('',*,*,#4656,.F.);
#4683 = ORIENTED_EDGE('',*,*,#2919,.F.);
#4684 = PLANE('',#4685);
#4685 = AXIS2_PLACEMENT_3D('',#4686,#4687,#4688);
#4686 = CARTESIAN_POINT('',(0.492349446822,0.208490787664,0.106172268487
    ));
#4687 = DIRECTION('',(-0.994710211828,-9.929086867684E-02,
    -2.632333342689E-02));
#4688 = DIRECTION('',(9.932528677381E-02,-0.995055017277,0.));
#4689 = ADVANCED_FACE('',(#4690),#4700,.T.);
#4690 = FACE_BOUND('',#4691,.T.);
#4691 = EDGE_LOOP('',(#4692,#4698,#4699));
#4692 = ORIENTED_EDGE('',*,*,#4693,.T.);
#4693 = EDGE_CURVE('',#4095,#3318,#4694,.T.);
#4694 = LINE('',#4695,#4696);
#4695 = CARTESIAN_POINT('',(0.39951351285,0.289220303297,0.598771452904)
  );
#4696 = VECTOR('',#4697,1.);
#4697 = DIRECTION('',(0.118670903728,-0.970900221968,-0.208014363904));
#4698 = ORIENTED_EDGE('',*,*,#3689,.F.);
#4699 = ORIENTED_EDGE('',*,*,#4102,.F.);
#4700 = PLANE('',#4701);
#4701 = AXIS2_PLACEMENT_3D('',#4702,#4703,#4704);
#4702 = CARTESIAN_POINT('',(0.394264400451,0.182917065179,0.613415197769
    ));
#4703 = DIRECTION('',(-0.89875691755,-1.597852320215E-02,-0.438156010974
    ));
#4704 = DIRECTION('',(0.438211955195,0.,-0.898871671778));
#4705 = ADVANCED_FACE('',(#4706),#4711,.T.);
#4706 = FACE_BOUND('',#4707,.T.);
#4707 = EDGE_LOOP('',(#4708,#4709,#4710));
#4708 = ORIENTED_EDGE('',*,*,#3325,.F.);
#4709 = ORIENTED_EDGE('',*,*,#4693,.F.);
#4710 = ORIENTED_EDGE('',*,*,#4253,.F.);
#4711 = PLANE('',#4712);
#4712 = AXIS2_PLACEMENT_3D('',#4713,#4714,#4715);
#4713 = CARTESIAN_POINT('',(0.427024706417,0.190077769342,0.530721199092
    ));
#4714 = DIRECTION('',(-0.948806076935,-4.912123224604E-02,
    -0.312016238221));
#4715 = DIRECTION('',(0.312393352093,1.734723475977E-18,-0.949952837549)
  );
#4716 = ADVANCED_FACE('',(#4717),#4727,.T.);
#4717 = FACE_BOUND('',#4718,.T.);
#4718 = EDGE_LOOP('',(#4719,#4725,#4726));
#4719 = ORIENTED_EDGE('',*,*,#4720,.T.);
#4720 = EDGE_CURVE('',#3780,#2709,#4721,.T.);
#4721 = LINE('',#4722,#4723);
#4722 = CARTESIAN_POINT('',(0.290635406971,1.490549325943,
    -9.297281503677E-03));
#4723 = VECTOR('',#4724,1.);
#4724 = DIRECTION('',(0.958572495958,0.246813190062,0.142204146227));
#4725 = ORIENTED_EDGE('',*,*,#3514,.F.);
#4726 = ORIENTED_EDGE('',*,*,#3787,.F.);
#4727 = PLANE('',#4728);
#4728 = AXIS2_PLACEMENT_3D('',#4729,#4730,#4731);
#4729 = CARTESIAN_POINT('',(0.36627736937,1.54744793279,
    6.23765692676E-03));
#4730 = DIRECTION('',(-0.117080289655,-0.113718697618,0.986590220703));
#4731 = DIRECTION('',(0.993032031162,-1.734723475977E-18,0.117844749933)
  );
#4732 = ADVANCED_FACE('',(#4733),#4738,.T.);
#4733 = FACE_BOUND('',#4734,.T.);
#4734 = EDGE_LOOP('',(#4735,#4736,#4737));
#4735 = ORIENTED_EDGE('',*,*,#4154,.F.);
#4736 = ORIENTED_EDGE('',*,*,#4417,.F.);
#4737 = ORIENTED_EDGE('',*,*,#3440,.F.);
#4738 = PLANE('',#4739);
#4739 = AXIS2_PLACEMENT_3D('',#4740,#4741,#4742);
#4740 = CARTESIAN_POINT('',(0.199610638136,-0.314437072967,
    0.300018317688));
#4741 = DIRECTION('',(-0.269835599762,0.96221667635,-3.643922137368E-02)
  );
#4742 = DIRECTION('',(0.962856136996,0.270014924493,3.469446951954E-18)
  );
#4743 = ADVANCED_FACE('',(#4744),#4759,.T.);
#4744 = FACE_BOUND('',#4745,.T.);
#4745 = EDGE_LOOP('',(#4746,#4747,#4753));
#4746 = ORIENTED_EDGE('',*,*,#2843,.F.);
#4747 = ORIENTED_EDGE('',*,*,#4748,.T.);
#4748 = EDGE_CURVE('',#2836,#4390,#4749,.T.);
#4749 = LINE('',#4750,#4751);
#4750 = CARTESIAN_POINT('',(0.214443236589,-9.07695889473E-02,
    0.688275933266));
#4751 = VECTOR('',#4752,1.);
#4752 = DIRECTION('',(0.529158514007,-0.574409840354,-0.624535509286));
#4753 = ORIENTED_EDGE('',*,*,#4754,.T.);
#4754 = EDGE_CURVE('',#4390,#2826,#4755,.T.);
#4755 = LINE('',#4756,#4757);
#4756 = CARTESIAN_POINT('',(0.349276006222,-0.237132668495,
    0.529140532017));
#4757 = VECTOR('',#4758,1.);
#4758 = DIRECTION('',(-0.794526417551,-0.328882285943,0.510454908691));
#4759 = PLANE('',#4760);
#4760 = AXIS2_PLACEMENT_3D('',#4761,#4762,#4763);
#4761 = CARTESIAN_POINT('',(0.268853151971,-0.189706213767,0.60975827018
    ));
#4762 = DIRECTION('',(-0.597166899595,0.270790305743,-0.755026028918));
#4763 = DIRECTION('',(-0.784329880292,0.,0.6203439682));
#4764 = ADVANCED_FACE('',(#4765),#4775,.T.);
#4765 = FACE_BOUND('',#4766,.T.);
#4766 = EDGE_LOOP('',(#4767,#4773,#4774));
#4767 = ORIENTED_EDGE('',*,*,#4768,.T.);
#4768 = EDGE_CURVE('',#3537,#3575,#4769,.T.);
#4769 = LINE('',#4770,#4771);
#4770 = CARTESIAN_POINT('',(0.355415552855,1.459300279617,0.372553408146
    ));
#4771 = VECTOR('',#4772,1.);
#4772 = DIRECTION('',(-0.229612381882,0.966400754934,-0.115532397834));
#4773 = ORIENTED_EDGE('',*,*,#3590,.F.);
#4774 = ORIENTED_EDGE('',*,*,#3544,.F.);
#4775 = PLANE('',#4776);
#4776 = AXIS2_PLACEMENT_3D('',#4777,#4778,#4779);
#4777 = CARTESIAN_POINT('',(0.324865541079,1.599283271074,0.326703367697
    ));
#4778 = DIRECTION('',(-0.966501298689,-0.240388217041,
    -8.993744903817E-02));
#4779 = DIRECTION('',(0.241366374571,-0.970434064338,0.));
#4780 = ADVANCED_FACE('',(#4781),#4796,.T.);
#4781 = FACE_BOUND('',#4782,.T.);
#4782 = EDGE_LOOP('',(#4783,#4789,#4790));
#4783 = ORIENTED_EDGE('',*,*,#4784,.T.);
#4784 = EDGE_CURVE('',#3704,#4390,#4785,.T.);
#4785 = LINE('',#4786,#4787);
#4786 = CARTESIAN_POINT('',(0.381544232368,3.830128908157E-02,
    0.655421316624));
#4787 = VECTOR('',#4788,1.);
#4788 = DIRECTION('',(-0.105896011008,-0.903903340426,-0.414421025069));
#4789 = ORIENTED_EDGE('',*,*,#4748,.F.);
#4790 = ORIENTED_EDGE('',*,*,#4791,.T.);
#4791 = EDGE_CURVE('',#2836,#3704,#4792,.T.);
#4792 = LINE('',#4793,#4794);
#4793 = CARTESIAN_POINT('',(0.214443236589,-9.07695889473E-02,
    0.688275933266));
#4794 = VECTOR('',#4795,1.);
#4795 = DIRECTION('',(0.781995295272,0.604022848007,-0.153752259358));
#4796 = PLANE('',#4797);
#4797 = AXIS2_PLACEMENT_3D('',#4798,#4799,#4800);
#4798 = CARTESIAN_POINT('',(0.319245198122,-0.100458345537,0.61968395914
    ));
#4799 = DIRECTION('',(-0.47185062658,0.412532603872,-0.779213601613));
#4800 = DIRECTION('',(-0.855392424953,-2.775557561563E-17,0.517980500919
    ));
#4801 = ADVANCED_FACE('',(#4802),#4807,.T.);
#4802 = FACE_BOUND('',#4803,.T.);
#4803 = EDGE_LOOP('',(#4804,#4805,#4806));
#4804 = ORIENTED_EDGE('',*,*,#4605,.F.);
#4805 = ORIENTED_EDGE('',*,*,#4784,.F.);
#4806 = ORIENTED_EDGE('',*,*,#4515,.F.);
#4807 = PLANE('',#4808);
#4808 = AXIS2_PLACEMENT_3D('',#4809,#4810,#4811);
#4809 = CARTESIAN_POINT('',(0.387122683291,-8.185640749784E-02,
    0.555865136124));
#4810 = DIRECTION('',(-0.877844539305,0.28074814028,-0.388032790549));
#4811 = DIRECTION('',(0.404292852321,0.,-0.914629591453));
#4812 = ADVANCED_FACE('',(#4813),#4823,.T.);
#4813 = FACE_BOUND('',#4814,.T.);
#4814 = EDGE_LOOP('',(#4815,#4821,#4822));
#4815 = ORIENTED_EDGE('',*,*,#4816,.T.);
#4816 = EDGE_CURVE('',#3074,#3727,#4817,.T.);
#4817 = LINE('',#4818,#4819);
#4818 = CARTESIAN_POINT('',(0.320783615112,0.377449423075,0.74495267868)
  );
#4819 = VECTOR('',#4820,1.);
#4820 = DIRECTION('',(-0.533921203408,0.845383718006,1.595361660878E-02)
  );
#4821 = ORIENTED_EDGE('',*,*,#3735,.F.);
#4822 = ORIENTED_EDGE('',*,*,#3763,.F.);
#4823 = PLANE('',#4824);
#4824 = AXIS2_PLACEMENT_3D('',#4825,#4826,#4827);
#4825 = CARTESIAN_POINT('',(0.300931202212,0.476738159991,0.713829072034
    ));
#4826 = DIRECTION('',(-0.572101013008,-0.347301423039,-0.743022309537));
#4827 = DIRECTION('',(-0.792342837953,-2.775557561563E-17,0.610076083078
    ));
#4828 = ADVANCED_FACE('',(#4829),#4839,.T.);
#4829 = FACE_BOUND('',#4830,.T.);
#4830 = EDGE_LOOP('',(#4831,#4832,#4833));
#4831 = ORIENTED_EDGE('',*,*,#3970,.F.);
#4832 = ORIENTED_EDGE('',*,*,#2793,.F.);
#4833 = ORIENTED_EDGE('',*,*,#4834,.T.);
#4834 = EDGE_CURVE('',#2794,#3932,#4835,.T.);
#4835 = LINE('',#4836,#4837);
#4836 = CARTESIAN_POINT('',(-8.023011588421E-09,0.203261703253,
    -3.25383245945E-02));
#4837 = VECTOR('',#4838,1.);
#4838 = DIRECTION('',(0.,-0.999999723695,7.433770422573E-04));
#4839 = PLANE('',#4840);
#4840 = AXIS2_PLACEMENT_3D('',#4841,#4842,#4843);
#4841 = CARTESIAN_POINT('',(6.984727340502E-02,0.130975775203,
    -3.08882162331E-02));
#4842 = DIRECTION('',(-2.284921326656E-02,7.431829633459E-04,
    0.999738646413));
#4843 = DIRECTION('',(0.999738922502,0.,2.284921957661E-02));
#4844 = ADVANCED_FACE('',(#4845),#4850,.T.);
#4845 = FACE_BOUND('',#4846,.T.);
#4846 = EDGE_LOOP('',(#4847,#4848,#4849));
#4847 = ORIENTED_EDGE('',*,*,#4438,.F.);
#4848 = ORIENTED_EDGE('',*,*,#4482,.F.);
#4849 = ORIENTED_EDGE('',*,*,#4064,.F.);
#4850 = PLANE('',#4851);
#4851 = AXIS2_PLACEMENT_3D('',#4852,#4853,#4854);
#4852 = CARTESIAN_POINT('',(0.117009120407,1.283339368634,0.490029769912
    ));
#4853 = DIRECTION('',(-8.403832275955E-02,-0.220150756223,
    -0.971839083821));
#4854 = DIRECTION('',(-3.469446951954E-18,-0.975289146469,0.220932299087
    ));
#4855 = ADVANCED_FACE('',(#4856),#4861,.T.);
#4856 = FACE_BOUND('',#4857,.T.);
#4857 = EDGE_LOOP('',(#4858,#4859,#4860));
#4858 = ORIENTED_EDGE('',*,*,#4000,.F.);
#4859 = ORIENTED_EDGE('',*,*,#3484,.F.);
#4860 = ORIENTED_EDGE('',*,*,#4621,.F.);
#4861 = PLANE('',#4862);
#4862 = AXIS2_PLACEMENT_3D('',#4863,#4864,#4865);
#4863 = CARTESIAN_POINT('',(0.459480441258,-6.085894063623E-02,
    0.339124634868));
#4864 = DIRECTION('',(-0.973387667422,0.149151788945,-0.173983311745));
#4865 = DIRECTION('',(0.175951449744,0.,-0.984398845658));
#4866 = ADVANCED_FACE('',(#4867),#4882,.T.);
#4867 = FACE_BOUND('',#4868,.T.);
#4868 = EDGE_LOOP('',(#4869,#4870,#4876));
#4869 = ORIENTED_EDGE('',*,*,#3460,.F.);
#4870 = ORIENTED_EDGE('',*,*,#4871,.T.);
#4871 = EDGE_CURVE('',#3164,#4210,#4872,.T.);
#4872 = LINE('',#4873,#4874);
#4873 = CARTESIAN_POINT('',(0.407202810049,0.491348624229,
    -2.243223786354E-02));
#4874 = VECTOR('',#4875,1.);
#4875 = DIRECTION('',(-0.948879019551,0.314743348596,-2.377458245886E-02
    ));
#4876 = ORIENTED_EDGE('',*,*,#4877,.T.);
#4877 = EDGE_CURVE('',#4210,#2794,#4878,.T.);
#4878 = LINE('',#4879,#4880);
#4879 = CARTESIAN_POINT('',(-8.023011588421E-09,0.62641787529,
    -3.263488411903E-02));
#4880 = VECTOR('',#4881,1.);
#4881 = DIRECTION('',(0.,-0.999999973965,2.281888541466E-04));
#4882 = PLANE('',#4883);
#4883 = AXIS2_PLACEMENT_3D('',#4884,#4885,#4886);
#4884 = CARTESIAN_POINT('',(0.139839710595,0.435651786425,
    -2.90981920871E-02));
#4885 = DIRECTION('',(-2.497196035362E-02,2.281176939027E-04,
    0.999688125946));
#4886 = DIRECTION('',(0.999688151957,-8.470329472543E-22,
    2.497196100337E-02));
#4887 = ADVANCED_FACE('',(#4888),#4898,.T.);
#4888 = FACE_BOUND('',#4889,.T.);
#4889 = EDGE_LOOP('',(#4890,#4896,#4897));
#4890 = ORIENTED_EDGE('',*,*,#4891,.T.);
#4891 = EDGE_CURVE('',#3029,#3780,#4892,.T.);
#4892 = LINE('',#4893,#4894);
#4893 = CARTESIAN_POINT('',(0.325288802385,1.133444905281,
    -1.992067694664E-02));
#4894 = VECTOR('',#4895,1.);
#4895 = DIRECTION('',(-9.654393980495E-02,0.994888589711,
    2.959665100364E-02));
#4896 = ORIENTED_EDGE('',*,*,#4277,.F.);
#4897 = ORIENTED_EDGE('',*,*,#4327,.F.);
#4898 = PLANE('',#4899);
#4899 = AXIS2_PLACEMENT_3D('',#4900,#4901,#4902);
#4900 = CARTESIAN_POINT('',(0.285989068653,1.309854970322,
    -1.691849144591E-02));
#4901 = DIRECTION('',(-0.1006556094,-3.934209119972E-02,0.994143172866)
  );
#4902 = DIRECTION('',(0.994913434611,8.673617379884E-19,0.100733597328)
  );
#4903 = ADVANCED_FACE('',(#4904),#4909,.T.);
#4904 = FACE_BOUND('',#4905,.T.);
#4905 = EDGE_LOOP('',(#4906,#4907,#4908));
#4906 = ORIENTED_EDGE('',*,*,#4024,.F.);
#4907 = ORIENTED_EDGE('',*,*,#4642,.F.);
#4908 = ORIENTED_EDGE('',*,*,#3265,.F.);
#4909 = PLANE('',#4910);
#4910 = AXIS2_PLACEMENT_3D('',#4911,#4912,#4913);
#4911 = CARTESIAN_POINT('',(0.412571077099,0.993872347118,
    4.622585701934E-02));
#4912 = DIRECTION('',(-0.925738423254,0.318098130383,0.204504159271));
#4913 = DIRECTION('',(-0.324966062258,-0.945725678186,0.));
#4914 = ADVANCED_FACE('',(#4915),#4930,.T.);
#4915 = FACE_BOUND('',#4916,.T.);
#4916 = EDGE_LOOP('',(#4917,#4923,#4929));
#4917 = ORIENTED_EDGE('',*,*,#4918,.T.);
#4918 = EDGE_CURVE('',#3340,#4565,#4919,.T.);
#4919 = LINE('',#4920,#4921);
#4920 = CARTESIAN_POINT('',(-5.46709576156E-04,0.183951973915,
    0.864651679993));
#4921 = VECTOR('',#4922,1.);
#4922 = DIRECTION('',(2.438959897012E-03,0.998070223249,
    -6.204740879154E-02));
#4923 = ORIENTED_EDGE('',*,*,#4924,.T.);
#4924 = EDGE_CURVE('',#4565,#3084,#4925,.T.);
#4925 = LINE('',#4926,#4927);
#4926 = CARTESIAN_POINT('',(-8.023011588421E-09,0.407672971487,
    0.850743532181));
#4927 = VECTOR('',#4928,1.);
#4928 = DIRECTION('',(0.863658016868,-0.488099715325,-0.125910673886));
#4929 = ORIENTED_EDGE('',*,*,#3347,.F.);
#4930 = PLANE('',#4931);
#4931 = AXIS2_PLACEMENT_3D('',#4932,#4933,#4934);
#4932 = CARTESIAN_POINT('',(6.120276537954E-02,0.297323455323,
    0.846497308403));
#4933 = DIRECTION('',(-0.177466666015,-6.063069295085E-02,
    -0.982257349947));
#4934 = DIRECTION('',(-0.984067771677,0.,0.17779375902));
#4935 = ADVANCED_FACE('',(#4936),#4941,.T.);
#4936 = FACE_BOUND('',#4937,.T.);
#4937 = EDGE_LOOP('',(#4938,#4939,#4940));
#4938 = ORIENTED_EDGE('',*,*,#4209,.F.);
#4939 = ORIENTED_EDGE('',*,*,#4871,.F.);
#4940 = ORIENTED_EDGE('',*,*,#3172,.F.);
#4941 = PLANE('',#4942);
#4942 = AXIS2_PLACEMENT_3D('',#4943,#4944,#4945);
#4943 = CARTESIAN_POINT('',(0.235219914638,0.631767832105,
    -2.596837313472E-02));
#4944 = DIRECTION('',(-2.811840596747E-02,-9.267248542956E-03,
    0.999561640596));
#4945 = DIRECTION('',(0.999604565485,0.,2.811961347625E-02));
#4946 = ADVANCED_FACE('',(#4947),#4952,.T.);
#4947 = FACE_BOUND('',#4948,.T.);
#4948 = EDGE_LOOP('',(#4949,#4950,#4951));
#4949 = ORIENTED_EDGE('',*,*,#2779,.F.);
#4950 = ORIENTED_EDGE('',*,*,#4239,.F.);
#4951 = ORIENTED_EDGE('',*,*,#4358,.F.);
#4952 = PLANE('',#4953);
#4953 = AXIS2_PLACEMENT_3D('',#4954,#4955,#4956);
#4954 = CARTESIAN_POINT('',(0.460571418514,0.359842709351,0.303887096132
    ));
#4955 = DIRECTION('',(-0.978526823239,-0.185104362988,
    -9.067320995817E-02));
#4956 = DIRECTION('',(0.185870017316,-0.982574341545,0.));
#4957 = ADVANCED_FACE('',(#4958),#4973,.T.);
#4958 = FACE_BOUND('',#4959,.T.);
#4959 = EDGE_LOOP('',(#4960,#4966,#4972));
#4960 = ORIENTED_EDGE('',*,*,#4961,.T.);
#4961 = EDGE_CURVE('',#3942,#2997,#4962,.T.);
#4962 = LINE('',#4963,#4964);
#4963 = CARTESIAN_POINT('',(0.203726276755,-6.101083755493E-02,
    -2.010580897331E-02));
#4964 = VECTOR('',#4965,1.);
#4965 = DIRECTION('',(0.858332711225,-0.494820536869,0.135711433318));
#4966 = ORIENTED_EDGE('',*,*,#4967,.T.);
#4967 = EDGE_CURVE('',#2997,#3854,#4968,.T.);
#4968 = LINE('',#4969,#4970);
#4969 = CARTESIAN_POINT('',(0.430020928383,-0.191467523575,
    1.567375659943E-02));
#4970 = VECTOR('',#4971,1.);
#4971 = DIRECTION('',(-0.154954942355,0.979849422242,-0.126032041846));
#4972 = ORIENTED_EDGE('',*,*,#3984,.F.);
#4973 = PLANE('',#4974);
#4974 = AXIS2_PLACEMENT_3D('',#4975,#4976,#4977);
#4975 = CARTESIAN_POINT('',(0.343242894331,-6.514740555477E-02,
    -6.745312002178E-03));
#4976 = DIRECTION('',(-9.140343004981E-02,0.112806297331,0.989403937862)
  );
#4977 = DIRECTION('',(0.,0.993563047466,-0.113280495721));
#4978 = ADVANCED_FACE('',(#4979),#4984,.T.);
#4979 = FACE_BOUND('',#4980,.T.);
#4980 = EDGE_LOOP('',(#4981,#4982,#4983));
#4981 = ORIENTED_EDGE('',*,*,#3900,.F.);
#4982 = ORIENTED_EDGE('',*,*,#4489,.F.);
#4983 = ORIENTED_EDGE('',*,*,#4768,.F.);
#4984 = PLANE('',#4985);
#4985 = AXIS2_PLACEMENT_3D('',#4986,#4987,#4988);
#4986 = CARTESIAN_POINT('',(0.298184376977,1.458391600615,0.404167696539
    ));
#4987 = DIRECTION('',(-0.469721686045,-0.213995830996,-0.856485447614));
#4988 = DIRECTION('',(-0.876796819749,-1.387778780781E-17,0.480861036973
    ));
#4989 = ADVANCED_FACE('',(#4990),#4995,.T.);
#4990 = FACE_BOUND('',#4991,.T.);
#4991 = EDGE_LOOP('',(#4992,#4993,#4994));
#4992 = ORIENTED_EDGE('',*,*,#4662,.F.);
#4993 = ORIENTED_EDGE('',*,*,#3163,.F.);
#4994 = ORIENTED_EDGE('',*,*,#3454,.F.);
#4995 = PLANE('',#4996);
#4996 = AXIS2_PLACEMENT_3D('',#4997,#4998,#4999);
#4997 = CARTESIAN_POINT('',(0.440067607084,0.366606405518,
    3.47682568957E-02));
#4998 = DIRECTION('',(-0.942033256503,-0.101554070824,0.319781353961));
#4999 = DIRECTION('',(-0.321443208596,0.,-0.94692885881));
#5000 = ADVANCED_FACE('',(#5001),#5018,.T.);
#5001 = FACE_BOUND('',#5002,.T.);
#5002 = EDGE_LOOP('',(#5003,#5011,#5012));
#5003 = ORIENTED_EDGE('',*,*,#5004,.T.);
#5004 = EDGE_CURVE('',#5005,#3507,#5007,.T.);
#5005 = VERTEX_POINT('',#5006);
#5006 = CARTESIAN_POINT('',(0.309277743101,1.731035232544,0.108997687697
    ));
#5007 = LINE('',#5008,#5009);
#5008 = CARTESIAN_POINT('',(0.309277743101,1.731035232544,0.108997687697
    ));
#5009 = VECTOR('',#5010,1.);
#5010 = DIRECTION('',(0.394906860896,-0.67997930691,-0.617799897533));
#5011 = ORIENTED_EDGE('',*,*,#3506,.F.);
#5012 = ORIENTED_EDGE('',*,*,#5013,.T.);
#5013 = EDGE_CURVE('',#3499,#5005,#5014,.T.);
#5014 = LINE('',#5015,#5016);
#5015 = CARTESIAN_POINT('',(0.297684848309,1.732640028,0.262356221676));
#5016 = VECTOR('',#5017,1.);
#5017 = DIRECTION('',(7.537424554573E-02,-1.043399848878E-02,
    -0.997100724493));
#5018 = PLANE('',#5019);
#5019 = AXIS2_PLACEMENT_3D('',#5020,#5021,#5022);
#5020 = CARTESIAN_POINT('',(0.326870364741,1.693944106745,0.131558534786
    ));
#5021 = DIRECTION('',(-0.886584718704,-0.458362052925,
    -6.222350841108E-02));
#5022 = DIRECTION('',(0.459251973008,-0.888306042582,0.));
#5023 = ADVANCED_FACE('',(#5024),#5048,.T.);
#5024 = FACE_BOUND('',#5025,.T.);
#5025 = EDGE_LOOP('',(#5026,#5034,#5042));
#5026 = ORIENTED_EDGE('',*,*,#5027,.T.);
#5027 = EDGE_CURVE('',#5028,#3577,#5030,.T.);
#5028 = VERTEX_POINT('',#5029);
#5029 = CARTESIAN_POINT('',(0.198845729232,1.787934184074,
    8.443716168404E-02));
#5030 = LINE('',#5031,#5032);
#5031 = CARTESIAN_POINT('',(0.198845729232,1.787934184074,
    8.443716168404E-02));
#5032 = VECTOR('',#5033,1.);
#5033 = DIRECTION('',(-0.66912098243,0.251069119812,0.699457938655));
#5034 = ORIENTED_EDGE('',*,*,#5035,.T.);
#5035 = EDGE_CURVE('',#3577,#5036,#5038,.T.);
#5036 = VERTEX_POINT('',#5037);
#5037 = CARTESIAN_POINT('',(-7.361821481027E-04,1.865879297256,
    0.111267760396));
#5038 = LINE('',#5039,#5040);
#5039 = CARTESIAN_POINT('',(-8.274902356789E-04,1.862856030464,
    0.293163269758));
#5040 = VECTOR('',#5041,1.);
#5041 = DIRECTION('',(5.01911602354E-04,1.661860104998E-02,
    -0.999861775539));
#5042 = ORIENTED_EDGE('',*,*,#5043,.T.);
#5043 = EDGE_CURVE('',#5036,#5028,#5044,.T.);
#5044 = LINE('',#5045,#5046);
#5045 = CARTESIAN_POINT('',(-7.361821481027E-04,1.865879297256,
    0.111267760396));
#5046 = VECTOR('',#5047,1.);
#5047 = DIRECTION('',(0.924265128554,-0.360964325661,-0.12425267699));
#5048 = PLANE('',#5049);
#5049 = AXIS2_PLACEMENT_3D('',#5050,#5051,#5052);
#5050 = CARTESIAN_POINT('',(7.294992063788E-02,1.836046655624,
    0.164099436123));
#5051 = DIRECTION('',(-0.365563843453,-0.930654660336,
    -1.565182271463E-02));
#5052 = DIRECTION('',(-0.930768676968,0.365608629515,0.));
#5053 = ADVANCED_FACE('',(#5054),#5069,.T.);
#5054 = FACE_BOUND('',#5055,.T.);
#5055 = EDGE_LOOP('',(#5056,#5062,#5068));
#5056 = ORIENTED_EDGE('',*,*,#5057,.T.);
#5057 = EDGE_CURVE('',#3499,#5028,#5058,.T.);
#5058 = LINE('',#5059,#5060);
#5059 = CARTESIAN_POINT('',(0.297684848309,1.732640028,0.262356221676));
#5060 = VECTOR('',#5061,1.);
#5061 = DIRECTION('',(-0.468638166259,0.262173035835,-0.843589691975));
#5062 = ORIENTED_EDGE('',*,*,#5063,.T.);
#5063 = EDGE_CURVE('',#5028,#5005,#5064,.T.);
#5064 = LINE('',#5065,#5066);
#5065 = CARTESIAN_POINT('',(0.198845729232,1.787934184074,
    8.443716168404E-02));
#5066 = VECTOR('',#5067,1.);
#5067 = DIRECTION('',(0.872062845037,-0.449321349967,0.19395029974));
#5068 = ORIENTED_EDGE('',*,*,#5013,.F.);
#5069 = PLANE('',#5070);
#5070 = AXIS2_PLACEMENT_3D('',#5071,#5072,#5073);
#5071 = CARTESIAN_POINT('',(0.267043329588,1.751174833797,0.157478387859
    ));
#5072 = DIRECTION('',(-0.453484014457,-0.890914905226,-2.49575695521E-02
    ));
#5073 = DIRECTION('',(-0.891192501577,0.453625313594,0.));
#5074 = ADVANCED_FACE('',(#5075),#5080,.T.);
#5075 = FACE_BOUND('',#5076,.T.);
#5076 = EDGE_LOOP('',(#5077,#5078,#5079));
#5077 = ORIENTED_EDGE('',*,*,#5027,.F.);
#5078 = ORIENTED_EDGE('',*,*,#5057,.F.);
#5079 = ORIENTED_EDGE('',*,*,#3584,.F.);
#5080 = PLANE('',#5081);
#5081 = AXIS2_PLACEMENT_3D('',#5082,#5083,#5084);
#5082 = CARTESIAN_POINT('',(0.155971151507,1.798165775663,0.219707916156
    ));
#5083 = DIRECTION('',(-0.404249619739,-0.912737920174,
    -5.909089622882E-02));
#5084 = DIRECTION('',(-0.914335624485,0.404957239469,3.469446951954E-18)
  );
#5085 = ADVANCED_FACE('',(#5086),#5103,.T.);
#5086 = FACE_BOUND('',#5087,.T.);
#5087 = EDGE_LOOP('',(#5088,#5089,#5097));
#5088 = ORIENTED_EDGE('',*,*,#5043,.F.);
#5089 = ORIENTED_EDGE('',*,*,#5090,.T.);
#5090 = EDGE_CURVE('',#5036,#5091,#5093,.T.);
#5091 = VERTEX_POINT('',#5092);
#5092 = CARTESIAN_POINT('',(-8.023011588421E-09,1.709140300751,
    -1.604306697845E-02));
#5093 = LINE('',#5094,#5095);
#5094 = CARTESIAN_POINT('',(-7.361821481027E-04,1.865879297256,
    0.111267760396));
#5095 = VECTOR('',#5096,1.);
#5096 = DIRECTION('',(3.645690754798E-03,-0.776204828452,-0.630470279416
    ));
#5097 = ORIENTED_EDGE('',*,*,#5098,.T.);
#5098 = EDGE_CURVE('',#5091,#5028,#5099,.T.);
#5099 = LINE('',#5100,#5101);
#5100 = CARTESIAN_POINT('',(-8.023011588421E-09,1.709140300751,
    -1.604306697845E-02));
#5101 = VECTOR('',#5102,1.);
#5102 = DIRECTION('',(0.841446580549,0.333428539159,0.425197673272));
#5103 = PLANE('',#5104);
#5104 = AXIS2_PLACEMENT_3D('',#5105,#5106,#5107);
#5105 = CARTESIAN_POINT('',(6.849823904969E-02,1.78643584754,
    5.934981130363E-02));
#5106 = DIRECTION('',(-0.140665946518,-0.624603712729,0.768168792346));
#5107 = DIRECTION('',(0.,0.775883310671,0.630876444498));
#5108 = ADVANCED_FACE('',(#5109),#5119,.T.);
#5109 = FACE_BOUND('',#5110,.T.);
#5110 = EDGE_LOOP('',(#5111,#5117,#5118));
#5111 = ORIENTED_EDGE('',*,*,#5112,.T.);
#5112 = EDGE_CURVE('',#3780,#2717,#5113,.T.);
#5113 = LINE('',#5114,#5115);
#5114 = CARTESIAN_POINT('',(0.290635406971,1.490549325943,
    -9.297281503677E-03));
#5115 = VECTOR('',#5116,1.);
#5116 = DIRECTION('',(0.52922238528,-0.840845394149,0.113590008612));
#5117 = ORIENTED_EDGE('',*,*,#2716,.F.);
#5118 = ORIENTED_EDGE('',*,*,#4720,.F.);
#5119 = PLANE('',#5120);
#5120 = AXIS2_PLACEMENT_3D('',#5121,#5122,#5123);
#5121 = CARTESIAN_POINT('',(0.415177549532,1.377936152881,
    1.437280536973E-02));
#5122 = DIRECTION('',(-0.155574809945,3.544175171577E-02,0.987188108086)
  );
#5123 = DIRECTION('',(0.987808705064,0.,0.155672612235));
#5124 = ADVANCED_FACE('',(#5125),#5135,.T.);
#5125 = FACE_BOUND('',#5126,.T.);
#5126 = EDGE_LOOP('',(#5127,#5133,#5134));
#5127 = ORIENTED_EDGE('',*,*,#5128,.T.);
#5128 = EDGE_CURVE('',#4017,#3780,#5129,.T.);
#5129 = LINE('',#5130,#5131);
#5130 = CARTESIAN_POINT('',(0.427417457104,1.057416319847,
    1.459151506424E-02));
#5131 = VECTOR('',#5132,1.);
#5132 = DIRECTION('',(-0.300722166542,0.952264539591,-5.252071198679E-02
    ));
#5133 = ORIENTED_EDGE('',*,*,#4891,.F.);
#5134 = ORIENTED_EDGE('',*,*,#4635,.F.);
#5135 = PLANE('',#5136);
#5136 = AXIS2_PLACEMENT_3D('',#5137,#5138,#5139);
#5137 = CARTESIAN_POINT('',(0.342061933394,1.263504881206,
    -4.643338916665E-03));
#5138 = DIRECTION('',(-0.361104742926,-6.272019099843E-02,0.930413640419
    ));
#5139 = DIRECTION('',(0.932249098463,0.,0.361817106305));
#5140 = ADVANCED_FACE('',(#5141),#5146,.T.);
#5141 = FACE_BOUND('',#5142,.T.);
#5142 = EDGE_LOOP('',(#5143,#5144,#5145));
#5143 = ORIENTED_EDGE('',*,*,#5112,.F.);
#5144 = ORIENTED_EDGE('',*,*,#5128,.F.);
#5145 = ORIENTED_EDGE('',*,*,#4016,.F.);
#5146 = PLANE('',#5147);
#5147 = AXIS2_PLACEMENT_3D('',#5148,#5149,#5150);
#5148 = CARTESIAN_POINT('',(0.383730810295,1.275742055913,
    8.988931623713E-03));
#5149 = DIRECTION('',(-0.246930503815,-2.455147651878E-02,0.968722122844
    ));
#5150 = DIRECTION('',(0.969014215638,0.,0.247004959244));
#5151 = ADVANCED_FACE('',(#5152),#5162,.T.);
#5152 = FACE_BOUND('',#5153,.T.);
#5153 = EDGE_LOOP('',(#5154,#5160,#5161));
#5154 = ORIENTED_EDGE('',*,*,#5155,.T.);
#5155 = EDGE_CURVE('',#3854,#2911,#5156,.T.);
#5156 = LINE('',#5157,#5158);
#5157 = CARTESIAN_POINT('',(0.389155894518,6.694036722183E-02,
    -1.756367087364E-02));
#5158 = VECTOR('',#5159,1.);
#5159 = DIRECTION('',(0.95543612219,0.135555933621,0.262233493808));
#5160 = ORIENTED_EDGE('',*,*,#4668,.F.);
#5161 = ORIENTED_EDGE('',*,*,#3853,.F.);
#5162 = PLANE('',#5163);
#5163 = AXIS2_PLACEMENT_3D('',#5164,#5165,#5166);
#5164 = CARTESIAN_POINT('',(0.445038791033,0.137083401143,
    -1.13759275962E-03));
#5165 = DIRECTION('',(-0.262411597921,-1.687550344488E-02,0.964808463199
    ));
#5166 = DIRECTION('',(0.964945872888,0.,0.262448971034));
#5167 = ADVANCED_FACE('',(#5168),#5178,.T.);
#5168 = FACE_BOUND('',#5169,.T.);
#5169 = EDGE_LOOP('',(#5170,#5176,#5177));
#5170 = ORIENTED_EDGE('',*,*,#5171,.T.);
#5171 = EDGE_CURVE('',#2989,#3854,#5172,.T.);
#5172 = LINE('',#5173,#5174);
#5173 = CARTESIAN_POINT('',(0.49026286602,-5.092531442642E-02,
    3.043174743652E-02));
#5174 = VECTOR('',#5175,1.);
#5175 = DIRECTION('',(-0.622052492123,0.725159105408,-0.295287942332));
#5176 = ORIENTED_EDGE('',*,*,#4967,.F.);
#5177 = ORIENTED_EDGE('',*,*,#2996,.F.);
#5178 = PLANE('',#5179);
#5179 = AXIS2_PLACEMENT_3D('',#5180,#5181,#5182);
#5180 = CARTESIAN_POINT('',(0.431423645273,-5.817917841161E-02,
    7.480734413742E-03));
#5181 = DIRECTION('',(-0.369228374308,6.088796368476E-02,0.927341934501)
  );
#5182 = DIRECTION('',(0.92906571681,0.,0.369914711587));
#5183 = ADVANCED_FACE('',(#5184),#5189,.T.);
#5184 = FACE_BOUND('',#5185,.T.);
#5185 = EDGE_LOOP('',(#5186,#5187,#5188));
#5186 = ORIENTED_EDGE('',*,*,#5155,.F.);
#5187 = ORIENTED_EDGE('',*,*,#5171,.F.);
#5188 = ORIENTED_EDGE('',*,*,#3876,.F.);
#5189 = PLANE('',#5190);
#5190 = AXIS2_PLACEMENT_3D('',#5191,#5192,#5193);
#5191 = CARTESIAN_POINT('',(0.461263077941,3.039179052882E-02,
    9.390379744094E-03));
#5192 = DIRECTION('',(-0.280982453366,0.145265530174,0.948655251735));
#5193 = DIRECTION('',(0.95882579934,-6.938893903907E-18,0.283994870588)
  );
#5194 = ADVANCED_FACE('',(#5195),#5200,.T.);
#5195 = FACE_BOUND('',#5196,.T.);
#5196 = EDGE_LOOP('',(#5197,#5198,#5199));
#5197 = ORIENTED_EDGE('',*,*,#2866,.F.);
#5198 = ORIENTED_EDGE('',*,*,#4754,.F.);
#5199 = ORIENTED_EDGE('',*,*,#4403,.F.);
#5200 = PLANE('',#5201);
#5201 = AXIS2_PLACEMENT_3D('',#5202,#5203,#5204);
#5202 = CARTESIAN_POINT('',(0.178350372489,-0.280689536667,0.57043852884
    ));
#5203 = DIRECTION('',(-0.146131545533,0.919482921449,0.364961269951));
#5204 = DIRECTION('',(-6.938893903907E-18,-0.368921581375,0.929460524603
    ));
#5205 = ADVANCED_FACE('',(#5206),#5216,.T.);
#5206 = FACE_BOUND('',#5207,.T.);
#5207 = EDGE_LOOP('',(#5208,#5214,#5215));
#5208 = ORIENTED_EDGE('',*,*,#5209,.T.);
#5209 = EDGE_CURVE('',#4565,#3074,#5210,.T.);
#5210 = LINE('',#5211,#5212);
#5211 = CARTESIAN_POINT('',(-8.023011588421E-09,0.407672971487,
    0.850743532181));
#5212 = VECTOR('',#5213,1.);
#5213 = DIRECTION('',(0.945909274301,-8.912155323292E-02,-0.311950306204
    ));
#5214 = ORIENTED_EDGE('',*,*,#3091,.F.);
#5215 = ORIENTED_EDGE('',*,*,#4924,.F.);
#5216 = PLANE('',#5217);
#5217 = AXIS2_PLACEMENT_3D('',#5218,#5219,#5220);
#5218 = CARTESIAN_POINT('',(0.162524470015,0.369056840083,0.8062497422)
  );
#5219 = DIRECTION('',(-0.323143469159,-0.344397779742,-0.881458148552));
#5220 = DIRECTION('',(0.,-0.931429344789,0.363922211008));
#5221 = ADVANCED_FACE('',(#5222),#5227,.T.);
#5222 = FACE_BOUND('',#5223,.T.);
#5223 = EDGE_LOOP('',(#5224,#5225,#5226));
#5224 = ORIENTED_EDGE('',*,*,#4816,.F.);
#5225 = ORIENTED_EDGE('',*,*,#5209,.F.);
#5226 = ORIENTED_EDGE('',*,*,#4573,.F.);
#5227 = PLANE('',#5228);
#5228 = AXIS2_PLACEMENT_3D('',#5229,#5230,#5231);
#5229 = CARTESIAN_POINT('',(0.16936335827,0.426639471024,0.78785583764)
  );
#5230 = DIRECTION('',(-0.323513064528,-0.186816864854,-0.927598380812));
#5231 = DIRECTION('',(-0.944221631883,0.,0.329310658624));
#5232 = ADVANCED_FACE('',(#5233),#5248,.T.);
#5233 = FACE_BOUND('',#5234,.T.);
#5234 = EDGE_LOOP('',(#5235,#5236,#5242));
#5235 = ORIENTED_EDGE('',*,*,#3362,.F.);
#5236 = ORIENTED_EDGE('',*,*,#5237,.T.);
#5237 = EDGE_CURVE('',#3363,#2828,#5238,.T.);
#5238 = LINE('',#5239,#5240);
#5239 = CARTESIAN_POINT('',(0.192421168089,0.11005628109,0.785353064537)
  );
#5240 = VECTOR('',#5241,1.);
#5241 = DIRECTION('',(-0.830451643418,-0.549613373091,
    -9.096817061453E-02));
#5242 = ORIENTED_EDGE('',*,*,#5243,.T.);
#5243 = EDGE_CURVE('',#2828,#3340,#5244,.T.);
#5244 = LINE('',#5245,#5246);
#5245 = CARTESIAN_POINT('',(-8.023011588421E-09,-1.729279756546E-02,
    0.76427513361));
#5246 = VECTOR('',#5247,1.);
#5247 = DIRECTION('',(-2.430980465037E-03,0.894861383412,0.446337534622)
  );
#5248 = PLANE('',#5249);
#5249 = AXIS2_PLACEMENT_3D('',#5250,#5251,#5252);
#5250 = CARTESIAN_POINT('',(6.411442419853E-02,9.148952425179E-02,
    0.804352435036));
#5251 = DIRECTION('',(-0.193348328272,0.437495857395,-0.878187792398));
#5252 = DIRECTION('',(0.,-0.895077751256,-0.445910102157));
#5253 = ADVANCED_FACE('',(#5254),#5264,.T.);
#5254 = FACE_BOUND('',#5255,.T.);
#5255 = EDGE_LOOP('',(#5256,#5262,#5263));
#5256 = ORIENTED_EDGE('',*,*,#5257,.T.);
#5257 = EDGE_CURVE('',#2828,#3704,#5258,.T.);
#5258 = LINE('',#5259,#5260);
#5259 = CARTESIAN_POINT('',(-8.023011588421E-09,-1.729279756546E-02,
    0.76427513361));
#5260 = VECTOR('',#5261,1.);
#5261 = DIRECTION('',(0.952326616529,0.138761702657,-0.271696899736));
#5262 = ORIENTED_EDGE('',*,*,#4791,.F.);
#5263 = ORIENTED_EDGE('',*,*,#2835,.F.);
#5264 = PLANE('',#5265);
#5265 = AXIS2_PLACEMENT_3D('',#5266,#5267,#5268);
#5266 = CARTESIAN_POINT('',(0.194212656923,-1.677420994841E-02,
    0.704935627802));
#5267 = DIRECTION('',(-0.289892343075,0.134094154968,-0.947618692845));
#5268 = DIRECTION('',(-0.956255018561,0.,0.29253433897));
#5269 = ADVANCED_FACE('',(#5270),#5275,.T.);
#5270 = FACE_BOUND('',#5271,.T.);
#5271 = EDGE_LOOP('',(#5272,#5273,#5274));
#5272 = ORIENTED_EDGE('',*,*,#3703,.F.);
#5273 = ORIENTED_EDGE('',*,*,#5257,.F.);
#5274 = ORIENTED_EDGE('',*,*,#5237,.F.);
#5275 = PLANE('',#5276);
#5276 = AXIS2_PLACEMENT_3D('',#5277,#5278,#5279);
#5277 = CARTESIAN_POINT('',(0.192169707797,3.756912794917E-02,
    0.729998835512));
#5278 = DIRECTION('',(-0.300557431216,0.579513206891,-0.757515460951));
#5279 = DIRECTION('',(0.,-0.794238076302,-0.60760668047));
#5280 = ADVANCED_FACE('',(#5281),#5291,.T.);
#5281 = FACE_BOUND('',#5282,.T.);
#5282 = EDGE_LOOP('',(#5283,#5284,#5285));
#5283 = ORIENTED_EDGE('',*,*,#3393,.F.);
#5284 = ORIENTED_EDGE('',*,*,#4549,.F.);
#5285 = ORIENTED_EDGE('',*,*,#5286,.T.);
#5286 = EDGE_CURVE('',#4542,#2936,#5287,.T.);
#5287 = LINE('',#5288,#5289);
#5288 = CARTESIAN_POINT('',(-8.023011588421E-09,0.530650317669,
    0.794210791588));
#5289 = VECTOR('',#5290,1.);
#5290 = DIRECTION('',(-2.198942833171E-03,0.882747710289,-0.46984214863)
  );
#5291 = PLANE('',#5292);
#5292 = AXIS2_PLACEMENT_3D('',#5293,#5294,#5295);
#5293 = CARTESIAN_POINT('',(3.012359921193E-02,0.673884321024,
    0.712724095392));
#5294 = DIRECTION('',(-0.150305241918,-0.46479742959,-0.872566148609));
#5295 = DIRECTION('',(0.,-0.88259272123,0.470138371579));
#5296 = ADVANCED_FACE('',(#5297),#5307,.T.);
#5297 = FACE_BOUND('',#5298,.T.);
#5298 = EDGE_LOOP('',(#5299,#5305,#5306));
#5299 = ORIENTED_EDGE('',*,*,#5300,.T.);
#5300 = EDGE_CURVE('',#2997,#3934,#5301,.T.);
#5301 = LINE('',#5302,#5303);
#5302 = CARTESIAN_POINT('',(0.430020928383,-0.191467523575,
    1.567375659943E-02));
#5303 = VECTOR('',#5304,1.);
#5304 = DIRECTION('',(-0.991187908817,-0.13236645382,-5.064713076213E-03
    ));
#5305 = ORIENTED_EDGE('',*,*,#4140,.F.);
#5306 = ORIENTED_EDGE('',*,*,#3105,.F.);
#5307 = PLANE('',#5308);
#5308 = AXIS2_PLACEMENT_3D('',#5309,#5310,#5311);
#5309 = CARTESIAN_POINT('',(0.215074004939,-0.220612518241,
    1.66293193812E-02));
#5310 = DIRECTION('',(-0.130521591704,0.96942174113,0.207811457632));
#5311 = DIRECTION('',(3.469446951954E-18,-0.209604526464,0.977786245805)
  );
#5312 = ADVANCED_FACE('',(#5313),#5318,.T.);
#5313 = FACE_BOUND('',#5314,.T.);
#5314 = EDGE_LOOP('',(#5315,#5316,#5317));
#5315 = ORIENTED_EDGE('',*,*,#3941,.F.);
#5316 = ORIENTED_EDGE('',*,*,#5300,.F.);
#5317 = ORIENTED_EDGE('',*,*,#4961,.F.);
#5318 = PLANE('',#5319);
#5319 = AXIS2_PLACEMENT_3D('',#5320,#5321,#5322);
#5320 = CARTESIAN_POINT('',(0.210166417269,-0.176176777972,
    4.928823708275E-03));
#5321 = DIRECTION('',(-3.31076511036E-02,0.210533309674,0.977025899839)
  );
#5322 = DIRECTION('',(0.,0.977561807577,-0.210648789141));
#5323 = ADVANCED_FACE('',(#5324),#5339,.T.);
#5324 = FACE_BOUND('',#5325,.T.);
#5325 = EDGE_LOOP('',(#5326,#5332,#5338));
#5326 = ORIENTED_EDGE('',*,*,#5327,.T.);
#5327 = EDGE_CURVE('',#3778,#5091,#5328,.T.);
#5328 = LINE('',#5329,#5330);
#5329 = CARTESIAN_POINT('',(0.219815596938,1.610309123993,
    -1.911261677742E-02));
#5330 = VECTOR('',#5331,1.);
#5331 = DIRECTION('',(-0.911980787422,0.410035194805,1.273508513278E-02)
  );
#5332 = ORIENTED_EDGE('',*,*,#5333,.T.);
#5333 = EDGE_CURVE('',#5091,#3808,#5334,.T.);
#5334 = LINE('',#5335,#5336);
#5335 = CARTESIAN_POINT('',(-8.023011588421E-09,1.709140300751,
    -1.604306697845E-02));
#5336 = VECTOR('',#5337,1.);
#5337 = DIRECTION('',(0.,-0.997488977394,-7.082188911938E-02));
#5338 = ORIENTED_EDGE('',*,*,#3816,.F.);
#5339 = PLANE('',#5340);
#5340 = AXIS2_PLACEMENT_3D('',#5341,#5342,#5343);
#5341 = CARTESIAN_POINT('',(7.554578657309E-02,1.600581719866,
    -2.239408248817E-02));
#5342 = DIRECTION('',(-1.791017960729E-02,-7.08105292791E-02,
    0.997328980031));
#5343 = DIRECTION('',(0.,0.997488977394,7.082188911938E-02));
#5344 = ADVANCED_FACE('',(#5345),#5355,.T.);
#5345 = FACE_BOUND('',#5346,.T.);
#5346 = EDGE_LOOP('',(#5347,#5353,#5354));
#5347 = ORIENTED_EDGE('',*,*,#5348,.T.);
#5348 = EDGE_CURVE('',#5005,#3778,#5349,.T.);
#5349 = LINE('',#5350,#5351);
#5350 = CARTESIAN_POINT('',(0.309277743101,1.731035232544,0.108997687697
    ));
#5351 = VECTOR('',#5352,1.);
#5352 = DIRECTION('',(-0.453064260336,-0.611394734195,-0.648790609522));
#5353 = ORIENTED_EDGE('',*,*,#3793,.F.);
#5354 = ORIENTED_EDGE('',*,*,#5004,.F.);
#5355 = PLANE('',#5356);
#5356 = AXIS2_PLACEMENT_3D('',#5357,#5358,#5359);
#5357 = CARTESIAN_POINT('',(0.296029077391,1.657686314117,
    3.590820987402E-02));
#5358 = DIRECTION('',(-8.235981857262E-02,-0.695951078667,0.713350514395
    ));
#5359 = DIRECTION('',(6.938893903907E-18,0.715782270721,0.698323521672)
  );
#5360 = ADVANCED_FACE('',(#5361),#5371,.T.);
#5361 = FACE_BOUND('',#5362,.T.);
#5362 = EDGE_LOOP('',(#5363,#5369,#5370));
#5363 = ORIENTED_EDGE('',*,*,#5364,.T.);
#5364 = EDGE_CURVE('',#5091,#5005,#5365,.T.);
#5365 = LINE('',#5366,#5367);
#5366 = CARTESIAN_POINT('',(-8.023011588421E-09,1.709140300751,
    -1.604306697845E-02));
#5367 = VECTOR('',#5368,1.);
#5368 = DIRECTION('',(0.925105553027,6.549169124332E-02,0.374019456896)
  );
#5369 = ORIENTED_EDGE('',*,*,#5063,.F.);
#5370 = ORIENTED_EDGE('',*,*,#5098,.F.);
#5371 = PLANE('',#5372);
#5372 = AXIS2_PLACEMENT_3D('',#5373,#5374,#5375);
#5373 = CARTESIAN_POINT('',(0.153981872233,1.736884819169,
    5.143965443991E-02));
#5374 = DIRECTION('',(-0.342991755986,-0.278450936555,0.897118571459));
#5375 = DIRECTION('',(0.934060228792,1.387778780781E-17,0.35711551211));
#5376 = ADVANCED_FACE('',(#5377),#5382,.T.);
#5377 = FACE_BOUND('',#5378,.T.);
#5378 = EDGE_LOOP('',(#5379,#5380,#5381));
#5379 = ORIENTED_EDGE('',*,*,#5327,.F.);
#5380 = ORIENTED_EDGE('',*,*,#5348,.F.);
#5381 = ORIENTED_EDGE('',*,*,#5364,.F.);
#5382 = PLANE('',#5383);
#5383 = AXIS2_PLACEMENT_3D('',#5384,#5385,#5386);
#5384 = CARTESIAN_POINT('',(0.168770255574,1.688634938464,
    2.610699084739E-02));
#5385 = DIRECTION('',(-0.261368102117,-0.604689522627,0.752354501828));
#5386 = DIRECTION('',(0.,0.779448763611,0.626465980644));
#5387 = ADVANCED_FACE('',(#5388),#5403,.T.);
#5388 = FACE_BOUND('',#5389,.T.);
#5389 = EDGE_LOOP('',(#5390,#5396,#5397));
#5390 = ORIENTED_EDGE('',*,*,#5391,.T.);
#5391 = EDGE_CURVE('',#3605,#1755,#5392,.T.);
#5392 = LINE('',#5393,#5394);
#5393 = CARTESIAN_POINT('',(-8.023011588421E-09,1.586990237236,
    0.441496133804));
#5394 = VECTOR('',#5395,1.);
#5395 = DIRECTION('',(0.,-0.981495690923,0.191484225721));
#5396 = ORIENTED_EDGE('',*,*,#1802,.F.);
#5397 = ORIENTED_EDGE('',*,*,#5398,.T.);
#5398 = EDGE_CURVE('',#900,#3605,#5399,.T.);
#5399 = LINE('',#5400,#5401);
#5400 = CARTESIAN_POINT('',(-8.023011588421E-09,1.587753772736,
    0.443319380283));
#5401 = VECTOR('',#5402,1.);
#5402 = DIRECTION('',(0.,-0.386274131272,-0.922384028217));
#5403 = PLANE('',#5404);
#5404 = AXIS2_PLACEMENT_3D('',#5405,#5406,#5407);
#5405 = CARTESIAN_POINT('',(-8.023011588421E-09,1.458882183715,
    0.466984567782));
#5406 = DIRECTION('',(-1.,-0.,-0.));
#5407 = DIRECTION('',(0.,0.,-1.));
#5408 = ADVANCED_FACE('',(#5409),#5419,.T.);
#5409 = FACE_BOUND('',#5410,.T.);
#5410 = EDGE_LOOP('',(#5411,#5417,#5418));
#5411 = ORIENTED_EDGE('',*,*,#5412,.T.);
#5412 = EDGE_CURVE('',#4439,#1755,#5413,.T.);
#5413 = LINE('',#5414,#5415);
#5414 = CARTESIAN_POINT('',(-8.023011588421E-09,1.328946352005,
    0.489816606045));
#5415 = VECTOR('',#5416,1.);
#5416 = DIRECTION('',(0.,0.240813508529,0.970571405982));
#5417 = ORIENTED_EDGE('',*,*,#5391,.F.);
#5418 = ORIENTED_EDGE('',*,*,#4467,.F.);
#5419 = PLANE('',#5420);
#5420 = AXIS2_PLACEMENT_3D('',#5421,#5422,#5423);
#5421 = CARTESIAN_POINT('',(-8.023011588421E-09,1.457601725188,
    0.466231480388));
#5422 = DIRECTION('',(-1.,-0.,-0.));
#5423 = DIRECTION('',(0.,0.,-1.));
#5424 = ADVANCED_FACE('',(#5425),#5435,.T.);
#5425 = FACE_BOUND('',#5426,.T.);
#5426 = EDGE_LOOP('',(#5427,#5433,#5434));
#5427 = ORIENTED_EDGE('',*,*,#5428,.T.);
#5428 = EDGE_CURVE('',#4439,#281,#5429,.T.);
#5429 = LINE('',#5430,#5431);
#5430 = CARTESIAN_POINT('',(-8.023011588421E-09,1.328946352005,
    0.489816606045));
#5431 = VECTOR('',#5432,1.);
#5432 = DIRECTION('',(0.,-0.976568126942,0.215208488309));
#5433 = ORIENTED_EDGE('',*,*,#1762,.F.);
#5434 = ORIENTED_EDGE('',*,*,#5412,.F.);
#5435 = PLANE('',#5436);
#5436 = AXIS2_PLACEMENT_3D('',#5437,#5438,#5439);
#5437 = CARTESIAN_POINT('',(-8.023011588421E-09,1.19246102655,
    0.520404657955));
#5438 = DIRECTION('',(-1.,-0.,-0.));
#5439 = DIRECTION('',(0.,0.,-1.));
#5440 = ADVANCED_FACE('',(#5441),#5451,.T.);
#5441 = FACE_BOUND('',#5442,.T.);
#5442 = EDGE_LOOP('',(#5443,#5449,#5450));
#5443 = ORIENTED_EDGE('',*,*,#5444,.T.);
#5444 = EDGE_CURVE('',#2944,#281,#5445,.T.);
#5445 = LINE('',#5446,#5447);
#5446 = CARTESIAN_POINT('',(-8.023011588421E-09,1.054484367371,
    0.548297762871));
#5447 = VECTOR('',#5448,1.);
#5448 = DIRECTION('',(0.,0.144944359173,0.98943980754));
#5449 = ORIENTED_EDGE('',*,*,#5428,.F.);
#5450 = ORIENTED_EDGE('',*,*,#4447,.F.);
#5451 = PLANE('',#5452);
#5452 = AXIS2_PLACEMENT_3D('',#5453,#5454,#5455);
#5453 = CARTESIAN_POINT('',(-8.023011588421E-09,1.191309037323,
    0.519645762566));
#5454 = DIRECTION('',(-1.,-0.,-0.));
#5455 = DIRECTION('',(0.,0.,-1.));
#5456 = ADVANCED_FACE('',(#5457),#5472,.T.);
#5457 = FACE_BOUND('',#5458,.T.);
#5458 = EDGE_LOOP('',(#5459,#5465,#5466));
#5459 = ORIENTED_EDGE('',*,*,#5460,.T.);
#5460 = EDGE_CURVE('',#3577,#900,#5461,.T.);
#5461 = LINE('',#5462,#5463);
#5462 = CARTESIAN_POINT('',(-8.274902356789E-04,1.862856030464,
    0.293163269758));
#5463 = VECTOR('',#5464,1.);
#5464 = DIRECTION('',(2.640214792803E-03,-0.877757901342,0.479097167491)
  );
#5465 = ORIENTED_EDGE('',*,*,#899,.F.);
#5466 = ORIENTED_EDGE('',*,*,#5467,.T.);
#5467 = EDGE_CURVE('',#892,#3577,#5468,.T.);
#5468 = LINE('',#5469,#5470);
#5469 = CARTESIAN_POINT('',(-8.023011588421E-09,1.864684700966,
    0.294166833162));
#5470 = VECTOR('',#5471,1.);
#5471 = DIRECTION('',(-0.368739809338,-0.814885929654,-0.447204511003));
#5472 = PLANE('',#5473);
#5473 = AXIS2_PLACEMENT_3D('',#5474,#5475,#5476);
#5474 = CARTESIAN_POINT('',(-2.072448946827E-04,1.726254320565,
    0.36822621338));
#5475 = DIRECTION('',(-0.90409601184,0.202634586911,0.37623081421));
#5476 = DIRECTION('',(-0.384201291847,-1.387778780781E-17,
    -0.923249352745));
#5477 = ADVANCED_FACE('',(#5478),#5483,.T.);
#5478 = FACE_BOUND('',#5479,.T.);
#5479 = EDGE_LOOP('',(#5480,#5481,#5482));
#5480 = ORIENTED_EDGE('',*,*,#5398,.F.);
#5481 = ORIENTED_EDGE('',*,*,#5460,.F.);
#5482 = ORIENTED_EDGE('',*,*,#3604,.F.);
#5483 = PLANE('',#5484);
#5484 = AXIS2_PLACEMENT_3D('',#5485,#5486,#5487);
#5485 = CARTESIAN_POINT('',(-4.124481161761E-04,1.724680946412,
    0.368020306764));
#5486 = DIRECTION('',(-0.999996477359,-2.448277091354E-03,
    1.025284564376E-03));
#5487 = DIRECTION('',(2.448278378179E-03,-0.999997002962,0.));
#5488 = ADVANCED_FACE('',(#5489),#5504,.T.);
#5489 = FACE_BOUND('',#5490,.T.);
#5490 = EDGE_LOOP('',(#5491,#5497,#5498));
#5491 = ORIENTED_EDGE('',*,*,#5492,.T.);
#5492 = EDGE_CURVE('',#3808,#2405,#5493,.T.);
#5493 = LINE('',#5494,#5495);
#5494 = CARTESIAN_POINT('',(-8.023011588421E-09,1.48478770256,
    -3.197214007378E-02));
#5495 = VECTOR('',#5496,1.);
#5496 = DIRECTION('',(0.,0.998023411701,6.284321519565E-02));
#5497 = ORIENTED_EDGE('',*,*,#2649,.F.);
#5498 = ORIENTED_EDGE('',*,*,#5499,.T.);
#5499 = EDGE_CURVE('',#1103,#3808,#5500,.T.);
#5500 = LINE('',#5501,#5502);
#5501 = CARTESIAN_POINT('',(-8.023011588421E-09,1.48507976532,
    -3.398224711418E-02));
#5502 = VECTOR('',#5503,1.);
#5503 = DIRECTION('',(0.,-0.14378728002,0.989608618649));
#5504 = PLANE('',#5505);
#5505 = AXIS2_PLACEMENT_3D('',#5506,#5507,#5508);
#5506 = CARTESIAN_POINT('',(-8.023011588421E-09,1.597020777381,
    -2.541430573326E-02));
#5507 = DIRECTION('',(-1.,-0.,-0.));
#5508 = DIRECTION('',(0.,0.,-1.));
#5509 = ADVANCED_FACE('',(#5510),#5520,.T.);
#5510 = FACE_BOUND('',#5511,.T.);
#5511 = EDGE_LOOP('',(#5512,#5518,#5519));
#5512 = ORIENTED_EDGE('',*,*,#5513,.T.);
#5513 = EDGE_CURVE('',#5091,#2405,#5514,.T.);
#5514 = LINE('',#5515,#5516);
#5515 = CARTESIAN_POINT('',(-8.023011588421E-09,1.709140300751,
    -1.604306697845E-02));
#5516 = VECTOR('',#5517,1.);
#5517 = DIRECTION('',(0.,0.489201661161,-0.87217070274));
#5518 = ORIENTED_EDGE('',*,*,#5492,.F.);
#5519 = ORIENTED_EDGE('',*,*,#5333,.F.);
#5520 = PLANE('',#5521);
#5521 = AXIS2_PLACEMENT_3D('',#5522,#5523,#5524);
#5522 = CARTESIAN_POINT('',(-8.023011588421E-09,1.597704168649,
    -2.441039225266E-02));
#5523 = DIRECTION('',(-1.,-0.,-0.));
#5524 = DIRECTION('',(0.,0.,-1.));
#5525 = ADVANCED_FACE('',(#5526),#5541,.T.);
#5526 = FACE_BOUND('',#5527,.T.);
#5527 = EDGE_LOOP('',(#5528,#5534,#5535));
#5528 = ORIENTED_EDGE('',*,*,#5529,.T.);
#5529 = EDGE_CURVE('',#3019,#1614,#5530,.T.);
#5530 = LINE('',#5531,#5532);
#5531 = CARTESIAN_POINT('',(-8.023011588421E-09,0.934853196144,
    -3.270748257637E-02));
#5532 = VECTOR('',#5533,1.);
#5533 = DIRECTION('',(0.,0.999932639913,-1.160670652264E-02));
#5534 = ORIENTED_EDGE('',*,*,#1613,.F.);
#5535 = ORIENTED_EDGE('',*,*,#5536,.T.);
#5536 = EDGE_CURVE('',#334,#3019,#5537,.T.);
#5537 = LINE('',#5538,#5539);
#5538 = CARTESIAN_POINT('',(-8.023011588421E-09,0.934864401817,
    -3.470620512962E-02));
#5539 = VECTOR('',#5540,1.);
#5540 = DIRECTION('',(0.,-5.606329450672E-03,0.999984284412));
#5541 = PLANE('',#5542);
#5542 = AXIS2_PLACEMENT_3D('',#5543,#5544,#5545);
#5543 = CARTESIAN_POINT('',(-8.023011588421E-09,1.027228341299,
    -3.428201646829E-02));
#5544 = DIRECTION('',(-1.,-0.,-0.));
#5545 = DIRECTION('',(0.,0.,-1.));
#5546 = ADVANCED_FACE('',(#5547),#5557,.T.);
#5547 = FACE_BOUND('',#5548,.T.);
#5548 = EDGE_LOOP('',(#5549,#5555,#5556));
#5549 = ORIENTED_EDGE('',*,*,#5550,.T.);
#5550 = EDGE_CURVE('',#4299,#1614,#5551,.T.);
#5551 = LINE('',#5552,#5553);
#5552 = CARTESIAN_POINT('',(-8.023011588421E-09,1.120568752289,
    -3.286585211754E-02));
#5553 = VECTOR('',#5554,1.);
#5554 = DIRECTION('',(0.,1.157647551055E-02,-0.999932990362));
#5555 = ORIENTED_EDGE('',*,*,#5529,.F.);
#5556 = ORIENTED_EDGE('',*,*,#4306,.F.);
#5557 = PLANE('',#5558);
#5558 = AXIS2_PLACEMENT_3D('',#5559,#5560,#5561);
#5559 = CARTESIAN_POINT('',(-8.023011588421E-09,1.028213499038,
    -3.328920736206E-02));
#5560 = DIRECTION('',(-1.,-0.,-0.));
#5561 = DIRECTION('',(0.,0.,-1.));
#5562 = ADVANCED_FACE('',(#5563),#5578,.T.);
#5563 = FACE_BOUND('',#5564,.T.);
#5564 = EDGE_LOOP('',(#5565,#5571,#5572));
#5565 = ORIENTED_EDGE('',*,*,#5566,.T.);
#5566 = EDGE_CURVE('',#2794,#1526,#5567,.T.);
#5567 = LINE('',#5568,#5569);
#5568 = CARTESIAN_POINT('',(-8.023011588421E-09,0.203261703253,
    -3.25383245945E-02));
#5569 = VECTOR('',#5570,1.);
#5570 = DIRECTION('',(0.,0.999987735571,-4.952646513175E-03));
#5571 = ORIENTED_EDGE('',*,*,#2192,.F.);
#5572 = ORIENTED_EDGE('',*,*,#5573,.T.);
#5573 = EDGE_CURVE('',#119,#2794,#5574,.T.);
#5574 = LINE('',#5575,#5576);
#5575 = CARTESIAN_POINT('',(-8.023011588421E-09,0.203265964985,
    -3.454473614693E-02));
#5576 = VECTOR('',#5577,1.);
#5577 = DIRECTION('',(0.,-2.124052008503E-03,0.999997744199));
#5578 = PLANE('',#5579);
#5579 = AXIS2_PLACEMENT_3D('',#5580,#5581,#5582);
#5580 = CARTESIAN_POINT('',(-8.023011588421E-09,0.41434246667,
    -3.40865242011E-02));
#5581 = DIRECTION('',(-1.,-0.,-0.));
#5582 = DIRECTION('',(0.,0.,-1.));
#5583 = ADVANCED_FACE('',(#5584),#5594,.T.);
#5584 = FACE_BOUND('',#5585,.T.);
#5585 = EDGE_LOOP('',(#5586,#5592,#5593));
#5586 = ORIENTED_EDGE('',*,*,#5587,.T.);
#5587 = EDGE_CURVE('',#4210,#1526,#5588,.T.);
#5588 = LINE('',#5589,#5590);
#5589 = CARTESIAN_POINT('',(-8.023011588421E-09,0.62641787529,
    -3.263488411903E-02));
#5590 = VECTOR('',#5591,1.);
#5591 = DIRECTION('',(0.,2.027335100007E-03,-0.999997944954));
#5592 = ORIENTED_EDGE('',*,*,#5566,.F.);
#5593 = ORIENTED_EDGE('',*,*,#4877,.F.);
#5594 = PLANE('',#5595);
#5595 = AXIS2_PLACEMENT_3D('',#5596,#5597,#5598);
#5596 = CARTESIAN_POINT('',(-8.023011588421E-09,0.415339429927,
    -3.308770876811E-02));
#5597 = DIRECTION('',(-1.,-0.,-0.));
#5598 = DIRECTION('',(0.,0.,-1.));
#5599 = ADVANCED_FACE('',(#5600),#5610,.T.);
#5600 = FACE_BOUND('',#5601,.T.);
#5601 = EDGE_LOOP('',(#5602,#5608,#5609));
#5602 = ORIENTED_EDGE('',*,*,#5603,.T.);
#5603 = EDGE_CURVE('',#4299,#1103,#5604,.T.);
#5604 = LINE('',#5605,#5606);
#5605 = CARTESIAN_POINT('',(-8.023011588421E-09,1.120568752289,
    -3.286585211754E-02));
#5606 = VECTOR('',#5607,1.);
#5607 = DIRECTION('',(0.,0.999995309908,-3.06270516044E-03));
#5608 = ORIENTED_EDGE('',*,*,#1621,.F.);
#5609 = ORIENTED_EDGE('',*,*,#5550,.F.);
#5610 = PLANE('',#5611);
#5611 = AXIS2_PLACEMENT_3D('',#5612,#5613,#5614);
#5612 = CARTESIAN_POINT('',(-8.023011588421E-09,1.302331976058,
    -3.392327019994E-02));
#5613 = DIRECTION('',(-1.,-0.,-0.));
#5614 = DIRECTION('',(0.,0.,-1.));
#5615 = ADVANCED_FACE('',(#5616),#5621,.T.);
#5616 = FACE_BOUND('',#5617,.T.);
#5617 = EDGE_LOOP('',(#5618,#5619,#5620));
#5618 = ORIENTED_EDGE('',*,*,#5499,.F.);
#5619 = ORIENTED_EDGE('',*,*,#5603,.F.);
#5620 = ORIENTED_EDGE('',*,*,#4298,.F.);
#5621 = PLANE('',#5622);
#5622 = AXIS2_PLACEMENT_3D('',#5623,#5624,#5625);
#5623 = CARTESIAN_POINT('',(-8.023011588421E-09,1.30325766247,
    -3.292187886215E-02));
#5624 = DIRECTION('',(-1.,-0.,-0.));
#5625 = DIRECTION('',(0.,0.,-1.));
#5626 = ADVANCED_FACE('',(#5627),#5637,.T.);
#5627 = FACE_BOUND('',#5628,.T.);
#5628 = EDGE_LOOP('',(#5629,#5635,#5636));
#5629 = ORIENTED_EDGE('',*,*,#5630,.T.);
#5630 = EDGE_CURVE('',#4210,#334,#5631,.T.);
#5631 = LINE('',#5632,#5633);
#5632 = CARTESIAN_POINT('',(-8.023011588421E-09,0.62641787529,
    -3.263488411903E-02));
#5633 = VECTOR('',#5634,1.);
#5634 = DIRECTION('',(0.,0.999977452917,-6.715181174712E-03));
#5635 = ORIENTED_EDGE('',*,*,#1533,.F.);
#5636 = ORIENTED_EDGE('',*,*,#5587,.F.);
#5637 = PLANE('',#5638);
#5638 = AXIS2_PLACEMENT_3D('',#5639,#5640,#5641);
#5639 = CARTESIAN_POINT('',(-8.023011588421E-09,0.780143963656,
    -3.416861205901E-02));
#5640 = DIRECTION('',(-1.,-0.,-0.));
#5641 = DIRECTION('',(0.,0.,-1.));
#5642 = ADVANCED_FACE('',(#5643),#5648,.T.);
#5643 = FACE_BOUND('',#5644,.T.);
#5644 = EDGE_LOOP('',(#5645,#5646,#5647));
#5645 = ORIENTED_EDGE('',*,*,#5536,.F.);
#5646 = ORIENTED_EDGE('',*,*,#5630,.F.);
#5647 = ORIENTED_EDGE('',*,*,#4218,.F.);
#5648 = PLANE('',#5649);
#5649 = AXIS2_PLACEMENT_3D('',#5650,#5651,#5652);
#5650 = CARTESIAN_POINT('',(-8.023011588421E-09,0.781136406297,
    -3.317260963753E-02));
#5651 = DIRECTION('',(-1.,-0.,-0.));
#5652 = DIRECTION('',(0.,0.,-1.));
#5653 = ADVANCED_FACE('',(#5654),#5664,.T.);
#5654 = FACE_BOUND('',#5655,.T.);
#5655 = EDGE_LOOP('',(#5656,#5662,#5663));
#5656 = ORIENTED_EDGE('',*,*,#5657,.T.);
#5657 = EDGE_CURVE('',#2944,#251,#5658,.T.);
#5658 = LINE('',#5659,#5660);
#5659 = CARTESIAN_POINT('',(-8.023011588421E-09,1.054484367371,
    0.548297762871));
#5660 = VECTOR('',#5661,1.);
#5661 = DIRECTION('',(0.,-0.931982253913,0.362503901209));
#5662 = ORIENTED_EDGE('',*,*,#280,.F.);
#5663 = ORIENTED_EDGE('',*,*,#5444,.F.);
#5664 = PLANE('',#5665);
#5665 = AXIS2_PLACEMENT_3D('',#5666,#5667,#5668);
#5666 = CARTESIAN_POINT('',(-8.023011588421E-09,0.947741719232,
    0.590330729279));
#5667 = DIRECTION('',(-1.,-0.,-0.));
#5668 = DIRECTION('',(0.,0.,-1.));
#5669 = ADVANCED_FACE('',(#5670),#5680,.T.);
#5670 = FACE_BOUND('',#5671,.T.);
#5671 = EDGE_LOOP('',(#5672,#5678,#5679));
#5672 = ORIENTED_EDGE('',*,*,#5673,.T.);
#5673 = EDGE_CURVE('',#2936,#251,#5674,.T.);
#5674 = LINE('',#5675,#5676);
#5675 = CARTESIAN_POINT('',(-7.686939788982E-04,0.83923304081,
    0.629967749119));
#5676 = VECTOR('',#5677,1.);
#5677 = DIRECTION('',(0.372583865288,0.345501603553,0.861283870318));
#5678 = ORIENTED_EDGE('',*,*,#5657,.F.);
#5679 = ORIENTED_EDGE('',*,*,#2943,.F.);
#5680 = PLANE('',#5681);
#5681 = AXIS2_PLACEMENT_3D('',#5682,#5683,#5684);
#5682 = CARTESIAN_POINT('',(-1.930490074545E-04,0.946557577477,
    0.58976110591));
#5683 = DIRECTION('',(-0.927991366988,0.135069567878,0.347258167116));
#5684 = DIRECTION('',(-0.350469831455,-6.938893903907E-18,
    -0.936574021228));
#5685 = ADVANCED_FACE('',(#5686),#5701,.T.);
#5686 = FACE_BOUND('',#5687,.T.);
#5687 = EDGE_LOOP('',(#5688,#5694,#5695));
#5688 = ORIENTED_EDGE('',*,*,#5689,.T.);
#5689 = EDGE_CURVE('',#3934,#1257,#5690,.T.);
#5690 = LINE('',#5691,#5692);
#5691 = CARTESIAN_POINT('',(-8.023011588421E-09,-0.248893916607,
    1.34764611721E-02));
#5692 = VECTOR('',#5693,1.);
#5693 = DIRECTION('',(0.,0.986733179397,-0.162350339317));
#5694 = ORIENTED_EDGE('',*,*,#1256,.F.);
#5695 = ORIENTED_EDGE('',*,*,#5696,.T.);
#5696 = EDGE_CURVE('',#1249,#3934,#5697,.T.);
#5697 = LINE('',#5698,#5699);
#5698 = CARTESIAN_POINT('',(-8.023011588421E-09,-0.250325739384,
    1.174280047417E-02));
#5699 = VECTOR('',#5700,1.);
#5700 = DIRECTION('',(0.,0.636793755429,0.771034184098));
#5701 = PLANE('',#5702);
#5702 = AXIS2_PLACEMENT_3D('',#5703,#5704,#5705);
#5703 = CARTESIAN_POINT('',(-8.023011588421E-09,-0.104255401521,
    -1.081649247729E-02));
#5704 = DIRECTION('',(-1.,-0.,-0.));
#5705 = DIRECTION('',(0.,0.,-1.));
#5706 = ADVANCED_FACE('',(#5707),#5717,.T.);
#5707 = FACE_BOUND('',#5708,.T.);
#5708 = EDGE_LOOP('',(#5709,#5715,#5716));
#5709 = ORIENTED_EDGE('',*,*,#5710,.T.);
#5710 = EDGE_CURVE('',#3932,#1257,#5711,.T.);
#5711 = LINE('',#5712,#5713);
#5712 = CARTESIAN_POINT('',(-8.023011588421E-09,4.233866930008E-02,
    -3.241869807243E-02));
#5713 = VECTOR('',#5714,1.);
#5714 = DIRECTION('',(0.,-6.612040738863E-02,-0.997811651429));
#5715 = ORIENTED_EDGE('',*,*,#5689,.F.);
#5716 = ORIENTED_EDGE('',*,*,#3931,.F.);
#5717 = PLANE('',#5718);
#5718 = AXIS2_PLACEMENT_3D('',#5719,#5720,#5721);
#5719 = CARTESIAN_POINT('',(-8.023011588421E-09,-0.102817620769,
    -1.005081697054E-02));
#5720 = DIRECTION('',(-1.,-0.,-0.));
#5721 = DIRECTION('',(0.,0.,-1.));
#5722 = ADVANCED_FACE('',(#5723),#5733,.T.);
#5723 = FACE_BOUND('',#5724,.T.);
#5724 = EDGE_LOOP('',(#5725,#5731,#5732));
#5725 = ORIENTED_EDGE('',*,*,#5726,.T.);
#5726 = EDGE_CURVE('',#3932,#119,#5727,.T.);
#5727 = LINE('',#5728,#5729);
#5728 = CARTESIAN_POINT('',(-8.023011588421E-09,4.233866930008E-02,
    -3.241869807243E-02));
#5729 = VECTOR('',#5730,1.);
#5730 = DIRECTION('',(0.,0.999912743898,-1.321001857175E-02));
#5731 = ORIENTED_EDGE('',*,*,#2149,.F.);
#5732 = ORIENTED_EDGE('',*,*,#5710,.F.);
#5733 = PLANE('',#5734);
#5734 = AXIS2_PLACEMENT_3D('',#5735,#5736,#5737);
#5735 = CARTESIAN_POINT('',(-8.023011588421E-09,0.122271078351,
    -3.397852982195E-02));
#5736 = DIRECTION('',(-1.,-0.,-0.));
#5737 = DIRECTION('',(0.,0.,-1.));
#5738 = ADVANCED_FACE('',(#5739),#5744,.T.);
#5739 = FACE_BOUND('',#5740,.T.);
#5740 = EDGE_LOOP('',(#5741,#5742,#5743));
#5741 = ORIENTED_EDGE('',*,*,#5573,.F.);
#5742 = ORIENTED_EDGE('',*,*,#5726,.F.);
#5743 = ORIENTED_EDGE('',*,*,#4834,.F.);
#5744 = PLANE('',#5745);
#5745 = AXIS2_PLACEMENT_3D('',#5746,#5747,#5748);
#5746 = CARTESIAN_POINT('',(-8.023011588421E-09,0.123299726478,
    -3.29836205387E-02));
#5747 = DIRECTION('',(-1.,-0.,-0.));
#5748 = DIRECTION('',(0.,0.,-1.));
#5749 = ADVANCED_FACE('',(#5750),#5760,.T.);
#5750 = FACE_BOUND('',#5751,.T.);
#5751 = EDGE_LOOP('',(#5752,#5758,#5759));
#5752 = ORIENTED_EDGE('',*,*,#5753,.T.);
#5753 = EDGE_CURVE('',#5091,#2351,#5754,.T.);
#5754 = LINE('',#5755,#5756);
#5755 = CARTESIAN_POINT('',(-8.023011588421E-09,1.709140300751,
    -1.604306697845E-02));
#5756 = VECTOR('',#5757,1.);
#5757 = DIRECTION('',(0.,0.781906726623,0.623395436992));
#5758 = ORIENTED_EDGE('',*,*,#2404,.F.);
#5759 = ORIENTED_EDGE('',*,*,#5513,.F.);
#5760 = PLANE('',#5761);
#5761 = AXIS2_PLACEMENT_3D('',#5762,#5763,#5764);
#5762 = CARTESIAN_POINT('',(-8.023011588421E-09,1.78837004067,
    4.649155300949E-02));
#5763 = DIRECTION('',(-1.,-0.,-0.));
#5764 = DIRECTION('',(0.,0.,-1.));
#5765 = ADVANCED_FACE('',(#5766),#5776,.T.);
#5766 = FACE_BOUND('',#5767,.T.);
#5767 = EDGE_LOOP('',(#5768,#5774,#5775));
#5768 = ORIENTED_EDGE('',*,*,#5769,.T.);
#5769 = EDGE_CURVE('',#5036,#2351,#5770,.T.);
#5770 = LINE('',#5771,#5772);
#5771 = CARTESIAN_POINT('',(-7.361821481027E-04,1.865879297256,
    0.111267760396));
#5772 = VECTOR('',#5773,1.);
#5773 = DIRECTION('',(0.325266103587,0.88602502173,-0.330396160277));
#5774 = ORIENTED_EDGE('',*,*,#5753,.F.);
#5775 = ORIENTED_EDGE('',*,*,#5090,.F.);
#5776 = PLANE('',#5777);
#5777 = AXIS2_PLACEMENT_3D('',#5778,#5779,#5780);
#5778 = CARTESIAN_POINT('',(-1.845808647379E-04,1.788450841405,
    4.777765607662E-02));
#5779 = DIRECTION('',(-0.928084200301,0.232134010202,-0.291158923028));
#5780 = DIRECTION('',(0.299335630907,1.387778780781E-17,-0.954147881656)
  );
#5781 = ADVANCED_FACE('',(#5782),#5797,.T.);
#5782 = FACE_BOUND('',#5783,.T.);
#5783 = EDGE_LOOP('',(#5784,#5790,#5791));
#5784 = ORIENTED_EDGE('',*,*,#5785,.T.);
#5785 = EDGE_CURVE('',#4155,#1249,#5786,.T.);
#5786 = LINE('',#5787,#5788);
#5787 = CARTESIAN_POINT('',(-8.023011588421E-09,-0.371223568916,
    0.278644233942));
#5788 = VECTOR('',#5789,1.);
#5789 = DIRECTION('',(0.,0.412611782369,-0.910906974971));
#5790 = ORIENTED_EDGE('',*,*,#1462,.F.);
#5791 = ORIENTED_EDGE('',*,*,#5792,.T.);
#5792 = EDGE_CURVE('',#1455,#4155,#5793,.T.);
#5793 = LINE('',#5794,#5795);
#5794 = CARTESIAN_POINT('',(-8.023011588421E-09,-0.373237252235,
    0.278453409672));
#5795 = VECTOR('',#5796,1.);
#5796 = DIRECTION('',(0.,0.995539928512,9.434114021822E-02));
#5797 = PLANE('',#5798);
#5798 = AXIS2_PLACEMENT_3D('',#5799,#5800,#5801);
#5799 = CARTESIAN_POINT('',(-8.023011588421E-09,-0.311488067854,
    0.145604115807));
#5800 = DIRECTION('',(-1.,-0.,-0.));
#5801 = DIRECTION('',(0.,0.,-1.));
#5802 = ADVANCED_FACE('',(#5803),#5808,.T.);
#5803 = FACE_BOUND('',#5804,.T.);
#5804 = EDGE_LOOP('',(#5805,#5806,#5807));
#5805 = ORIENTED_EDGE('',*,*,#5696,.F.);
#5806 = ORIENTED_EDGE('',*,*,#5785,.F.);
#5807 = ORIENTED_EDGE('',*,*,#4163,.F.);
#5808 = PLANE('',#5809);
#5809 = AXIS2_PLACEMENT_3D('',#5810,#5811,#5812);
#5810 = CARTESIAN_POINT('',(-8.023011588421E-09,-0.310184488468,
    0.145116931473));
#5811 = DIRECTION('',(-1.,-0.,-0.));
#5812 = DIRECTION('',(0.,0.,-1.));
#5813 = ADVANCED_FACE('',(#5814),#5824,.T.);
#5814 = FACE_BOUND('',#5815,.T.);
#5815 = EDGE_LOOP('',(#5816,#5822,#5823));
#5816 = ORIENTED_EDGE('',*,*,#5817,.T.);
#5817 = EDGE_CURVE('',#5036,#892,#5818,.T.);
#5818 = LINE('',#5819,#5820);
#5819 = CARTESIAN_POINT('',(-7.361821481027E-04,1.865879297256,
    0.111267760396));
#5820 = VECTOR('',#5821,1.);
#5821 = DIRECTION('',(4.024910837696E-03,-6.531258560691E-03,
    0.999970570944));
#5822 = ORIENTED_EDGE('',*,*,#2358,.F.);
#5823 = ORIENTED_EDGE('',*,*,#5769,.F.);
#5824 = PLANE('',#5825);
#5825 = AXIS2_PLACEMENT_3D('',#5826,#5827,#5828);
#5826 = CARTESIAN_POINT('',(-1.847965350593E-04,1.8657911222,
    0.201967658665));
#5827 = DIRECTION('',(-0.937994839633,0.346596607684,6.039235385779E-03)
  );
#5828 = DIRECTION('',(-0.346602928456,-0.938011945545,0.));
#5829 = ADVANCED_FACE('',(#5830),#5835,.T.);
#5830 = FACE_BOUND('',#5831,.T.);
#5831 = EDGE_LOOP('',(#5832,#5833,#5834));
#5832 = ORIENTED_EDGE('',*,*,#5467,.F.);
#5833 = ORIENTED_EDGE('',*,*,#5817,.F.);
#5834 = ORIENTED_EDGE('',*,*,#5035,.F.);
#5835 = PLANE('',#5836);
#5836 = AXIS2_PLACEMENT_3D('',#5837,#5838,#5839);
#5837 = CARTESIAN_POINT('',(-5.734255958461E-04,1.864819610275,
    0.203024622284));
#5838 = DIRECTION('',(-0.912350672092,0.409360452386,6.345955822425E-03)
  );
#5839 = DIRECTION('',(-0.409368695344,-0.912369043355,0.));
#5840 = ADVANCED_FACE('',(#5841),#5856,.T.);
#5841 = FACE_BOUND('',#5842,.T.);
#5842 = EDGE_LOOP('',(#5843,#5849,#5850));
#5843 = ORIENTED_EDGE('',*,*,#5844,.T.);
#5844 = EDGE_CURVE('',#3340,#143,#5845,.T.);
#5845 = LINE('',#5846,#5847);
#5846 = CARTESIAN_POINT('',(-5.46709576156E-04,0.183951973915,
    0.864651679993));
#5847 = VECTOR('',#5848,1.);
#5848 = DIRECTION('',(2.430868665507E-03,-0.898731773244,-0.438492064512
    ));
#5849 = ORIENTED_EDGE('',*,*,#2558,.F.);
#5850 = ORIENTED_EDGE('',*,*,#5851,.T.);
#5851 = EDGE_CURVE('',#655,#3340,#5852,.T.);
#5852 = LINE('',#5853,#5854);
#5853 = CARTESIAN_POINT('',(-8.023011588421E-09,0.183553040028,
    0.866595864296));
#5854 = VECTOR('',#5855,1.);
#5855 = DIRECTION('',(-0.265568037304,0.19378779684,-0.944415113898));
#5856 = PLANE('',#5857);
#5857 = AXIS2_PLACEMENT_3D('',#5858,#5859,#5860);
#5858 = CARTESIAN_POINT('',(-1.37153872865E-04,8.324935508547E-02,
    0.816056511291));
#5859 = DIRECTION('',(-0.961693950931,-0.122298828615,0.245331900214));
#5860 = DIRECTION('',(-0.247187456569,0.,-0.968967678158));
#5861 = ADVANCED_FACE('',(#5862),#5872,.T.);
#5862 = FACE_BOUND('',#5863,.T.);
#5863 = EDGE_LOOP('',(#5864,#5870,#5871));
#5864 = ORIENTED_EDGE('',*,*,#5865,.T.);
#5865 = EDGE_CURVE('',#2828,#143,#5866,.T.);
#5866 = LINE('',#5867,#5868);
#5867 = CARTESIAN_POINT('',(-8.023011588421E-09,-1.729279756546E-02,
    0.76427513361));
#5868 = VECTOR('',#5869,1.);
#5869 = DIRECTION('',(0.,-0.447128766566,0.894469600439));
#5870 = ORIENTED_EDGE('',*,*,#5844,.F.);
#5871 = ORIENTED_EDGE('',*,*,#5243,.F.);
#5872 = PLANE('',#5873);
#5873 = AXIS2_PLACEMENT_3D('',#5874,#5875,#5876);
#5874 = CARTESIAN_POINT('',(-2.72168324306E-04,8.267047658943E-02,
    0.814686713799));
#5875 = DIRECTION('',(-0.99999704516,-2.17443897276E-03,
    -1.086961720532E-03));
#5876 = DIRECTION('',(2.174440257296E-03,-0.999997635902,
    -4.235164736272E-22));
#5877 = ADVANCED_FACE('',(#5878),#5893,.T.);
#5878 = FACE_BOUND('',#5879,.T.);
#5879 = EDGE_LOOP('',(#5880,#5886,#5887));
#5880 = ORIENTED_EDGE('',*,*,#5881,.T.);
#5881 = EDGE_CURVE('',#2858,#1455,#5882,.T.);
#5882 = LINE('',#5883,#5884);
#5883 = CARTESIAN_POINT('',(-5.425186827779E-04,-0.317221820354,
    0.590848684311));
#5884 = VECTOR('',#5885,1.);
#5885 = DIRECTION('',(1.709351510621E-03,-0.176494344176,-0.984300169964
    ));
#5886 = ORIENTED_EDGE('',*,*,#1732,.F.);
#5887 = ORIENTED_EDGE('',*,*,#5888,.T.);
#5888 = EDGE_CURVE('',#151,#2858,#5889,.T.);
#5889 = LINE('',#5890,#5891);
#5890 = CARTESIAN_POINT('',(-8.023011588421E-09,-0.319506406784,
    0.59232878685));
#5891 = VECTOR('',#5892,1.);
#5892 = DIRECTION('',(-0.195451987446,0.823074994228,-0.533241103516));
#5893 = PLANE('',#5894);
#5894 = AXIS2_PLACEMENT_3D('',#5895,#5896,#5897);
#5895 = CARTESIAN_POINT('',(-1.359994163954E-04,-0.345682379804,
    0.435702214787));
#5896 = DIRECTION('',(-0.9772823769,-0.208902615714,3.576105351184E-02)
  );
#5897 = DIRECTION('',(0.209036321834,-0.977907877131,8.673617379884E-19)
  );
#5898 = ADVANCED_FACE('',(#5899),#5904,.T.);
#5899 = FACE_BOUND('',#5900,.T.);
#5900 = EDGE_LOOP('',(#5901,#5902,#5903));
#5901 = ORIENTED_EDGE('',*,*,#5792,.F.);
#5902 = ORIENTED_EDGE('',*,*,#5881,.F.);
#5903 = ORIENTED_EDGE('',*,*,#4397,.F.);
#5904 = PLANE('',#5905);
#5905 = AXIS2_PLACEMENT_3D('',#5906,#5907,#5908);
#5906 = CARTESIAN_POINT('',(-2.704009926549E-04,-0.344813980717,
    0.43420228938));
#5907 = DIRECTION('',(-0.999998425491,1.674127544562E-04,
    -1.7666320464E-03));
#5908 = DIRECTION('',(1.766632071157E-03,-5.293955920339E-23,
    -0.999998439504));
#5909 = ADVANCED_FACE('',(#5910),#5920,.T.);
#5910 = FACE_BOUND('',#5911,.T.);
#5911 = EDGE_LOOP('',(#5912,#5918,#5919));
#5912 = ORIENTED_EDGE('',*,*,#5913,.T.);
#5913 = EDGE_CURVE('',#2936,#1857,#5914,.T.);
#5914 = LINE('',#5915,#5916);
#5915 = CARTESIAN_POINT('',(-7.686939788982E-04,0.83923304081,
    0.629967749119));
#5916 = VECTOR('',#5917,1.);
#5917 = DIRECTION('',(2.198297823756E-03,-0.880095203623,0.474792165106)
  );
#5918 = ORIENTED_EDGE('',*,*,#2601,.F.);
#5919 = ORIENTED_EDGE('',*,*,#5673,.F.);
#5920 = PLANE('',#5921);
#5921 = AXIS2_PLACEMENT_3D('',#5922,#5923,#5924);
#5922 = CARTESIAN_POINT('',(-1.928030358835E-04,0.685991574454,
    0.713179974197));
#5923 = DIRECTION('',(-0.927245219223,0.17599198063,0.330519479278));
#5924 = DIRECTION('',(-0.335760158026,0.,-0.941947512488));
#5925 = ADVANCED_FACE('',(#5926),#5936,.T.);
#5926 = FACE_BOUND('',#5927,.T.);
#5927 = EDGE_LOOP('',(#5928,#5934,#5935));
#5928 = ORIENTED_EDGE('',*,*,#5929,.T.);
#5929 = EDGE_CURVE('',#4542,#1857,#5930,.T.);
#5930 = LINE('',#5931,#5932);
#5931 = CARTESIAN_POINT('',(-8.023011588421E-09,0.530650317669,
    0.794210791588));
#5932 = VECTOR('',#5933,1.);
#5933 = DIRECTION('',(0.,0.425694835785,0.904866789525));
#5934 = ORIENTED_EDGE('',*,*,#5913,.F.);
#5935 = ORIENTED_EDGE('',*,*,#5286,.F.);
#5936 = PLANE('',#5937);
#5937 = AXIS2_PLACEMENT_3D('',#5938,#5939,#5940);
#5938 = CARTESIAN_POINT('',(-3.832733416061E-04,0.684718921067,
    0.71276561291));
#5939 = DIRECTION('',(-0.999997576417,-1.992179040128E-03,
    9.372211900832E-04));
#5940 = DIRECTION('',(1.992179915077E-03,-0.999998015608,0.));
#5941 = ADVANCED_FACE('',(#5942),#5952,.T.);
#5942 = FACE_BOUND('',#5943,.T.);
#5943 = EDGE_LOOP('',(#5944,#5950,#5951));
#5944 = ORIENTED_EDGE('',*,*,#5945,.T.);
#5945 = EDGE_CURVE('',#2828,#151,#5946,.T.);
#5946 = LINE('',#5947,#5948);
#5947 = CARTESIAN_POINT('',(-8.023011588421E-09,-1.729279756546E-02,
    0.76427513361));
#5948 = VECTOR('',#5949,1.);
#5949 = DIRECTION('',(0.,-0.869167263276,-0.494518218521));
#5950 = ORIENTED_EDGE('',*,*,#150,.F.);
#5951 = ORIENTED_EDGE('',*,*,#5865,.F.);
#5952 = PLANE('',#5953);
#5953 = AXIS2_PLACEMENT_3D('',#5954,#5955,#5956);
#5954 = CARTESIAN_POINT('',(-8.023011588421E-09,-0.168193946417,
    0.678985738655));
#5955 = DIRECTION('',(-1.,-0.,-0.));
#5956 = DIRECTION('',(0.,0.,-1.));
#5957 = ADVANCED_FACE('',(#5958),#5963,.T.);
#5958 = FACE_BOUND('',#5959,.T.);
#5959 = EDGE_LOOP('',(#5960,#5961,#5962));
#5960 = ORIENTED_EDGE('',*,*,#5888,.F.);
#5961 = ORIENTED_EDGE('',*,*,#5945,.F.);
#5962 = ORIENTED_EDGE('',*,*,#2857,.F.);
#5963 = PLANE('',#5964);
#5964 = AXIS2_PLACEMENT_3D('',#5965,#5966,#5967);
#5965 = CARTESIAN_POINT('',(-1.359335830399E-04,-0.168429007228,
    0.677588720451));
#5966 = DIRECTION('',(-0.975708267183,-0.108336038917,0.190411869438));
#5967 = DIRECTION('',(-0.191539205845,0.,-0.981484963015));
#5968 = ADVANCED_FACE('',(#5969),#5984,.T.);
#5969 = FACE_BOUND('',#5970,.T.);
#5970 = EDGE_LOOP('',(#5971,#5977,#5978));
#5971 = ORIENTED_EDGE('',*,*,#5972,.T.);
#5972 = EDGE_CURVE('',#4565,#655,#5973,.T.);
#5973 = LINE('',#5974,#5975);
#5974 = CARTESIAN_POINT('',(-8.023011588421E-09,0.407672971487,
    0.850743532181));
#5975 = VECTOR('',#5976,1.);
#5976 = DIRECTION('',(0.,-0.997507876676,7.05551980388E-02));
#5977 = ORIENTED_EDGE('',*,*,#2239,.F.);
#5978 = ORIENTED_EDGE('',*,*,#5979,.T.);
#5979 = EDGE_CURVE('',#1865,#4565,#5980,.T.);
#5980 = LINE('',#5981,#5982);
#5981 = CARTESIAN_POINT('',(-8.023011588421E-09,0.408155620098,
    0.852650403976));
#5982 = VECTOR('',#5983,1.);
#5983 = DIRECTION('',(0.,-0.245372302131,-0.969428921245));
#5984 = PLANE('',#5985);
#5985 = AXIS2_PLACEMENT_3D('',#5986,#5987,#5988);
#5986 = CARTESIAN_POINT('',(-8.023011588421E-09,0.296222292135,
    0.859114349916));
#5987 = DIRECTION('',(-1.,-0.,-0.));
#5988 = DIRECTION('',(0.,0.,-1.));
#5989 = ADVANCED_FACE('',(#5990),#5995,.T.);
#5990 = FACE_BOUND('',#5991,.T.);
#5991 = EDGE_LOOP('',(#5992,#5993,#5994));
#5992 = ORIENTED_EDGE('',*,*,#5851,.F.);
#5993 = ORIENTED_EDGE('',*,*,#5972,.F.);
#5994 = ORIENTED_EDGE('',*,*,#4918,.F.);
#5995 = PLANE('',#5996);
#5996 = AXIS2_PLACEMENT_3D('',#5997,#5998,#5999);
#5997 = CARTESIAN_POINT('',(-1.371478898599E-04,0.29520145238,
    0.858218188424));
#5998 = DIRECTION('',(-0.961437977048,1.940422087516E-02,0.274336458571)
  );
#5999 = DIRECTION('',(-0.274388120261,0.,-0.961619030313));
#6000 = ADVANCED_FACE('',(#6001),#6011,.T.);
#6001 = FACE_BOUND('',#6002,.T.);
#6002 = EDGE_LOOP('',(#6003,#6009,#6010));
#6003 = ORIENTED_EDGE('',*,*,#6004,.T.);
#6004 = EDGE_CURVE('',#4542,#1865,#6005,.T.);
#6005 = LINE('',#6006,#6007);
#6006 = CARTESIAN_POINT('',(-8.023011588421E-09,0.530650317669,
    0.794210791588));
#6007 = VECTOR('',#6008,1.);
#6008 = DIRECTION('',(0.,-0.902549095986,0.430586959086));
#6009 = ORIENTED_EDGE('',*,*,#1864,.F.);
#6010 = ORIENTED_EDGE('',*,*,#5929,.F.);
#6011 = PLANE('',#6012);
#6012 = AXIS2_PLACEMENT_3D('',#6013,#6014,#6015);
#6013 = CARTESIAN_POINT('',(-8.023011588421E-09,0.47005415304,
    0.823668449889));
#6014 = DIRECTION('',(-1.,-0.,-0.));
#6015 = DIRECTION('',(0.,0.,-1.));
#6016 = ADVANCED_FACE('',(#6017),#6022,.T.);
#6017 = FACE_BOUND('',#6018,.T.);
#6018 = EDGE_LOOP('',(#6019,#6020,#6021));
#6019 = ORIENTED_EDGE('',*,*,#5979,.F.);
#6020 = ORIENTED_EDGE('',*,*,#6004,.F.);
#6021 = ORIENTED_EDGE('',*,*,#4564,.F.);
#6022 = PLANE('',#6023);
#6023 = AXIS2_PLACEMENT_3D('',#6024,#6025,#6026);
#6024 = CARTESIAN_POINT('',(-8.023011588421E-09,0.468840365216,
    0.823161599031));
#6025 = DIRECTION('',(-1.,-0.,-0.));
#6026 = DIRECTION('',(0.,0.,-1.));
#6027 = ADVANCED_FACE('',(#6028),#6054,.T.);
#6028 = FACE_BOUND('',#6029,.T.);
#6029 = EDGE_LOOP('',(#6030,#6040,#6048));
#6030 = ORIENTED_EDGE('',*,*,#6031,.T.);
#6031 = EDGE_CURVE('',#6032,#6034,#6036,.T.);
#6032 = VERTEX_POINT('',#6033);
#6033 = CARTESIAN_POINT('',(-0.533330917358,1.382655143738,
    2.070516347885E-02));
#6034 = VERTEX_POINT('',#6035);
#6035 = CARTESIAN_POINT('',(-0.450993210077,1.532300710678,
    1.242047548294E-02));
#6036 = LINE('',#6037,#6038);
#6037 = CARTESIAN_POINT('',(-0.533330917358,1.382655143738,
    2.070516347885E-02));
#6038 = VECTOR('',#6039,1.);
#6039 = DIRECTION('',(0.481499404866,0.875106361373,-4.844769755261E-02)
  );
#6040 = ORIENTED_EDGE('',*,*,#6041,.T.);
#6041 = EDGE_CURVE('',#6034,#6042,#6044,.T.);
#6042 = VERTEX_POINT('',#6043);
#6043 = CARTESIAN_POINT('',(-0.486131280661,1.183676242828,
    3.056925535202E-02));
#6044 = LINE('',#6045,#6046);
#6045 = CARTESIAN_POINT('',(-0.450993210077,1.532300710678,
    1.242047548294E-02));
#6046 = VECTOR('',#6047,1.);
#6047 = DIRECTION('',(-0.10014826924,-0.993627040133,5.17264853341E-02)
  );
#6048 = ORIENTED_EDGE('',*,*,#6049,.T.);
#6049 = EDGE_CURVE('',#6042,#6032,#6050,.T.);
#6050 = LINE('',#6051,#6052);
#6051 = CARTESIAN_POINT('',(-0.486131280661,1.183676242828,
    3.056925535202E-02));
#6052 = VECTOR('',#6053,1.);
#6053 = DIRECTION('',(-0.230536601441,0.971870183406,-4.817906187085E-02
    ));
#6054 = PLANE('',#6055);
#6055 = AXIS2_PLACEMENT_3D('',#6056,#6057,#6058);
#6056 = CARTESIAN_POINT('',(-0.485716724727,1.360319725416,
    2.150133742903E-02));
#6057 = DIRECTION('',(-7.341309116462E-03,-5.124850272139E-02,
    -0.998658948866));
#6058 = DIRECTION('',(0.,-0.998685861225,5.124988379161E-02));
#6059 = ADVANCED_FACE('',(#6060),#6086,.T.);
#6060 = FACE_BOUND('',#6061,.T.);
#6061 = EDGE_LOOP('',(#6062,#6072,#6080));
#6062 = ORIENTED_EDGE('',*,*,#6063,.T.);
#6063 = EDGE_CURVE('',#6064,#6066,#6068,.T.);
#6064 = VERTEX_POINT('',#6065);
#6065 = CARTESIAN_POINT('',(-0.468600839376,0.318466484547,
    0.323824286461));
#6066 = VERTEX_POINT('',#6067);
#6067 = CARTESIAN_POINT('',(-0.493150234222,0.198765456676,
    0.189464241266));
#6068 = LINE('',#6069,#6070);
#6069 = CARTESIAN_POINT('',(-0.468600839376,0.318466484547,
    0.323824286461));
#6070 = VECTOR('',#6071,1.);
#6071 = DIRECTION('',(-0.135173500949,-0.659095961672,-0.739811217777));
#6072 = ORIENTED_EDGE('',*,*,#6073,.T.);
#6073 = EDGE_CURVE('',#6066,#6074,#6076,.T.);
#6074 = VERTEX_POINT('',#6075);
#6075 = CARTESIAN_POINT('',(-0.460207521915,0.209971487522,0.43311470747
    ));
#6076 = LINE('',#6077,#6078);
#6077 = CARTESIAN_POINT('',(-0.493150234222,0.198765456676,
    0.189464241266));
#6078 = VECTOR('',#6079,1.);
#6079 = DIRECTION('',(0.133846744699,4.553027497291E-02,0.989955576273)
  );
#6080 = ORIENTED_EDGE('',*,*,#6081,.T.);
#6081 = EDGE_CURVE('',#6074,#6064,#6082,.T.);
#6082 = LINE('',#6083,#6084);
#6083 = CARTESIAN_POINT('',(-0.460207521915,0.209971487522,0.43311470747
    ));
#6084 = VECTOR('',#6085,1.);
#6085 = DIRECTION('',(-5.442179560552E-02,0.703475423123,-0.708632907241
    ));
#6086 = PLANE('',#6087);
#6087 = AXIS2_PLACEMENT_3D('',#6088,#6089,#6090);
#6088 = CARTESIAN_POINT('',(-0.474735596155,0.237158619585,0.31203977737
    ));
#6089 = DIRECTION('',(-0.989783969368,5.565518229065E-02,0.131263836092)
  );
#6090 = DIRECTION('',(-0.131467604415,0.,-0.991320467351));
#6091 = ADVANCED_FACE('',(#6092),#6109,.T.);
#6092 = FACE_BOUND('',#6093,.T.);
#6093 = EDGE_LOOP('',(#6094,#6102,#6103));
#6094 = ORIENTED_EDGE('',*,*,#6095,.T.);
#6095 = EDGE_CURVE('',#6096,#6066,#6098,.T.);
#6096 = VERTEX_POINT('',#6097);
#6097 = CARTESIAN_POINT('',(-0.478987127542,0.353999525309,
    0.139155179262));
#6098 = LINE('',#6099,#6100);
#6099 = CARTESIAN_POINT('',(-0.478987127542,0.353999525309,
    0.139155179262));
#6100 = VECTOR('',#6101,1.);
#6101 = DIRECTION('',(-8.646783254633E-02,-0.947726636205,0.307144163159
    ));
#6102 = ORIENTED_EDGE('',*,*,#6063,.F.);
#6103 = ORIENTED_EDGE('',*,*,#6104,.T.);
#6104 = EDGE_CURVE('',#6064,#6096,#6105,.T.);
#6105 = LINE('',#6106,#6107);
#6106 = CARTESIAN_POINT('',(-0.468600839376,0.318466484547,
    0.323824286461));
#6107 = VECTOR('',#6108,1.);
#6108 = DIRECTION('',(-5.514555136713E-02,0.188661155289,-0.980492700967
    ));
#6109 = PLANE('',#6110);
#6110 = AXIS2_PLACEMENT_3D('',#6111,#6112,#6113);
#6111 = CARTESIAN_POINT('',(-0.479970353391,0.291456470596,
    0.219432813043));
#6112 = DIRECTION('',(-0.990233008324,0.115604327527,7.79373381753E-02)
  );
#6113 = DIRECTION('',(-0.115957038741,-0.993254229876,0.));
#6114 = ADVANCED_FACE('',(#6115),#6139,.T.);
#6115 = FACE_BOUND('',#6116,.T.);
#6116 = EDGE_LOOP('',(#6117,#6125,#6133));
#6117 = ORIENTED_EDGE('',*,*,#6118,.T.);
#6118 = EDGE_CURVE('',#119,#6119,#6121,.T.);
#6119 = VERTEX_POINT('',#6120);
#6120 = CARTESIAN_POINT('',(-0.193163111806,0.14935874939,
    -3.008431196213E-02));
#6121 = LINE('',#6122,#6123);
#6122 = CARTESIAN_POINT('',(-8.023011588421E-09,0.203265964985,
    -3.454473614693E-02));
#6123 = VECTOR('',#6124,1.);
#6124 = DIRECTION('',(-0.962956556803,-0.268738209833,2.223610322446E-02
    ));
#6125 = ORIENTED_EDGE('',*,*,#6126,.T.);
#6126 = EDGE_CURVE('',#6119,#6127,#6129,.T.);
#6127 = VERTEX_POINT('',#6128);
#6128 = CARTESIAN_POINT('',(-0.443114459515,0.242247253656,
    -2.07906961441E-03));
#6129 = LINE('',#6130,#6131);
#6130 = CARTESIAN_POINT('',(-0.193163111806,0.14935874939,
    -3.008431196213E-02));
#6131 = VECTOR('',#6132,1.);
#6132 = DIRECTION('',(-0.932237448858,0.346443990159,0.104450469742));
#6133 = ORIENTED_EDGE('',*,*,#6134,.T.);
#6134 = EDGE_CURVE('',#6127,#119,#6135,.T.);
#6135 = LINE('',#6136,#6137);
#6136 = CARTESIAN_POINT('',(-0.443114459515,0.242247253656,
    -2.07906961441E-03));
#6137 = VECTOR('',#6138,1.);
#6138 = DIRECTION('',(0.99351023822,-8.740023996906E-02,
    -7.279151465745E-02));
#6139 = PLANE('',#6140);
#6140 = AXIS2_PLACEMENT_3D('',#6141,#6142,#6143);
#6141 = CARTESIAN_POINT('',(-0.222460333329,0.204671098007,
    -2.072889227965E-02));
#6142 = DIRECTION('',(-6.056560852464E-02,0.135192114577,-0.988966581448
    ));
#6143 = DIRECTION('',(0.,-0.990785447057,-0.13544075421));
#6144 = ADVANCED_FACE('',(#6145),#6169,.T.);
#6145 = FACE_BOUND('',#6146,.T.);
#6146 = EDGE_LOOP('',(#6147,#6155,#6163));
#6147 = ORIENTED_EDGE('',*,*,#6148,.T.);
#6148 = EDGE_CURVE('',#6149,#143,#6151,.T.);
#6149 = VERTEX_POINT('',#6150);
#6150 = CARTESIAN_POINT('',(-0.256271094084,-0.278289437294,
    0.590558588505));
#6151 = LINE('',#6152,#6153);
#6152 = CARTESIAN_POINT('',(-0.256271094084,-0.278289437294,
    0.590558588505));
#6153 = VECTOR('',#6154,1.);
#6154 = DIRECTION('',(0.632570214087,0.64206316697,0.433139485466));
#6155 = ORIENTED_EDGE('',*,*,#6156,.T.);
#6156 = EDGE_CURVE('',#143,#6157,#6159,.T.);
#6157 = VERTEX_POINT('',#6158);
#6158 = CARTESIAN_POINT('',(-0.215193539858,-9.164851903915E-02,
    0.690023899078));
#6159 = LINE('',#6160,#6161);
#6160 = CARTESIAN_POINT('',(-8.023011588421E-09,-1.81725025177E-02,
    0.766034960747));
#6161 = VECTOR('',#6162,1.);
#6162 = DIRECTION('',(-0.897538775209,-0.306457045031,-0.317030324334));
#6163 = ORIENTED_EDGE('',*,*,#6164,.T.);
#6164 = EDGE_CURVE('',#6157,#6149,#6165,.T.);
#6165 = LINE('',#6166,#6167);
#6166 = CARTESIAN_POINT('',(-0.215193539858,-9.164851903915E-02,
    0.690023899078));
#6167 = VECTOR('',#6168,1.);
#6168 = DIRECTION('',(-0.190665820465,-0.866313598314,-0.461678778245));
#6169 = PLANE('',#6170);
#6170 = AXIS2_PLACEMENT_3D('',#6171,#6172,#6173);
#6171 = CARTESIAN_POINT('',(-0.149355998957,-0.131423979707,
    0.682639146137));
#6172 = DIRECTION('',(-0.163896190191,-0.435612186533,0.885087601193));
#6173 = DIRECTION('',(0.,0.897220178825,0.441583458374));
#6174 = ADVANCED_FACE('',(#6175),#6185,.T.);
#6175 = FACE_BOUND('',#6176,.T.);
#6176 = EDGE_LOOP('',(#6177,#6178,#6179));
#6177 = ORIENTED_EDGE('',*,*,#150,.F.);
#6178 = ORIENTED_EDGE('',*,*,#6148,.F.);
#6179 = ORIENTED_EDGE('',*,*,#6180,.T.);
#6180 = EDGE_CURVE('',#6149,#151,#6181,.T.);
#6181 = LINE('',#6182,#6183);
#6182 = CARTESIAN_POINT('',(-0.256271094084,-0.278289437294,
    0.590558588505));
#6183 = VECTOR('',#6184,1.);
#6184 = DIRECTION('',(0.987288968808,-0.158789116364,6.819720966838E-03)
  );
#6185 = PLANE('',#6186);
#6186 = AXIS2_PLACEMENT_3D('',#6187,#6188,#6189);
#6187 = CARTESIAN_POINT('',(-8.411875157949E-02,-0.193935713856,
    0.656334939909));
#6188 = DIRECTION('',(-8.598814790071E-02,-0.497569989373,0.863151286911
    ));
#6189 = DIRECTION('',(0.,0.86636014628,0.49941976026));
#6190 = ADVANCED_FACE('',(#6191),#6215,.T.);
#6191 = FACE_BOUND('',#6192,.T.);
#6192 = EDGE_LOOP('',(#6193,#6201,#6209));
#6193 = ORIENTED_EDGE('',*,*,#6194,.T.);
#6194 = EDGE_CURVE('',#6066,#6195,#6197,.T.);
#6195 = VERTEX_POINT('',#6196);
#6196 = CARTESIAN_POINT('',(-0.486126184464,-5.016946792603E-02,
    0.210759818554));
#6197 = LINE('',#6198,#6199);
#6198 = CARTESIAN_POINT('',(-0.493150234222,0.198765456676,
    0.189464241266));
#6199 = VECTOR('',#6200,1.);
#6200 = DIRECTION('',(2.810262165164E-02,-0.995967318299,
    8.520178129568E-02));
#6201 = ORIENTED_EDGE('',*,*,#6202,.T.);
#6202 = EDGE_CURVE('',#6195,#6203,#6205,.T.);
#6203 = VERTEX_POINT('',#6204);
#6204 = CARTESIAN_POINT('',(-0.47218221426,7.687509059906E-02,
    0.422216147184));
#6205 = LINE('',#6206,#6207);
#6206 = CARTESIAN_POINT('',(-0.486126184464,-5.016946792603E-02,
    0.210759818554));
#6207 = VECTOR('',#6208,1.);
#6208 = DIRECTION('',(5.643503902069E-02,0.514183873972,0.855821260614)
  );
#6209 = ORIENTED_EDGE('',*,*,#6210,.T.);
#6210 = EDGE_CURVE('',#6203,#6066,#6211,.T.);
#6211 = LINE('',#6212,#6213);
#6212 = CARTESIAN_POINT('',(-0.47218221426,7.687509059906E-02,
    0.422216147184));
#6213 = VECTOR('',#6214,1.);
#6214 = DIRECTION('',(-7.955319361709E-02,0.462455105921,-0.883066568495
    ));
#6215 = PLANE('',#6216);
#6216 = AXIS2_PLACEMENT_3D('',#6217,#6218,#6219);
#6217 = CARTESIAN_POINT('',(-0.483816437618,7.651254686513E-02,
    0.27455529459));
#6218 = DIRECTION('',(-0.996678010708,-2.140032706186E-02,
    7.858097080934E-02));
#6219 = DIRECTION('',(-7.859897101299E-02,-2.168404344971E-19,
    -0.996906315436));
#6220 = ADVANCED_FACE('',(#6221),#6238,.T.);
#6221 = FACE_BOUND('',#6222,.T.);
#6222 = EDGE_LOOP('',(#6223,#6231,#6232));
#6223 = ORIENTED_EDGE('',*,*,#6224,.T.);
#6224 = EDGE_CURVE('',#6225,#6195,#6227,.T.);
#6225 = VERTEX_POINT('',#6226);
#6226 = CARTESIAN_POINT('',(-0.509242594242,8.366203308105E-02,
    1.349985599518E-02));
#6227 = LINE('',#6228,#6229);
#6228 = CARTESIAN_POINT('',(-0.509242594242,8.366203308105E-02,
    1.349985599518E-02));
#6229 = VECTOR('',#6230,1.);
#6230 = DIRECTION('',(9.652241635526E-02,-0.558812548548,0.823657670836)
  );
#6231 = ORIENTED_EDGE('',*,*,#6194,.F.);
#6232 = ORIENTED_EDGE('',*,*,#6233,.T.);
#6233 = EDGE_CURVE('',#6066,#6225,#6234,.T.);
#6234 = LINE('',#6235,#6236);
#6235 = CARTESIAN_POINT('',(-0.493150234222,0.198765456676,
    0.189464241266));
#6236 = VECTOR('',#6237,1.);
#6237 = DIRECTION('',(-7.630977687536E-02,-0.545819044653,
    -0.834420989937));
#6238 = PLANE('',#6239);
#6239 = AXIS2_PLACEMENT_3D('',#6240,#6241,#6242);
#6240 = CARTESIAN_POINT('',(-0.495870266046,7.476651966284E-02,
    0.140324324629));
#6241 = DIRECTION('',(-0.994443326133,-1.920495521478E-02,0.103506718649
    ));
#6242 = DIRECTION('',(-0.103525812138,-4.336808689942E-19,
    -0.994626767296));
#6243 = ADVANCED_FACE('',(#6244),#6261,.T.);
#6244 = FACE_BOUND('',#6245,.T.);
#6245 = EDGE_LOOP('',(#6246,#6254,#6255));
#6246 = ORIENTED_EDGE('',*,*,#6247,.T.);
#6247 = EDGE_CURVE('',#6248,#251,#6250,.T.);
#6248 = VERTEX_POINT('',#6249);
#6249 = CARTESIAN_POINT('',(-0.232998549938,1.050237178802,
    0.514512121677));
#6250 = LINE('',#6251,#6252);
#6251 = CARTESIAN_POINT('',(-0.232998549938,1.050237178802,
    0.514512121677));
#6252 = VECTOR('',#6253,1.);
#6253 = DIRECTION('',(0.695427458579,-0.627653551955,0.349902370059));
#6254 = ORIENTED_EDGE('',*,*,#280,.F.);
#6255 = ORIENTED_EDGE('',*,*,#6256,.T.);
#6256 = EDGE_CURVE('',#281,#6248,#6257,.T.);
#6257 = LINE('',#6258,#6259);
#6258 = CARTESIAN_POINT('',(-8.023011588421E-09,1.054768562317,
    0.550237774849));
#6259 = VECTOR('',#6260,1.);
#6260 = DIRECTION('',(-0.988265670898,-1.921990898376E-02,
    -0.151530719075));
#6261 = PLANE('',#6262);
#6262 = AXIS2_PLACEMENT_3D('',#6263,#6264,#6265);
#6263 = CARTESIAN_POINT('',(-8.306388930273E-02,0.977373876846,
    0.566253360702));
#6264 = DIRECTION('',(-0.148589168017,0.350801623114,0.924586113009));
#6265 = DIRECTION('',(-6.938893903907E-18,0.934965148382,-0.354739582385
    ));
#6266 = ADVANCED_FACE('',(#6267),#6284,.T.);
#6267 = FACE_BOUND('',#6268,.T.);
#6268 = EDGE_LOOP('',(#6269,#6277,#6278));
#6269 = ORIENTED_EDGE('',*,*,#6270,.T.);
#6270 = EDGE_CURVE('',#6271,#251,#6273,.T.);
#6271 = VERTEX_POINT('',#6272);
#6272 = CARTESIAN_POINT('',(-0.379252970219,0.804523229599,
    0.430786430836));
#6273 = LINE('',#6274,#6275);
#6274 = CARTESIAN_POINT('',(-0.379252970219,0.804523229599,
    0.430786430836));
#6275 = VECTOR('',#6276,1.);
#6276 = DIRECTION('',(0.880623050825,8.225111359075E-02,0.466623827798)
  );
#6277 = ORIENTED_EDGE('',*,*,#6247,.F.);
#6278 = ORIENTED_EDGE('',*,*,#6279,.T.);
#6279 = EDGE_CURVE('',#6248,#6271,#6280,.T.);
#6280 = LINE('',#6281,#6282);
#6281 = CARTESIAN_POINT('',(-0.232998549938,1.050237178802,
    0.514512121677));
#6282 = VECTOR('',#6283,1.);
#6283 = DIRECTION('',(-0.49086488896,-0.824674906649,-0.281003485975));
#6284 = PLANE('',#6285);
#6285 = AXIS2_PLACEMENT_3D('',#6286,#6287,#6288);
#6286 = CARTESIAN_POINT('',(-0.199225832954,0.890386795318,
    0.528032394073));
#6287 = DIRECTION('',(-0.466346611562,-2.373492545978E-02,0.884283603375
    ));
#6288 = DIRECTION('',(0.884532787782,0.,0.466478024497));
#6289 = ADVANCED_FACE('',(#6290),#6314,.T.);
#6290 = FACE_BOUND('',#6291,.T.);
#6291 = EDGE_LOOP('',(#6292,#6300,#6308));
#6292 = ORIENTED_EDGE('',*,*,#6293,.T.);
#6293 = EDGE_CURVE('',#6195,#6294,#6296,.T.);
#6294 = VERTEX_POINT('',#6295);
#6295 = CARTESIAN_POINT('',(-0.492284685373,-5.143576860428E-02,
    2.917066216469E-02));
#6296 = LINE('',#6297,#6298);
#6297 = CARTESIAN_POINT('',(-0.486126184464,-5.016946792603E-02,
    0.210759818554));
#6298 = VECTOR('',#6299,1.);
#6299 = DIRECTION('',(-3.389416460495E-02,-6.969261555152E-03,
    -0.999401128176));
#6300 = ORIENTED_EDGE('',*,*,#6301,.T.);
#6301 = EDGE_CURVE('',#6294,#6302,#6304,.T.);
#6302 = VERTEX_POINT('',#6303);
#6303 = CARTESIAN_POINT('',(-0.431475639343,-0.192971229553,
    1.404923200607E-02));
#6304 = LINE('',#6305,#6306);
#6305 = CARTESIAN_POINT('',(-0.492284685373,-5.143576860428E-02,
    2.917066216469E-02));
#6306 = VECTOR('',#6307,1.);
#6307 = DIRECTION('',(0.392858999766,-0.914394868033,-9.769253614358E-02
    ));
#6308 = ORIENTED_EDGE('',*,*,#6309,.T.);
#6309 = EDGE_CURVE('',#6302,#6195,#6310,.T.);
#6310 = LINE('',#6311,#6312);
#6311 = CARTESIAN_POINT('',(-0.431475639343,-0.192971229553,
    1.404923200607E-02));
#6312 = VECTOR('',#6313,1.);
#6313 = DIRECTION('',(-0.21935086543,0.573163358736,0.789537182175));
#6314 = PLANE('',#6315);
#6315 = AXIS2_PLACEMENT_3D('',#6316,#6317,#6318);
#6316 = CARTESIAN_POINT('',(-0.469048096242,-9.978127196286E-02,
    9.07527252847E-02));
#6317 = DIRECTION('',(-0.916945079975,-0.397573304336,3.387016370635E-02
    ));
#6318 = DIRECTION('',(0.397801546392,-0.917471487126,0.));
#6319 = ADVANCED_FACE('',(#6320),#6344,.T.);
#6320 = FACE_BOUND('',#6321,.T.);
#6321 = EDGE_LOOP('',(#6322,#6330,#6338));
#6322 = ORIENTED_EDGE('',*,*,#6323,.T.);
#6323 = EDGE_CURVE('',#334,#6324,#6326,.T.);
#6324 = VERTEX_POINT('',#6325);
#6325 = CARTESIAN_POINT('',(-0.375573664904,0.925310969353,
    -2.378022670746E-02));
#6326 = LINE('',#6327,#6328);
#6327 = CARTESIAN_POINT('',(-8.023011588421E-09,0.934864401817,
    -3.470620512962E-02));
#6328 = VECTOR('',#6329,1.);
#6329 = DIRECTION('',(-0.999254161172,-2.541793591971E-02,
    2.906974225482E-02));
#6330 = ORIENTED_EDGE('',*,*,#6331,.T.);
#6331 = EDGE_CURVE('',#6324,#6332,#6334,.T.);
#6332 = VERTEX_POINT('',#6333);
#6333 = CARTESIAN_POINT('',(-0.32560813427,1.133490085602,
    -2.191829681396E-02));
#6334 = LINE('',#6335,#6336);
#6335 = CARTESIAN_POINT('',(-0.375573664904,0.925310969353,
    -2.378022670746E-02));
#6336 = VECTOR('',#6337,1.);
#6337 = DIRECTION('',(0.233375356856,0.972347835163,8.696566369304E-03)
  );
#6338 = ORIENTED_EDGE('',*,*,#6339,.T.);
#6339 = EDGE_CURVE('',#6332,#334,#6340,.T.);
#6340 = LINE('',#6341,#6342);
#6341 = CARTESIAN_POINT('',(-0.32560813427,1.133490085602,
    -2.191829681396E-02));
#6342 = VECTOR('',#6343,1.);
#6343 = DIRECTION('',(0.85321866988,-0.520475774595,-3.350924391662E-02)
  );
#6344 = PLANE('',#6345);
#6345 = AXIS2_PLACEMENT_3D('',#6346,#6347,#6348);
#6346 = CARTESIAN_POINT('',(-0.213849885497,0.992857637477,
    -2.746855435512E-02));
#6347 = DIRECTION('',(-2.948243303422E-02,1.601499270384E-02,
    -0.999436994588));
#6348 = DIRECTION('',(-0.999565187043,0.,2.948621458874E-02));
#6349 = ADVANCED_FACE('',(#6350),#6367,.T.);
#6350 = FACE_BOUND('',#6351,.T.);
#6351 = EDGE_LOOP('',(#6352,#6360,#6361));
#6352 = ORIENTED_EDGE('',*,*,#6353,.T.);
#6353 = EDGE_CURVE('',#6354,#6324,#6356,.T.);
#6354 = VERTEX_POINT('',#6355);
#6355 = CARTESIAN_POINT('',(-0.322951734066,0.792246222496,
    -2.41559445858E-02));
#6356 = LINE('',#6357,#6358);
#6357 = CARTESIAN_POINT('',(-0.322951734066,0.792246222496,
    -2.41559445858E-02));
#6358 = VECTOR('',#6359,1.);
#6359 = DIRECTION('',(-0.367747902436,0.929921817116,2.625701099681E-03)
  );
#6360 = ORIENTED_EDGE('',*,*,#6323,.F.);
#6361 = ORIENTED_EDGE('',*,*,#6362,.T.);
#6362 = EDGE_CURVE('',#334,#6354,#6363,.T.);
#6363 = LINE('',#6364,#6365);
#6364 = CARTESIAN_POINT('',(-8.023011588421E-09,0.934864401817,
    -3.470620512962E-02));
#6365 = VECTOR('',#6366,1.);
#6366 = DIRECTION('',(-0.914363646501,-0.403790622516,2.987063986492E-02
    ));
#6367 = PLANE('',#6368);
#6368 = AXIS2_PLACEMENT_3D('',#6369,#6370,#6371);
#6369 = CARTESIAN_POINT('',(-0.203624780866,0.89144396978,
    -2.845380611813E-02));
#6370 = DIRECTION('',(-2.885972991227E-02,-8.590608911446E-03,
    -0.999546555908));
#6371 = DIRECTION('',(-0.999583440499,-5.421010862428E-20,
    2.886079487449E-02));
#6372 = ADVANCED_FACE('',(#6373),#6399,.T.);
#6373 = FACE_BOUND('',#6374,.T.);
#6374 = EDGE_LOOP('',(#6375,#6385,#6393));
#6375 = ORIENTED_EDGE('',*,*,#6376,.T.);
#6376 = EDGE_CURVE('',#6377,#6379,#6381,.T.);
#6377 = VERTEX_POINT('',#6378);
#6378 = CARTESIAN_POINT('',(-0.322233051062,0.377736061811,
    0.746499240398));
#6379 = VERTEX_POINT('',#6380);
#6380 = CARTESIAN_POINT('',(-0.351004213095,0.214789807796,
    0.705610454082));
#6381 = LINE('',#6382,#6383);
#6382 = CARTESIAN_POINT('',(-0.322233051062,0.377736061811,
    0.746499240398));
#6383 = VECTOR('',#6384,1.);
#6384 = DIRECTION('',(-0.168801268646,-0.956010548592,-0.239895732942));
#6385 = ORIENTED_EDGE('',*,*,#6386,.T.);
#6386 = EDGE_CURVE('',#6379,#6387,#6389,.T.);
#6387 = VERTEX_POINT('',#6388);
#6388 = CARTESIAN_POINT('',(-0.186195805669,0.302933037281,
    0.825612545013));
#6389 = LINE('',#6390,#6391);
#6390 = CARTESIAN_POINT('',(-0.351004213095,0.214789807796,
    0.705610454082));
#6391 = VECTOR('',#6392,1.);
#6392 = DIRECTION('',(0.742022403346,0.396850209297,0.540289426431));
#6393 = ORIENTED_EDGE('',*,*,#6394,.T.);
#6394 = EDGE_CURVE('',#6387,#6377,#6395,.T.);
#6395 = LINE('',#6396,#6397);
#6396 = CARTESIAN_POINT('',(-0.186195805669,0.302933037281,
    0.825612545013));
#6397 = VECTOR('',#6398,1.);
#6398 = DIRECTION('',(-0.780733988702,0.429303486262,-0.454040698142));
#6399 = PLANE('',#6400);
#6400 = AXIS2_PLACEMENT_3D('',#6401,#6402,#6403);
#6401 = CARTESIAN_POINT('',(-0.284631910528,0.2951549838,0.760001159064)
  );
#6402 = DIRECTION('',(-0.544960696957,-0.112280795287,0.830909659218));
#6403 = DIRECTION('',(0.836197337786,-6.938893903907E-18,0.548428675654)
  );
#6404 = ADVANCED_FACE('',(#6405),#6429,.T.);
#6405 = FACE_BOUND('',#6406,.T.);
#6406 = EDGE_LOOP('',(#6407,#6415,#6423));
#6407 = ORIENTED_EDGE('',*,*,#6408,.T.);
#6408 = EDGE_CURVE('',#6302,#6409,#6411,.T.);
#6409 = VERTEX_POINT('',#6410);
#6410 = CARTESIAN_POINT('',(-0.256806254387,-0.217809975147,
    2.133551239967E-02));
#6411 = LINE('',#6412,#6413);
#6412 = CARTESIAN_POINT('',(-0.431475639343,-0.192971229553,
    1.404923200607E-02));
#6413 = VECTOR('',#6414,1.);
#6414 = DIRECTION('',(0.989196532793,-0.140668045672,4.1264033214E-02));
#6415 = ORIENTED_EDGE('',*,*,#6416,.T.);
#6416 = EDGE_CURVE('',#6409,#6417,#6419,.T.);
#6417 = VERTEX_POINT('',#6418);
#6418 = CARTESIAN_POINT('',(-0.238283082843,-0.308980107307,
    0.212793409824));
#6419 = LINE('',#6420,#6421);
#6420 = CARTESIAN_POINT('',(-0.256806254387,-0.217809975147,
    2.133551239967E-02));
#6421 = VECTOR('',#6422,1.);
#6422 = DIRECTION('',(8.70186688788E-02,-0.428301574771,0.899436219148)
  );
#6423 = ORIENTED_EDGE('',*,*,#6424,.T.);
#6424 = EDGE_CURVE('',#6417,#6302,#6425,.T.);
#6425 = LINE('',#6426,#6427);
#6426 = CARTESIAN_POINT('',(-0.238283082843,-0.308980107307,
    0.212793409824));
#6427 = VECTOR('',#6428,1.);
#6428 = DIRECTION('',(-0.642973388151,0.386094695036,-0.661450004607));
#6429 = PLANE('',#6430);
#6430 = AXIS2_PLACEMENT_3D('',#6431,#6432,#6433);
#6431 = CARTESIAN_POINT('',(-0.310303564112,-0.243140380624,
    9.004426162317E-02));
#6432 = DIRECTION('',(-0.110727455496,-0.901425027092,-0.418535961575));
#6433 = DIRECTION('',(0.,0.421125542963,-0.907002357805));
#6434 = ADVANCED_FACE('',(#6435),#6457,.T.);
#6435 = FACE_BOUND('',#6436,.T.);
#6436 = EDGE_LOOP('',(#6437,#6443,#6451));
#6437 = ORIENTED_EDGE('',*,*,#6438,.T.);
#6438 = EDGE_CURVE('',#6354,#6096,#6439,.T.);
#6439 = LINE('',#6440,#6441);
#6440 = CARTESIAN_POINT('',(-0.322951734066,0.792246222496,
    -2.41559445858E-02));
#6441 = VECTOR('',#6442,1.);
#6442 = DIRECTION('',(-0.316483104564,-0.888885990548,0.331240306021));
#6443 = ORIENTED_EDGE('',*,*,#6444,.T.);
#6444 = EDGE_CURVE('',#6096,#6445,#6447,.T.);
#6445 = VERTEX_POINT('',#6446);
#6446 = CARTESIAN_POINT('',(-0.423532545567,0.744128167629,0.1337492764)
  );
#6447 = LINE('',#6448,#6449);
#6448 = CARTESIAN_POINT('',(-0.478987127542,0.353999525309,
    0.139155179262));
#6449 = VECTOR('',#6450,1.);
#6450 = DIRECTION('',(0.14071649456,0.989954896762,-1.371752655321E-02)
  );
#6451 = ORIENTED_EDGE('',*,*,#6452,.T.);
#6452 = EDGE_CURVE('',#6445,#6354,#6453,.T.);
#6453 = LINE('',#6454,#6455);
#6454 = CARTESIAN_POINT('',(-0.423532545567,0.744128167629,0.1337492764)
  );
#6455 = VECTOR('',#6456,1.);
#6456 = DIRECTION('',(0.520328217918,0.248926026396,-0.816880884231));
#6457 = PLANE('',#6458);
#6458 = AXIS2_PLACEMENT_3D('',#6459,#6460,#6461);
#6459 = CARTESIAN_POINT('',(-0.414352248699,0.599247078758,
    8.581430915107E-02));
#6460 = DIRECTION('',(-0.853316467394,0.114244882111,-0.508723022268));
#6461 = DIRECTION('',(0.512075777299,-6.938893903907E-18,-0.858940276331
    ));
#6462 = ADVANCED_FACE('',(#6463),#6480,.T.);
#6463 = FACE_BOUND('',#6464,.T.);
#6464 = EDGE_LOOP('',(#6465,#6473,#6474));
#6465 = ORIENTED_EDGE('',*,*,#6466,.T.);
#6466 = EDGE_CURVE('',#6467,#6096,#6469,.T.);
#6467 = VERTEX_POINT('',#6468);
#6468 = CARTESIAN_POINT('',(-0.408610552549,0.491549581289,
    -2.438452839851E-02));
#6469 = LINE('',#6470,#6471);
#6470 = CARTESIAN_POINT('',(-0.408610552549,0.491549581289,
    -2.438452839851E-02));
#6471 = VECTOR('',#6472,1.);
#6472 = DIRECTION('',(-0.312806045606,-0.611375149875,0.726892566991));
#6473 = ORIENTED_EDGE('',*,*,#6438,.F.);
#6474 = ORIENTED_EDGE('',*,*,#6475,.T.);
#6475 = EDGE_CURVE('',#6354,#6467,#6476,.T.);
#6476 = LINE('',#6477,#6478);
#6477 = CARTESIAN_POINT('',(-0.322951734066,0.792246222496,
    -2.41559445858E-02));
#6478 = VECTOR('',#6479,1.);
#6479 = DIRECTION('',(-0.273968396154,-0.961738417351,
    -7.310950777136E-04));
#6480 = PLANE('',#6481);
#6481 = AXIS2_PLACEMENT_3D('',#6482,#6483,#6484);
#6482 = CARTESIAN_POINT('',(-0.39964409325,0.561166702437,
    3.26694080274E-02));
#6483 = DIRECTION('',(-0.94593952048,0.269604865779,-0.180309844277));
#6484 = DIRECTION('',(-0.274097359404,-0.961701948406,6.938893903907E-18
    ));
#6485 = ADVANCED_FACE('',(#6486),#6503,.T.);
#6486 = FACE_BOUND('',#6487,.T.);
#6487 = EDGE_LOOP('',(#6488,#6496,#6502));
#6488 = ORIENTED_EDGE('',*,*,#6489,.T.);
#6489 = EDGE_CURVE('',#6042,#6490,#6492,.T.);
#6490 = VERTEX_POINT('',#6491);
#6491 = CARTESIAN_POINT('',(-0.357704490423,1.180297017097,
    0.418577522039));
#6492 = LINE('',#6493,#6494);
#6493 = CARTESIAN_POINT('',(-0.486131280661,1.183676242828,
    3.056925535202E-02));
#6494 = VECTOR('',#6495,1.);
#6495 = DIRECTION('',(0.314214000475,-8.267745642862E-03,0.94931617825)
  );
#6496 = ORIENTED_EDGE('',*,*,#6497,.T.);
#6497 = EDGE_CURVE('',#6490,#6032,#6498,.T.);
#6498 = LINE('',#6499,#6500);
#6499 = CARTESIAN_POINT('',(-0.357704490423,1.180297017097,
    0.418577522039));
#6500 = VECTOR('',#6501,1.);
#6501 = DIRECTION('',(-0.366130119128,0.421857953307,-0.829448372775));
#6502 = ORIENTED_EDGE('',*,*,#6049,.F.);
#6503 = PLANE('',#6504);
#6504 = AXIS2_PLACEMENT_3D('',#6505,#6506,#6507);
#6505 = CARTESIAN_POINT('',(-0.448720499258,1.244593702866,
    0.185149857423));
#6506 = DIRECTION('',(-0.929647660148,-0.205355711434,0.305915445446));
#6507 = DIRECTION('',(-0.31257727919,0.,-0.949892333127));
#6508 = ADVANCED_FACE('',(#6509),#6526,.T.);
#6509 = FACE_BOUND('',#6510,.T.);
#6510 = EDGE_LOOP('',(#6511,#6519,#6520));
#6511 = ORIENTED_EDGE('',*,*,#6512,.T.);
#6512 = EDGE_CURVE('',#6513,#6490,#6515,.T.);
#6513 = VERTEX_POINT('',#6514);
#6514 = CARTESIAN_POINT('',(-0.441618859768,1.009695291519,
    0.143365234137));
#6515 = LINE('',#6516,#6517);
#6516 = CARTESIAN_POINT('',(-0.441618859768,1.009695291519,
    0.143365234137));
#6517 = VECTOR('',#6518,1.);
#6518 = DIRECTION('',(0.250867183823,0.510024383015,0.822764112496));
#6519 = ORIENTED_EDGE('',*,*,#6489,.F.);
#6520 = ORIENTED_EDGE('',*,*,#6521,.T.);
#6521 = EDGE_CURVE('',#6042,#6513,#6522,.T.);
#6522 = LINE('',#6523,#6524);
#6523 = CARTESIAN_POINT('',(-0.486131280661,1.183676242828,
    3.056925535202E-02));
#6524 = VECTOR('',#6525,1.);
#6525 = DIRECTION('',(0.209895002986,-0.820394208227,0.53188103071));
#6526 = PLANE('',#6527);
#6527 = AXIS2_PLACEMENT_3D('',#6528,#6529,#6530);
#6528 = CARTESIAN_POINT('',(-0.423439115788,1.132590357675,
    0.213773374319));
#6529 = DIRECTION('',(-0.948715028113,-3.936431108859E-02,0.313672195844
    ));
#6530 = DIRECTION('',(-0.313915503861,1.734723475977E-18,-0.949450923658
    ));
#6531 = ADVANCED_FACE('',(#6532),#6552,.T.);
#6532 = FACE_BOUND('',#6533,.T.);
#6533 = EDGE_LOOP('',(#6534,#6540,#6546));
#6534 = ORIENTED_EDGE('',*,*,#6535,.T.);
#6535 = EDGE_CURVE('',#6513,#6445,#6536,.T.);
#6536 = LINE('',#6537,#6538);
#6537 = CARTESIAN_POINT('',(-0.441618859768,1.009695291519,
    0.143365234137));
#6538 = VECTOR('',#6539,1.);
#6539 = DIRECTION('',(6.790280416111E-02,-0.997038545519,
    -3.6101910415E-02));
#6540 = ORIENTED_EDGE('',*,*,#6541,.T.);
#6541 = EDGE_CURVE('',#6445,#6271,#6542,.T.);
#6542 = LINE('',#6543,#6544);
#6543 = CARTESIAN_POINT('',(-0.423532545567,0.744128167629,0.1337492764)
  );
#6544 = VECTOR('',#6545,1.);
#6545 = DIRECTION('',(0.144547648784,0.197155553939,0.969657498698));
#6546 = ORIENTED_EDGE('',*,*,#6547,.T.);
#6547 = EDGE_CURVE('',#6271,#6513,#6548,.T.);
#6548 = LINE('',#6549,#6550);
#6549 = CARTESIAN_POINT('',(-0.379252970219,0.804523229599,
    0.430786430836));
#6550 = VECTOR('',#6551,1.);
#6551 = DIRECTION('',(-0.173913522526,0.572142821507,-0.801502762615));
#6552 = PLANE('',#6553);
#6553 = AXIS2_PLACEMENT_3D('',#6554,#6555,#6556);
#6554 = CARTESIAN_POINT('',(-0.413793464306,0.854795688824,
    0.243016942042));
#6555 = DIRECTION('',(-0.984173541331,-7.287546490335E-02,0.161528966936
    ));
#6556 = DIRECTION('',(-0.161959609716,0.,-0.986797387927));
#6557 = ADVANCED_FACE('',(#6558),#6573,.T.);
#6558 = FACE_BOUND('',#6559,.T.);
#6559 = EDGE_LOOP('',(#6560,#6566,#6567));
#6560 = ORIENTED_EDGE('',*,*,#6561,.T.);
#6561 = EDGE_CURVE('',#6324,#6445,#6562,.T.);
#6562 = LINE('',#6563,#6564);
#6563 = CARTESIAN_POINT('',(-0.375573664904,0.925310969353,
    -2.378022670746E-02));
#6564 = VECTOR('',#6565,1.);
#6565 = DIRECTION('',(-0.195884694236,-0.740028483272,0.643418239181));
#6566 = ORIENTED_EDGE('',*,*,#6535,.F.);
#6567 = ORIENTED_EDGE('',*,*,#6568,.T.);
#6568 = EDGE_CURVE('',#6513,#6324,#6569,.T.);
#6569 = LINE('',#6570,#6571);
#6570 = CARTESIAN_POINT('',(-0.441618859768,1.009695291519,
    0.143365234137));
#6571 = VECTOR('',#6572,1.);
#6572 = DIRECTION('',(0.332645257997,-0.425012670122,-0.841849964404));
#6573 = PLANE('',#6574);
#6574 = AXIS2_PLACEMENT_3D('',#6575,#6576,#6577);
#6575 = CARTESIAN_POINT('',(-0.414475947669,0.887699593184,
    8.769355212715E-02));
#6576 = DIRECTION('',(-0.937392997845,-5.136791492773E-02,-0.34446437393
    ));
#6577 = DIRECTION('',(0.344919737937,-3.469446951954E-18,-0.93863218269)
  );
#6578 = ADVANCED_FACE('',(#6579),#6589,.T.);
#6579 = FACE_BOUND('',#6580,.T.);
#6580 = EDGE_LOOP('',(#6581,#6587,#6588));
#6581 = ORIENTED_EDGE('',*,*,#6582,.T.);
#6582 = EDGE_CURVE('',#6271,#6490,#6583,.T.);
#6583 = LINE('',#6584,#6585);
#6584 = CARTESIAN_POINT('',(-0.379252970219,0.804523229599,
    0.430786430836));
#6585 = VECTOR('',#6586,1.);
#6586 = DIRECTION('',(5.722014005145E-02,0.997835065509,
    -3.241971024553E-02));
#6587 = ORIENTED_EDGE('',*,*,#6512,.F.);
#6588 = ORIENTED_EDGE('',*,*,#6547,.F.);
#6589 = PLANE('',#6590);
#6590 = AXIS2_PLACEMENT_3D('',#6591,#6592,#6593);
#6591 = CARTESIAN_POINT('',(-0.392295532326,0.995893008819,
    0.333611826618));
#6592 = DIRECTION('',(-0.964905638812,6.360951841875E-02,0.254776249589)
  );
#6593 = DIRECTION('',(-0.255293253148,0.,-0.966863669241));
#6594 = ADVANCED_FACE('',(#6595),#6605,.T.);
#6595 = FACE_BOUND('',#6596,.T.);
#6596 = EDGE_LOOP('',(#6597,#6603,#6604));
#6597 = ORIENTED_EDGE('',*,*,#6598,.T.);
#6598 = EDGE_CURVE('',#6248,#6490,#6599,.T.);
#6599 = LINE('',#6600,#6601);
#6600 = CARTESIAN_POINT('',(-0.232998549938,1.050237178802,
    0.514512121677));
#6601 = VECTOR('',#6602,1.);
#6602 = DIRECTION('',(-0.610903152887,0.637130556647,-0.46995956377));
#6603 = ORIENTED_EDGE('',*,*,#6582,.F.);
#6604 = ORIENTED_EDGE('',*,*,#6279,.F.);
#6605 = PLANE('',#6606);
#6606 = AXIS2_PLACEMENT_3D('',#6607,#6608,#6609);
#6607 = CARTESIAN_POINT('',(-0.330346381241,0.998901060052,
    0.450672914703));
#6608 = DIRECTION('',(-0.569092502562,5.928039317186E-02,0.820133866215)
  );
#6609 = DIRECTION('',(0.821578718289,-3.469446951954E-18,0.570095088257)
  );
#6610 = ADVANCED_FACE('',(#6611),#6633,.T.);
#6611 = FACE_BOUND('',#6612,.T.);
#6612 = EDGE_LOOP('',(#6613,#6619,#6627));
#6613 = ORIENTED_EDGE('',*,*,#6614,.T.);
#6614 = EDGE_CURVE('',#6074,#6203,#6615,.T.);
#6615 = LINE('',#6616,#6617);
#6616 = CARTESIAN_POINT('',(-0.460207521915,0.209971487522,0.43311470747
    ));
#6617 = VECTOR('',#6618,1.);
#6618 = DIRECTION('',(-8.931160543145E-02,-0.992681276829,
    -8.128542161913E-02));
#6619 = ORIENTED_EDGE('',*,*,#6620,.T.);
#6620 = EDGE_CURVE('',#6203,#6621,#6623,.T.);
#6621 = VERTEX_POINT('',#6622);
#6622 = CARTESIAN_POINT('',(-0.428056836128,7.079994678497E-02,
    0.552840769291));
#6623 = LINE('',#6624,#6625);
#6624 = CARTESIAN_POINT('',(-0.47218221426,7.687509059906E-02,
    0.422216147184));
#6625 = VECTOR('',#6626,1.);
#6626 = DIRECTION('',(0.319726047658,-4.401960510856E-02,0.946486940647)
  );
#6627 = ORIENTED_EDGE('',*,*,#6628,.T.);
#6628 = EDGE_CURVE('',#6621,#6074,#6629,.T.);
#6629 = LINE('',#6630,#6631);
#6630 = CARTESIAN_POINT('',(-0.428056836128,7.079994678497E-02,
    0.552840769291));
#6631 = VECTOR('',#6632,1.);
#6632 = DIRECTION('',(-0.172502690519,0.7467170492,-0.642383429268));
#6633 = PLANE('',#6634);
#6634 = AXIS2_PLACEMENT_3D('',#6635,#6636,#6637);
#6635 = CARTESIAN_POINT('',(-0.452386731069,0.121241325226,
    0.472236859411));
#6636 = DIRECTION('',(-0.944943840589,5.865529410459E-02,0.321932748576)
  );
#6637 = DIRECTION('',(-0.322487977383,-3.469446951954E-18,
    -0.946573559975));
#6638 = ADVANCED_FACE('',(#6639),#6654,.T.);
#6639 = FACE_BOUND('',#6640,.T.);
#6640 = EDGE_LOOP('',(#6641,#6647,#6653));
#6641 = ORIENTED_EDGE('',*,*,#6642,.T.);
#6642 = EDGE_CURVE('',#6379,#655,#6643,.T.);
#6643 = LINE('',#6644,#6645);
#6644 = CARTESIAN_POINT('',(-0.351004213095,0.214789807796,
    0.705610454082));
#6645 = VECTOR('',#6646,1.);
#6646 = DIRECTION('',(0.905999117486,-8.062719369967E-02,0.415529607549)
  );
#6647 = ORIENTED_EDGE('',*,*,#6648,.T.);
#6648 = EDGE_CURVE('',#655,#6387,#6649,.T.);
#6649 = LINE('',#6650,#6651);
#6650 = CARTESIAN_POINT('',(-8.023011588421E-09,0.183553040028,
    0.866595864296));
#6651 = VECTOR('',#6652,1.);
#6652 = DIRECTION('',(-0.827740537752,0.530708342362,-0.182192912894));
#6653 = ORIENTED_EDGE('',*,*,#6386,.F.);
#6654 = PLANE('',#6655);
#6655 = AXIS2_PLACEMENT_3D('',#6656,#6657,#6658);
#6656 = CARTESIAN_POINT('',(-0.178068177238,0.226938909855,
    0.796823172377));
#6657 = DIRECTION('',(-0.415145567186,-0.360788088988,0.835156340388));
#6658 = DIRECTION('',(0.89546806748,0.,0.44512575765));
#6659 = ADVANCED_FACE('',(#6660),#6677,.T.);
#6660 = FACE_BOUND('',#6661,.T.);
#6661 = EDGE_LOOP('',(#6662,#6670,#6671));
#6662 = ORIENTED_EDGE('',*,*,#6663,.T.);
#6663 = EDGE_CURVE('',#6664,#655,#6666,.T.);
#6664 = VERTEX_POINT('',#6665);
#6665 = CARTESIAN_POINT('',(-0.193241775036,0.109479308128,
    0.787189126015));
#6666 = LINE('',#6667,#6668);
#6667 = CARTESIAN_POINT('',(-0.193241775036,0.109479308128,
    0.787189126015));
#6668 = VECTOR('',#6669,1.);
#6669 = DIRECTION('',(0.871779636547,0.334171913614,0.358230927549));
#6670 = ORIENTED_EDGE('',*,*,#6642,.F.);
#6671 = ORIENTED_EDGE('',*,*,#6672,.T.);
#6672 = EDGE_CURVE('',#6379,#6664,#6673,.T.);
#6673 = LINE('',#6674,#6675);
#6674 = CARTESIAN_POINT('',(-0.351004213095,0.214789807796,
    0.705610454082));
#6675 = VECTOR('',#6676,1.);
#6676 = DIRECTION('',(0.764053368769,-0.510025345882,0.395090617744));
#6677 = PLANE('',#6678);
#6678 = AXIS2_PLACEMENT_3D('',#6679,#6680,#6681);
#6679 = CARTESIAN_POINT('',(-0.17852488908,0.175483409871,0.787137435064
    ));
#6680 = DIRECTION('',(-0.408369216005,9.176503214061E-02,0.908192579961)
  );
#6681 = DIRECTION('',(0.912040764373,0.,0.410099553916));
#6682 = ADVANCED_FACE('',(#6683),#6700,.T.);
#6683 = FACE_BOUND('',#6684,.T.);
#6684 = EDGE_LOOP('',(#6685,#6693,#6699));
#6685 = ORIENTED_EDGE('',*,*,#6686,.T.);
#6686 = EDGE_CURVE('',#6271,#6687,#6689,.T.);
#6687 = VERTEX_POINT('',#6688);
#6688 = CARTESIAN_POINT('',(-0.110620439053,0.585326731205,
    0.748348534107));
#6689 = LINE('',#6690,#6691);
#6690 = CARTESIAN_POINT('',(-0.379252970219,0.804523229599,
    0.430786430836));
#6691 = VECTOR('',#6692,1.);
#6692 = DIRECTION('',(0.571356567188,-0.466210694284,0.675425245061));
#6693 = ORIENTED_EDGE('',*,*,#6694,.T.);
#6694 = EDGE_CURVE('',#6687,#251,#6695,.T.);
#6695 = LINE('',#6696,#6697);
#6696 = CARTESIAN_POINT('',(-0.110620439053,0.585326731205,
    0.748348534107));
#6697 = VECTOR('',#6698,1.);
#6698 = DIRECTION('',(0.367381553035,0.845615655601,-0.387253092295));
#6699 = ORIENTED_EDGE('',*,*,#6270,.F.);
#6700 = PLANE('',#6701);
#6701 = AXIS2_PLACEMENT_3D('',#6702,#6703,#6704);
#6702 = CARTESIAN_POINT('',(-0.177613940056,0.744978125936,
    0.593849083136));
#6703 = DIRECTION('',(-0.436391358716,0.524415946951,0.731129603163));
#6704 = DIRECTION('',(-2.775557561563E-17,0.812585662504,-0.582841780497
    ));
#6705 = ADVANCED_FACE('',(#6706),#6723,.T.);
#6706 = FACE_BOUND('',#6707,.T.);
#6707 = EDGE_LOOP('',(#6708,#6716,#6717));
#6708 = ORIENTED_EDGE('',*,*,#6709,.T.);
#6709 = EDGE_CURVE('',#6710,#6687,#6712,.T.);
#6710 = VERTEX_POINT('',#6711);
#6711 = CARTESIAN_POINT('',(-0.337889432907,0.551548182964,
    0.653231739998));
#6712 = LINE('',#6713,#6714);
#6713 = CARTESIAN_POINT('',(-0.337889432907,0.551548182964,
    0.653231739998));
#6714 = VECTOR('',#6715,1.);
#6715 = DIRECTION('',(0.9139187541,0.135833965733,0.382493979896));
#6716 = ORIENTED_EDGE('',*,*,#6686,.F.);
#6717 = ORIENTED_EDGE('',*,*,#6718,.T.);
#6718 = EDGE_CURVE('',#6271,#6710,#6719,.T.);
#6719 = LINE('',#6720,#6721);
#6720 = CARTESIAN_POINT('',(-0.379252970219,0.804523229599,
    0.430786430836));
#6721 = VECTOR('',#6722,1.);
#6722 = DIRECTION('',(0.121874186584,-0.745369715417,0.655416409609));
#6723 = PLANE('',#6724);
#6724 = AXIS2_PLACEMENT_3D('',#6725,#6726,#6727);
#6725 = CARTESIAN_POINT('',(-0.276521298012,0.659784962918,
    0.600450890198));
#6726 = DIRECTION('',(-0.387542043029,0.572187530546,0.722781152751));
#6727 = DIRECTION('',(0.,0.784053328918,-0.620693464934));
#6728 = ADVANCED_FACE('',(#6729),#6746,.T.);
#6729 = FACE_BOUND('',#6730,.T.);
#6730 = EDGE_LOOP('',(#6731,#6739,#6740));
#6731 = ORIENTED_EDGE('',*,*,#6732,.T.);
#6732 = EDGE_CURVE('',#6733,#6302,#6735,.T.);
#6733 = VERTEX_POINT('',#6734);
#6734 = CARTESIAN_POINT('',(-0.379767566919,-0.26262396574,
    0.388403773308));
#6735 = LINE('',#6736,#6737);
#6736 = CARTESIAN_POINT('',(-0.379767566919,-0.26262396574,
    0.388403773308));
#6737 = VECTOR('',#6738,1.);
#6738 = DIRECTION('',(-0.134560404119,0.181257971725,-0.974186350412));
#6739 = ORIENTED_EDGE('',*,*,#6424,.F.);
#6740 = ORIENTED_EDGE('',*,*,#6741,.T.);
#6741 = EDGE_CURVE('',#6417,#6733,#6742,.T.);
#6742 = LINE('',#6743,#6744);
#6743 = CARTESIAN_POINT('',(-0.238283082843,-0.308980107307,
    0.212793409824));
#6744 = VECTOR('',#6745,1.);
#6745 = DIRECTION('',(-0.614535986895,0.20134728831,0.762761293132));
#6746 = PLANE('',#6747);
#6747 = AXIS2_PLACEMENT_3D('',#6748,#6749,#6750);
#6748 = CARTESIAN_POINT('',(-0.358084504591,-0.250004420119,
    0.197396674584));
#6749 = DIRECTION('',(-0.427893745445,-0.897369872123,-0.107862204758));
#6750 = DIRECTION('',(-0.902635982445,0.430404789932,-6.938893903907E-18
    ));
#6751 = ADVANCED_FACE('',(#6752),#6767,.T.);
#6752 = FACE_BOUND('',#6753,.T.);
#6753 = EDGE_LOOP('',(#6754,#6760,#6766));
#6754 = ORIENTED_EDGE('',*,*,#6755,.T.);
#6755 = EDGE_CURVE('',#6127,#6467,#6756,.T.);
#6756 = LINE('',#6757,#6758);
#6757 = CARTESIAN_POINT('',(-0.443114459515,0.242247253656,
    -2.07906961441E-03));
#6758 = VECTOR('',#6759,1.);
#6759 = DIRECTION('',(0.136559790854,0.986690398721,-8.828069208298E-02)
  );
#6760 = ORIENTED_EDGE('',*,*,#6761,.T.);
#6761 = EDGE_CURVE('',#6467,#119,#6762,.T.);
#6762 = LINE('',#6763,#6764);
#6763 = CARTESIAN_POINT('',(-0.408610552549,0.491549581289,
    -2.438452839851E-02));
#6764 = VECTOR('',#6765,1.);
#6765 = DIRECTION('',(0.816938068466,-0.576367555437,-2.031337811614E-02
    ));
#6766 = ORIENTED_EDGE('',*,*,#6134,.F.);
#6767 = PLANE('',#6768);
#6768 = AXIS2_PLACEMENT_3D('',#6769,#6770,#6771);
#6769 = CARTESIAN_POINT('',(-0.25741823557,0.305141403124,
    -2.189428645874E-02));
#6770 = DIRECTION('',(-7.966283880204E-02,-7.7889004003E-02,
    -0.993774187212));
#6771 = DIRECTION('',(-0.996802436214,1.734723475977E-18,
    7.990558903158E-02));
#6772 = ADVANCED_FACE('',(#6773),#6790,.T.);
#6773 = FACE_BOUND('',#6774,.T.);
#6774 = EDGE_LOOP('',(#6775,#6776,#6784));
#6775 = ORIENTED_EDGE('',*,*,#6309,.F.);
#6776 = ORIENTED_EDGE('',*,*,#6777,.T.);
#6777 = EDGE_CURVE('',#6302,#6778,#6780,.T.);
#6778 = VERTEX_POINT('',#6779);
#6779 = CARTESIAN_POINT('',(-0.459958791733,-0.119866490364,
    0.297299265862));
#6780 = LINE('',#6781,#6782);
#6781 = CARTESIAN_POINT('',(-0.431475639343,-0.192971229553,
    1.404923200607E-02));
#6782 = VECTOR('',#6783,1.);
#6783 = DIRECTION('',(-9.690940613127E-02,0.248727274401,0.963713292412)
  );
#6784 = ORIENTED_EDGE('',*,*,#6785,.T.);
#6785 = EDGE_CURVE('',#6778,#6195,#6786,.T.);
#6786 = LINE('',#6787,#6788);
#6787 = CARTESIAN_POINT('',(-0.459958791733,-0.119866490364,
    0.297299265862));
#6788 = VECTOR('',#6789,1.);
#6789 = DIRECTION('',(-0.22922581541,0.610544465183,-0.758083756312));
#6790 = PLANE('',#6791);
#6791 = AXIS2_PLACEMENT_3D('',#6792,#6793,#6794);
#6792 = CARTESIAN_POINT('',(-0.455423425148,-0.130806034446,
    0.156354831669));
#6793 = DIRECTION('',(-0.9351261156,-0.354305566178,-2.591080521062E-03)
  );
#6794 = DIRECTION('',(0.354306755535,-0.935129254693,0.));
#6795 = ADVANCED_FACE('',(#6796),#6820,.T.);
#6796 = FACE_BOUND('',#6797,.T.);
#6797 = EDGE_LOOP('',(#6798,#6806,#6814));
#6798 = ORIENTED_EDGE('',*,*,#6799,.T.);
#6799 = EDGE_CURVE('',#6034,#6800,#6802,.T.);
#6800 = VERTEX_POINT('',#6801);
#6801 = CARTESIAN_POINT('',(-0.299111098051,1.7342492342,0.263310611248)
  );
#6802 = LINE('',#6803,#6804);
#6803 = CARTESIAN_POINT('',(-0.450993210077,1.532300710678,
    1.242047548294E-02));
#6804 = VECTOR('',#6805,1.);
#6805 = DIRECTION('',(0.426532102551,0.567134122613,0.70457735733));
#6806 = ORIENTED_EDGE('',*,*,#6807,.T.);
#6807 = EDGE_CURVE('',#6800,#6808,#6810,.T.);
#6808 = VERTEX_POINT('',#6809);
#6809 = CARTESIAN_POINT('',(-0.370488137007,1.629693865776,
    1.405638456345E-02));
#6810 = LINE('',#6811,#6812);
#6811 = CARTESIAN_POINT('',(-0.299111098051,1.7342492342,0.263310611248)
  );
#6812 = VECTOR('',#6813,1.);
#6813 = DIRECTION('',(-0.255318587098,-0.373998828334,-0.891592561368));
#6814 = ORIENTED_EDGE('',*,*,#6815,.T.);
#6815 = EDGE_CURVE('',#6808,#6034,#6816,.T.);
#6816 = LINE('',#6817,#6818);
#6817 = CARTESIAN_POINT('',(-0.370488137007,1.629693865776,
    1.405638456345E-02));
#6818 = VECTOR('',#6819,1.);
#6819 = DIRECTION('',(-0.637062558165,-0.7707033876,-1.294547516078E-02)
  );
#6820 = PLANE('',#6821);
#6821 = AXIS2_PLACEMENT_3D('',#6822,#6823,#6824);
#6822 = CARTESIAN_POINT('',(-0.366203128734,1.642470792045,
    0.117498043388));
#6823 = DIRECTION('',(-0.769537736722,0.636884949497,-4.678923876738E-02
    ));
#6824 = DIRECTION('',(-0.63758324098,-0.770381470975,0.));
#6825 = ADVANCED_FACE('',(#6826),#6850,.T.);
#6826 = FACE_BOUND('',#6827,.T.);
#6827 = EDGE_LOOP('',(#6828,#6836,#6844));
#6828 = ORIENTED_EDGE('',*,*,#6829,.T.);
#6829 = EDGE_CURVE('',#6800,#6830,#6832,.T.);
#6830 = VERTEX_POINT('',#6831);
#6831 = CARTESIAN_POINT('',(-0.409175872803,1.498115062714,
    0.229197055101));
#6832 = LINE('',#6833,#6834);
#6833 = CARTESIAN_POINT('',(-0.299111098051,1.7342492342,0.263310611248)
  );
#6834 = VECTOR('',#6835,1.);
#6835 = DIRECTION('',(-0.418896118236,-0.89870431336,-0.129832966826));
#6836 = ORIENTED_EDGE('',*,*,#6837,.T.);
#6837 = EDGE_CURVE('',#6830,#6838,#6840,.T.);
#6838 = VERTEX_POINT('',#6839);
#6839 = CARTESIAN_POINT('',(-0.357102125883,1.459824562073,
    0.373880058527));
#6840 = LINE('',#6841,#6842);
#6841 = CARTESIAN_POINT('',(-0.409175872803,1.498115062714,
    0.229197055101));
#6842 = VECTOR('',#6843,1.);
#6843 = DIRECTION('',(0.328614517613,-0.241634511468,0.913030810916));
#6844 = ORIENTED_EDGE('',*,*,#6845,.T.);
#6845 = EDGE_CURVE('',#6838,#6800,#6846,.T.);
#6846 = LINE('',#6847,#6848);
#6847 = CARTESIAN_POINT('',(-0.357102125883,1.459824562073,
    0.373880058527));
#6848 = VECTOR('',#6849,1.);
#6849 = DIRECTION('',(0.192346782537,0.910221886138,-0.366740825712));
#6850 = PLANE('',#6851);
#6851 = AXIS2_PLACEMENT_3D('',#6852,#6853,#6854);
#6852 = CARTESIAN_POINT('',(-0.349639372773,1.578109372294,
    0.288554643555));
#6853 = DIRECTION('',(-0.852566771239,0.340059294383,0.396849564549));
#6854 = DIRECTION('',(-0.421999019677,0.,-0.906596286884));
#6855 = ADVANCED_FACE('',(#6856),#6866,.T.);
#6856 = FACE_BOUND('',#6857,.T.);
#6857 = EDGE_LOOP('',(#6858,#6859,#6865));
#6858 = ORIENTED_EDGE('',*,*,#6799,.F.);
#6859 = ORIENTED_EDGE('',*,*,#6860,.T.);
#6860 = EDGE_CURVE('',#6034,#6830,#6861,.T.);
#6861 = LINE('',#6862,#6863);
#6862 = CARTESIAN_POINT('',(-0.450993210077,1.532300710678,
    1.242047548294E-02));
#6863 = VECTOR('',#6864,1.);
#6864 = DIRECTION('',(0.187182418604,-0.153021514152,0.970333529449));
#6865 = ORIENTED_EDGE('',*,*,#6829,.F.);
#6866 = PLANE('',#6867);
#6867 = AXIS2_PLACEMENT_3D('',#6868,#6869,#6870);
#6868 = CARTESIAN_POINT('',(-0.383126722259,1.596625296871,
    0.167154614841));
#6869 = DIRECTION('',(-0.893911020071,0.383023828176,0.232842941154));
#6870 = DIRECTION('',(-0.393849023829,-0.919175144588,
    -1.387778780781E-17));
#6871 = ADVANCED_FACE('',(#6872),#6894,.T.);
#6872 = FACE_BOUND('',#6873,.T.);
#6873 = EDGE_LOOP('',(#6874,#6882,#6888));
#6874 = ORIENTED_EDGE('',*,*,#6875,.T.);
#6875 = EDGE_CURVE('',#6876,#892,#6878,.T.);
#6876 = VERTEX_POINT('',#6877);
#6877 = CARTESIAN_POINT('',(-0.322076529264,1.607018589973,
    0.356439709663));
#6878 = LINE('',#6879,#6880);
#6879 = CARTESIAN_POINT('',(-0.322076529264,1.607018589973,
    0.356439709663));
#6880 = VECTOR('',#6881,1.);
#6881 = DIRECTION('',(0.77211265735,0.617701858244,-0.149286498658));
#6882 = ORIENTED_EDGE('',*,*,#6883,.T.);
#6883 = EDGE_CURVE('',#892,#6800,#6884,.T.);
#6884 = LINE('',#6885,#6886);
#6885 = CARTESIAN_POINT('',(-8.023011588421E-09,1.864684700966,
    0.294166833162));
#6886 = VECTOR('',#6887,1.);
#6887 = DIRECTION('',(-0.912564860042,-0.397948546351,
    -9.413995258422E-02));
#6888 = ORIENTED_EDGE('',*,*,#6889,.T.);
#6889 = EDGE_CURVE('',#6800,#6876,#6890,.T.);
#6890 = LINE('',#6891,#6892);
#6891 = CARTESIAN_POINT('',(-0.299111098051,1.7342492342,0.263310611248)
  );
#6892 = VECTOR('',#6893,1.);
#6893 = DIRECTION('',(-0.144131764175,-0.798503500285,0.584481132791));
#6894 = PLANE('',#6895);
#6895 = AXIS2_PLACEMENT_3D('',#6896,#6897,#6898);
#6896 = CARTESIAN_POINT('',(-0.18322915827,1.747418912444,0.305705982222
    ));
#6897 = DIRECTION('',(-0.334892569016,0.595156311096,0.730503889504));
#6898 = DIRECTION('',(-2.775557561563E-17,0.775270885644,-0.631628889359
    ));
#6899 = ADVANCED_FACE('',(#6900),#6910,.T.);
#6900 = FACE_BOUND('',#6901,.T.);
#6901 = EDGE_LOOP('',(#6902,#6903,#6904));
#6902 = ORIENTED_EDGE('',*,*,#899,.F.);
#6903 = ORIENTED_EDGE('',*,*,#6875,.F.);
#6904 = ORIENTED_EDGE('',*,*,#6905,.T.);
#6905 = EDGE_CURVE('',#6876,#900,#6906,.T.);
#6906 = LINE('',#6907,#6908);
#6907 = CARTESIAN_POINT('',(-0.322076529264,1.607018589973,
    0.356439709663));
#6908 = VECTOR('',#6909,1.);
#6909 = DIRECTION('',(0.963884172244,-5.76541635049E-02,0.260006345938)
  );
#6910 = PLANE('',#6911);
#6911 = AXIS2_PLACEMENT_3D('',#6912,#6913,#6914);
#6912 = CARTESIAN_POINT('',(-0.113513125627,1.68959891661,0.361503372853
    ));
#6913 = DIRECTION('',(-0.204701224353,0.464147112123,0.86178005724));
#6914 = DIRECTION('',(-1.387778780781E-17,0.880423461116,-0.474188284457
    ));
#6915 = ADVANCED_FACE('',(#6916),#6933,.T.);
#6916 = FACE_BOUND('',#6917,.T.);
#6917 = EDGE_LOOP('',(#6918,#6926,#6932));
#6918 = ORIENTED_EDGE('',*,*,#6919,.T.);
#6919 = EDGE_CURVE('',#6203,#6920,#6922,.T.);
#6920 = VERTEX_POINT('',#6921);
#6921 = CARTESIAN_POINT('',(-0.442051142454,-3.129470348358E-02,
    0.473441421986));
#6922 = LINE('',#6923,#6924);
#6923 = CARTESIAN_POINT('',(-0.47218221426,7.687509059906E-02,
    0.422216147184));
#6924 = VECTOR('',#6925,1.);
#6925 = DIRECTION('',(0.244133486338,-0.876433109183,0.415046799742));
#6926 = ORIENTED_EDGE('',*,*,#6927,.T.);
#6927 = EDGE_CURVE('',#6920,#6621,#6928,.T.);
#6928 = LINE('',#6929,#6930);
#6929 = CARTESIAN_POINT('',(-0.442051142454,-3.129470348358E-02,
    0.473441421986));
#6930 = VECTOR('',#6931,1.);
#6931 = DIRECTION('',(0.107574015286,0.784799990284,0.610341549041));
#6932 = ORIENTED_EDGE('',*,*,#6620,.F.);
#6933 = PLANE('',#6934);
#6934 = AXIS2_PLACEMENT_3D('',#6935,#6936,#6937);
#6935 = CARTESIAN_POINT('',(-0.447319457112,3.977495428384E-02,
    0.483524059349));
#6936 = DIRECTION('',(-0.942794400941,-0.114316529271,0.313162016677));
#6937 = DIRECTION('',(-0.315228535968,0.,-0.949015790233));
#6938 = ADVANCED_FACE('',(#6939),#6954,.T.);
#6939 = FACE_BOUND('',#6940,.T.);
#6940 = EDGE_LOOP('',(#6941,#6947,#6948));
#6941 = ORIENTED_EDGE('',*,*,#6942,.T.);
#6942 = EDGE_CURVE('',#6838,#6034,#6943,.T.);
#6943 = LINE('',#6944,#6945);
#6944 = CARTESIAN_POINT('',(-0.357102125883,1.459824562073,
    0.373880058527));
#6945 = VECTOR('',#6946,1.);
#6946 = DIRECTION('',(-0.246807321894,0.190514832074,-0.950152748046));
#6947 = ORIENTED_EDGE('',*,*,#6031,.F.);
#6948 = ORIENTED_EDGE('',*,*,#6949,.T.);
#6949 = EDGE_CURVE('',#6032,#6838,#6950,.T.);
#6950 = LINE('',#6951,#6952);
#6951 = CARTESIAN_POINT('',(-0.533330917358,1.382655143738,
    2.070516347885E-02));
#6952 = VECTOR('',#6953,1.);
#6953 = DIRECTION('',(0.438190025991,0.191880504558,0.878163636854));
#6954 = PLANE('',#6955);
#6955 = AXIS2_PLACEMENT_3D('',#6956,#6957,#6958);
#6956 = CARTESIAN_POINT('',(-0.437211331012,1.457587481944,
    0.163231015027));
#6957 = DIRECTION('',(-0.82590509689,0.471539368829,0.309081533864));
#6958 = DIRECTION('',(-0.49581676725,-0.868427160626,2.775557561563E-17)
  );
#6959 = ADVANCED_FACE('',(#6960),#6965,.T.);
#6960 = FACE_BOUND('',#6961,.T.);
#6961 = EDGE_LOOP('',(#6962,#6963,#6964));
#6962 = ORIENTED_EDGE('',*,*,#6860,.F.);
#6963 = ORIENTED_EDGE('',*,*,#6942,.F.);
#6964 = ORIENTED_EDGE('',*,*,#6837,.F.);
#6965 = PLANE('',#6966);
#6966 = AXIS2_PLACEMENT_3D('',#6967,#6968,#6969);
#6967 = CARTESIAN_POINT('',(-0.407331798525,1.498120278546,0.19448086741
    ));
#6968 = DIRECTION('',(-0.539059909052,-0.841776243733,
    -2.876056221601E-02));
#6969 = DIRECTION('',(-0.842124605866,0.539282994535,-1.734723475977E-18
    ));
#6970 = ADVANCED_FACE('',(#6971),#6986,.T.);
#6971 = FACE_BOUND('',#6972,.T.);
#6972 = EDGE_LOOP('',(#6973,#6979,#6980));
#6973 = ORIENTED_EDGE('',*,*,#6974,.T.);
#6974 = EDGE_CURVE('',#6621,#6664,#6975,.T.);
#6975 = LINE('',#6976,#6977);
#6976 = CARTESIAN_POINT('',(-0.428056836128,7.079994678497E-02,
    0.552840769291));
#6977 = VECTOR('',#6978,1.);
#6978 = DIRECTION('',(0.703047429655,0.115807842336,0.701650094641));
#6979 = ORIENTED_EDGE('',*,*,#6672,.F.);
#6980 = ORIENTED_EDGE('',*,*,#6981,.T.);
#6981 = EDGE_CURVE('',#6379,#6621,#6982,.T.);
#6982 = LINE('',#6983,#6984);
#6983 = CARTESIAN_POINT('',(-0.351004213095,0.214789807796,
    0.705610454082));
#6984 = VECTOR('',#6985,1.);
#6985 = DIRECTION('',(-0.344559612144,-0.643885810885,-0.683146936039));
#6986 = PLANE('',#6987);
#6987 = AXIS2_PLACEMENT_3D('',#6988,#6989,#6990);
#6988 = CARTESIAN_POINT('',(-0.323324259037,0.125004914418,
    0.678718534701));
#6989 = DIRECTION('',(-0.615865456077,-0.394180997197,0.682151802358));
#6990 = DIRECTION('',(0.74224965699,-2.775557561563E-17,0.670123456311)
  );
#6991 = ADVANCED_FACE('',(#6992),#7009,.T.);
#6992 = FACE_BOUND('',#6993,.T.);
#6993 = EDGE_LOOP('',(#6994,#7002,#7003));
#6994 = ORIENTED_EDGE('',*,*,#6995,.T.);
#6995 = EDGE_CURVE('',#6996,#6664,#6998,.T.);
#6996 = VERTEX_POINT('',#6997);
#6997 = CARTESIAN_POINT('',(-0.382997453213,3.780049085617E-02,
    0.656924366951));
#6998 = LINE('',#6999,#7000);
#6999 = CARTESIAN_POINT('',(-0.382997453213,3.780049085617E-02,
    0.656924366951));
#7000 = VECTOR('',#7001,1.);
#7001 = DIRECTION('',(0.78714452531,0.297338077777,0.54036428803));
#7002 = ORIENTED_EDGE('',*,*,#6974,.F.);
#7003 = ORIENTED_EDGE('',*,*,#7004,.T.);
#7004 = EDGE_CURVE('',#6621,#6996,#7005,.T.);
#7005 = LINE('',#7006,#7007);
#7006 = CARTESIAN_POINT('',(-0.428056836128,7.079994678497E-02,
    0.552840769291));
#7007 = VECTOR('',#7008,1.);
#7008 = DIRECTION('',(0.381466141638,-0.279368564655,0.881156505887));
#7009 = PLANE('',#7010);
#7010 = AXIS2_PLACEMENT_3D('',#7011,#7012,#7013);
#7011 = CARTESIAN_POINT('',(-0.318981734404,7.829436470029E-02,
    0.677014647446));
#7012 = DIRECTION('',(-0.573078378678,0.67647044078,0.4625677406));
#7013 = DIRECTION('',(0.763007775239,0.646389306011,0.));
#7014 = ADVANCED_FACE('',(#7015),#7032,.T.);
#7015 = FACE_BOUND('',#7016,.T.);
#7016 = EDGE_LOOP('',(#7017,#7025,#7026));
#7017 = ORIENTED_EDGE('',*,*,#7018,.T.);
#7018 = EDGE_CURVE('',#7019,#6687,#7021,.T.);
#7019 = VERTEX_POINT('',#7020);
#7020 = CARTESIAN_POINT('',(-0.238074406981,0.510570764542,
    0.749107003212));
#7021 = LINE('',#7022,#7023);
#7022 = CARTESIAN_POINT('',(-0.238074406981,0.510570764542,
    0.749107003212));
#7023 = VECTOR('',#7024,1.);
#7024 = DIRECTION('',(0.862563834319,0.505922210906,-5.133053367041E-03)
  );
#7025 = ORIENTED_EDGE('',*,*,#6709,.F.);
#7026 = ORIENTED_EDGE('',*,*,#7027,.T.);
#7027 = EDGE_CURVE('',#6710,#7019,#7028,.T.);
#7028 = LINE('',#7029,#7030);
#7029 = CARTESIAN_POINT('',(-0.337889432907,0.551548182964,
    0.653231739998));
#7030 = VECTOR('',#7031,1.);
#7031 = DIRECTION('',(0.691523500044,-0.283893607677,0.664228626609));
#7032 = PLANE('',#7033);
#7033 = AXIS2_PLACEMENT_3D('',#7034,#7035,#7036);
#7034 = CARTESIAN_POINT('',(-0.227627815086,0.552862456698,
    0.713989807379));
#7035 = DIRECTION('',(-0.374552648949,0.645342251827,0.665765492626));
#7036 = DIRECTION('',(2.775557561563E-17,0.71803433711,-0.69600768008));
#7037 = ADVANCED_FACE('',(#7038),#7060,.T.);
#7038 = FACE_BOUND('',#7039,.T.);
#7039 = EDGE_LOOP('',(#7040,#7048,#7054));
#7040 = ORIENTED_EDGE('',*,*,#7041,.T.);
#7041 = EDGE_CURVE('',#6710,#7042,#7044,.T.);
#7042 = VERTEX_POINT('',#7043);
#7043 = CARTESIAN_POINT('',(-0.440932095051,0.396240621805,
    0.463503539562));
#7044 = LINE('',#7045,#7046);
#7045 = CARTESIAN_POINT('',(-0.337889432907,0.551548182964,
    0.653231739998));
#7046 = VECTOR('',#7047,1.);
#7047 = DIRECTION('',(-0.387435876299,-0.583949597203,-0.713369686546));
#7048 = ORIENTED_EDGE('',*,*,#7049,.T.);
#7049 = EDGE_CURVE('',#7042,#6377,#7050,.T.);
#7050 = LINE('',#7051,#7052);
#7051 = CARTESIAN_POINT('',(-0.440932095051,0.396240621805,
    0.463503539562));
#7052 = VECTOR('',#7053,1.);
#7053 = DIRECTION('',(0.386090334141,-6.018946329313E-02,0.920495237571)
  );
#7054 = ORIENTED_EDGE('',*,*,#7055,.T.);
#7055 = EDGE_CURVE('',#6377,#6710,#7056,.T.);
#7056 = LINE('',#7057,#7058);
#7057 = CARTESIAN_POINT('',(-0.322233051062,0.377736061811,
    0.746499240398));
#7058 = VECTOR('',#7059,1.);
#7059 = DIRECTION('',(-7.912249905187E-02,0.878392563931,-0.471345026255
    ));
#7060 = PLANE('',#7061);
#7061 = AXIS2_PLACEMENT_3D('',#7062,#7063,#7064);
#7062 = CARTESIAN_POINT('',(-0.371063870973,0.436878948807,0.61325852537
    ));
#7063 = DIRECTION('',(-0.911634125297,0.127539752762,0.390713236351));
#7064 = DIRECTION('',(-0.393930283953,-6.938893903907E-18,
    -0.919140321923));
#7065 = ADVANCED_FACE('',(#7066),#7090,.T.);
#7066 = FACE_BOUND('',#7067,.T.);
#7067 = EDGE_LOOP('',(#7068,#7078,#7084));
#7068 = ORIENTED_EDGE('',*,*,#7069,.T.);
#7069 = EDGE_CURVE('',#7070,#7072,#7074,.T.);
#7070 = VERTEX_POINT('',#7071);
#7071 = CARTESIAN_POINT('',(-0.220127865672,1.610726714134,
    -2.109056711197E-02));
#7072 = VERTEX_POINT('',#7073);
#7073 = CARTESIAN_POINT('',(-0.290918529034,1.49059009552,
    -1.128309965134E-02));
#7074 = LINE('',#7075,#7076);
#7075 = CARTESIAN_POINT('',(-0.220127865672,1.610726714134,
    -2.109056711197E-02));
#7076 = VECTOR('',#7077,1.);
#7077 = DIRECTION('',(-0.506419289851,-0.859428322813,7.016025095399E-02
    ));
#7078 = ORIENTED_EDGE('',*,*,#7079,.T.);
#7079 = EDGE_CURVE('',#7072,#6808,#7080,.T.);
#7080 = LINE('',#7081,#7082);
#7081 = CARTESIAN_POINT('',(-0.290918529034,1.49059009552,
    -1.128309965134E-02));
#7082 = VECTOR('',#7083,1.);
#7083 = DIRECTION('',(-0.490430297564,0.857371365484,0.156180872322));
#7084 = ORIENTED_EDGE('',*,*,#7085,.T.);
#7085 = EDGE_CURVE('',#6808,#7070,#7086,.T.);
#7086 = LINE('',#7087,#7088);
#7087 = CARTESIAN_POINT('',(-0.370488137007,1.629693865776,
    1.405638456345E-02));
#7088 = VECTOR('',#7089,1.);
#7089 = DIRECTION('',(0.966487091161,-0.121917226241,-0.22591788899));
#7090 = PLANE('',#7091);
#7091 = AXIS2_PLACEMENT_3D('',#7092,#7093,#7094);
#7092 = CARTESIAN_POINT('',(-0.295704220853,1.577666674632,
    -5.648748362932E-03));
#7093 = DIRECTION('',(-0.22123380373,5.085756657703E-02,-0.973893788875)
  );
#7094 = DIRECTION('',(-0.975155721673,-1.734723475977E-18,0.221520469684
    ));
#7095 = ADVANCED_FACE('',(#7096),#7111,.T.);
#7096 = FACE_BOUND('',#7097,.T.);
#7097 = EDGE_LOOP('',(#7098,#7104,#7105));
#7098 = ORIENTED_EDGE('',*,*,#7099,.T.);
#7099 = EDGE_CURVE('',#1103,#7072,#7100,.T.);
#7100 = LINE('',#7101,#7102);
#7101 = CARTESIAN_POINT('',(-8.023011588421E-09,1.48507976532,
    -3.398224711418E-02));
#7102 = VECTOR('',#7103,1.);
#7103 = DIRECTION('',(-0.996792106688,1.888038489168E-02,
    7.777549171124E-02));
#7104 = ORIENTED_EDGE('',*,*,#7069,.F.);
#7105 = ORIENTED_EDGE('',*,*,#7106,.T.);
#7106 = EDGE_CURVE('',#7070,#1103,#7107,.T.);
#7107 = LINE('',#7108,#7109);
#7108 = CARTESIAN_POINT('',(-0.220127865672,1.610726714134,
    -2.109056711197E-02));
#7109 = VECTOR('',#7110,1.);
#7110 = DIRECTION('',(0.867360463521,-0.495081344667,-5.079654007312E-02
    ));
#7111 = PLANE('',#7112);
#7112 = AXIS2_PLACEMENT_3D('',#7113,#7114,#7115);
#7113 = CARTESIAN_POINT('',(-0.154800050191,1.522888229923,
    -2.313378605349E-02));
#7114 = DIRECTION('',(-7.840278407764E-02,-3.513515346352E-02,
    -0.996302426194));
#7115 = DIRECTION('',(-0.99691795336,0.,7.845122222476E-02));
#7116 = ADVANCED_FACE('',(#7117),#7134,.T.);
#7117 = FACE_BOUND('',#7118,.T.);
#7118 = EDGE_LOOP('',(#7119,#7127,#7128));
#7119 = ORIENTED_EDGE('',*,*,#7120,.T.);
#7120 = EDGE_CURVE('',#7121,#7042,#7123,.T.);
#7121 = VERTEX_POINT('',#7122);
#7122 = CARTESIAN_POINT('',(-0.414600670338,0.619043588638,
    0.420664429665));
#7123 = LINE('',#7124,#7125);
#7124 = CARTESIAN_POINT('',(-0.414600670338,0.619043588638,
    0.420664429665));
#7125 = VECTOR('',#7126,1.);
#7126 = DIRECTION('',(-0.115282983662,-0.975465287772,0.187556141007));
#7127 = ORIENTED_EDGE('',*,*,#7041,.F.);
#7128 = ORIENTED_EDGE('',*,*,#7129,.T.);
#7129 = EDGE_CURVE('',#6710,#7121,#7130,.T.);
#7130 = LINE('',#7131,#7132);
#7131 = CARTESIAN_POINT('',(-0.337889432907,0.551548182964,
    0.653231739998));
#7132 = VECTOR('',#7133,1.);
#7133 = DIRECTION('',(-0.301985136141,0.265705650881,-0.915535627182));
#7134 = PLANE('',#7135);
#7135 = AXIS2_PLACEMENT_3D('',#7136,#7137,#7138);
#7136 = CARTESIAN_POINT('',(-0.396648013572,0.52200666971,0.515607819692
    ));
#7137 = DIRECTION('',(-0.918347483079,0.176630982957,0.35417424551));
#7138 = DIRECTION('',(-0.359831829613,6.938893903907E-18,-0.933017177975
    ));
#7139 = ADVANCED_FACE('',(#7140),#7157,.T.);
#7140 = FACE_BOUND('',#7141,.T.);
#7141 = EDGE_LOOP('',(#7142,#7150,#7151));
#7142 = ORIENTED_EDGE('',*,*,#7143,.T.);
#7143 = EDGE_CURVE('',#7144,#6127,#7146,.T.);
#7144 = VERTEX_POINT('',#7145);
#7145 = CARTESIAN_POINT('',(-0.389510512352,6.687235832214E-02,
    -1.954865455627E-02));
#7146 = LINE('',#7147,#7148);
#7147 = CARTESIAN_POINT('',(-0.389510512352,6.687235832214E-02,
    -1.954865455627E-02));
#7148 = VECTOR('',#7149,1.);
#7149 = DIRECTION('',(-0.290986830046,0.952015431031,9.483292581113E-02)
  );
#7150 = ORIENTED_EDGE('',*,*,#6126,.F.);
#7151 = ORIENTED_EDGE('',*,*,#7152,.T.);
#7152 = EDGE_CURVE('',#6119,#7144,#7153,.T.);
#7153 = LINE('',#7154,#7155);
#7154 = CARTESIAN_POINT('',(-0.193163111806,0.14935874939,
    -3.008431196213E-02));
#7155 = VECTOR('',#7156,1.);
#7156 = DIRECTION('',(-0.920821693976,-0.386841171014,4.940967831827E-02
    ));
#7157 = PLANE('',#7158);
#7158 = AXIS2_PLACEMENT_3D('',#7159,#7160,#7161);
#7159 = CARTESIAN_POINT('',(-0.336724505975,0.156294845064,
    -1.742207986809E-02));
#7160 = DIRECTION('',(-8.410966534678E-02,7.328262114245E-02,
    -0.993758130348));
#7161 = DIRECTION('',(-0.996437337176,0.,8.433642795914E-02));
#7162 = ADVANCED_FACE('',(#7163),#7173,.T.);
#7163 = FACE_BOUND('',#7164,.T.);
#7164 = EDGE_LOOP('',(#7165,#7171,#7172));
#7165 = ORIENTED_EDGE('',*,*,#7166,.T.);
#7166 = EDGE_CURVE('',#6225,#6294,#7167,.T.);
#7167 = LINE('',#7168,#7169);
#7168 = CARTESIAN_POINT('',(-0.509242594242,8.366203308105E-02,
    1.349985599518E-02));
#7169 = VECTOR('',#7170,1.);
#7170 = DIRECTION('',(0.123729077153,-0.985706814281,0.11433805905));
#7171 = ORIENTED_EDGE('',*,*,#6293,.F.);
#7172 = ORIENTED_EDGE('',*,*,#6224,.F.);
#7173 = PLANE('',#7174);
#7174 = AXIS2_PLACEMENT_3D('',#7175,#7176,#7177);
#7175 = CARTESIAN_POINT('',(-0.495680660095,-5.394932241557E-03,
    9.238888449149E-02));
#7176 = DIRECTION('',(-0.992110149371,-0.120532441076,3.448742036111E-02
    ));
#7177 = DIRECTION('',(0.120604184648,-0.992700675252,-8.673617379884E-19
    ));
#7178 = ADVANCED_FACE('',(#7179),#7196,.T.);
#7179 = FACE_BOUND('',#7180,.T.);
#7180 = EDGE_LOOP('',(#7181,#7189,#7195));
#7181 = ORIENTED_EDGE('',*,*,#7182,.T.);
#7182 = EDGE_CURVE('',#6032,#7183,#7185,.T.);
#7183 = VERTEX_POINT('',#7184);
#7184 = CARTESIAN_POINT('',(-0.239705443382,1.324990391731,
    0.472015827894));
#7185 = LINE('',#7186,#7187);
#7186 = CARTESIAN_POINT('',(-0.533330917358,1.382655143738,
    2.070516347885E-02));
#7187 = VECTOR('',#7188,1.);
#7188 = DIRECTION('',(0.542244449916,-0.106490732251,0.833445067464));
#7189 = ORIENTED_EDGE('',*,*,#7190,.T.);
#7190 = EDGE_CURVE('',#7183,#6838,#7191,.T.);
#7191 = LINE('',#7192,#7193);
#7192 = CARTESIAN_POINT('',(-0.239705443382,1.324990391731,
    0.472015827894));
#7193 = VECTOR('',#7194,1.);
#7194 = DIRECTION('',(-0.575633966553,0.661135618547,-0.481191469624));
#7195 = ORIENTED_EDGE('',*,*,#6949,.F.);
#7196 = PLANE('',#7197);
#7197 = AXIS2_PLACEMENT_3D('',#7198,#7199,#7200);
#7198 = CARTESIAN_POINT('',(-0.391429770304,1.384305489538,
    0.260546384804));
#7199 = DIRECTION('',(-0.804427794543,-0.352231878952,0.478360352471));
#7200 = DIRECTION('',(-0.511116388648,0.,-0.859511510833));
#7201 = ADVANCED_FACE('',(#7202),#7212,.T.);
#7202 = FACE_BOUND('',#7203,.T.);
#7203 = EDGE_LOOP('',(#7204,#7210,#7211));
#7204 = ORIENTED_EDGE('',*,*,#7205,.T.);
#7205 = EDGE_CURVE('',#6490,#7183,#7206,.T.);
#7206 = LINE('',#7207,#7208);
#7207 = CARTESIAN_POINT('',(-0.357704490423,1.180297017097,
    0.418577522039));
#7208 = VECTOR('',#7209,1.);
#7209 = DIRECTION('',(0.607600311299,0.745054656585,0.275164351636));
#7210 = ORIENTED_EDGE('',*,*,#7182,.F.);
#7211 = ORIENTED_EDGE('',*,*,#6497,.F.);
#7212 = PLANE('',#7213);
#7213 = AXIS2_PLACEMENT_3D('',#7214,#7215,#7216);
#7214 = CARTESIAN_POINT('',(-0.395772263392,1.309102108534,
    0.267602829174));
#7215 = DIRECTION('',(-0.740988832093,0.407030641041,0.534098874711));
#7216 = DIRECTION('',(-0.584727822919,0.,-0.811229544028));
#7217 = ADVANCED_FACE('',(#7218),#7235,.T.);
#7218 = FACE_BOUND('',#7219,.T.);
#7219 = EDGE_LOOP('',(#7220,#7221,#7229));
#7220 = ORIENTED_EDGE('',*,*,#1256,.F.);
#7221 = ORIENTED_EDGE('',*,*,#7222,.T.);
#7222 = EDGE_CURVE('',#1249,#7223,#7225,.T.);
#7223 = VERTEX_POINT('',#7224);
#7224 = CARTESIAN_POINT('',(-0.203801959753,-6.128853559494E-02,
    -2.209201455116E-02));
#7225 = LINE('',#7226,#7227);
#7226 = CARTESIAN_POINT('',(-8.023011588421E-09,-0.250325739384,
    1.174280047417E-02));
#7227 = VECTOR('',#7228,1.);
#7228 = DIRECTION('',(-0.727794054202,0.675067887096,-0.120826994008));
#7229 = ORIENTED_EDGE('',*,*,#7230,.T.);
#7230 = EDGE_CURVE('',#7223,#1257,#7231,.T.);
#7231 = LINE('',#7232,#7233);
#7232 = CARTESIAN_POINT('',(-0.203801959753,-6.128853559494E-02,
    -2.209201455116E-02));
#7233 = VECTOR('',#7234,1.);
#7234 = DIRECTION('',(0.890327103756,0.452125634772,-5.385219307801E-02)
  );
#7235 = PLANE('',#7236);
#7236 = AXIS2_PLACEMENT_3D('',#7237,#7238,#7239);
#7237 = CARTESIAN_POINT('',(-6.441658549035E-02,-9.518459812352E-02,
    -1.400440698659E-02));
#7238 = DIRECTION('',(1.94050125904E-02,-0.155843317104,-0.987591163387)
  );
#7239 = DIRECTION('',(4.336808689942E-19,-0.987777156871,0.155872667146)
  );
#7240 = ADVANCED_FACE('',(#7241),#7256,.T.);
#7241 = FACE_BOUND('',#7242,.T.);
#7242 = EDGE_LOOP('',(#7243,#7249,#7250));
#7243 = ORIENTED_EDGE('',*,*,#7244,.T.);
#7244 = EDGE_CURVE('',#1257,#7144,#7245,.T.);
#7245 = LINE('',#7246,#7247);
#7246 = CARTESIAN_POINT('',(-8.023011588421E-09,4.22061085701E-02,
    -3.441914916039E-02));
#7247 = VECTOR('',#7248,1.);
#7248 = DIRECTION('',(-0.997277294995,6.31538573594E-02,
    3.80734446676E-02));
#7249 = ORIENTED_EDGE('',*,*,#7152,.F.);
#7250 = ORIENTED_EDGE('',*,*,#7251,.T.);
#7251 = EDGE_CURVE('',#6119,#1257,#7252,.T.);
#7252 = LINE('',#7253,#7254);
#7253 = CARTESIAN_POINT('',(-0.193163111806,0.14935874939,
    -3.008431196213E-02));
#7254 = VECTOR('',#7255,1.);
#7255 = DIRECTION('',(0.874296641387,-0.484995281964,-1.962038054459E-02
    ));
#7256 = PLANE('',#7257);
#7257 = AXIS2_PLACEMENT_3D('',#7258,#7259,#7260);
#7258 = CARTESIAN_POINT('',(-0.19342647493,7.943944013377E-02,
    -2.783470325475E-02));
#7259 = DIRECTION('',(-4.015227761215E-02,-3.19806977603E-02,
    -0.998681645758));
#7260 = DIRECTION('',(-0.999192746174,0.,4.017282654873E-02));
#7261 = ADVANCED_FACE('',(#7262),#7272,.T.);
#7262 = FACE_BOUND('',#7263,.T.);
#7263 = EDGE_LOOP('',(#7264,#7270,#7271));
#7264 = ORIENTED_EDGE('',*,*,#7265,.T.);
#7265 = EDGE_CURVE('',#7223,#7144,#7266,.T.);
#7266 = LINE('',#7267,#7268);
#7267 = CARTESIAN_POINT('',(-0.203801959753,-6.128853559494E-02,
    -2.209201455116E-02));
#7268 = VECTOR('',#7269,1.);
#7269 = DIRECTION('',(-0.822982271678,0.567955229525,1.127110279519E-02)
  );
#7270 = ORIENTED_EDGE('',*,*,#7244,.F.);
#7271 = ORIENTED_EDGE('',*,*,#7230,.F.);
#7272 = PLANE('',#7273);
#7273 = AXIS2_PLACEMENT_3D('',#7274,#7275,#7276);
#7274 = CARTESIAN_POINT('',(-0.196813277008,2.336618702622E-02,
    -2.568264981993E-02));
#7275 = DIRECTION('',(-4.058641647564E-02,-3.899720452254E-02,
    -0.998414723868));
#7276 = DIRECTION('',(-0.999174776435,-2.168404344971E-19,
    4.061731326558E-02));
#7277 = ADVANCED_FACE('',(#7278),#7288,.T.);
#7278 = FACE_BOUND('',#7279,.T.);
#7279 = EDGE_LOOP('',(#7280,#7286,#7287));
#7280 = ORIENTED_EDGE('',*,*,#7281,.T.);
#7281 = EDGE_CURVE('',#6195,#6920,#7282,.T.);
#7282 = LINE('',#7283,#7284);
#7283 = CARTESIAN_POINT('',(-0.486126184464,-5.016946792603E-02,
    0.210759818554));
#7284 = VECTOR('',#7285,1.);
#7285 = DIRECTION('',(0.165061761357,7.068630503869E-02,0.983746949788)
  );
#7286 = ORIENTED_EDGE('',*,*,#6919,.F.);
#7287 = ORIENTED_EDGE('',*,*,#6202,.F.);
#7288 = PLANE('',#7289);
#7289 = AXIS2_PLACEMENT_3D('',#7290,#7291,#7292);
#7290 = CARTESIAN_POINT('',(-0.468577774469,-7.473238342615E-03,
    0.3526424522));
#7291 = DIRECTION('',(-0.966709365657,-0.186133149026,0.175577484843));
#7292 = DIRECTION('',(0.189070238939,-0.981963565896,-6.938893903907E-18
    ));
#7293 = ADVANCED_FACE('',(#7294),#7311,.T.);
#7294 = FACE_BOUND('',#7295,.T.);
#7295 = EDGE_LOOP('',(#7296,#7304,#7310));
#7296 = ORIENTED_EDGE('',*,*,#7297,.T.);
#7297 = EDGE_CURVE('',#6042,#7298,#7300,.T.);
#7298 = VERTEX_POINT('',#7299);
#7299 = CARTESIAN_POINT('',(-0.429118543863,1.057010650635,
    1.302888989449E-02));
#7300 = LINE('',#7301,#7302);
#7301 = CARTESIAN_POINT('',(-0.486131280661,1.183676242828,
    3.056925535202E-02));
#7302 = VECTOR('',#7303,1.);
#7303 = DIRECTION('',(0.407210058638,-0.904701407475,-0.125281009959));
#7304 = ORIENTED_EDGE('',*,*,#7305,.T.);
#7305 = EDGE_CURVE('',#7298,#6513,#7306,.T.);
#7306 = LINE('',#7307,#7308);
#7307 = CARTESIAN_POINT('',(-0.429118543863,1.057010650635,
    1.302888989449E-02));
#7308 = VECTOR('',#7309,1.);
#7309 = DIRECTION('',(-8.978739636043E-02,-0.33985724323,0.936181220533)
  );
#7310 = ORIENTED_EDGE('',*,*,#6521,.F.);
#7311 = PLANE('',#7312);
#7312 = AXIS2_PLACEMENT_3D('',#7313,#7314,#7315);
#7313 = CARTESIAN_POINT('',(-0.45401597762,1.085480778374,
    6.591068940195E-02));
#7314 = DIRECTION('',(-0.900228010882,-0.37441817168,-0.222262370048));
#7315 = DIRECTION('',(0.38402380062,-0.923323193989,0.));
#7316 = ADVANCED_FACE('',(#7317),#7334,.T.);
#7317 = FACE_BOUND('',#7318,.T.);
#7318 = EDGE_LOOP('',(#7319,#7327,#7328));
#7319 = ORIENTED_EDGE('',*,*,#7320,.T.);
#7320 = EDGE_CURVE('',#7321,#6490,#7323,.T.);
#7321 = VERTEX_POINT('',#7322);
#7322 = CARTESIAN_POINT('',(-0.106557518244,1.185266375542,
    0.515214681625));
#7323 = LINE('',#7324,#7325);
#7324 = CARTESIAN_POINT('',(-0.106557518244,1.185266375542,
    0.515214681625));
#7325 = VECTOR('',#7326,1.);
#7326 = DIRECTION('',(-0.933133994815,-1.846360024363E-02,
    -0.359054373579));
#7327 = ORIENTED_EDGE('',*,*,#6598,.F.);
#7328 = ORIENTED_EDGE('',*,*,#7329,.T.);
#7329 = EDGE_CURVE('',#6248,#7321,#7330,.T.);
#7330 = LINE('',#7331,#7332);
#7331 = CARTESIAN_POINT('',(-0.232998549938,1.050237178802,
    0.514512121677));
#7332 = VECTOR('',#7333,1.);
#7333 = DIRECTION('',(0.683507854791,0.729933276885,3.797859258679E-03)
  );
#7334 = PLANE('',#7335);
#7335 = AXIS2_PLACEMENT_3D('',#7336,#7337,#7338);
#7336 = CARTESIAN_POINT('',(-0.234213541894,1.143569886248,
    0.480267126485));
#7337 = DIRECTION('',(-0.345820496593,0.319234767208,0.882324967085));
#7338 = DIRECTION('',(0.931041073399,0.,0.364914400434));
#7339 = ADVANCED_FACE('',(#7340),#7350,.T.);
#7340 = FACE_BOUND('',#7341,.T.);
#7341 = EDGE_LOOP('',(#7342,#7343,#7344));
#7342 = ORIENTED_EDGE('',*,*,#7205,.F.);
#7343 = ORIENTED_EDGE('',*,*,#7320,.F.);
#7344 = ORIENTED_EDGE('',*,*,#7345,.T.);
#7345 = EDGE_CURVE('',#7321,#7183,#7346,.T.);
#7346 = LINE('',#7347,#7348);
#7347 = CARTESIAN_POINT('',(-0.106557518244,1.185266375542,
    0.515214681625));
#7348 = VECTOR('',#7349,1.);
#7349 = DIRECTION('',(-0.673208984283,0.706458346392,-0.218417646481));
#7350 = PLANE('',#7351);
#7351 = AXIS2_PLACEMENT_3D('',#7352,#7353,#7354);
#7352 = CARTESIAN_POINT('',(-0.234036858683,1.224946432239,
    0.468544526498));
#7353 = DIRECTION('',(-0.357711054029,-5.261865625421E-02,0.932348689514
    ));
#7354 = DIRECTION('',(0.933642083546,0.,0.358207286123));
#7355 = ADVANCED_FACE('',(#7356),#7366,.T.);
#7356 = FACE_BOUND('',#7357,.T.);
#7357 = EDGE_LOOP('',(#7358,#7364,#7365));
#7358 = ORIENTED_EDGE('',*,*,#7359,.T.);
#7359 = EDGE_CURVE('',#6733,#6778,#7360,.T.);
#7360 = LINE('',#7361,#7362);
#7361 = CARTESIAN_POINT('',(-0.379767566919,-0.26262396574,
    0.388403773308));
#7362 = VECTOR('',#7363,1.);
#7363 = DIRECTION('',(-0.42796593525,0.761870598752,-0.486208133439));
#7364 = ORIENTED_EDGE('',*,*,#6777,.F.);
#7365 = ORIENTED_EDGE('',*,*,#6732,.F.);
#7366 = PLANE('',#7367);
#7367 = AXIS2_PLACEMENT_3D('',#7368,#7369,#7370);
#7368 = CARTESIAN_POINT('',(-0.422319635641,-0.195647113885,
    0.216417531916));
#7369 = DIRECTION('',(-0.880367622336,-0.473102011631,3.357582661108E-02
    ));
#7370 = DIRECTION('',(0.473368909811,-0.880864277414,0.));
#7371 = ADVANCED_FACE('',(#7372),#7389,.T.);
#7372 = FACE_BOUND('',#7373,.T.);
#7373 = EDGE_LOOP('',(#7374,#7382,#7388));
#7374 = ORIENTED_EDGE('',*,*,#7375,.T.);
#7375 = EDGE_CURVE('',#6377,#7376,#7378,.T.);
#7376 = VERTEX_POINT('',#7377);
#7377 = CARTESIAN_POINT('',(-0.401374161243,0.289383381605,
    0.599516868591));
#7378 = LINE('',#7379,#7380);
#7379 = CARTESIAN_POINT('',(-0.322233051062,0.377736061811,
    0.746499240398));
#7380 = VECTOR('',#7381,1.);
#7381 = DIRECTION('',(-0.419015721818,-0.46778674176,-0.77820395084));
#7382 = ORIENTED_EDGE('',*,*,#7383,.T.);
#7383 = EDGE_CURVE('',#7376,#6379,#7384,.T.);
#7384 = LINE('',#7385,#7386);
#7385 = CARTESIAN_POINT('',(-0.401374161243,0.289383381605,
    0.599516868591));
#7386 = VECTOR('',#7387,1.);
#7387 = DIRECTION('',(0.362034900712,-0.536142642192,0.762549537991));
#7388 = ORIENTED_EDGE('',*,*,#6376,.F.);
#7389 = PLANE('',#7390);
#7390 = AXIS2_PLACEMENT_3D('',#7391,#7392,#7393);
#7391 = CARTESIAN_POINT('',(-0.35720701698,0.298064786755,0.685440801298
    ));
#7392 = DIRECTION('',(-0.890319962028,4.346491275317E-02,0.453256182059)
  );
#7393 = DIRECTION('',(-0.453684935136,0.,-0.891162151144));
#7394 = ADVANCED_FACE('',(#7395),#7405,.T.);
#7395 = FACE_BOUND('',#7396,.T.);
#7396 = EDGE_LOOP('',(#7397,#7398,#7399));
#7397 = ORIENTED_EDGE('',*,*,#7375,.F.);
#7398 = ORIENTED_EDGE('',*,*,#7049,.F.);
#7399 = ORIENTED_EDGE('',*,*,#7400,.T.);
#7400 = EDGE_CURVE('',#7042,#7376,#7401,.T.);
#7401 = LINE('',#7402,#7403);
#7402 = CARTESIAN_POINT('',(-0.440932095051,0.396240621805,
    0.463503539562));
#7403 = VECTOR('',#7404,1.);
#7404 = DIRECTION('',(0.222944138167,-0.602235582862,0.766556073612));
#7405 = PLANE('',#7406);
#7406 = AXIS2_PLACEMENT_3D('',#7407,#7408,#7409);
#7407 = CARTESIAN_POINT('',(-0.386458951453,0.360376460319,
    0.604711702633));
#7408 = DIRECTION('',(-0.906198203035,0.161799615814,0.390673394458));
#7409 = DIRECTION('',(-0.395889783197,0.,-0.91829803417));
#7410 = ADVANCED_FACE('',(#7411),#7426,.T.);
#7411 = FACE_BOUND('',#7412,.T.);
#7412 = EDGE_LOOP('',(#7413,#7419,#7420));
#7413 = ORIENTED_EDGE('',*,*,#7414,.T.);
#7414 = EDGE_CURVE('',#1249,#6417,#7415,.T.);
#7415 = LINE('',#7416,#7417);
#7416 = CARTESIAN_POINT('',(-8.023011588421E-09,-0.250325739384,
    1.174280047417E-02));
#7417 = VECTOR('',#7418,1.);
#7418 = DIRECTION('',(-0.751115612992,-0.184890225842,0.633751481504));
#7419 = ORIENTED_EDGE('',*,*,#6416,.F.);
#7420 = ORIENTED_EDGE('',*,*,#7421,.T.);
#7421 = EDGE_CURVE('',#6409,#1249,#7422,.T.);
#7422 = LINE('',#7423,#7424);
#7423 = CARTESIAN_POINT('',(-0.256806254387,-0.217809975147,
    2.133551239967E-02));
#7424 = VECTOR('',#7425,1.);
#7425 = DIRECTION('',(0.991398802753,-0.125526891153,-3.703260046342E-02
    ));
#7426 = PLANE('',#7427);
#7427 = AXIS2_PLACEMENT_3D('',#7428,#7429,#7430);
#7428 = CARTESIAN_POINT('',(-0.156817508331,-0.260304181988,
    8.213887635314E-02));
#7429 = DIRECTION('',(-0.129504208278,-0.900063170248,-0.416070846854));
#7430 = DIRECTION('',(0.,0.419604388987,-0.907707087525));
#7431 = ADVANCED_FACE('',(#7432),#7442,.T.);
#7432 = FACE_BOUND('',#7433,.T.);
#7433 = EDGE_LOOP('',(#7434,#7440,#7441));
#7434 = ORIENTED_EDGE('',*,*,#7435,.T.);
#7435 = EDGE_CURVE('',#1455,#6417,#7436,.T.);
#7436 = LINE('',#7437,#7438);
#7437 = CARTESIAN_POINT('',(-8.023011588421E-09,-0.373237252235,
    0.278453409672));
#7438 = VECTOR('',#7439,1.);
#7439 = DIRECTION('',(-0.933052314899,0.251613665256,-0.257106867117));
#7440 = ORIENTED_EDGE('',*,*,#7414,.F.);
#7441 = ORIENTED_EDGE('',*,*,#1462,.F.);
#7442 = PLANE('',#7443);
#7443 = AXIS2_PLACEMENT_3D('',#7444,#7445,#7446);
#7444 = CARTESIAN_POINT('',(-7.875288170945E-02,-0.308661460979,
    0.162710271443));
#7445 = DIRECTION('',(-0.128507581439,-0.900669507914,-0.415066547709));
#7446 = DIRECTION('',(-6.938893903907E-18,0.418536834788,-0.908199822685
    ));
#7447 = ADVANCED_FACE('',(#7448),#7458,.T.);
#7448 = FACE_BOUND('',#7449,.T.);
#7449 = EDGE_LOOP('',(#7450,#7451,#7452));
#7450 = ORIENTED_EDGE('',*,*,#7129,.F.);
#7451 = ORIENTED_EDGE('',*,*,#6718,.F.);
#7452 = ORIENTED_EDGE('',*,*,#7453,.T.);
#7453 = EDGE_CURVE('',#6271,#7121,#7454,.T.);
#7454 = LINE('',#7455,#7456);
#7455 = CARTESIAN_POINT('',(-0.379252970219,0.804523229599,
    0.430786430836));
#7456 = VECTOR('',#7457,1.);
#7457 = DIRECTION('',(-0.186936938969,-0.980912370692,
    -5.353038270656E-02));
#7458 = PLANE('',#7459);
#7459 = AXIS2_PLACEMENT_3D('',#7460,#7461,#7462);
#7460 = CARTESIAN_POINT('',(-0.373577051191,0.656084796236,
    0.512266802211));
#7461 = DIRECTION('',(-0.923469215209,0.156882309642,0.350132188584));
#7462 = DIRECTION('',(-0.354522128004,0.,-0.935047624859));
#7463 = ADVANCED_FACE('',(#7464),#7474,.T.);
#7464 = FACE_BOUND('',#7465,.T.);
#7465 = EDGE_LOOP('',(#7466,#7472,#7473));
#7466 = ORIENTED_EDGE('',*,*,#7467,.T.);
#7467 = EDGE_CURVE('',#281,#7321,#7468,.T.);
#7468 = LINE('',#7469,#7470);
#7469 = CARTESIAN_POINT('',(-8.023011588421E-09,1.054768562317,
    0.550237774849));
#7470 = VECTOR('',#7471,1.);
#7471 = DIRECTION('',(-0.619239995846,0.75836480368,-0.203530469672));
#7472 = ORIENTED_EDGE('',*,*,#7329,.F.);
#7473 = ORIENTED_EDGE('',*,*,#6256,.F.);
#7474 = PLANE('',#7475);
#7475 = AXIS2_PLACEMENT_3D('',#7476,#7477,#7478);
#7476 = CARTESIAN_POINT('',(-0.114773829552,1.092460372101,
    0.527012570798));
#7477 = DIRECTION('',(-0.152730449233,0.137924787051,0.978596016236));
#7478 = DIRECTION('',(0.988038995778,-3.469446951954E-18,0.1542042244));
#7479 = ADVANCED_FACE('',(#7480),#7490,.T.);
#7480 = FACE_BOUND('',#7481,.T.);
#7481 = EDGE_LOOP('',(#7482,#7488,#7489));
#7482 = ORIENTED_EDGE('',*,*,#7483,.T.);
#7483 = EDGE_CURVE('',#1526,#6354,#7484,.T.);
#7484 = LINE('',#7485,#7486);
#7485 = CARTESIAN_POINT('',(-8.023011588421E-09,0.626421928406,
    -3.463411331177E-02));
#7486 = VECTOR('',#7487,1.);
#7487 = DIRECTION('',(-0.889214380025,0.456580147966,2.88505604897E-02)
  );
#7488 = ORIENTED_EDGE('',*,*,#6362,.F.);
#7489 = ORIENTED_EDGE('',*,*,#1533,.F.);
#7490 = PLANE('',#7491);
#7491 = AXIS2_PLACEMENT_3D('',#7492,#7493,#7494);
#7492 = CARTESIAN_POINT('',(-0.11287650574,0.783946984886,
    -3.099510699657E-02));
#7493 = DIRECTION('',(-3.254775684072E-02,-2.336047286399E-04,
    -0.999470154108));
#7494 = DIRECTION('',(-0.99947018138,-8.470329472543E-22,
    3.254775772881E-02));
#7495 = ADVANCED_FACE('',(#7496),#7511,.T.);
#7496 = FACE_BOUND('',#7497,.T.);
#7497 = EDGE_LOOP('',(#7498,#7504,#7505));
#7498 = ORIENTED_EDGE('',*,*,#7499,.T.);
#7499 = EDGE_CURVE('',#6064,#7376,#7500,.T.);
#7500 = LINE('',#7501,#7502);
#7501 = CARTESIAN_POINT('',(-0.468600839376,0.318466484547,
    0.323824286461));
#7502 = VECTOR('',#7503,1.);
#7503 = DIRECTION('',(0.235670423849,-0.101953977014,0.966470298506));
#7504 = ORIENTED_EDGE('',*,*,#7400,.F.);
#7505 = ORIENTED_EDGE('',*,*,#7506,.T.);
#7506 = EDGE_CURVE('',#7042,#6064,#7507,.T.);
#7507 = LINE('',#7508,#7509);
#7508 = CARTESIAN_POINT('',(-0.440932095051,0.396240621805,
    0.463503539562));
#7509 = VECTOR('',#7510,1.);
#7510 = DIRECTION('',(-0.170532824731,-0.479351110466,-0.86089550387));
#7511 = PLANE('',#7512);
#7512 = AXIS2_PLACEMENT_3D('',#7513,#7514,#7515);
#7513 = CARTESIAN_POINT('',(-0.436194690119,0.328837119941,
    0.463843497672));
#7514 = DIRECTION('',(-0.970950078689,-6.70840525452E-02,0.229686034815)
  );
#7515 = DIRECTION('',(-0.230204610368,0.,-0.973142249296));
#7516 = ADVANCED_FACE('',(#7517),#7527,.T.);
#7517 = FACE_BOUND('',#7518,.T.);
#7518 = EDGE_LOOP('',(#7519,#7525,#7526));
#7519 = ORIENTED_EDGE('',*,*,#7520,.T.);
#7520 = EDGE_CURVE('',#6074,#7376,#7521,.T.);
#7521 = LINE('',#7522,#7523);
#7522 = CARTESIAN_POINT('',(-0.460207521915,0.209971487522,0.43311470747
    ));
#7523 = VECTOR('',#7524,1.);
#7524 = DIRECTION('',(0.303987318035,0.410314971415,0.859786796076));
#7525 = ORIENTED_EDGE('',*,*,#7499,.F.);
#7526 = ORIENTED_EDGE('',*,*,#6081,.F.);
#7527 = PLANE('',#7528);
#7528 = AXIS2_PLACEMENT_3D('',#7529,#7530,#7531);
#7529 = CARTESIAN_POINT('',(-0.440871382395,0.277665651405,
    0.458106897536));
#7530 = DIRECTION('',(-0.95130657493,0.179112439373,0.250867563779));
#7531 = DIRECTION('',(-0.254991124676,0.,-0.966943393553));
#7532 = ADVANCED_FACE('',(#7533),#7550,.T.);
#7533 = FACE_BOUND('',#7534,.T.);
#7534 = EDGE_LOOP('',(#7535,#7543,#7549));
#7535 = ORIENTED_EDGE('',*,*,#7536,.T.);
#7536 = EDGE_CURVE('',#1103,#7537,#7539,.T.);
#7537 = VERTEX_POINT('',#7538);
#7538 = CARTESIAN_POINT('',(-0.224539533257,1.302553296089,
    -2.544090151787E-02));
#7539 = LINE('',#7540,#7541);
#7540 = CARTESIAN_POINT('',(-8.023011588421E-09,1.48507976532,
    -3.398224711418E-02));
#7541 = VECTOR('',#7542,1.);
#7542 = DIRECTION('',(-0.775627149879,-0.630501400406,2.950438028265E-02
    ));
#7543 = ORIENTED_EDGE('',*,*,#7544,.T.);
#7544 = EDGE_CURVE('',#7537,#7072,#7545,.T.);
#7545 = LINE('',#7546,#7547);
#7546 = CARTESIAN_POINT('',(-0.224539533257,1.302553296089,
    -2.544090151787E-02));
#7547 = VECTOR('',#7548,1.);
#7548 = DIRECTION('',(-0.332042553231,0.940602042172,7.082048507859E-02)
  );
#7549 = ORIENTED_EDGE('',*,*,#7099,.F.);
#7550 = PLANE('',#7551);
#7551 = AXIS2_PLACEMENT_3D('',#7552,#7553,#7554);
#7552 = CARTESIAN_POINT('',(-0.16188889118,1.429643918144,
    -2.416295197308E-02));
#7553 = DIRECTION('',(-7.679885361743E-02,4.787295119556E-02,
    -0.99589663953));
#7554 = DIRECTION('',(-0.997039812513,4.336808689942E-19,
    7.688700972828E-02));
#7555 = ADVANCED_FACE('',(#7556),#7561,.T.);
#7556 = FACE_BOUND('',#7557,.T.);
#7557 = EDGE_LOOP('',(#7558,#7559,#7560));
#7558 = ORIENTED_EDGE('',*,*,#1607,.F.);
#7559 = ORIENTED_EDGE('',*,*,#1621,.F.);
#7560 = ORIENTED_EDGE('',*,*,#1613,.F.);
#7561 = PLANE('',#7562);
#7562 = AXIS2_PLACEMENT_3D('',#7563,#7564,#7565);
#7563 = CARTESIAN_POINT('',(-8.023011588421E-09,1.209972162436,
    -3.444462909855E-02));
#7564 = DIRECTION('',(-1.,-0.,-0.));
#7565 = DIRECTION('',(0.,0.,-1.));
#7566 = ADVANCED_FACE('',(#7567),#7582,.T.);
#7567 = FACE_BOUND('',#7568,.T.);
#7568 = EDGE_LOOP('',(#7569,#7575,#7576));
#7569 = ORIENTED_EDGE('',*,*,#7570,.T.);
#7570 = EDGE_CURVE('',#7537,#334,#7571,.T.);
#7571 = LINE('',#7572,#7573);
#7572 = CARTESIAN_POINT('',(-0.224539533257,1.302553296089,
    -2.544090151787E-02));
#7573 = VECTOR('',#7574,1.);
#7574 = DIRECTION('',(0.521060384791,-0.853248961547,-2.15008144339E-02)
  );
#7575 = ORIENTED_EDGE('',*,*,#6339,.F.);
#7576 = ORIENTED_EDGE('',*,*,#7577,.T.);
#7577 = EDGE_CURVE('',#6332,#7537,#7578,.T.);
#7578 = LINE('',#7579,#7580);
#7579 = CARTESIAN_POINT('',(-0.32560813427,1.133490085602,
    -2.191829681396E-02));
#7580 = VECTOR('',#7581,1.);
#7581 = DIRECTION('',(0.513034353641,0.858181809663,-1.788109471486E-02)
  );
#7582 = PLANE('',#7583);
#7583 = AXIS2_PLACEMENT_3D('',#7584,#7585,#7586);
#7584 = CARTESIAN_POINT('',(-0.163141526476,1.106134531704,
    -2.816005947292E-02));
#7585 = DIRECTION('',(-3.806502188084E-02,1.934976630377E-03,
    -0.999273391007));
#7586 = DIRECTION('',(-0.999275261719,-1.355252715607E-20,
    3.806509314132E-02));
#7587 = ADVANCED_FACE('',(#7588),#7593,.T.);
#7588 = FACE_BOUND('',#7589,.T.);
#7589 = EDGE_LOOP('',(#7590,#7591,#7592));
#7590 = ORIENTED_EDGE('',*,*,#7570,.F.);
#7591 = ORIENTED_EDGE('',*,*,#7536,.F.);
#7592 = ORIENTED_EDGE('',*,*,#1607,.T.);
#7593 = PLANE('',#7594);
#7594 = AXIS2_PLACEMENT_3D('',#7595,#7596,#7597);
#7595 = CARTESIAN_POINT('',(-6.365435021685E-02,1.220906752948,
    -3.184038303608E-02));
#7596 = DIRECTION('',(-3.907905844833E-02,1.314765856267E-03,
    -0.999235256875));
#7597 = DIRECTION('',(-0.99923612052,0.,3.907909222458E-02));
#7598 = ADVANCED_FACE('',(#7599),#7614,.T.);
#7599 = FACE_BOUND('',#7600,.T.);
#7600 = EDGE_LOOP('',(#7601,#7607,#7613));
#7601 = ORIENTED_EDGE('',*,*,#7602,.T.);
#7602 = EDGE_CURVE('',#7121,#6096,#7603,.T.);
#7603 = LINE('',#7604,#7605);
#7604 = CARTESIAN_POINT('',(-0.414600670338,0.619043588638,
    0.420664429665));
#7605 = VECTOR('',#7606,1.);
#7606 = DIRECTION('',(-0.164263230483,-0.676182476143,-0.718188589486));
#7607 = ORIENTED_EDGE('',*,*,#7608,.T.);
#7608 = EDGE_CURVE('',#6096,#7042,#7609,.T.);
#7609 = LINE('',#7610,#7611);
#7610 = CARTESIAN_POINT('',(-0.478987127542,0.353999525309,
    0.139155179262));
#7611 = VECTOR('',#7612,1.);
#7612 = DIRECTION('',(0.115565618436,0.12827786814,0.984981916779));
#7613 = ORIENTED_EDGE('',*,*,#7120,.F.);
#7614 = PLANE('',#7615);
#7615 = AXIS2_PLACEMENT_3D('',#7616,#7617,#7618);
#7616 = CARTESIAN_POINT('',(-0.446782706761,0.452973408035,0.32634165707
    ));
#7617 = DIRECTION('',(-0.985931666338,0.135371783547,9.804707813512E-02)
  );
#7618 = DIRECTION('',(-0.136027192815,-0.99070510386,1.734723475977E-18)
  );
#7619 = ADVANCED_FACE('',(#7620),#7630,.T.);
#7620 = FACE_BOUND('',#7621,.T.);
#7621 = EDGE_LOOP('',(#7622,#7623,#7624));
#7622 = ORIENTED_EDGE('',*,*,#6444,.F.);
#7623 = ORIENTED_EDGE('',*,*,#7602,.F.);
#7624 = ORIENTED_EDGE('',*,*,#7625,.T.);
#7625 = EDGE_CURVE('',#7121,#6445,#7626,.T.);
#7626 = LINE('',#7627,#7628);
#7627 = CARTESIAN_POINT('',(-0.414600670338,0.619043588638,
    0.420664429665));
#7628 = VECTOR('',#7629,1.);
#7629 = DIRECTION('',(-2.852510068382E-02,0.399473807938,-0.916300712322
    ));
#7630 = PLANE('',#7631);
#7631 = AXIS2_PLACEMENT_3D('',#7632,#7633,#7634);
#7632 = CARTESIAN_POINT('',(-0.440496403126,0.564512578823,
    0.227706281862));
#7633 = DIRECTION('',(-0.985640779045,0.141382538153,9.232135500369E-02)
  );
#7634 = DIRECTION('',(-0.141988935395,-0.989868244882,1.734723475977E-18
    ));
#7635 = ADVANCED_FACE('',(#7636),#7653,.T.);
#7636 = FACE_BOUND('',#7637,.T.);
#7637 = EDGE_LOOP('',(#7638,#7646,#7647));
#7638 = ORIENTED_EDGE('',*,*,#7639,.T.);
#7639 = EDGE_CURVE('',#7640,#1455,#7642,.T.);
#7640 = VERTEX_POINT('',#7641);
#7641 = CARTESIAN_POINT('',(-0.350978344679,-0.238874614239,
    0.530246138573));
#7642 = LINE('',#7643,#7644);
#7643 = CARTESIAN_POINT('',(-0.350978344679,-0.238874614239,
    0.530246138573));
#7644 = VECTOR('',#7645,1.);
#7645 = DIRECTION('',(0.775865495713,-0.297019285372,-0.556607830235));
#7646 = ORIENTED_EDGE('',*,*,#1732,.F.);
#7647 = ORIENTED_EDGE('',*,*,#7648,.T.);
#7648 = EDGE_CURVE('',#151,#7640,#7649,.T.);
#7649 = LINE('',#7650,#7651);
#7650 = CARTESIAN_POINT('',(-8.023011588421E-09,-0.319506406784,
    0.59232878685));
#7651 = VECTOR('',#7652,1.);
#7652 = DIRECTION('',(-0.960444184259,0.220647054614,-0.16988774592));
#7653 = PLANE('',#7654);
#7654 = AXIS2_PLACEMENT_3D('',#7655,#7656,#7657);
#7655 = CARTESIAN_POINT('',(-0.126307009468,-0.308714443902,
    0.463522862319));
#7656 = DIRECTION('',(-0.2482627481,-0.954803772153,0.1634483545));
#7657 = DIRECTION('',(-0.96781910814,0.251646923125,0.));
#7658 = ADVANCED_FACE('',(#7659),#7674,.T.);
#7659 = FACE_BOUND('',#7660,.T.);
#7660 = EDGE_LOOP('',(#7661,#7667,#7668));
#7661 = ORIENTED_EDGE('',*,*,#7662,.T.);
#7662 = EDGE_CURVE('',#6733,#1455,#7663,.T.);
#7663 = LINE('',#7664,#7665);
#7664 = CARTESIAN_POINT('',(-0.379767566919,-0.26262396574,
    0.388403773308));
#7665 = VECTOR('',#7666,1.);
#7666 = DIRECTION('',(0.92503112124,-0.269429892137,-0.26781515633));
#7667 = ORIENTED_EDGE('',*,*,#7639,.F.);
#7668 = ORIENTED_EDGE('',*,*,#7669,.T.);
#7669 = EDGE_CURVE('',#7640,#6733,#7670,.T.);
#7670 = LINE('',#7671,#7672);
#7671 = CARTESIAN_POINT('',(-0.350978344679,-0.238874614239,
    0.530246138573));
#7672 = VECTOR('',#7673,1.);
#7673 = DIRECTION('',(-0.196285605297,-0.161923646146,-0.967084636406));
#7674 = PLANE('',#7675);
#7675 = AXIS2_PLACEMENT_3D('',#7676,#7677,#7678);
#7676 = CARTESIAN_POINT('',(-0.208928543326,-0.302849933784,
    0.383496496716));
#7677 = DIRECTION('',(-0.218805084082,-0.954168991733,0.204171179149));
#7678 = DIRECTION('',(-0.974700868697,0.223513347612,6.938893903907E-18)
  );
#7679 = ADVANCED_FACE('',(#7680),#7690,.T.);
#7680 = FACE_BOUND('',#7681,.T.);
#7681 = EDGE_LOOP('',(#7682,#7688,#7689));
#7682 = ORIENTED_EDGE('',*,*,#7683,.T.);
#7683 = EDGE_CURVE('',#1755,#7321,#7684,.T.);
#7684 = LINE('',#7685,#7686);
#7685 = CARTESIAN_POINT('',(-8.023011588421E-09,1.329424977303,
    0.491745650768));
#7686 = VECTOR('',#7687,1.);
#7687 = DIRECTION('',(-0.589381537278,-0.79735739078,0.129809841243));
#7688 = ORIENTED_EDGE('',*,*,#7467,.F.);
#7689 = ORIENTED_EDGE('',*,*,#1762,.F.);
#7690 = PLANE('',#7691);
#7691 = AXIS2_PLACEMENT_3D('',#7692,#7693,#7694);
#7692 = CARTESIAN_POINT('',(-2.966858439252E-02,1.191139601237,
    0.519182059386));
#7693 = DIRECTION('',(-6.623199645876E-02,0.207836255451,0.975918753568)
  );
#7694 = DIRECTION('',(-1.734723475977E-18,0.978066342088,-0.20829361602)
  );
#7695 = ADVANCED_FACE('',(#7696),#7706,.T.);
#7696 = FACE_BOUND('',#7697,.T.);
#7697 = EDGE_LOOP('',(#7698,#7704,#7705));
#7698 = ORIENTED_EDGE('',*,*,#7699,.T.);
#7699 = EDGE_CURVE('',#6876,#1755,#7700,.T.);
#7700 = LINE('',#7701,#7702);
#7701 = CARTESIAN_POINT('',(-0.322076529264,1.607018589973,
    0.356439709663));
#7702 = VECTOR('',#7703,1.);
#7703 = DIRECTION('',(0.721812356724,-0.622120789809,0.303236944597));
#7704 = ORIENTED_EDGE('',*,*,#1802,.F.);
#7705 = ORIENTED_EDGE('',*,*,#6905,.F.);
#7706 = PLANE('',#7707);
#7707 = AXIS2_PLACEMENT_3D('',#7708,#7709,#7710);
#7708 = CARTESIAN_POINT('',(-0.120464708254,1.507168039428,
    0.427281537378));
#7709 = DIRECTION('',(-0.2462823864,0.178575128457,0.952604802447));
#7710 = DIRECTION('',(0.96816684572,0.,0.250305730755));
#7711 = ADVANCED_FACE('',(#7712),#7727,.T.);
#7712 = FACE_BOUND('',#7713,.T.);
#7713 = EDGE_LOOP('',(#7714,#7720,#7721));
#7714 = ORIENTED_EDGE('',*,*,#7715,.T.);
#7715 = EDGE_CURVE('',#7183,#1755,#7716,.T.);
#7716 = LINE('',#7717,#7718);
#7717 = CARTESIAN_POINT('',(-0.239705443382,1.324990391731,
    0.472015827894));
#7718 = VECTOR('',#7719,1.);
#7719 = DIRECTION('',(0.996460400317,1.843466297284E-02,
    8.201727745478E-02));
#7720 = ORIENTED_EDGE('',*,*,#7699,.F.);
#7721 = ORIENTED_EDGE('',*,*,#7722,.T.);
#7722 = EDGE_CURVE('',#6876,#7183,#7723,.T.);
#7723 = LINE('',#7724,#7725);
#7724 = CARTESIAN_POINT('',(-0.322076529264,1.607018589973,
    0.356439709663));
#7725 = VECTOR('',#7726,1.);
#7726 = DIRECTION('',(0.260894430993,-0.893269592312,0.36606492775));
#7727 = PLANE('',#7728);
#7728 = AXIS2_PLACEMENT_3D('',#7729,#7730,#7731);
#7729 = CARTESIAN_POINT('',(-0.188902064563,1.433685736067,
    0.434852620302));
#7730 = DIRECTION('',(-8.318411770336E-02,0.356985278107,0.930398792872)
  );
#7731 = DIRECTION('',(3.469446951954E-18,0.93363458794,-0.358226822282)
  );
#7732 = ADVANCED_FACE('',(#7733),#7738,.T.);
#7733 = FACE_BOUND('',#7734,.T.);
#7734 = EDGE_LOOP('',(#7735,#7736,#7737));
#7735 = ORIENTED_EDGE('',*,*,#6210,.F.);
#7736 = ORIENTED_EDGE('',*,*,#6614,.F.);
#7737 = ORIENTED_EDGE('',*,*,#6073,.F.);
#7738 = PLANE('',#7739);
#7739 = AXIS2_PLACEMENT_3D('',#7740,#7741,#7742);
#7740 = CARTESIAN_POINT('',(-0.476946716513,0.164429445962,
    0.333295905216));
#7741 = DIRECTION('',(-0.988414088309,7.827955562299E-02,0.130038075979)
  );
#7742 = DIRECTION('',(-0.130438332841,1.734723475977E-18,-0.99145642432)
  );
#7743 = ADVANCED_FACE('',(#7744),#7754,.T.);
#7744 = FACE_BOUND('',#7745,.T.);
#7745 = EDGE_LOOP('',(#7746,#7747,#7753));
#7746 = ORIENTED_EDGE('',*,*,#6927,.F.);
#7747 = ORIENTED_EDGE('',*,*,#7748,.T.);
#7748 = EDGE_CURVE('',#6920,#6996,#7749,.T.);
#7749 = LINE('',#7750,#7751);
#7750 = CARTESIAN_POINT('',(-0.442051142454,-3.129470348358E-02,
    0.473441421986));
#7751 = VECTOR('',#7752,1.);
#7752 = DIRECTION('',(0.288401609026,0.337441495689,0.896079097456));
#7753 = ORIENTED_EDGE('',*,*,#7004,.F.);
#7754 = PLANE('',#7755);
#7755 = AXIS2_PLACEMENT_3D('',#7756,#7757,#7758);
#7756 = CARTESIAN_POINT('',(-0.417169984344,2.1303041991E-02,
    0.560589402101));
#7757 = DIRECTION('',(-0.923838395499,-0.147930308494,0.353042834272));
#7758 = DIRECTION('',(-0.356970297313,0.,-0.934115735247));
#7759 = ADVANCED_FACE('',(#7760),#7765,.T.);
#7760 = FACE_BOUND('',#7761,.T.);
#7761 = EDGE_LOOP('',(#7762,#7763,#7764));
#7762 = ORIENTED_EDGE('',*,*,#6561,.F.);
#7763 = ORIENTED_EDGE('',*,*,#6353,.F.);
#7764 = ORIENTED_EDGE('',*,*,#6452,.F.);
#7765 = PLANE('',#7766);
#7766 = AXIS2_PLACEMENT_3D('',#7767,#7768,#7769);
#7767 = CARTESIAN_POINT('',(-0.378421690381,0.818515546969,
    3.548469455778E-02));
#7768 = DIRECTION('',(-0.760838116226,-0.299256001126,-0.575822200587));
#7769 = DIRECTION('',(0.603477865524,2.775557561563E-17,-0.797379750071)
  );
#7770 = ADVANCED_FACE('',(#7771),#7786,.T.);
#7771 = FACE_BOUND('',#7772,.T.);
#7772 = EDGE_LOOP('',(#7773,#7779,#7785));
#7773 = ORIENTED_EDGE('',*,*,#7774,.T.);
#7774 = EDGE_CURVE('',#7019,#1857,#7775,.T.);
#7775 = LINE('',#7776,#7777);
#7776 = CARTESIAN_POINT('',(-0.238074406981,0.510570764542,
    0.749107003212));
#7777 = VECTOR('',#7778,1.);
#7778 = DIRECTION('',(0.977531382671,8.588305302937E-02,0.192500641805)
  );
#7779 = ORIENTED_EDGE('',*,*,#7780,.T.);
#7780 = EDGE_CURVE('',#1857,#6687,#7781,.T.);
#7781 = LINE('',#7782,#7783);
#7782 = CARTESIAN_POINT('',(-8.023011588421E-09,0.531487286091,
    0.795989871025));
#7783 = VECTOR('',#7784,1.);
#7784 = DIRECTION('',(-0.838484534047,0.408094071138,-0.361113438224));
#7785 = ORIENTED_EDGE('',*,*,#7018,.F.);
#7786 = PLANE('',#7787);
#7787 = AXIS2_PLACEMENT_3D('',#7788,#7789,#7790);
#7788 = CARTESIAN_POINT('',(-0.1185886506,0.538055612762,0.765725880411)
  );
#7789 = DIRECTION('',(-0.210678510781,0.368379930201,0.905489255662));
#7790 = DIRECTION('',(0.,0.926279219859,-0.376837905281));
#7791 = ADVANCED_FACE('',(#7792),#7802,.T.);
#7792 = FACE_BOUND('',#7793,.T.);
#7793 = EDGE_LOOP('',(#7794,#7795,#7796));
#7794 = ORIENTED_EDGE('',*,*,#1864,.F.);
#7795 = ORIENTED_EDGE('',*,*,#7774,.F.);
#7796 = ORIENTED_EDGE('',*,*,#7797,.T.);
#7797 = EDGE_CURVE('',#7019,#1865,#7798,.T.);
#7798 = LINE('',#7799,#7800);
#7799 = CARTESIAN_POINT('',(-0.238074406981,0.510570764542,
    0.749107003212));
#7800 = VECTOR('',#7801,1.);
#7801 = DIRECTION('',(0.853047453678,-0.366965026764,0.371007696559));
#7802 = PLANE('',#7803);
#7803 = AXIS2_PLACEMENT_3D('',#7804,#7805,#7806);
#7804 = CARTESIAN_POINT('',(-9.449697817684E-02,0.484331287009,
    0.795231070385));
#7805 = DIRECTION('',(-0.21077771659,0.408088698508,0.888277191162));
#7806 = DIRECTION('',(0.,0.90869184684,-0.417467516684));
#7807 = ADVANCED_FACE('',(#7808),#7813,.T.);
#7808 = FACE_BOUND('',#7809,.T.);
#7809 = EDGE_LOOP('',(#7810,#7811,#7812));
#7810 = ORIENTED_EDGE('',*,*,#7625,.F.);
#7811 = ORIENTED_EDGE('',*,*,#7453,.F.);
#7812 = ORIENTED_EDGE('',*,*,#6541,.F.);
#7813 = PLANE('',#7814);
#7814 = AXIS2_PLACEMENT_3D('',#7815,#7816,#7817);
#7815 = CARTESIAN_POINT('',(-0.407192855746,0.723784179764,
    0.313857363534));
#7816 = DIRECTION('',(-0.977539558531,0.180342844476,0.109054435736));
#7817 = DIRECTION('',(-0.18142490268,-0.983404802046,0.));
#7818 = ADVANCED_FACE('',(#7819),#7834,.T.);
#7819 = FACE_BOUND('',#7820,.T.);
#7820 = EDGE_LOOP('',(#7821,#7827,#7828));
#7821 = ORIENTED_EDGE('',*,*,#7822,.T.);
#7822 = EDGE_CURVE('',#6920,#6733,#7823,.T.);
#7823 = LINE('',#7824,#7825);
#7824 = CARTESIAN_POINT('',(-0.442051142454,-3.129470348358E-02,
    0.473441421986));
#7825 = VECTOR('',#7826,1.);
#7826 = DIRECTION('',(0.245006183318,-0.909984681333,-0.334514349281));
#7827 = ORIENTED_EDGE('',*,*,#7669,.F.);
#7828 = ORIENTED_EDGE('',*,*,#7829,.T.);
#7829 = EDGE_CURVE('',#7640,#6920,#7830,.T.);
#7830 = LINE('',#7831,#7832);
#7831 = CARTESIAN_POINT('',(-0.350978344679,-0.238874614239,
    0.530246138573));
#7832 = VECTOR('',#7833,1.);
#7833 = DIRECTION('',(-0.389718302392,0.888275010831,-0.243078485091));
#7834 = PLANE('',#7835);
#7835 = AXIS2_PLACEMENT_3D('',#7836,#7837,#7838);
#7836 = CARTESIAN_POINT('',(-0.395083412455,-0.166575577075,
    0.463604925188));
#7837 = DIRECTION('',(-0.911309498065,-0.333908887457,0.240873106871));
#7838 = DIRECTION('',(0.344038546214,-0.938955525421,0.));
#7839 = ADVANCED_FACE('',(#7840),#7850,.T.);
#7840 = FACE_BOUND('',#7841,.T.);
#7841 = EDGE_LOOP('',(#7842,#7843,#7844));
#7842 = ORIENTED_EDGE('',*,*,#7359,.F.);
#7843 = ORIENTED_EDGE('',*,*,#7822,.F.);
#7844 = ORIENTED_EDGE('',*,*,#7845,.T.);
#7845 = EDGE_CURVE('',#6920,#6778,#7846,.T.);
#7846 = LINE('',#7847,#7848);
#7847 = CARTESIAN_POINT('',(-0.442051142454,-3.129470348358E-02,
    0.473441421986));
#7848 = VECTOR('',#7849,1.);
#7849 = DIRECTION('',(-9.045685917329E-02,-0.447402421608,
    -0.889746385083));
#7850 = PLANE('',#7851);
#7851 = AXIS2_PLACEMENT_3D('',#7852,#7853,#7854);
#7852 = CARTESIAN_POINT('',(-0.425943832112,-0.137839626217,
    0.391019342293));
#7853 = DIRECTION('',(-0.903119759779,-0.339703157231,0.262633707782));
#7854 = DIRECTION('',(0.35206208236,-0.935976650438,0.));
#7855 = ADVANCED_FACE('',(#7856),#7871,.T.);
#7856 = FACE_BOUND('',#7857,.T.);
#7857 = EDGE_LOOP('',(#7858,#7864,#7865));
#7858 = ORIENTED_EDGE('',*,*,#7859,.T.);
#7859 = EDGE_CURVE('',#7298,#6332,#7860,.T.);
#7860 = LINE('',#7861,#7862);
#7861 = CARTESIAN_POINT('',(-0.429118543863,1.057010650635,
    1.302888989449E-02));
#7862 = VECTOR('',#7863,1.);
#7863 = DIRECTION('',(0.776174471226,0.573482273216,-0.262052041633));
#7864 = ORIENTED_EDGE('',*,*,#6331,.F.);
#7865 = ORIENTED_EDGE('',*,*,#7866,.T.);
#7866 = EDGE_CURVE('',#6324,#7298,#7867,.T.);
#7867 = LINE('',#7868,#7869);
#7868 = CARTESIAN_POINT('',(-0.375573664904,0.925310969353,
    -2.378022670746E-02));
#7869 = VECTOR('',#7870,1.);
#7870 = DIRECTION('',(-0.364607313648,0.896792894737,0.250647183872));
#7871 = PLANE('',#7872);
#7872 = AXIS2_PLACEMENT_3D('',#7873,#7874,#7875);
#7873 = CARTESIAN_POINT('',(-0.373189713299,1.035805290074,
    -1.269272311216E-02));
#7874 = DIRECTION('',(-0.384051584538,0.100386109901,-0.917838226134));
#7875 = DIRECTION('',(-0.922498174069,-6.938893903907E-18,0.386001449272
    ));
#7876 = ADVANCED_FACE('',(#7877),#7897,.T.);
#7877 = FACE_BOUND('',#7878,.T.);
#7878 = EDGE_LOOP('',(#7879,#7885,#7891));
#7879 = ORIENTED_EDGE('',*,*,#7880,.T.);
#7880 = EDGE_CURVE('',#6225,#6096,#7881,.T.);
#7881 = LINE('',#7882,#7883);
#7882 = CARTESIAN_POINT('',(-0.509242594242,8.366203308105E-02,
    1.349985599518E-02));
#7883 = VECTOR('',#7884,1.);
#7884 = DIRECTION('',(0.10097110148,0.902193135299,0.419347568593));
#7885 = ORIENTED_EDGE('',*,*,#7886,.T.);
#7886 = EDGE_CURVE('',#6096,#6127,#7887,.T.);
#7887 = LINE('',#7888,#7889);
#7888 = CARTESIAN_POINT('',(-0.478987127542,0.353999525309,
    0.139155179262));
#7889 = VECTOR('',#7890,1.);
#7890 = DIRECTION('',(0.195345581963,-0.60855001152,-0.769094914225));
#7891 = ORIENTED_EDGE('',*,*,#7892,.T.);
#7892 = EDGE_CURVE('',#6127,#6225,#7893,.T.);
#7893 = LINE('',#7894,#7895);
#7894 = CARTESIAN_POINT('',(-0.443114459515,0.242247253656,
    -2.07906961441E-03));
#7895 = VECTOR('',#7896,1.);
#7896 = DIRECTION('',(-0.383295764391,-0.919200936061,9.029948031227E-02
    ));
#7897 = PLANE('',#7898);
#7898 = AXIS2_PLACEMENT_3D('',#7899,#7900,#7901);
#7899 = CARTESIAN_POINT('',(-0.480137800119,0.226334541031,
    5.556887714051E-02));
#7900 = DIRECTION('',(-0.837445456193,0.304630073832,-0.453746213228));
#7901 = DIRECTION('',(0.476388609415,0.,-0.879234833716));
#7902 = ADVANCED_FACE('',(#7903),#7908,.T.);
#7903 = FACE_BOUND('',#7904,.T.);
#7904 = EDGE_LOOP('',(#7905,#7906,#7907));
#7905 = ORIENTED_EDGE('',*,*,#6095,.F.);
#7906 = ORIENTED_EDGE('',*,*,#7880,.F.);
#7907 = ORIENTED_EDGE('',*,*,#6233,.F.);
#7908 = PLANE('',#7909);
#7909 = AXIS2_PLACEMENT_3D('',#7910,#7911,#7912);
#7910 = CARTESIAN_POINT('',(-0.494375030209,0.208537074682,
    0.105565418615));
#7911 = DIRECTION('',(-0.994725126286,9.92066817681E-02,
    2.607599333636E-02));
#7912 = DIRECTION('',(-9.924042713825E-02,-0.995063484217,
    -4.336808689942E-19));
#7913 = ADVANCED_FACE('',(#7914),#7924,.T.);
#7914 = FACE_BOUND('',#7915,.T.);
#7915 = EDGE_LOOP('',(#7916,#7922,#7923));
#7916 = ORIENTED_EDGE('',*,*,#7917,.T.);
#7917 = EDGE_CURVE('',#7376,#6621,#7918,.T.);
#7918 = LINE('',#7919,#7920);
#7919 = CARTESIAN_POINT('',(-0.401374161243,0.289383381605,
    0.599516868591));
#7920 = VECTOR('',#7921,1.);
#7921 = DIRECTION('',(-0.118537765161,-0.971056761613,-0.207358539629));
#7922 = ORIENTED_EDGE('',*,*,#6981,.F.);
#7923 = ORIENTED_EDGE('',*,*,#7383,.F.);
#7924 = PLANE('',#7925);
#7925 = AXIS2_PLACEMENT_3D('',#7926,#7927,#7928);
#7926 = CARTESIAN_POINT('',(-0.396016679884,0.182942903416,
    0.614436710729));
#7927 = DIRECTION('',(-0.898788457228,1.616778886624E-02,0.438084366026)
  );
#7928 = DIRECTION('',(-0.43814163431,-8.673617379884E-19,-0.898905950744
    ));
#7929 = ADVANCED_FACE('',(#7930),#7935,.T.);
#7930 = FACE_BOUND('',#7931,.T.);
#7931 = EDGE_LOOP('',(#7932,#7933,#7934));
#7932 = ORIENTED_EDGE('',*,*,#6628,.F.);
#7933 = ORIENTED_EDGE('',*,*,#7917,.F.);
#7934 = ORIENTED_EDGE('',*,*,#7520,.F.);
#7935 = PLANE('',#7936);
#7936 = AXIS2_PLACEMENT_3D('',#7937,#7938,#7939);
#7937 = CARTESIAN_POINT('',(-0.428919805107,0.190119908456,
    0.531398685476));
#7938 = DIRECTION('',(-0.948812851597,4.920189309948E-02,0.311982926393)
  );
#7939 = DIRECTION('',(-0.312361241642,0.,-0.949963396516));
#7940 = ADVANCED_FACE('',(#7941),#7951,.T.);
#7941 = FACE_BOUND('',#7942,.T.);
#7942 = EDGE_LOOP('',(#7943,#7949,#7950));
#7943 = ORIENTED_EDGE('',*,*,#7944,.T.);
#7944 = EDGE_CURVE('',#7072,#6034,#7945,.T.);
#7945 = LINE('',#7946,#7947);
#7946 = CARTESIAN_POINT('',(-0.290918529034,1.49059009552,
    -1.128309965134E-02));
#7947 = VECTOR('',#7948,1.);
#7948 = DIRECTION('',(-0.957903737187,0.249600710617,0.141844688103));
#7949 = ORIENTED_EDGE('',*,*,#6815,.F.);
#7950 = ORIENTED_EDGE('',*,*,#7079,.F.);
#7951 = PLANE('',#7952);
#7952 = AXIS2_PLACEMENT_3D('',#7953,#7954,#7955);
#7953 = CARTESIAN_POINT('',(-0.367657421402,1.548068450043,
    4.373133720012E-03));
#7954 = DIRECTION('',(-0.116665117913,0.113009169356,-0.986720921996));
#7955 = DIRECTION('',(-0.993082664111,0.,0.117417299586));
#7956 = ADVANCED_FACE('',(#7957),#7962,.T.);
#7957 = FACE_BOUND('',#7958,.T.);
#7958 = EDGE_LOOP('',(#7959,#7960,#7961));
#7959 = ORIENTED_EDGE('',*,*,#7435,.F.);
#7960 = ORIENTED_EDGE('',*,*,#7662,.F.);
#7961 = ORIENTED_EDGE('',*,*,#6741,.F.);
#7962 = PLANE('',#7963);
#7963 = AXIS2_PLACEMENT_3D('',#7964,#7965,#7966);
#7964 = CARTESIAN_POINT('',(-0.200332600097,-0.316281638722,
    0.299972186363));
#7965 = DIRECTION('',(-0.269625602787,-0.96226257817,3.677995345069E-02)
  );
#7966 = DIRECTION('',(-0.962914096815,0.26980815806,-1.734723475977E-18)
  );
#7967 = ADVANCED_FACE('',(#7968),#7983,.T.);
#7968 = FACE_BOUND('',#7969,.T.);
#7969 = EDGE_LOOP('',(#7970,#7971,#7977));
#7970 = ORIENTED_EDGE('',*,*,#6164,.F.);
#7971 = ORIENTED_EDGE('',*,*,#7972,.T.);
#7972 = EDGE_CURVE('',#6157,#7640,#7973,.T.);
#7973 = LINE('',#7974,#7975);
#7974 = CARTESIAN_POINT('',(-0.215193539858,-9.164851903915E-02,
    0.690023899078));
#7975 = VECTOR('',#7976,1.);
#7976 = DIRECTION('',(-0.529981087833,-0.574637539112,-0.623627889997));
#7977 = ORIENTED_EDGE('',*,*,#7978,.T.);
#7978 = EDGE_CURVE('',#7640,#6149,#7979,.T.);
#7979 = LINE('',#7980,#7981);
#7980 = CARTESIAN_POINT('',(-0.350978344679,-0.238874614239,
    0.530246138573));
#7981 = VECTOR('',#7982,1.);
#7982 = DIRECTION('',(0.795870960959,-0.331221874818,0.506834769076));
#7983 = PLANE('',#7984);
#7984 = AXIS2_PLACEMENT_3D('',#7985,#7986,#7987);
#7985 = CARTESIAN_POINT('',(-0.269951358474,-0.191251316174,
    0.611115025613));
#7986 = DIRECTION('',(-0.594906551508,-0.272132075724,0.756326866068));
#7987 = DIRECTION('',(0.785990207665,0.,0.618238945275));
#7988 = ADVANCED_FACE('',(#7989),#7999,.T.);
#7989 = FACE_BOUND('',#7990,.T.);
#7990 = EDGE_LOOP('',(#7991,#7997,#7998));
#7991 = ORIENTED_EDGE('',*,*,#7992,.T.);
#7992 = EDGE_CURVE('',#6838,#6876,#7993,.T.);
#7993 = LINE('',#7994,#7995);
#7994 = CARTESIAN_POINT('',(-0.357102125883,1.459824562073,
    0.373880058527));
#7995 = VECTOR('',#7996,1.);
#7996 = DIRECTION('',(0.22996897826,0.966437790365,-0.11450880487));
#7997 = ORIENTED_EDGE('',*,*,#6889,.F.);
#7998 = ORIENTED_EDGE('',*,*,#6845,.F.);
#7999 = PLANE('',#8000);
#8000 = AXIS2_PLACEMENT_3D('',#8001,#8002,#8003);
#8001 = CARTESIAN_POINT('',(-0.326407893977,1.600360316805,0.32789608465
    ));
#8002 = DIRECTION('',(-0.966376667128,0.240677511557,9.050123016769E-02)
  );
#8003 = DIRECTION('',(-0.241669239059,-0.970358685689,6.938893903907E-18
    ));
#8004 = ADVANCED_FACE('',(#8005),#8020,.T.);
#8005 = FACE_BOUND('',#8006,.T.);
#8006 = EDGE_LOOP('',(#8007,#8013,#8014));
#8007 = ORIENTED_EDGE('',*,*,#8008,.T.);
#8008 = EDGE_CURVE('',#6996,#7640,#8009,.T.);
#8009 = LINE('',#8010,#8011);
#8010 = CARTESIAN_POINT('',(-0.382997453213,3.780049085617E-02,
    0.656924366951));
#8011 = VECTOR('',#8012,1.);
#8012 = DIRECTION('',(0.104645594637,-0.90423600842,-0.414012729997));
#8013 = ORIENTED_EDGE('',*,*,#7972,.F.);
#8014 = ORIENTED_EDGE('',*,*,#8015,.T.);
#8015 = EDGE_CURVE('',#6157,#6996,#8016,.T.);
#8016 = LINE('',#8017,#8018);
#8017 = CARTESIAN_POINT('',(-0.215193539858,-9.164851903915E-02,
    0.690023899078));
#8018 = VECTOR('',#8019,1.);
#8019 = DIRECTION('',(-0.782298133184,0.60348842145,-0.154309286803));
#8020 = PLANE('',#8021);
#8021 = AXIS2_PLACEMENT_3D('',#8022,#8023,#8024);
#8022 = CARTESIAN_POINT('',(-0.32056074533,-0.101557777652,
    0.621107908179));
#8023 = DIRECTION('',(-0.471410597599,-0.411658917009,0.779941654561));
#8024 = DIRECTION('',(0.855820410459,2.775557561563E-17,0.517273066225)
  );
#8025 = ADVANCED_FACE('',(#8026),#8031,.T.);
#8026 = FACE_BOUND('',#8027,.T.);
#8027 = EDGE_LOOP('',(#8028,#8029,#8030));
#8028 = ORIENTED_EDGE('',*,*,#7829,.F.);
#8029 = ORIENTED_EDGE('',*,*,#8008,.F.);
#8030 = ORIENTED_EDGE('',*,*,#7748,.F.);
#8031 = PLANE('',#8032);
#8032 = AXIS2_PLACEMENT_3D('',#8033,#8034,#8035);
#8033 = CARTESIAN_POINT('',(-0.388782120544,-8.283372118964E-02,
    0.556973655946));
#8034 = DIRECTION('',(-0.878397349373,-0.27924387424,0.387867187725));
#8035 = DIRECTION('',(-0.403935662061,0.,-0.914787396566));
#8036 = ADVANCED_FACE('',(#8037),#8047,.T.);
#8037 = FACE_BOUND('',#8038,.T.);
#8038 = EDGE_LOOP('',(#8039,#8045,#8046));
#8039 = ORIENTED_EDGE('',*,*,#8040,.T.);
#8040 = EDGE_CURVE('',#6377,#7019,#8041,.T.);
#8041 = LINE('',#8042,#8043);
#8042 = CARTESIAN_POINT('',(-0.322233051062,0.377736061811,
    0.746499240398));
#8043 = VECTOR('',#8044,1.);
#8044 = DIRECTION('',(0.535114655511,0.844616699428,1.658120939195E-02)
  );
#8045 = ORIENTED_EDGE('',*,*,#7027,.F.);
#8046 = ORIENTED_EDGE('',*,*,#7055,.F.);
#8047 = PLANE('',#8048);
#8048 = AXIS2_PLACEMENT_3D('',#8049,#8050,#8051);
#8049 = CARTESIAN_POINT('',(-0.302187058751,0.477384020341,
    0.715336244984));
#8050 = DIRECTION('',(-0.571457531526,0.347457124813,0.743444574988));
#8051 = DIRECTION('',(0.792841898969,-2.775557561563E-17,0.609427373228)
  );
#8052 = ADVANCED_FACE('',(#8053),#8058,.T.);
#8053 = FACE_BOUND('',#8054,.T.);
#8054 = EDGE_LOOP('',(#8055,#8056,#8057));
#8055 = ORIENTED_EDGE('',*,*,#7251,.F.);
#8056 = ORIENTED_EDGE('',*,*,#6118,.F.);
#8057 = ORIENTED_EDGE('',*,*,#2149,.F.);
#8058 = PLANE('',#8059);
#8059 = AXIS2_PLACEMENT_3D('',#8060,#8061,#8062);
#8060 = CARTESIAN_POINT('',(-6.988106896201E-02,0.130961508177,
    -3.288990542338E-02));
#8061 = DIRECTION('',(-2.286789240219E-02,-7.795493527197E-04,
    -0.999738191628));
#8062 = DIRECTION('',(-0.999738495397,3.388131789017E-21,
    2.286789935057E-02));
#8063 = ADVANCED_FACE('',(#8064),#8069,.T.);
#8064 = FACE_BOUND('',#8065,.T.);
#8065 = EDGE_LOOP('',(#8066,#8067,#8068));
#8066 = ORIENTED_EDGE('',*,*,#7683,.F.);
#8067 = ORIENTED_EDGE('',*,*,#7715,.F.);
#8068 = ORIENTED_EDGE('',*,*,#7345,.F.);
#8069 = PLANE('',#8070);
#8070 = AXIS2_PLACEMENT_3D('',#8071,#8072,#8073);
#8071 = CARTESIAN_POINT('',(-0.117432008337,1.283781420214,
    0.491936638166));
#8072 = DIRECTION('',(-8.406334409131E-02,0.220344940023,0.971792910854)
  );
#8073 = DIRECTION('',(-3.469446951954E-18,0.975244875179,-0.2211276406)
  );
#8074 = ADVANCED_FACE('',(#8075),#8080,.T.);
#8075 = FACE_BOUND('',#8076,.T.);
#8076 = EDGE_LOOP('',(#8077,#8078,#8079));
#8077 = ORIENTED_EDGE('',*,*,#7281,.F.);
#8078 = ORIENTED_EDGE('',*,*,#6785,.F.);
#8079 = ORIENTED_EDGE('',*,*,#7845,.F.);
#8080 = PLANE('',#8081);
#8081 = AXIS2_PLACEMENT_3D('',#8082,#8083,#8084);
#8082 = CARTESIAN_POINT('',(-0.46138116464,-6.137351750533E-02,
    0.339531771865));
#8083 = DIRECTION('',(-0.973348508134,-0.149332702407,0.174047193903));
#8084 = DIRECTION('',(-0.176020915303,0.,-0.984386426855));
#8085 = ADVANCED_FACE('',(#8086),#8096,.T.);
#8086 = FACE_BOUND('',#8087,.T.);
#8087 = EDGE_LOOP('',(#8088,#8089,#8095));
#8088 = ORIENTED_EDGE('',*,*,#6761,.F.);
#8089 = ORIENTED_EDGE('',*,*,#8090,.T.);
#8090 = EDGE_CURVE('',#6467,#1526,#8091,.T.);
#8091 = LINE('',#8092,#8093);
#8092 = CARTESIAN_POINT('',(-0.408610552549,0.491549581289,
    -2.438452839851E-02));
#8093 = VECTOR('',#8094,1.);
#8094 = DIRECTION('',(0.949338014789,0.313353260156,-2.381319014967E-02)
  );
#8095 = ORIENTED_EDGE('',*,*,#2192,.F.);
#8096 = PLANE('',#8097);
#8097 = AXIS2_PLACEMENT_3D('',#8098,#8099,#8100);
#8098 = CARTESIAN_POINT('',(-0.140443204707,0.435757193924,
    -3.108075676701E-02));
#8099 = DIRECTION('',(-2.500645523787E-02,-2.111496030109E-04,
    -0.999687267405));
#8100 = DIRECTION('',(-0.99968728969,-8.470329472543E-22,
    2.500645579531E-02));
#8101 = ADVANCED_FACE('',(#8102),#8112,.T.);
#8102 = FACE_BOUND('',#8103,.T.);
#8103 = EDGE_LOOP('',(#8104,#8110,#8111));
#8104 = ORIENTED_EDGE('',*,*,#8105,.T.);
#8105 = EDGE_CURVE('',#6332,#7072,#8106,.T.);
#8106 = LINE('',#8107,#8108);
#8107 = CARTESIAN_POINT('',(-0.32560813427,1.133490085602,
    -2.191829681396E-02));
#8108 = VECTOR('',#8109,1.);
#8109 = DIRECTION('',(9.664496560043E-02,0.99487780099,
    2.962957511167E-02));
#8110 = ORIENTED_EDGE('',*,*,#7544,.F.);
#8111 = ORIENTED_EDGE('',*,*,#7577,.F.);
#8112 = PLANE('',#8113);
#8113 = AXIS2_PLACEMENT_3D('',#8114,#8115,#8116);
#8114 = CARTESIAN_POINT('',(-0.286247423023,1.309892882072,
    -1.891154812107E-02));
#8115 = DIRECTION('',(-0.100509479423,3.937184859414E-02,-0.994156779429
    ));
#8116 = DIRECTION('',(-0.994928218744,-8.673617379884E-19,0.100587472116
    ));
#8117 = ADVANCED_FACE('',(#8118),#8123,.T.);
#8118 = FACE_BOUND('',#8119,.T.);
#8119 = EDGE_LOOP('',(#8120,#8121,#8122));
#8120 = ORIENTED_EDGE('',*,*,#7305,.F.);
#8121 = ORIENTED_EDGE('',*,*,#7866,.F.);
#8122 = ORIENTED_EDGE('',*,*,#6568,.F.);
#8123 = PLANE('',#8124);
#8124 = AXIS2_PLACEMENT_3D('',#8125,#8126,#8127);
#8125 = CARTESIAN_POINT('',(-0.414393383331,0.993589341905,
    4.533167497986E-02));
#8126 = DIRECTION('',(-0.925392120569,-0.319056701025,-0.204578211742));
#8127 = DIRECTION('',(0.325950481655,-0.945386843313,0.));
#8128 = ADVANCED_FACE('',(#8129),#8139,.T.);
#8129 = FACE_BOUND('',#8130,.T.);
#8130 = EDGE_LOOP('',(#8131,#8132,#8138));
#8131 = ORIENTED_EDGE('',*,*,#2239,.F.);
#8132 = ORIENTED_EDGE('',*,*,#8133,.T.);
#8133 = EDGE_CURVE('',#1865,#6387,#8134,.T.);
#8134 = LINE('',#8135,#8136);
#8135 = CARTESIAN_POINT('',(-8.023011588421E-09,0.408155620098,
    0.852650403976));
#8136 = VECTOR('',#8137,1.);
#8137 = DIRECTION('',(-0.863725089395,-0.488106530326,-0.125423223538));
#8138 = ORIENTED_EDGE('',*,*,#6648,.F.);
#8139 = PLANE('',#8140);
#8140 = AXIS2_PLACEMENT_3D('',#8141,#8142,#8143);
#8141 = CARTESIAN_POINT('',(-6.161986775128E-02,0.297406308205,
    0.848416720673));
#8142 = DIRECTION('',(-0.177108499476,6.099049155565E-02,0.982299719715)
  );
#8143 = DIRECTION('',(0.9841318316,1.734723475977E-18,0.177438828988));
#8144 = ADVANCED_FACE('',(#8145),#8150,.T.);
#8145 = FACE_BOUND('',#8146,.T.);
#8146 = EDGE_LOOP('',(#8147,#8148,#8149));
#8147 = ORIENTED_EDGE('',*,*,#7483,.F.);
#8148 = ORIENTED_EDGE('',*,*,#8090,.F.);
#8149 = ORIENTED_EDGE('',*,*,#6475,.F.);
#8150 = PLANE('',#8151);
#8151 = AXIS2_PLACEMENT_3D('',#8152,#8153,#8154);
#8152 = CARTESIAN_POINT('',(-0.235881705555,0.631778477366,
    -2.799109406321E-02));
#8153 = DIRECTION('',(-2.79523500554E-02,8.722581884828E-03,
    -0.999571199411));
#8154 = DIRECTION('',(-0.999609226986,0.,2.795341347148E-02));
#8155 = ADVANCED_FACE('',(#8156),#8161,.T.);
#8156 = FACE_BOUND('',#8157,.T.);
#8157 = EDGE_LOOP('',(#8158,#8159,#8160));
#8158 = ORIENTED_EDGE('',*,*,#6104,.F.);
#8159 = ORIENTED_EDGE('',*,*,#7506,.F.);
#8160 = ORIENTED_EDGE('',*,*,#7608,.F.);
#8161 = PLANE('',#8162);
#8162 = AXIS2_PLACEMENT_3D('',#8163,#8164,#8165);
#8163 = CARTESIAN_POINT('',(-0.462552735793,0.360107681637,
    0.304017094484));
#8164 = DIRECTION('',(-0.978498214529,0.185252830994,9.067873384489E-02)
  );
#8165 = DIRECTION('',(-0.186019193383,-0.982546110721,0.));
#8166 = ADVANCED_FACE('',(#8167),#8182,.T.);
#8167 = FACE_BOUND('',#8168,.T.);
#8168 = EDGE_LOOP('',(#8169,#8175,#8181));
#8169 = ORIENTED_EDGE('',*,*,#8170,.T.);
#8170 = EDGE_CURVE('',#7223,#6302,#8171,.T.);
#8171 = LINE('',#8172,#8173);
#8172 = CARTESIAN_POINT('',(-0.203801959753,-6.128853559494E-02,
    -2.209201455116E-02));
#8173 = VECTOR('',#8174,1.);
#8174 = DIRECTION('',(-0.857579227995,-0.496009653941,0.13613335708));
#8175 = ORIENTED_EDGE('',*,*,#8176,.T.);
#8176 = EDGE_CURVE('',#6302,#7144,#8177,.T.);
#8177 = LINE('',#8178,#8179);
#8178 = CARTESIAN_POINT('',(-0.431475639343,-0.192971229553,
    1.404923200607E-02));
#8179 = VECTOR('',#8180,1.);
#8180 = DIRECTION('',(0.158152386161,0.979262697328,-0.126619083767));
#8181 = ORIENTED_EDGE('',*,*,#7265,.F.);
#8182 = PLANE('',#8183);
#8183 = AXIS2_PLACEMENT_3D('',#8184,#8185,#8186);
#8184 = CARTESIAN_POINT('',(-0.343949676609,-6.589818775018E-02,
    -8.586328277764E-03));
#8185 = DIRECTION('',(-9.16200616395E-02,-0.113126259323,-0.98934736759)
  );
#8186 = DIRECTION('',(0.,-0.993526101522,0.113604073844));
#8187 = ADVANCED_FACE('',(#8188),#8193,.T.);
#8188 = FACE_BOUND('',#8189,.T.);
#8189 = EDGE_LOOP('',(#8190,#8191,#8192));
#8190 = ORIENTED_EDGE('',*,*,#7190,.F.);
#8191 = ORIENTED_EDGE('',*,*,#7722,.F.);
#8192 = ORIENTED_EDGE('',*,*,#7992,.F.);
#8193 = PLANE('',#8194);
#8194 = AXIS2_PLACEMENT_3D('',#8195,#8196,#8197);
#8195 = CARTESIAN_POINT('',(-0.299510304904,1.458948262425,
    0.405752897383));
#8196 = DIRECTION('',(-0.470574916038,0.213418410494,0.856161100762));
#8197 = DIRECTION('',(0.876351457735,-1.387778780781E-17,0.481672214816)
  );
#8198 = ADVANCED_FACE('',(#8199),#8204,.T.);
#8199 = FACE_BOUND('',#8200,.T.);
#8200 = EDGE_LOOP('',(#8201,#8202,#8203));
#8201 = ORIENTED_EDGE('',*,*,#7886,.F.);
#8202 = ORIENTED_EDGE('',*,*,#6466,.F.);
#8203 = ORIENTED_EDGE('',*,*,#6755,.F.);
#8204 = PLANE('',#8205);
#8205 = AXIS2_PLACEMENT_3D('',#8206,#8207,#8208);
#8206 = CARTESIAN_POINT('',(-0.441736510825,0.366810163776,
    3.350093027966E-02));
#8207 = DIRECTION('',(-0.942009004933,0.101764058875,-0.319786039323));
#8208 = DIRECTION('',(0.321454852049,-6.938893903907E-18,-0.946924906259
    ));
#8209 = ADVANCED_FACE('',(#8210),#8227,.T.);
#8210 = FACE_BOUND('',#8211,.T.);
#8211 = EDGE_LOOP('',(#8212,#8220,#8221));
#8212 = ORIENTED_EDGE('',*,*,#8213,.T.);
#8213 = EDGE_CURVE('',#8214,#6808,#8216,.T.);
#8214 = VERTEX_POINT('',#8215);
#8215 = CARTESIAN_POINT('',(-0.310818374157,1.732772350311,0.10814166069
    ));
#8216 = LINE('',#8217,#8218);
#8217 = CARTESIAN_POINT('',(-0.310818374157,1.732772350311,0.10814166069
    ));
#8218 = VECTOR('',#8219,1.);
#8219 = DIRECTION('',(-0.393128755336,-0.679123133592,-0.619872205497));
#8220 = ORIENTED_EDGE('',*,*,#6807,.F.);
#8221 = ORIENTED_EDGE('',*,*,#8222,.T.);
#8222 = EDGE_CURVE('',#6800,#8214,#8223,.T.);
#8223 = LINE('',#8224,#8225);
#8224 = CARTESIAN_POINT('',(-0.299111098051,1.7342492342,0.263310611248)
  );
#8225 = VECTOR('',#8226,1.);
#8226 = DIRECTION('',(-7.523135357593E-02,-9.490505988094E-03,
    -0.997120942381));
#8227 = PLANE('',#8228);
#8228 = AXIS2_PLACEMENT_3D('',#8229,#8230,#8231);
#8229 = CARTESIAN_POINT('',(-0.328403367835,1.695444882784,
    0.131093070603));
#8230 = DIRECTION('',(-0.887472581995,0.456587401812,6.261278394668E-02)
  );
#8231 = DIRECTION('',(-0.457485035618,-0.889217319998,0.));
#8232 = ADVANCED_FACE('',(#8233),#8250,.T.);
#8233 = FACE_BOUND('',#8234,.T.);
#8234 = EDGE_LOOP('',(#8235,#8243,#8244));
#8235 = ORIENTED_EDGE('',*,*,#8236,.T.);
#8236 = EDGE_CURVE('',#8237,#892,#8239,.T.);
#8237 = VERTEX_POINT('',#8238);
#8238 = CARTESIAN_POINT('',(-0.199552595615,1.789692759514,
    8.328428864479E-02));
#8239 = LINE('',#8240,#8241);
#8240 = CARTESIAN_POINT('',(-0.199552595615,1.789692759514,
    8.328428864479E-02));
#8241 = VECTOR('',#8242,1.);
#8242 = DIRECTION('',(0.665484170199,0.250089214732,0.703268230399));
#8243 = ORIENTED_EDGE('',*,*,#2358,.F.);
#8244 = ORIENTED_EDGE('',*,*,#8245,.T.);
#8245 = EDGE_CURVE('',#2351,#8237,#8246,.T.);
#8246 = LINE('',#8247,#8248);
#8247 = CARTESIAN_POINT('',(-8.023011588421E-09,1.867884635925,
    0.110519975424));
#8248 = VECTOR('',#8249,1.);
#8249 = DIRECTION('',(-0.92364685235,-0.361918035733,-0.126062792112));
#8250 = PLANE('',#8251);
#8251 = AXIS2_PLACEMENT_3D('',#8252,#8253,#8254);
#8252 = CARTESIAN_POINT('',(-7.358018749932E-02,1.837947418281,
    0.163943596715));
#8253 = DIRECTION('',(-0.366697556162,0.930199009937,1.620815279805E-02)
  );
#8254 = DIRECTION('',(0.930321217617,0.366745732151,8.673617379884E-19)
  );
#8255 = ADVANCED_FACE('',(#8256),#8271,.T.);
#8256 = FACE_BOUND('',#8257,.T.);
#8257 = EDGE_LOOP('',(#8258,#8264,#8270));
#8258 = ORIENTED_EDGE('',*,*,#8259,.T.);
#8259 = EDGE_CURVE('',#6800,#8237,#8260,.T.);
#8260 = LINE('',#8261,#8262);
#8261 = CARTESIAN_POINT('',(-0.299111098051,1.7342492342,0.263310611248)
  );
#8262 = VECTOR('',#8263,1.);
#8263 = DIRECTION('',(0.467275099507,0.26022266481,-0.844948605597));
#8264 = ORIENTED_EDGE('',*,*,#8265,.T.);
#8265 = EDGE_CURVE('',#8237,#8214,#8266,.T.);
#8266 = LINE('',#8267,#8268);
#8267 = CARTESIAN_POINT('',(-0.199552595615,1.789692759514,
    8.328428864479E-02));
#8268 = VECTOR('',#8269,1.);
#8269 = DIRECTION('',(-0.873165848874,-0.446686825645,0.195069936574));
#8270 = ORIENTED_EDGE('',*,*,#8222,.F.);
#8271 = PLANE('',#8272);
#8272 = AXIS2_PLACEMENT_3D('',#8273,#8274,#8275);
#8273 = CARTESIAN_POINT('',(-0.268286109993,1.752854030707,
    0.157267999635));
#8274 = DIRECTION('',(-0.450763722384,0.892278519691,2.551685483901E-02)
  );
#8275 = DIRECTION('',(0.892569147302,0.450910542441,0.));
#8276 = ADVANCED_FACE('',(#8277),#8282,.T.);
#8277 = FACE_BOUND('',#8278,.T.);
#8278 = EDGE_LOOP('',(#8279,#8280,#8281));
#8279 = ORIENTED_EDGE('',*,*,#8236,.F.);
#8280 = ORIENTED_EDGE('',*,*,#8259,.F.);
#8281 = ORIENTED_EDGE('',*,*,#6883,.F.);
#8282 = PLANE('',#8283);
#8283 = AXIS2_PLACEMENT_3D('',#8284,#8285,#8286);
#8284 = CARTESIAN_POINT('',(-0.157087058796,1.799852016245,
    0.219909910908));
#8285 = DIRECTION('',(-0.404053319785,0.912913569871,5.770380158163E-02)
  );
#8286 = DIRECTION('',(0.914437253282,0.404727698347,0.));
#8287 = ADVANCED_FACE('',(#8288),#8298,.T.);
#8288 = FACE_BOUND('',#8289,.T.);
#8289 = EDGE_LOOP('',(#8290,#8291,#8292));
#8290 = ORIENTED_EDGE('',*,*,#8245,.F.);
#8291 = ORIENTED_EDGE('',*,*,#2404,.F.);
#8292 = ORIENTED_EDGE('',*,*,#8293,.T.);
#8293 = EDGE_CURVE('',#2405,#8237,#8294,.T.);
#8294 = LINE('',#8295,#8296);
#8295 = CARTESIAN_POINT('',(-8.023011588421E-09,1.710116624832,
    -1.778370141983E-02));
#8296 = VECTOR('',#8297,1.);
#8297 = DIRECTION('',(-0.840503952451,0.335170074855,0.425692526168));
#8298 = PLANE('',#8299);
#8299 = AXIS2_PLACEMENT_3D('',#8300,#8301,#8302);
#8300 = CARTESIAN_POINT('',(-6.888537595189E-02,1.787956194086,
    5.806787628547E-02));
#8301 = DIRECTION('',(-0.139945504467,0.62473067883,-0.768197132713));
#8302 = DIRECTION('',(0.,-0.775831933954,-0.630939624891));
#8303 = ADVANCED_FACE('',(#8304),#8314,.T.);
#8304 = FACE_BOUND('',#8305,.T.);
#8305 = EDGE_LOOP('',(#8306,#8312,#8313));
#8306 = ORIENTED_EDGE('',*,*,#8307,.T.);
#8307 = EDGE_CURVE('',#7072,#6042,#8308,.T.);
#8308 = LINE('',#8309,#8310);
#8309 = CARTESIAN_POINT('',(-0.290918529034,1.49059009552,
    -1.128309965134E-02));
#8310 = VECTOR('',#8311,1.);
#8311 = DIRECTION('',(-0.533169697074,-0.8382503935,0.114308144591));
#8312 = ORIENTED_EDGE('',*,*,#6041,.F.);
#8313 = ORIENTED_EDGE('',*,*,#7944,.F.);
#8314 = PLANE('',#8315);
#8315 = AXIS2_PLACEMENT_3D('',#8316,#8317,#8318);
#8316 = CARTESIAN_POINT('',(-0.416967181426,1.378357304559,
    1.263130345047E-02));
#8317 = DIRECTION('',(-0.155489038842,-3.571963378618E-02,-0.9871916058)
  );
#8318 = DIRECTION('',(-0.987821984139,-8.673617379884E-19,0.155588327492
    ));
#8319 = ADVANCED_FACE('',(#8320),#8330,.T.);
#8320 = FACE_BOUND('',#8321,.T.);
#8321 = EDGE_LOOP('',(#8322,#8328,#8329));
#8322 = ORIENTED_EDGE('',*,*,#8323,.T.);
#8323 = EDGE_CURVE('',#7298,#7072,#8324,.T.);
#8324 = LINE('',#8325,#8326);
#8325 = CARTESIAN_POINT('',(-0.429118543863,1.057010650635,
    1.302888989449E-02));
#8326 = VECTOR('',#8327,1.);
#8327 = DIRECTION('',(0.303255882467,0.951414638706,-5.33484301962E-02)
  );
#8328 = ORIENTED_EDGE('',*,*,#8105,.F.);
#8329 = ORIENTED_EDGE('',*,*,#7859,.F.);
#8330 = PLANE('',#8331);
#8331 = AXIS2_PLACEMENT_3D('',#8332,#8333,#8334);
#8332 = CARTESIAN_POINT('',(-0.342862931558,1.263161695702,
    -6.490986107087E-03));
#8333 = DIRECTION('',(-0.360554619581,6.274120125897E-02,-0.930625546589
    ));
#8334 = DIRECTION('',(-0.932462656496,-3.469446951954E-18,0.36126637574)
  );
#8335 = ADVANCED_FACE('',(#8336),#8341,.T.);
#8336 = FACE_BOUND('',#8337,.T.);
#8337 = EDGE_LOOP('',(#8338,#8339,#8340));
#8338 = ORIENTED_EDGE('',*,*,#8307,.F.);
#8339 = ORIENTED_EDGE('',*,*,#8323,.F.);
#8340 = ORIENTED_EDGE('',*,*,#7297,.F.);
#8341 = PLANE('',#8342);
#8342 = AXIS2_PLACEMENT_3D('',#8343,#8344,#8345);
#8343 = CARTESIAN_POINT('',(-0.385077042099,1.275571107825,
    7.257279883947E-03));
#8344 = DIRECTION('',(-0.245240632361,2.382451841891E-02,-0.969169450902
    ));
#8345 = DIRECTION('',(-0.96944462206,-8.673617379884E-19,0.245310262238)
  );
#8346 = ADVANCED_FACE('',(#8347),#8357,.T.);
#8347 = FACE_BOUND('',#8348,.T.);
#8348 = EDGE_LOOP('',(#8349,#8355,#8356));
#8349 = ORIENTED_EDGE('',*,*,#8350,.T.);
#8350 = EDGE_CURVE('',#7144,#6225,#8351,.T.);
#8351 = LINE('',#8352,#8353);
#8352 = CARTESIAN_POINT('',(-0.389510512352,6.687235832214E-02,
    -1.954865455627E-02));
#8353 = VECTOR('',#8354,1.);
#8354 = DIRECTION('',(-0.955265860063,0.133954098564,0.263672971833));
#8355 = ORIENTED_EDGE('',*,*,#7892,.F.);
#8356 = ORIENTED_EDGE('',*,*,#7143,.F.);
#8357 = PLANE('',#8358);
#8358 = AXIS2_PLACEMENT_3D('',#8359,#8360,#8361);
#8359 = CARTESIAN_POINT('',(-0.446333765117,0.13694827873,
    -2.874962885517E-03));
#8360 = DIRECTION('',(-0.264037333122,1.536167351184E-02,-0.964390121115
    ));
#8361 = DIRECTION('',(-0.964503930137,0.,0.264068492535));
#8362 = ADVANCED_FACE('',(#8363),#8373,.T.);
#8363 = FACE_BOUND('',#8364,.T.);
#8364 = EDGE_LOOP('',(#8365,#8371,#8372));
#8365 = ORIENTED_EDGE('',*,*,#8366,.T.);
#8366 = EDGE_CURVE('',#6294,#7144,#8367,.T.);
#8367 = LINE('',#8368,#8369);
#8368 = CARTESIAN_POINT('',(-0.492284685373,-5.143576860428E-02,
    2.917066216469E-02));
#8369 = VECTOR('',#8370,1.);
#8370 = DIRECTION('',(0.626242168421,0.720896464259,-0.296865347104));
#8371 = ORIENTED_EDGE('',*,*,#8176,.F.);
#8372 = ORIENTED_EDGE('',*,*,#6301,.F.);
#8373 = PLANE('',#8374);
#8374 = AXIS2_PLACEMENT_3D('',#8375,#8376,#8377);
#8375 = CARTESIAN_POINT('',(-0.432647770593,-5.88428875287E-02,
    5.827758494938E-03));
#8376 = DIRECTION('',(-0.370291757813,-6.005522377189E-02,
    -0.926972159341));
#8377 = DIRECTION('',(-0.928648317422,0.,0.370961322175));
#8378 = ADVANCED_FACE('',(#8379),#8384,.T.);
#8379 = FACE_BOUND('',#8380,.T.);
#8380 = EDGE_LOOP('',(#8381,#8382,#8383));
#8381 = ORIENTED_EDGE('',*,*,#8350,.F.);
#8382 = ORIENTED_EDGE('',*,*,#8366,.F.);
#8383 = ORIENTED_EDGE('',*,*,#7166,.F.);
#8384 = PLANE('',#8385);
#8385 = AXIS2_PLACEMENT_3D('',#8386,#8387,#8388);
#8386 = CARTESIAN_POINT('',(-0.462627048253,3.026670013919E-02,
    7.818400148324E-03));
#8387 = DIRECTION('',(-0.282138177141,-0.145412701113,-0.948289615758));
#8388 = DIRECTION('',(-0.958477187088,0.,0.285169216136));
#8389 = ADVANCED_FACE('',(#8390),#8395,.T.);
#8390 = FACE_BOUND('',#8391,.T.);
#8391 = EDGE_LOOP('',(#8392,#8393,#8394));
#8392 = ORIENTED_EDGE('',*,*,#6180,.F.);
#8393 = ORIENTED_EDGE('',*,*,#7978,.F.);
#8394 = ORIENTED_EDGE('',*,*,#7648,.F.);
#8395 = PLANE('',#8396);
#8396 = AXIS2_PLACEMENT_3D('',#8397,#8398,#8399);
#8397 = CARTESIAN_POINT('',(-0.179462688391,-0.282769921088,
    0.571666924059));
#8398 = DIRECTION('',(-0.14491249749,-0.916973387529,-0.37169903771));
#8399 = DIRECTION('',(-6.938893903907E-18,0.375664372584,-0.926755781839
    ));
#8400 = ADVANCED_FACE('',(#8401),#8411,.T.);
#8401 = FACE_BOUND('',#8402,.T.);
#8402 = EDGE_LOOP('',(#8403,#8409,#8410));
#8403 = ORIENTED_EDGE('',*,*,#8404,.T.);
#8404 = EDGE_CURVE('',#1865,#6377,#8405,.T.);
#8405 = LINE('',#8406,#8407);
#8406 = CARTESIAN_POINT('',(-8.023011588421E-09,0.408155620098,
    0.852650403976));
#8407 = VECTOR('',#8408,1.);
#8408 = DIRECTION('',(-0.945996448369,-8.930429303204E-02,
    -0.311633539466));
#8409 = ORIENTED_EDGE('',*,*,#6394,.F.);
#8410 = ORIENTED_EDGE('',*,*,#8133,.F.);
#8411 = PLANE('',#8412);
#8412 = AXIS2_PLACEMENT_3D('',#8413,#8414,#8415);
#8413 = CARTESIAN_POINT('',(-0.163250378779,0.369357592965,
    0.808024163643));
#8414 = DIRECTION('',(-0.322897169043,0.34491009213,0.881348084794));
#8415 = DIRECTION('',(0.,0.931230317886,-0.364431193847));
#8416 = ADVANCED_FACE('',(#8417),#8422,.T.);
#8417 = FACE_BOUND('',#8418,.T.);
#8418 = EDGE_LOOP('',(#8419,#8420,#8421));
#8419 = ORIENTED_EDGE('',*,*,#8040,.F.);
#8420 = ORIENTED_EDGE('',*,*,#8404,.F.);
#8421 = ORIENTED_EDGE('',*,*,#7797,.F.);
#8422 = PLANE('',#8423);
#8423 = AXIS2_PLACEMENT_3D('',#8424,#8425,#8426);
#8424 = CARTESIAN_POINT('',(-0.170096663542,0.427167432168,
    0.789563909926));
#8425 = DIRECTION('',(-0.32323397672,0.186574707821,0.927744401597));
#8426 = DIRECTION('',(0.94432603393,0.,0.329011157321));
#8427 = ADVANCED_FACE('',(#8428),#8438,.T.);
#8428 = FACE_BOUND('',#8429,.T.);
#8429 = EDGE_LOOP('',(#8430,#8431,#8437));
#8430 = ORIENTED_EDGE('',*,*,#6663,.F.);
#8431 = ORIENTED_EDGE('',*,*,#8432,.T.);
#8432 = EDGE_CURVE('',#6664,#143,#8433,.T.);
#8433 = LINE('',#8434,#8435);
#8434 = CARTESIAN_POINT('',(-0.193241775036,0.109479308128,
    0.787189126015));
#8435 = VECTOR('',#8436,1.);
#8436 = DIRECTION('',(0.830927493652,-0.548894789775,-9.096158557293E-02
    ));
#8437 = ORIENTED_EDGE('',*,*,#2558,.F.);
#8438 = PLANE('',#8439);
#8439 = AXIS2_PLACEMENT_3D('',#8440,#8441,#8442);
#8440 = CARTESIAN_POINT('',(-6.457613061312E-02,9.083375422463E-02,
    0.806179072874));
#8441 = DIRECTION('',(-0.193040755349,-0.437750278587,0.878128669599));
#8442 = DIRECTION('',(-1.387778780781E-17,0.894962247888,0.446141877496)
  );
#8443 = ADVANCED_FACE('',(#8444),#8454,.T.);
#8444 = FACE_BOUND('',#8445,.T.);
#8445 = EDGE_LOOP('',(#8446,#8452,#8453));
#8446 = ORIENTED_EDGE('',*,*,#8447,.T.);
#8447 = EDGE_CURVE('',#143,#6996,#8448,.T.);
#8448 = LINE('',#8449,#8450);
#8449 = CARTESIAN_POINT('',(-8.023011588421E-09,-1.81725025177E-02,
    0.766034960747));
#8450 = VECTOR('',#8451,1.);
#8451 = DIRECTION('',(-0.952373073737,0.139184144477,-0.271317714767));
#8452 = ORIENTED_EDGE('',*,*,#8015,.F.);
#8453 = ORIENTED_EDGE('',*,*,#6156,.F.);
#8454 = PLANE('',#8455);
#8455 = AXIS2_PLACEMENT_3D('',#8456,#8457,#8458);
#8456 = CARTESIAN_POINT('',(-0.194958912939,-1.750776628384E-02,
    0.70659384885));
#8457 = DIRECTION('',(-0.289465918557,-0.132852918099,0.947923828241));
#8458 = DIRECTION('',(0.95640159797,6.938893903907E-18,0.292054760961));
#8459 = ADVANCED_FACE('',(#8460),#8465,.T.);
#8460 = FACE_BOUND('',#8461,.T.);
#8461 = EDGE_LOOP('',(#8462,#8463,#8464));
#8462 = ORIENTED_EDGE('',*,*,#6995,.F.);
#8463 = ORIENTED_EDGE('',*,*,#8447,.F.);
#8464 = ORIENTED_EDGE('',*,*,#8432,.F.);
#8465 = PLANE('',#8466);
#8466 = AXIS2_PLACEMENT_3D('',#8467,#8468,#8469);
#8467 = CARTESIAN_POINT('',(-0.192900117564,3.689986199566E-02,
    0.731686878463));
#8468 = DIRECTION('',(-0.300454769459,-0.580277671557,0.756970775791));
#8469 = DIRECTION('',(0.,0.793640070915,0.608387572061));
#8470 = ADVANCED_FACE('',(#8471),#8476,.T.);
#8471 = FACE_BOUND('',#8472,.T.);
#8472 = EDGE_LOOP('',(#8473,#8474,#8475));
#8473 = ORIENTED_EDGE('',*,*,#6694,.F.);
#8474 = ORIENTED_EDGE('',*,*,#7780,.F.);
#8475 = ORIENTED_EDGE('',*,*,#2601,.F.);
#8476 = PLANE('',#8477);
#8477 = AXIS2_PLACEMENT_3D('',#8478,#8479,#8480);
#8478 = CARTESIAN_POINT('',(-3.060876176192E-02,0.674610866578,
    0.714530785271));
#8479 = DIRECTION('',(-0.14968795155,0.464700113585,0.872724081022));
#8480 = DIRECTION('',(6.938893903907E-18,0.882668855757,-0.469995416017)
  );
#8481 = ADVANCED_FACE('',(#8482),#8492,.T.);
#8482 = FACE_BOUND('',#8483,.T.);
#8483 = EDGE_LOOP('',(#8484,#8490,#8491));
#8484 = ORIENTED_EDGE('',*,*,#8485,.T.);
#8485 = EDGE_CURVE('',#6302,#1249,#8486,.T.);
#8486 = LINE('',#8487,#8488);
#8487 = CARTESIAN_POINT('',(-0.431475639343,-0.192971229553,
    1.404923200607E-02));
#8488 = VECTOR('',#8489,1.);
#8489 = DIRECTION('',(0.991266748261,-0.131765537451,-5.298767111651E-03
    ));
#8490 = ORIENTED_EDGE('',*,*,#7421,.F.);
#8491 = ORIENTED_EDGE('',*,*,#6408,.F.);
#8492 = PLANE('',#8493);
#8493 = AXIS2_PLACEMENT_3D('',#8494,#8495,#8496);
#8494 = CARTESIAN_POINT('',(-0.215795655855,-0.222046095056,
    1.495210585412E-02));
#8495 = DIRECTION('',(-0.130328848312,-0.97274653424,-0.191777400706));
#8496 = DIRECTION('',(-3.469446951954E-18,0.193427175475,-0.981114635396
    ));
#8497 = ADVANCED_FACE('',(#8498),#8503,.T.);
#8498 = FACE_BOUND('',#8499,.T.);
#8499 = EDGE_LOOP('',(#8500,#8501,#8502));
#8500 = ORIENTED_EDGE('',*,*,#7222,.F.);
#8501 = ORIENTED_EDGE('',*,*,#8485,.F.);
#8502 = ORIENTED_EDGE('',*,*,#8170,.F.);
#8503 = PLANE('',#8504);
#8504 = AXIS2_PLACEMENT_3D('',#8505,#8506,#8507);
#8505 = CARTESIAN_POINT('',(-0.210819033396,-0.177265257431,
    3.157353169392E-03));
#8506 = DIRECTION('',(-3.32287354379E-02,-0.210690210498,-0.976987966324
    ));
#8507 = DIRECTION('',(8.673617379884E-19,-0.977527783468,0.210806623588)
  );
#8508 = ADVANCED_FACE('',(#8509),#8519,.T.);
#8509 = FACE_BOUND('',#8510,.T.);
#8510 = EDGE_LOOP('',(#8511,#8517,#8518));
#8511 = ORIENTED_EDGE('',*,*,#8512,.T.);
#8512 = EDGE_CURVE('',#7070,#2405,#8513,.T.);
#8513 = LINE('',#8514,#8515);
#8514 = CARTESIAN_POINT('',(-0.220127865672,1.610726714134,
    -2.109056711197E-02));
#8515 = VECTOR('',#8516,1.);
#8516 = DIRECTION('',(0.911320391189,0.411470194026,1.369028967234E-02)
  );
#8517 = ORIENTED_EDGE('',*,*,#2649,.F.);
#8518 = ORIENTED_EDGE('',*,*,#7106,.F.);
#8519 = PLANE('',#8520);
#8520 = AXIS2_PLACEMENT_3D('',#8521,#8522,#8523);
#8521 = CARTESIAN_POINT('',(-7.562014225352E-02,1.601152900473,
    -2.430541209296E-02));
#8522 = DIRECTION('',(-1.743024118889E-02,7.17850767295E-02,
    -0.997267812301));
#8523 = DIRECTION('',(0.,-0.997419338445,-7.179598384567E-02));
#8524 = ADVANCED_FACE('',(#8525),#8535,.T.);
#8525 = FACE_BOUND('',#8526,.T.);
#8526 = EDGE_LOOP('',(#8527,#8533,#8534));
#8527 = ORIENTED_EDGE('',*,*,#8528,.T.);
#8528 = EDGE_CURVE('',#8214,#7070,#8529,.T.);
#8529 = LINE('',#8530,#8531);
#8530 = CARTESIAN_POINT('',(-0.310818374157,1.732772350311,0.10814166069
    ));
#8531 = VECTOR('',#8532,1.);
#8532 = DIRECTION('',(0.454471277548,-0.611599131146,-0.647612816941));
#8533 = ORIENTED_EDGE('',*,*,#7085,.F.);
#8534 = ORIENTED_EDGE('',*,*,#8213,.F.);
#8535 = PLANE('',#8536);
#8536 = AXIS2_PLACEMENT_3D('',#8537,#8538,#8539);
#8537 = CARTESIAN_POINT('',(-0.297140644365,1.658771357733,
    3.434975056513E-02));
#8538 = DIRECTION('',(-7.883205723415E-02,0.69656462082,-0.713150219641)
  );
#8539 = DIRECTION('',(0.,-0.715376535211,-0.698739159393));
#8540 = ADVANCED_FACE('',(#8541),#8551,.T.);
#8541 = FACE_BOUND('',#8542,.T.);
#8542 = EDGE_LOOP('',(#8543,#8549,#8550));
#8543 = ORIENTED_EDGE('',*,*,#8544,.T.);
#8544 = EDGE_CURVE('',#2405,#8214,#8545,.T.);
#8545 = LINE('',#8546,#8547);
#8546 = CARTESIAN_POINT('',(-8.023011588421E-09,1.710116624832,
    -1.778370141983E-02));
#8547 = VECTOR('',#8548,1.);
#8548 = DIRECTION('',(-0.924716704227,6.740312053471E-02,0.374640943125)
  );
#8549 = ORIENTED_EDGE('',*,*,#8265,.F.);
#8550 = ORIENTED_EDGE('',*,*,#8293,.F.);
#8551 = PLANE('',#8552);
#8552 = AXIS2_PLACEMENT_3D('',#8553,#8554,#8555);
#8553 = CARTESIAN_POINT('',(-0.154704345729,1.738316998654,
    5.015582667243E-02));
#8554 = DIRECTION('',(-0.343062535508,0.278903017892,-0.896951059613));
#8555 = DIRECTION('',(-0.934013389694,-1.387778780781E-17,0.357237998921
    ));
#8556 = ADVANCED_FACE('',(#8557),#8562,.T.);
#8557 = FACE_BOUND('',#8558,.T.);
#8558 = EDGE_LOOP('',(#8559,#8560,#8561));
#8559 = ORIENTED_EDGE('',*,*,#8512,.F.);
#8560 = ORIENTED_EDGE('',*,*,#8528,.F.);
#8561 = ORIENTED_EDGE('',*,*,#8544,.F.);
#8562 = PLANE('',#8563);
#8563 = AXIS2_PLACEMENT_3D('',#8564,#8565,#8566);
#8564 = CARTESIAN_POINT('',(-0.169575496629,1.689720418912,
    2.467281779161E-02));
#8565 = DIRECTION('',(-0.26120201232,0.603571644004,-0.753309218923));
#8566 = DIRECTION('',(0.,-0.780401513313,-0.625278720267));
#8567 = ADVANCED_FACE('',(#8568),#8594,.T.);
#8568 = FACE_BOUND('',#8569,.T.);
#8569 = EDGE_LOOP('',(#8570,#8580,#8588));
#8570 = ORIENTED_EDGE('',*,*,#8571,.T.);
#8571 = EDGE_CURVE('',#8572,#8574,#8576,.T.);
#8572 = VERTEX_POINT('',#8573);
#8573 = CARTESIAN_POINT('',(-0.483515739441,1.184094905853,
    3.210172057152E-02));
#8574 = VERTEX_POINT('',#8575);
#8575 = CARTESIAN_POINT('',(-0.448486357927,1.531192779541,
    1.411989331245E-02));
#8576 = LINE('',#8577,#8578);
#8577 = CARTESIAN_POINT('',(-0.483515739441,1.184094905853,
    3.210172057152E-02));
#8578 = VECTOR('',#8579,1.);
#8579 = DIRECTION('',(0.100277593127,0.993627002508,-5.147605466207E-02)
  );
#8580 = ORIENTED_EDGE('',*,*,#8581,.T.);
#8581 = EDGE_CURVE('',#8574,#8582,#8584,.T.);
#8582 = VERTEX_POINT('',#8583);
#8583 = CARTESIAN_POINT('',(-0.530221283436,1.382316350937,
    2.237120270729E-02));
#8584 = LINE('',#8585,#8586);
#8585 = CARTESIAN_POINT('',(-0.448486357927,1.531192779541,
    1.411989331245E-02));
#8586 = VECTOR('',#8587,1.);
#8587 = DIRECTION('',(-0.480686633415,-0.875548718193,4.852630756797E-02
    ));
#8588 = ORIENTED_EDGE('',*,*,#8589,.T.);
#8589 = EDGE_CURVE('',#8582,#8572,#8590,.T.);
#8590 = LINE('',#8591,#8592);
#8591 = CARTESIAN_POINT('',(-0.530221283436,1.382316350937,
    2.237120270729E-02));
#8592 = VECTOR('',#8593,1.);
#8593 = DIRECTION('',(0.229081357057,-0.972236564517,4.772624503518E-02)
  );
#8594 = PLANE('',#8595);
#8595 = AXIS2_PLACEMENT_3D('',#8596,#8597,#8598);
#8596 = CARTESIAN_POINT('',(-0.483011896489,1.359961138293,
    2.312998185853E-02));
#8597 = DIRECTION('',(8.062765585051E-03,5.092361306107E-02,
    0.998670004278));
#8598 = DIRECTION('',(-5.421010862428E-20,0.998702466725,
    -5.092526836771E-02));
#8599 = ADVANCED_FACE('',(#8600),#8626,.T.);
#8600 = FACE_BOUND('',#8601,.T.);
#8601 = EDGE_LOOP('',(#8602,#8612,#8620));
#8602 = ORIENTED_EDGE('',*,*,#8603,.T.);
#8603 = EDGE_CURVE('',#8604,#8606,#8608,.T.);
#8604 = VERTEX_POINT('',#8605);
#8605 = CARTESIAN_POINT('',(-0.46662029624,0.318226158619,0.323566734791
    ));
#8606 = VERTEX_POINT('',#8607);
#8607 = CARTESIAN_POINT('',(-0.491133838892,0.19859328866,0.18944093585)
  );
#8608 = LINE('',#8609,#8610);
#8609 = CARTESIAN_POINT('',(-0.46662029624,0.318226158619,0.323566734791
    ));
#8610 = VECTOR('',#8611,1.);
#8611 = DIRECTION('',(-0.135142057381,-0.659530627869,-0.739429493075));
#8612 = ORIENTED_EDGE('',*,*,#8613,.T.);
#8613 = EDGE_CURVE('',#8606,#8614,#8616,.T.);
#8614 = VERTEX_POINT('',#8615);
#8615 = CARTESIAN_POINT('',(-0.476975560188,0.353700637817,0.1393956393)
  );
#8616 = LINE('',#8617,#8618);
#8617 = CARTESIAN_POINT('',(-0.491133838892,0.19859328866,0.18944093585)
  );
#8618 = VECTOR('',#8619,1.);
#8619 = DIRECTION('',(8.654476476485E-02,0.94811871747,-0.305909956156)
  );
#8620 = ORIENTED_EDGE('',*,*,#8621,.T.);
#8621 = EDGE_CURVE('',#8614,#8604,#8622,.T.);
#8622 = LINE('',#8623,#8624);
#8623 = CARTESIAN_POINT('',(-0.476975560188,0.353700637817,0.1393956393)
  );
#8624 = VECTOR('',#8625,1.);
#8625 = DIRECTION('',(5.51274861575E-02,-0.188852632892,0.98045685439));
#8626 = PLANE('',#8627);
#8627 = AXIS2_PLACEMENT_3D('',#8628,#8629,#8630);
#8628 = CARTESIAN_POINT('',(-0.477971096672,0.291196234641,
    0.219409251036));
#8629 = DIRECTION('',(0.990241635875,-0.115534326623,-7.793152090712E-02
    ));
#8630 = DIRECTION('',(0.115886771401,0.993262430687,-1.734723475977E-18)
  );
#8631 = ADVANCED_FACE('',(#8632),#8649,.T.);
#8632 = FACE_BOUND('',#8633,.T.);
#8633 = EDGE_LOOP('',(#8634,#8642,#8643));
#8634 = ORIENTED_EDGE('',*,*,#8635,.T.);
#8635 = EDGE_CURVE('',#8636,#8606,#8638,.T.);
#8636 = VERTEX_POINT('',#8637);
#8637 = CARTESIAN_POINT('',(-0.458255857229,0.209845513105,
    0.432638734579));
#8638 = LINE('',#8639,#8640);
#8639 = CARTESIAN_POINT('',(-0.458255857229,0.209845513105,
    0.432638734579));
#8640 = VECTOR('',#8641,1.);
#8641 = DIRECTION('',(-0.133830974492,-4.580257322881E-02,
    -0.989945147244));
#8642 = ORIENTED_EDGE('',*,*,#8603,.F.);
#8643 = ORIENTED_EDGE('',*,*,#8644,.T.);
#8644 = EDGE_CURVE('',#8604,#8636,#8645,.T.);
#8645 = LINE('',#8646,#8647);
#8646 = CARTESIAN_POINT('',(-0.46662029624,0.318226158619,0.323566734791
    ));
#8647 = VECTOR('',#8648,1.);
#8648 = DIRECTION('',(5.431794110828E-02,-0.703814507202,0.70830410187)
  );
#8649 = PLANE('',#8650);
#8650 = AXIS2_PLACEMENT_3D('',#8651,#8652,#8653);
#8651 = CARTESIAN_POINT('',(-0.472752141936,0.236989062531,
    0.311787971921));
#8652 = DIRECTION('',(0.989786511934,-5.568211029349E-02,-0.131233240406
    ));
#8653 = DIRECTION('',(0.131437158876,-8.673617379884E-19,0.991324504522)
  );
#8654 = ADVANCED_FACE('',(#8655),#8679,.T.);
#8655 = FACE_BOUND('',#8656,.T.);
#8656 = EDGE_LOOP('',(#8657,#8667,#8673));
#8657 = ORIENTED_EDGE('',*,*,#8658,.T.);
#8658 = EDGE_CURVE('',#8659,#8661,#8663,.T.);
#8659 = VERTEX_POINT('',#8660);
#8660 = CARTESIAN_POINT('',(-0.441614419222,0.242042869329,
    -2.331137657166E-04));
#8661 = VERTEX_POINT('',#8662);
#8662 = CARTESIAN_POINT('',(-0.193059548736,0.149258345366,
    -2.808576822281E-02));
#8663 = LINE('',#8664,#8665);
#8664 = CARTESIAN_POINT('',(-0.441614419222,0.242042869329,
    -2.331137657166E-04));
#8665 = VECTOR('',#8666,1.);
#8666 = DIRECTION('',(0.931732625588,-0.347812006088,-0.104408442354));
#8667 = ORIENTED_EDGE('',*,*,#8668,.T.);
#8668 = EDGE_CURVE('',#8661,#2794,#8669,.T.);
#8669 = LINE('',#8670,#8671);
#8670 = CARTESIAN_POINT('',(-0.193059548736,0.149258345366,
    -2.808576822281E-02));
#8671 = VECTOR('',#8672,1.);
#8672 = DIRECTION('',(0.962795590011,0.269316888602,-2.220507530016E-02)
  );
#8673 = ORIENTED_EDGE('',*,*,#8674,.T.);
#8674 = EDGE_CURVE('',#2794,#8659,#8675,.T.);
#8675 = LINE('',#8676,#8677);
#8676 = CARTESIAN_POINT('',(-8.023011588421E-09,0.203261703253,
    -3.25383245945E-02));
#8677 = VECTOR('',#8678,1.);
#8678 = DIRECTION('',(-0.993531761093,8.724878367258E-02,
    7.267936053098E-02));
#8679 = PLANE('',#8680);
#8680 = AXIS2_PLACEMENT_3D('',#8681,#8682,#8683);
#8681 = CARTESIAN_POINT('',(-0.221718412375,0.204549471905,
    -1.879706680696E-02));
#8682 = DIRECTION('',(6.051312917126E-02,-0.134786931933,0.98902509785)
  );
#8683 = DIRECTION('',(0.,0.990840911528,0.135034395779));
#8684 = ADVANCED_FACE('',(#8685),#8709,.T.);
#8685 = FACE_BOUND('',#8686,.T.);
#8686 = EDGE_LOOP('',(#8687,#8695,#8703));
#8687 = ORIENTED_EDGE('',*,*,#8688,.T.);
#8688 = EDGE_CURVE('',#8689,#2828,#8691,.T.);
#8689 = VERTEX_POINT('',#8690);
#8690 = CARTESIAN_POINT('',(-0.255293518305,-0.276035308838,
    0.589520931244));
#8691 = LINE('',#8692,#8693);
#8692 = CARTESIAN_POINT('',(-0.255293518305,-0.276035308838,
    0.589520931244));
#8693 = VECTOR('',#8694,1.);
#8694 = DIRECTION('',(0.632990796352,0.641542466472,0.433296567545));
#8695 = ORIENTED_EDGE('',*,*,#8696,.T.);
#8696 = EDGE_CURVE('',#2828,#8697,#8699,.T.);
#8697 = VERTEX_POINT('',#8698);
#8698 = CARTESIAN_POINT('',(5.425026174635E-04,-0.317221820354,
    0.590848684311));
#8699 = LINE('',#8700,#8701);
#8700 = CARTESIAN_POINT('',(-8.023011588421E-09,-1.729279756546E-02,
    0.76427513361));
#8701 = VECTOR('',#8702,1.);
#8702 = DIRECTION('',(1.565868594165E-03,-0.865696268838,-0.500567196464
    ));
#8703 = ORIENTED_EDGE('',*,*,#8704,.T.);
#8704 = EDGE_CURVE('',#8697,#8689,#8705,.T.);
#8705 = LINE('',#8706,#8707);
#8706 = CARTESIAN_POINT('',(5.425026174635E-04,-0.317221820354,
    0.590848684311));
#8707 = VECTOR('',#8708,1.);
#8708 = DIRECTION('',(-0.987275049876,0.158939366963,-5.123819041339E-03
    ));
#8709 = PLANE('',#8710);
#8710 = AXIS2_PLACEMENT_3D('',#8711,#8712,#8713);
#8711 = CARTESIAN_POINT('',(-8.364987222707E-02,-0.192253572685,
    0.654854073854));
#8712 = DIRECTION('',(8.479000157963E-02,0.498880121548,-0.862513350596)
  );
#8713 = DIRECTION('',(6.938893903907E-18,-0.865630621804,-0.500683159887
    ));
#8714 = ADVANCED_FACE('',(#8715),#8732,.T.);
#8715 = FACE_BOUND('',#8716,.T.);
#8716 = EDGE_LOOP('',(#8717,#8725,#8726));
#8717 = ORIENTED_EDGE('',*,*,#8718,.T.);
#8718 = EDGE_CURVE('',#8719,#2828,#8721,.T.);
#8719 = VERTEX_POINT('',#8720);
#8720 = CARTESIAN_POINT('',(-0.214443266392,-9.07695889473E-02,
    0.688275933266));
#8721 = LINE('',#8722,#8723);
#8722 = CARTESIAN_POINT('',(-0.214443266392,-9.07695889473E-02,
    0.688275933266));
#8723 = VECTOR('',#8724,1.);
#8724 = DIRECTION('',(0.89694104916,0.307327685898,0.31787803921));
#8725 = ORIENTED_EDGE('',*,*,#8688,.F.);
#8726 = ORIENTED_EDGE('',*,*,#8727,.T.);
#8727 = EDGE_CURVE('',#8689,#8719,#8728,.T.);
#8728 = LINE('',#8729,#8730);
#8729 = CARTESIAN_POINT('',(-0.255293518305,-0.276035308838,
    0.589520931244));
#8730 = VECTOR('',#8731,1.);
#8731 = DIRECTION('',(0.190996073835,0.866213143325,0.461730754998));
#8732 = PLANE('',#8733);
#8733 = AXIS2_PLACEMENT_3D('',#8734,#8735,#8736);
#8734 = CARTESIAN_POINT('',(-0.148725560612,-0.129976303071,
    0.681193327902));
#8735 = DIRECTION('',(0.164437457152,0.435507836803,-0.885038556656));
#8736 = DIRECTION('',(1.387778780781E-17,-0.897252394632,-0.441517995474
    ));
#8737 = ADVANCED_FACE('',(#8738),#8762,.T.);
#8738 = FACE_BOUND('',#8739,.T.);
#8739 = EDGE_LOOP('',(#8740,#8748,#8756));
#8740 = ORIENTED_EDGE('',*,*,#8741,.T.);
#8741 = EDGE_CURVE('',#8606,#8742,#8744,.T.);
#8742 = VERTEX_POINT('',#8743);
#8743 = CARTESIAN_POINT('',(-0.48414799571,-4.977506399155E-02,
    0.210618555546));
#8744 = LINE('',#8745,#8746);
#8745 = CARTESIAN_POINT('',(-0.491133838892,0.19859328866,0.18944093585)
  );
#8746 = VECTOR('',#8747,1.);
#8747 = DIRECTION('',(2.801425280256E-02,-0.995993416751,
    8.492535209958E-02));
#8748 = ORIENTED_EDGE('',*,*,#8749,.T.);
#8749 = EDGE_CURVE('',#8742,#8750,#8752,.T.);
#8750 = VERTEX_POINT('',#8751);
#8751 = CARTESIAN_POINT('',(-0.507223665714,8.369165658951E-02,
    1.484176516533E-02));
#8752 = LINE('',#8753,#8754);
#8753 = CARTESIAN_POINT('',(-0.48414799571,-4.977506399155E-02,
    0.210618555546));
#8754 = VECTOR('',#8755,1.);
#8755 = DIRECTION('',(-9.693058637004E-02,0.560634100099,-0.8223708818)
  );
#8756 = ORIENTED_EDGE('',*,*,#8757,.T.);
#8757 = EDGE_CURVE('',#8750,#8606,#8758,.T.);
#8758 = LINE('',#8759,#8760);
#8759 = CARTESIAN_POINT('',(-0.507223665714,8.369165658951E-02,
    1.484176516533E-02));
#8760 = VECTOR('',#8761,1.);
#8761 = DIRECTION('',(7.675223171132E-02,0.548107620181,0.832878821694)
  );
#8762 = PLANE('',#8763);
#8763 = AXIS2_PLACEMENT_3D('',#8764,#8765,#8766);
#8764 = CARTESIAN_POINT('',(-0.493858300377,7.485752700823E-02,
    0.140776207512));
#8765 = DIRECTION('',(0.994373901822,1.90844180092E-02,-0.104193705972)
  );
#8766 = DIRECTION('',(0.104212685613,0.,0.994555034253));
#8767 = ADVANCED_FACE('',(#8768),#8785,.T.);
#8768 = FACE_BOUND('',#8769,.T.);
#8769 = EDGE_LOOP('',(#8770,#8778,#8779));
#8770 = ORIENTED_EDGE('',*,*,#8771,.T.);
#8771 = EDGE_CURVE('',#8772,#8742,#8774,.T.);
#8772 = VERTEX_POINT('',#8773);
#8773 = CARTESIAN_POINT('',(-0.470210552216,7.695215940475E-02,
    0.421785205603));
#8774 = LINE('',#8775,#8776);
#8775 = CARTESIAN_POINT('',(-0.470210552216,7.695215940475E-02,
    0.421785205603));
#8776 = VECTOR('',#8777,1.);
#8777 = DIRECTION('',(-5.650270767407E-02,-0.513754998223,
    -0.856074322606));
#8778 = ORIENTED_EDGE('',*,*,#8741,.F.);
#8779 = ORIENTED_EDGE('',*,*,#8780,.T.);
#8780 = EDGE_CURVE('',#8606,#8772,#8781,.T.);
#8781 = LINE('',#8782,#8783);
#8782 = CARTESIAN_POINT('',(-0.491133838892,0.19859328866,0.18944093585)
  );
#8783 = VECTOR('',#8784,1.);
#8784 = DIRECTION('',(7.952793940633E-02,-0.462349367303,0.883124209502)
  );
#8785 = PLANE('',#8786);
#8786 = AXIS2_PLACEMENT_3D('',#8787,#8788,#8789);
#8787 = CARTESIAN_POINT('',(-0.481826383743,7.660640957934E-02,
    0.274370553793));
#8788 = DIRECTION('',(0.996679112736,2.133280349342E-02,
    -7.858535315929E-02));
#8789 = DIRECTION('',(7.860324091034E-02,0.,0.996905978776));
#8790 = ADVANCED_FACE('',(#8791),#8817,.T.);
#8791 = FACE_BOUND('',#8792,.T.);
#8792 = EDGE_LOOP('',(#8793,#8803,#8811));
#8793 = ORIENTED_EDGE('',*,*,#8794,.T.);
#8794 = EDGE_CURVE('',#8795,#8797,#8799,.T.);
#8795 = VERTEX_POINT('',#8796);
#8796 = CARTESIAN_POINT('',(-0.231929689646,1.04999268055,0.512676477432
    ));
#8797 = VERTEX_POINT('',#8798);
#8798 = CARTESIAN_POINT('',(7.686779135838E-04,0.83923304081,
    0.629967749119));
#8799 = LINE('',#8800,#8801);
#8800 = CARTESIAN_POINT('',(-0.231929689646,1.04999268055,0.512676477432
    ));
#8801 = VECTOR('',#8802,1.);
#8802 = DIRECTION('',(0.694311490623,-0.628852024901,0.349966690939));
#8803 = ORIENTED_EDGE('',*,*,#8804,.T.);
#8804 = EDGE_CURVE('',#8797,#8805,#8807,.T.);
#8805 = VERTEX_POINT('',#8806);
#8806 = CARTESIAN_POINT('',(-0.377308726311,0.80406332016,0.429677546024
    ));
#8807 = LINE('',#8808,#8809);
#8808 = CARTESIAN_POINT('',(7.686779135838E-04,0.83923304081,
    0.629967749119));
#8809 = VECTOR('',#8810,1.);
#8810 = DIRECTION('',(-0.880690357195,-8.192405442738E-02,
    -0.466554331296));
#8811 = ORIENTED_EDGE('',*,*,#8812,.T.);
#8812 = EDGE_CURVE('',#8805,#8795,#8813,.T.);
#8813 = LINE('',#8814,#8815);
#8814 = CARTESIAN_POINT('',(-0.377308726311,0.80406332016,0.429677546024
    ));
#8815 = VECTOR('',#8816,1.);
#8816 = DIRECTION('',(0.488672102833,0.826658509005,0.278989758596));
#8817 = PLANE('',#8818);
#8818 = AXIS2_PLACEMENT_3D('',#8819,#8820,#8821);
#8819 = CARTESIAN_POINT('',(-0.197923810456,0.88997744241,0.526490619882
    ));
#8820 = DIRECTION('',(0.466352164114,2.276523152055E-02,-0.884306170543)
  );
#8821 = DIRECTION('',(-0.884535408035,0.,-0.466473055955));
#8822 = ADVANCED_FACE('',(#8823),#8838,.T.);
#8823 = FACE_BOUND('',#8824,.T.);
#8824 = EDGE_LOOP('',(#8825,#8831,#8832));
#8825 = ORIENTED_EDGE('',*,*,#8826,.T.);
#8826 = EDGE_CURVE('',#2944,#8797,#8827,.T.);
#8827 = LINE('',#8828,#8829);
#8828 = CARTESIAN_POINT('',(-8.023011588421E-09,1.054484367371,
    0.548297762871));
#8829 = VECTOR('',#8830,1.);
#8830 = DIRECTION('',(3.338841449971E-03,-0.934959281896,0.354739331529)
  );
#8831 = ORIENTED_EDGE('',*,*,#8794,.F.);
#8832 = ORIENTED_EDGE('',*,*,#8833,.T.);
#8833 = EDGE_CURVE('',#8795,#2944,#8834,.T.);
#8834 = LINE('',#8835,#8836);
#8835 = CARTESIAN_POINT('',(-0.231929689646,1.04999268055,0.512676477432
    ));
#8836 = VECTOR('',#8837,1.);
#8837 = DIRECTION('',(0.988229188046,1.91386285231E-02,0.151778736295));
#8838 = PLANE('',#8839);
#8839 = AXIS2_PLACEMENT_3D('',#8840,#8841,#8842);
#8840 = CARTESIAN_POINT('',(-8.232350172346E-02,0.976830090008,
    0.564468699208));
#8841 = DIRECTION('',(0.148810818858,-0.350326917528,-0.92473044237));
#8842 = DIRECTION('',(0.,-0.935142616143,0.354271488373));
#8843 = ADVANCED_FACE('',(#8844),#8868,.T.);
#8844 = FACE_BOUND('',#8845,.T.);
#8845 = EDGE_LOOP('',(#8846,#8856,#8862));
#8846 = ORIENTED_EDGE('',*,*,#8847,.T.);
#8847 = EDGE_CURVE('',#8848,#8850,#8852,.T.);
#8848 = VERTEX_POINT('',#8849);
#8849 = CARTESIAN_POINT('',(-0.430020928383,-0.191467523575,
    1.567375659943E-02));
#8850 = VERTEX_POINT('',#8851);
#8851 = CARTESIAN_POINT('',(-0.49026286602,-5.092531442642E-02,
    3.043174743652E-02));
#8852 = LINE('',#8853,#8854);
#8853 = CARTESIAN_POINT('',(-0.430020928383,-0.191467523575,
    1.567375659943E-02));
#8854 = VECTOR('',#8855,1.);
#8855 = DIRECTION('',(-0.392149905414,0.91487120411,9.606836927627E-02)
  );
#8856 = ORIENTED_EDGE('',*,*,#8857,.T.);
#8857 = EDGE_CURVE('',#8850,#8742,#8858,.T.);
#8858 = LINE('',#8859,#8860);
#8859 = CARTESIAN_POINT('',(-0.49026286602,-5.092531442642E-02,
    3.043174743652E-02));
#8860 = VECTOR('',#8861,1.);
#8861 = DIRECTION('',(3.391606676082E-02,6.379852484883E-03,
    0.999404321532));
#8862 = ORIENTED_EDGE('',*,*,#8863,.T.);
#8863 = EDGE_CURVE('',#8742,#8848,#8864,.T.);
#8864 = LINE('',#8865,#8866);
#8865 = CARTESIAN_POINT('',(-0.48414799571,-4.977506399155E-02,
    0.210618555546));
#8866 = VECTOR('',#8867,1.);
#8867 = DIRECTION('',(0.219136187461,-0.573649135602,-0.78924394237));
#8868 = PLANE('',#8869);
#8869 = AXIS2_PLACEMENT_3D('',#8870,#8871,#8872);
#8870 = CARTESIAN_POINT('',(-0.467241386697,-9.896390078151E-02,
    9.161166188555E-02));
#8871 = DIRECTION('',(0.917316610273,0.396732963385,-3.366292145459E-02)
  );
#8872 = DIRECTION('',(-0.396957941977,0.917836800472,-1.734723475977E-18
    ));
#8873 = ADVANCED_FACE('',(#8874),#8898,.T.);
#8874 = FACE_BOUND('',#8875,.T.);
#8875 = EDGE_LOOP('',(#8876,#8884,#8892));
#8876 = ORIENTED_EDGE('',*,*,#8877,.T.);
#8877 = EDGE_CURVE('',#3019,#8878,#8880,.T.);
#8878 = VERTEX_POINT('',#8879);
#8879 = CARTESIAN_POINT('',(-0.374064177275,0.92557322979,
    -2.184852957726E-02));
#8880 = LINE('',#8881,#8882);
#8881 = CARTESIAN_POINT('',(-8.023011588421E-09,0.934853196144,
    -3.270748257637E-02));
#8882 = VECTOR('',#8883,1.);
#8883 = DIRECTION('',(-0.999271705487,-2.479041984786E-02,
    2.900851077219E-02));
#8884 = ORIENTED_EDGE('',*,*,#8885,.T.);
#8885 = EDGE_CURVE('',#8878,#8886,#8888,.T.);
#8886 = VERTEX_POINT('',#8887);
#8887 = CARTESIAN_POINT('',(-0.321965426207,0.792346417904,
    -2.203938364983E-02));
#8888 = LINE('',#8889,#8890);
#8889 = CARTESIAN_POINT('',(-0.374064177275,0.92557322979,
    -2.184852957726E-02));
#8890 = VECTOR('',#8891,1.);
#8891 = DIRECTION('',(0.364196053521,-0.931321348732,-1.334164420522E-03
    ));
#8892 = ORIENTED_EDGE('',*,*,#8893,.T.);
#8893 = EDGE_CURVE('',#8886,#3019,#8894,.T.);
#8894 = LINE('',#8895,#8896);
#8895 = CARTESIAN_POINT('',(-0.321965426207,0.792346417904,
    -2.203938364983E-02));
#8896 = VECTOR('',#8897,1.);
#8897 = DIRECTION('',(0.914011844209,0.404555507627,-3.028514313451E-02)
  );
#8898 = PLANE('',#8899);
#8899 = AXIS2_PLACEMENT_3D('',#8900,#8901,#8902);
#8900 = CARTESIAN_POINT('',(-0.202961348928,0.891510205227,
    -2.643923868002E-02));
#8901 = DIRECTION('',(2.877262114966E-02,9.819733419237E-03,
    0.999537747715));
#8902 = DIRECTION('',(0.999585942496,0.,-2.877400848113E-02));
#8903 = ADVANCED_FACE('',(#8904),#8921,.T.);
#8904 = FACE_BOUND('',#8905,.T.);
#8905 = EDGE_LOOP('',(#8906,#8914,#8915));
#8906 = ORIENTED_EDGE('',*,*,#8907,.T.);
#8907 = EDGE_CURVE('',#8908,#8878,#8910,.T.);
#8908 = VERTEX_POINT('',#8909);
#8909 = CARTESIAN_POINT('',(-0.325288802385,1.133444905281,
    -1.992067694664E-02));
#8910 = LINE('',#8911,#8912);
#8911 = CARTESIAN_POINT('',(-0.325288802385,1.133444905281,
    -1.992067694664E-02));
#8912 = VECTOR('',#8913,1.);
#8913 = DIRECTION('',(-0.22842818382,-0.973518899808,-9.02865177525E-03)
  );
#8914 = ORIENTED_EDGE('',*,*,#8877,.F.);
#8915 = ORIENTED_EDGE('',*,*,#8916,.T.);
#8916 = EDGE_CURVE('',#3019,#8908,#8917,.T.);
#8917 = LINE('',#8918,#8919);
#8918 = CARTESIAN_POINT('',(-8.023011588421E-09,0.934853196144,
    -3.270748257637E-02));
#8919 = VECTOR('',#8920,1.);
#8920 = DIRECTION('',(-0.853030471754,0.520782708373,3.353184932157E-02)
  );
#8921 = PLANE('',#8922);
#8922 = AXIS2_PLACEMENT_3D('',#8923,#8924,#8925);
#8923 = CARTESIAN_POINT('',(-0.213269289746,0.992983213292,
    -2.54901992157E-02));
#8924 = DIRECTION('',(2.941446941495E-02,-1.617088054733E-02,
    0.999436487032));
#8925 = DIRECTION('',(0.999567187676,5.421010862428E-20,
    -2.94183160727E-02));
#8926 = ADVANCED_FACE('',(#8927),#8953,.T.);
#8927 = FACE_BOUND('',#8928,.T.);
#8928 = EDGE_LOOP('',(#8929,#8939,#8947));
#8929 = ORIENTED_EDGE('',*,*,#8930,.T.);
#8930 = EDGE_CURVE('',#8931,#8933,#8935,.T.);
#8931 = VERTEX_POINT('',#8932);
#8932 = CARTESIAN_POINT('',(-0.185432776809,0.302874922752,
    0.823709726334));
#8933 = VERTEX_POINT('',#8934);
#8934 = CARTESIAN_POINT('',(-0.349424690008,0.214888125658,0.70422565937
    ));
#8935 = LINE('',#8936,#8937);
#8936 = CARTESIAN_POINT('',(-0.185432776809,0.302874922752,
    0.823709726334));
#8937 = VECTOR('',#8938,1.);
#8938 = DIRECTION('',(-0.741510134722,-0.397843408826,-0.540262290149));
#8939 = ORIENTED_EDGE('',*,*,#8940,.T.);
#8940 = EDGE_CURVE('',#8933,#8941,#8943,.T.);
#8941 = VERTEX_POINT('',#8942);
#8942 = CARTESIAN_POINT('',(-0.320783615112,0.377449423075,0.74495267868
    ));
#8943 = LINE('',#8944,#8945);
#8944 = CARTESIAN_POINT('',(-0.349424690008,0.214888125658,0.70422565937
    ));
#8945 = VECTOR('',#8946,1.);
#8946 = DIRECTION('',(0.168461824029,0.956157294335,0.239549248244));
#8947 = ORIENTED_EDGE('',*,*,#8948,.T.);
#8948 = EDGE_CURVE('',#8941,#8931,#8949,.T.);
#8949 = LINE('',#8950,#8951);
#8950 = CARTESIAN_POINT('',(-0.320783615112,0.377449423075,0.74495267868
    ));
#8951 = VECTOR('',#8952,1.);
#8952 = DIRECTION('',(0.780358274831,-0.429955433947,0.454069694785));
#8953 = PLANE('',#8954);
#8954 = AXIS2_PLACEMENT_3D('',#8955,#8956,#8957);
#8955 = CARTESIAN_POINT('',(-0.283407569553,0.295077956026,
    0.758365785764));
#8956 = DIRECTION('',(0.545175354482,0.112089307767,-0.830794691816));
#8957 = DIRECTION('',(-0.836063449298,0.,-0.548632763101));
#8958 = ADVANCED_FACE('',(#8959),#8983,.T.);
#8959 = FACE_BOUND('',#8960,.T.);
#8960 = EDGE_LOOP('',(#8961,#8971,#8977));
#8961 = ORIENTED_EDGE('',*,*,#8962,.T.);
#8962 = EDGE_CURVE('',#8963,#8965,#8967,.T.);
#8963 = VERTEX_POINT('',#8964);
#8964 = CARTESIAN_POINT('',(-0.237753868103,-0.307028412819,
    0.213198214769));
#8965 = VERTEX_POINT('',#8966);
#8966 = CARTESIAN_POINT('',(-0.256611734629,-0.216385602951,
    2.300003170967E-02));
#8967 = LINE('',#8968,#8969);
#8968 = CARTESIAN_POINT('',(-0.237753868103,-0.307028412819,
    0.213198214769));
#8969 = VECTOR('',#8970,1.);
#8970 = DIRECTION('',(-8.914770629649E-02,0.428500147723,-0.899133087959
    ));
#8971 = ORIENTED_EDGE('',*,*,#8972,.T.);
#8972 = EDGE_CURVE('',#8965,#8848,#8973,.T.);
#8973 = LINE('',#8974,#8975);
#8974 = CARTESIAN_POINT('',(-0.256611734629,-0.216385602951,
    2.300003170967E-02));
#8975 = VECTOR('',#8976,1.);
#8976 = DIRECTION('',(-0.988968627985,0.142110105233,-4.178242276065E-02
    ));
#8977 = ORIENTED_EDGE('',*,*,#8978,.T.);
#8978 = EDGE_CURVE('',#8848,#8963,#8979,.T.);
#8979 = LINE('',#8980,#8981);
#8980 = CARTESIAN_POINT('',(-0.430020928383,-0.191467523575,
    1.567375659943E-02));
#8981 = VECTOR('',#8982,1.);
#8982 = DIRECTION('',(0.643264464772,-0.386630000271,0.660854046861));
#8983 = PLANE('',#8984);
#8984 = AXIS2_PLACEMENT_3D('',#8985,#8986,#8987);
#8985 = CARTESIAN_POINT('',(-0.309553101468,-0.241502982368,
    9.125023280376E-02));
#8986 = DIRECTION('',(0.111836993227,0.901325034446,0.41845629309));
#8987 = DIRECTION('',(-6.938893903907E-18,-0.421098023968,0.907015134499
    ));
#8988 = ADVANCED_FACE('',(#8989),#9011,.T.);
#8989 = FACE_BOUND('',#8990,.T.);
#8990 = EDGE_LOOP('',(#8991,#8997,#9005));
#8991 = ORIENTED_EDGE('',*,*,#8992,.T.);
#8992 = EDGE_CURVE('',#8886,#8614,#8993,.T.);
#8993 = LINE('',#8994,#8995);
#8994 = CARTESIAN_POINT('',(-0.321965426207,0.792346417904,
    -2.203938364983E-02));
#8995 = VECTOR('',#8996,1.);
#8996 = DIRECTION('',(-0.314778196103,-0.890755486994,0.327825181534));
#8997 = ORIENTED_EDGE('',*,*,#8998,.T.);
#8998 = EDGE_CURVE('',#8614,#8999,#9001,.T.);
#8999 = VERTEX_POINT('',#9000);
#9000 = CARTESIAN_POINT('',(-0.407202810049,0.491348624229,
    -2.243223786354E-02));
#9001 = LINE('',#9002,#9003);
#9002 = CARTESIAN_POINT('',(-0.476975560188,0.353700637817,0.1393956393)
  );
#9003 = VECTOR('',#9004,1.);
#9004 = DIRECTION('',(0.312022408031,0.615559170238,-0.723691180561));
#9005 = ORIENTED_EDGE('',*,*,#9006,.T.);
#9006 = EDGE_CURVE('',#8999,#8886,#9007,.T.);
#9007 = LINE('',#9008,#9009);
#9008 = CARTESIAN_POINT('',(-0.407202810049,0.491348624229,
    -2.243223786354E-02));
#9009 = VECTOR('',#9010,1.);
#9010 = DIRECTION('',(0.272468238405,0.962163957988,1.255790484593E-03)
  );
#9011 = PLANE('',#9012);
#9012 = AXIS2_PLACEMENT_3D('',#9013,#9014,#9015);
#9013 = CARTESIAN_POINT('',(-0.398125849799,0.561240703344,
    3.403356651093E-02));
#9014 = DIRECTION('',(0.946407740747,-0.268241132194,0.179886306462));
#9015 = DIRECTION('',(0.272689403158,0.96210212005,-6.938893903907E-18)
  );
#9016 = ADVANCED_FACE('',(#9017),#9034,.T.);
#9017 = FACE_BOUND('',#9018,.T.);
#9018 = EDGE_LOOP('',(#9019,#9027,#9028));
#9019 = ORIENTED_EDGE('',*,*,#9020,.T.);
#9020 = EDGE_CURVE('',#9021,#8614,#9023,.T.);
#9021 = VERTEX_POINT('',#9022);
#9022 = CARTESIAN_POINT('',(-0.421395003796,0.744021832943,
    0.134090453386));
#9023 = LINE('',#9024,#9025);
#9024 = CARTESIAN_POINT('',(-0.421395003796,0.744021832943,
    0.134090453386));
#9025 = VECTOR('',#9026,1.);
#9026 = DIRECTION('',(-0.140962117191,-0.989923556376,1.345488939071E-02
    ));
#9027 = ORIENTED_EDGE('',*,*,#8992,.F.);
#9028 = ORIENTED_EDGE('',*,*,#9029,.T.);
#9029 = EDGE_CURVE('',#8886,#9021,#9030,.T.);
#9030 = LINE('',#9031,#9032);
#9031 = CARTESIAN_POINT('',(-0.321965426207,0.792346417904,
    -2.203938364983E-02));
#9032 = VECTOR('',#9033,1.);
#9033 = DIRECTION('',(-0.519740698316,-0.252603441978,0.816125669009));
#9034 = PLANE('',#9035);
#9035 = AXIS2_PLACEMENT_3D('',#9036,#9037,#9038);
#9036 = CARTESIAN_POINT('',(-0.412722106475,0.598818758913,
    8.675965959767E-02));
#9037 = DIRECTION('',(0.853615396565,-0.114645809467,0.508130980279));
#9038 = DIRECTION('',(-0.51150361434,-6.938893903907E-18,0.859281125428)
  );
#9039 = ADVANCED_FACE('',(#9040),#9064,.T.);
#9040 = FACE_BOUND('',#9041,.T.);
#9041 = EDGE_LOOP('',(#9042,#9050,#9058));
#9042 = ORIENTED_EDGE('',*,*,#9043,.T.);
#9043 = EDGE_CURVE('',#8572,#9044,#9046,.T.);
#9044 = VERTEX_POINT('',#9045);
#9045 = CARTESIAN_POINT('',(-0.356030255556,1.180164575577,0.41724717617
    ));
#9046 = LINE('',#9047,#9048);
#9047 = CARTESIAN_POINT('',(-0.483515739441,1.184094905853,
    3.210172057152E-02));
#9048 = VECTOR('',#9049,1.);
#9049 = DIRECTION('',(0.314223890414,-9.687406224274E-03,0.949299479013)
  );
#9050 = ORIENTED_EDGE('',*,*,#9051,.T.);
#9051 = EDGE_CURVE('',#9044,#9052,#9054,.T.);
#9052 = VERTEX_POINT('',#9053);
#9053 = CARTESIAN_POINT('',(-0.439511060715,1.009980678558,
    0.143120452762));
#9054 = LINE('',#9055,#9056);
#9055 = CARTESIAN_POINT('',(-0.356030255556,1.180164575577,0.41724717617
    ));
#9056 = VECTOR('',#9057,1.);
#9057 = DIRECTION('',(-0.250480794943,-0.510629931404,-0.822506197252));
#9058 = ORIENTED_EDGE('',*,*,#9059,.T.);
#9059 = EDGE_CURVE('',#9052,#8572,#9060,.T.);
#9060 = LINE('',#9061,#9062);
#9061 = CARTESIAN_POINT('',(-0.439511060715,1.009980678558,
    0.143120452762));
#9062 = VECTOR('',#9063,1.);
#9063 = DIRECTION('',(-0.208421158234,0.824664330436,-0.525822558385));
#9064 = PLANE('',#9065);
#9065 = AXIS2_PLACEMENT_3D('',#9066,#9067,#9068);
#9066 = CARTESIAN_POINT('',(-0.42133047295,1.132683568674,0.213688203115
    ));
#9067 = DIRECTION('',(0.948712927501,3.979981654175E-02,-0.313623589349)
  );
#9068 = DIRECTION('',(0.313872278701,0.,0.949465214035));
#9069 = ADVANCED_FACE('',(#9070),#9080,.T.);
#9070 = FACE_BOUND('',#9071,.T.);
#9071 = EDGE_LOOP('',(#9072,#9078,#9079));
#9072 = ORIENTED_EDGE('',*,*,#9073,.T.);
#9073 = EDGE_CURVE('',#8582,#9044,#9074,.T.);
#9074 = LINE('',#9075,#9076);
#9075 = CARTESIAN_POINT('',(-0.530221283436,1.382316350937,
    2.237120270729E-02));
#9076 = VECTOR('',#9077,1.);
#9077 = DIRECTION('',(0.365497034376,-0.424165786765,0.828550121116));
#9078 = ORIENTED_EDGE('',*,*,#9043,.F.);
#9079 = ORIENTED_EDGE('',*,*,#8589,.F.);
#9080 = PLANE('',#9081);
#9081 = AXIS2_PLACEMENT_3D('',#9082,#9083,#9084);
#9082 = CARTESIAN_POINT('',(-0.446367772202,1.244589134568,
    0.185479662837));
#9083 = DIRECTION('',(0.929976852735,0.204115237475,-0.305745029736));
#9084 = DIRECTION('',(0.312320351406,-6.938893903907E-18,0.949976840822)
  );
#9085 = ADVANCED_FACE('',(#9086),#9106,.T.);
#9086 = FACE_BOUND('',#9087,.T.);
#9087 = EDGE_LOOP('',(#9088,#9094,#9100));
#9088 = ORIENTED_EDGE('',*,*,#9089,.T.);
#9089 = EDGE_CURVE('',#9052,#9021,#9090,.T.);
#9090 = LINE('',#9091,#9092);
#9091 = CARTESIAN_POINT('',(-0.439511060715,1.009980678558,
    0.143120452762));
#9092 = VECTOR('',#9093,1.);
#9093 = DIRECTION('',(6.791958526531E-02,-0.997116236304,
    -3.385470774674E-02));
#9094 = ORIENTED_EDGE('',*,*,#9095,.T.);
#9095 = EDGE_CURVE('',#9021,#8878,#9096,.T.);
#9096 = LINE('',#9097,#9098);
#9097 = CARTESIAN_POINT('',(-0.421395003796,0.744021832943,
    0.134090453386));
#9098 = VECTOR('',#9099,1.);
#9099 = DIRECTION('',(0.194007991783,0.744175086234,-0.639190378646));
#9100 = ORIENTED_EDGE('',*,*,#9101,.T.);
#9101 = EDGE_CURVE('',#8878,#9052,#9102,.T.);
#9102 = LINE('',#9103,#9104);
#9103 = CARTESIAN_POINT('',(-0.374064177275,0.92557322979,
    -2.184852957726E-02));
#9104 = VECTOR('',#9105,1.);
#9105 = DIRECTION('',(-0.333018057946,0.429496458619,0.839423471864));
#9106 = PLANE('',#9107);
#9107 = AXIS2_PLACEMENT_3D('',#9108,#9109,#9110);
#9108 = CARTESIAN_POINT('',(-0.412588381342,0.887667946392,
    8.848474217434E-02));
#9109 = DIRECTION('',(0.937114523784,5.211514542894E-02,0.345109230432)
  );
#9110 = DIRECTION('',(-0.345578843577,3.469446951954E-18,0.938389718013)
  );
#9111 = ADVANCED_FACE('',(#9112),#9127,.T.);
#9112 = FACE_BOUND('',#9113,.T.);
#9113 = EDGE_LOOP('',(#9114,#9120,#9121));
#9114 = ORIENTED_EDGE('',*,*,#9115,.T.);
#9115 = EDGE_CURVE('',#8805,#9021,#9116,.T.);
#9116 = LINE('',#9117,#9118);
#9117 = CARTESIAN_POINT('',(-0.377308726311,0.80406332016,0.429677546024
    ));
#9118 = VECTOR('',#9119,1.);
#9119 = DIRECTION('',(-0.144626576584,-0.196968200643,-0.969683804795));
#9120 = ORIENTED_EDGE('',*,*,#9089,.F.);
#9121 = ORIENTED_EDGE('',*,*,#9122,.T.);
#9122 = EDGE_CURVE('',#9052,#8805,#9123,.T.);
#9123 = LINE('',#9124,#9125);
#9124 = CARTESIAN_POINT('',(-0.439511060715,1.009980678558,
    0.143120452762));
#9125 = VECTOR('',#9126,1.);
#9126 = DIRECTION('',(0.173599213765,-0.574690513807,0.79974628872));
#9127 = PLANE('',#9128);
#9128 = AXIS2_PLACEMENT_3D('',#9129,#9130,#9131);
#9129 = CARTESIAN_POINT('',(-0.411763471374,0.85481743413,0.242524973305
    ));
#9130 = DIRECTION('',(0.984200449646,7.2523949806E-02,-0.161523223166));
#9131 = DIRECTION('',(0.161949689958,0.,0.986799015972));
#9132 = ADVANCED_FACE('',(#9133),#9148,.T.);
#9133 = FACE_BOUND('',#9134,.T.);
#9134 = EDGE_LOOP('',(#9135,#9141,#9147));
#9135 = ORIENTED_EDGE('',*,*,#9136,.T.);
#9136 = EDGE_CURVE('',#8805,#9044,#9137,.T.);
#9137 = LINE('',#9138,#9139);
#9138 = CARTESIAN_POINT('',(-0.377308726311,0.80406332016,0.429677546024
    ));
#9139 = VECTOR('',#9140,1.);
#9140 = DIRECTION('',(5.645538337667E-02,0.997860269559,
    -3.297987452728E-02));
#9141 = ORIENTED_EDGE('',*,*,#9142,.T.);
#9142 = EDGE_CURVE('',#9044,#8795,#9143,.T.);
#9143 = LINE('',#9144,#9145);
#9144 = CARTESIAN_POINT('',(-0.356030255556,1.180164575577,0.41724717617
    ));
#9145 = VECTOR('',#9146,1.);
#9146 = DIRECTION('',(0.609535205641,-0.639355285949,0.468712760028));
#9147 = ORIENTED_EDGE('',*,*,#8812,.F.);
#9148 = PLANE('',#9149);
#9149 = AXIS2_PLACEMENT_3D('',#9150,#9151,#9152);
#9150 = CARTESIAN_POINT('',(-0.328788897479,0.998574619902,
    0.449252951739));
#9151 = DIRECTION('',(0.568683794772,-5.928936375708E-02,-0.820416670302
    ));
#9152 = DIRECTION('',(-0.821862459223,0.,-0.569685964475));
#9153 = ADVANCED_FACE('',(#9154),#9159,.T.);
#9154 = FACE_BOUND('',#9155,.T.);
#9155 = EDGE_LOOP('',(#9156,#9157,#9158));
#9156 = ORIENTED_EDGE('',*,*,#9051,.F.);
#9157 = ORIENTED_EDGE('',*,*,#9136,.F.);
#9158 = ORIENTED_EDGE('',*,*,#9122,.F.);
#9159 = PLANE('',#9160);
#9160 = AXIS2_PLACEMENT_3D('',#9161,#9162,#9163);
#9161 = CARTESIAN_POINT('',(-0.390367638835,0.995693737354,
    0.332808761408));
#9162 = DIRECTION('',(0.964954058274,-6.301301153026E-02,-0.254741095623
    ));
#9163 = DIRECTION('',(0.255248349259,1.734723475977E-18,0.966875524667)
  );
#9164 = ADVANCED_FACE('',(#9165),#9187,.T.);
#9165 = FACE_BOUND('',#9166,.T.);
#9166 = EDGE_LOOP('',(#9167,#9175,#9181));
#9167 = ORIENTED_EDGE('',*,*,#9168,.T.);
#9168 = EDGE_CURVE('',#9169,#8772,#9171,.T.);
#9169 = VERTEX_POINT('',#9170);
#9170 = CARTESIAN_POINT('',(-0.426195800304,7.092046737671E-02,
    0.552000939846));
#9171 = LINE('',#9172,#9173);
#9172 = CARTESIAN_POINT('',(-0.426195800304,7.092046737671E-02,
    0.552000939846));
#9173 = VECTOR('',#9174,1.);
#9174 = DIRECTION('',(-0.319907961869,4.383953605391E-02,-0.946433828121
    ));
#9175 = ORIENTED_EDGE('',*,*,#9176,.T.);
#9176 = EDGE_CURVE('',#8772,#8636,#9177,.T.);
#9177 = LINE('',#9178,#9179);
#9178 = CARTESIAN_POINT('',(-0.470210552216,7.695215940475E-02,
    0.421785205603));
#9179 = VECTOR('',#9180,1.);
#9180 = DIRECTION('',(8.93003273568E-02,0.992699521198,
    8.107473186726E-02));
#9181 = ORIENTED_EDGE('',*,*,#9182,.T.);
#9182 = EDGE_CURVE('',#8636,#9169,#9183,.T.);
#9183 = LINE('',#9184,#9185);
#9184 = CARTESIAN_POINT('',(-0.458255857229,0.209845513105,
    0.432638734579));
#9185 = VECTOR('',#9186,1.);
#9186 = DIRECTION('',(0.172417358153,-0.747131841407,0.641923878792));
#9187 = PLANE('',#9188);
#9188 = AXIS2_PLACEMENT_3D('',#9189,#9190,#9191);
#9189 = CARTESIAN_POINT('',(-0.450464859747,0.121278570757,0.47163190131
    ));
#9190 = DIRECTION('',(0.944883627209,-5.869251436461E-02,-0.322102654117
    ));
#9191 = DIRECTION('',(0.32265888303,0.,0.94651531694));
#9192 = ADVANCED_FACE('',(#9193),#9217,.T.);
#9193 = FACE_BOUND('',#9194,.T.);
#9194 = EDGE_LOOP('',(#9195,#9203,#9211));
#9195 = ORIENTED_EDGE('',*,*,#9196,.T.);
#9196 = EDGE_CURVE('',#8933,#9197,#9199,.T.);
#9197 = VERTEX_POINT('',#9198);
#9198 = CARTESIAN_POINT('',(5.466935108416E-04,0.183951973915,
    0.864651679993));
#9199 = LINE('',#9200,#9201);
#9200 = CARTESIAN_POINT('',(-0.349424690008,0.214888125658,0.70422565937
    ));
#9201 = VECTOR('',#9202,1.);
#9202 = DIRECTION('',(0.906121971725,-8.009776837478E-02,0.415364081088)
  );
#9203 = ORIENTED_EDGE('',*,*,#9204,.T.);
#9204 = EDGE_CURVE('',#9197,#9205,#9207,.T.);
#9205 = VERTEX_POINT('',#9206);
#9206 = CARTESIAN_POINT('',(-0.192421197891,0.11005628109,0.785353064537
    ));
#9207 = LINE('',#9208,#9209);
#9208 = CARTESIAN_POINT('',(5.466935108416E-04,0.183951973915,
    0.864651679993));
#9209 = VECTOR('',#9210,1.);
#9210 = DIRECTION('',(-0.871869521594,-0.333876283165,-0.358287824042));
#9211 = ORIENTED_EDGE('',*,*,#9212,.T.);
#9212 = EDGE_CURVE('',#9205,#8933,#9213,.T.);
#9213 = LINE('',#9214,#9215);
#9214 = CARTESIAN_POINT('',(-0.192421197891,0.11005628109,0.785353064537
    ));
#9215 = VECTOR('',#9216,1.);
#9216 = DIRECTION('',(-0.764086712566,0.510183680684,-0.394821614965));
#9217 = PLANE('',#9218);
#9218 = AXIS2_PLACEMENT_3D('',#9219,#9220,#9221);
#9219 = CARTESIAN_POINT('',(-0.17745346456,0.175813406494,0.78546044563)
  );
#9220 = DIRECTION('',(0.408265725811,-9.144684048667E-02,-0.908271199859
    ));
#9221 = DIRECTION('',(-0.912092906109,0.,-0.409983573604));
#9222 = ADVANCED_FACE('',(#9223),#9233,.T.);
#9223 = FACE_BOUND('',#9224,.T.);
#9224 = EDGE_LOOP('',(#9225,#9231,#9232));
#9225 = ORIENTED_EDGE('',*,*,#9226,.T.);
#9226 = EDGE_CURVE('',#8931,#9197,#9227,.T.);
#9227 = LINE('',#9228,#9229);
#9228 = CARTESIAN_POINT('',(-0.185432776809,0.302874922752,
    0.823709726334));
#9229 = VECTOR('',#9230,1.);
#9230 = DIRECTION('',(0.828358623193,-0.529686690664,0.182356796186));
#9231 = ORIENTED_EDGE('',*,*,#9196,.F.);
#9232 = ORIENTED_EDGE('',*,*,#8930,.F.);
#9233 = PLANE('',#9234);
#9234 = AXIS2_PLACEMENT_3D('',#9235,#9236,#9237);
#9235 = CARTESIAN_POINT('',(-0.177030852274,0.227100699901,
    0.795119785861));
#9236 = DIRECTION('',(0.414774554719,0.361114965305,-0.83519940768));
#9237 = DIRECTION('',(-0.89563573977,0.,-0.444788288566));
#9238 = ADVANCED_FACE('',(#9239),#9263,.T.);
#9239 = FACE_BOUND('',#9240,.T.);
#9240 = EDGE_LOOP('',(#9241,#9249,#9257));
#9241 = ORIENTED_EDGE('',*,*,#9242,.T.);
#9242 = EDGE_CURVE('',#8805,#9243,#9245,.T.);
#9243 = VERTEX_POINT('',#9244);
#9244 = CARTESIAN_POINT('',(-0.110062740743,0.584333598614,0.7466558218)
  );
#9245 = LINE('',#9246,#9247);
#9246 = CARTESIAN_POINT('',(-0.377308726311,0.80406332016,0.429677546024
    ));
#9247 = VECTOR('',#9248,1.);
#9248 = DIRECTION('',(0.569541556396,-0.468277221564,0.67552857771));
#9249 = ORIENTED_EDGE('',*,*,#9250,.T.);
#9250 = EDGE_CURVE('',#9243,#9251,#9253,.T.);
#9251 = VERTEX_POINT('',#9252);
#9252 = CARTESIAN_POINT('',(-0.336351811886,0.550770401955,
    0.651952505112));
#9253 = LINE('',#9254,#9255);
#9254 = CARTESIAN_POINT('',(-0.110062740743,0.584333598614,0.7466558218)
  );
#9255 = VECTOR('',#9256,1.);
#9256 = DIRECTION('',(-0.913958412652,-0.135558318337,-0.382497009495));
#9257 = ORIENTED_EDGE('',*,*,#9258,.T.);
#9258 = EDGE_CURVE('',#9251,#8805,#9259,.T.);
#9259 = LINE('',#9260,#9261);
#9260 = CARTESIAN_POINT('',(-0.336351811886,0.550770401955,
    0.651952505112));
#9261 = VECTOR('',#9262,1.);
#9262 = DIRECTION('',(-0.120649035941,0.746138883295,-0.654767574763));
#9263 = PLANE('',#9264);
#9264 = AXIS2_PLACEMENT_3D('',#9265,#9266,#9267);
#9265 = CARTESIAN_POINT('',(-0.275248012918,0.659119618479,
    0.598999128231));
#9266 = DIRECTION('',(0.3874346264,-0.571884092376,-0.723078830525));
#9267 = DIRECTION('',(-2.775557561563E-17,-0.78433782672,0.620333921026)
  );
#9268 = ADVANCED_FACE('',(#9269),#9279,.T.);
#9269 = FACE_BOUND('',#9270,.T.);
#9270 = EDGE_LOOP('',(#9271,#9277,#9278));
#9271 = ORIENTED_EDGE('',*,*,#9272,.T.);
#9272 = EDGE_CURVE('',#8797,#9243,#9273,.T.);
#9273 = LINE('',#9274,#9275);
#9274 = CARTESIAN_POINT('',(7.686779135838E-04,0.83923304081,
    0.629967749119));
#9275 = VECTOR('',#9276,1.);
#9276 = DIRECTION('',(-0.36765833769,-0.845571646847,0.387086471962));
#9277 = ORIENTED_EDGE('',*,*,#9242,.F.);
#9278 = ORIENTED_EDGE('',*,*,#8804,.F.);
#9279 = PLANE('',#9280);
#9280 = AXIS2_PLACEMENT_3D('',#9281,#9282,#9283);
#9281 = CARTESIAN_POINT('',(-0.176371286783,0.744211616964,
    0.592451812744));
#9282 = DIRECTION('',(0.436175648148,-0.524409320891,-0.731263063559));
#9283 = DIRECTION('',(-2.775557561563E-17,-0.812639528724,0.582766674025
    ));
#9284 = ADVANCED_FACE('',(#9285),#9302,.T.);
#9285 = FACE_BOUND('',#9286,.T.);
#9286 = EDGE_LOOP('',(#9287,#9288,#9296));
#9287 = ORIENTED_EDGE('',*,*,#8978,.F.);
#9288 = ORIENTED_EDGE('',*,*,#9289,.T.);
#9289 = EDGE_CURVE('',#8848,#9290,#9292,.T.);
#9290 = VERTEX_POINT('',#9291);
#9291 = CARTESIAN_POINT('',(-0.378346920013,-0.260978341103,
    0.388095706701));
#9292 = LINE('',#9293,#9294);
#9293 = CARTESIAN_POINT('',(-0.430020928383,-0.191467523575,
    1.567375659943E-02));
#9294 = VECTOR('',#9295,1.);
#9295 = DIRECTION('',(0.135144497299,-0.181793609361,0.97400567167));
#9296 = ORIENTED_EDGE('',*,*,#9297,.T.);
#9297 = EDGE_CURVE('',#9290,#8963,#9298,.T.);
#9298 = LINE('',#9299,#9300);
#9299 = CARTESIAN_POINT('',(-0.378346920013,-0.260978341103,
    0.388095706701));
#9300 = VECTOR('',#9301,1.);
#9301 = DIRECTION('',(0.613737816882,-0.201024660169,-0.763488688935));
#9302 = PLANE('',#9303);
#9303 = AXIS2_PLACEMENT_3D('',#9304,#9305,#9306);
#9304 = CARTESIAN_POINT('',(-0.356912006358,-0.248322783096,
    0.198024964299));
#9305 = DIRECTION('',(0.428255418587,0.897176789723,0.108032885885));
#9306 = DIRECTION('',(0.902458590292,-0.430776615902,0.));
#9307 = ADVANCED_FACE('',(#9308),#9323,.T.);
#9308 = FACE_BOUND('',#9309,.T.);
#9309 = EDGE_LOOP('',(#9310,#9316,#9322));
#9310 = ORIENTED_EDGE('',*,*,#9311,.T.);
#9311 = EDGE_CURVE('',#2794,#8999,#9312,.T.);
#9312 = LINE('',#9313,#9314);
#9313 = CARTESIAN_POINT('',(-8.023011588421E-09,0.203261703253,
    -3.25383245945E-02));
#9314 = VECTOR('',#9315,1.);
#9315 = DIRECTION('',(-0.816186295605,0.577433641602,2.025636722283E-02)
  );
#9316 = ORIENTED_EDGE('',*,*,#9317,.T.);
#9317 = EDGE_CURVE('',#8999,#8659,#9318,.T.);
#9318 = LINE('',#9319,#9320);
#9319 = CARTESIAN_POINT('',(-0.407202810049,0.491348624229,
    -2.243223786354E-02));
#9320 = VECTOR('',#9321,1.);
#9321 = DIRECTION('',(-0.136204505261,-0.986776492615,8.78662982536E-02)
  );
#9322 = ORIENTED_EDGE('',*,*,#8674,.F.);
#9323 = PLANE('',#9324);
#9324 = AXIS2_PLACEMENT_3D('',#9325,#9326,#9327);
#9325 = CARTESIAN_POINT('',(-0.256637860323,0.305076053339,
    -1.9948325689E-02));
#9326 = DIRECTION('',(7.950756478892E-02,7.751867619788E-02,
    0.99381557745));
#9327 = DIRECTION('',(0.996815093669,8.673617379884E-19,
    -7.974753308442E-02));
#9328 = ADVANCED_FACE('',(#9329),#9346,.T.);
#9329 = FACE_BOUND('',#9330,.T.);
#9330 = EDGE_LOOP('',(#9331,#9339,#9340));
#9331 = ORIENTED_EDGE('',*,*,#9332,.T.);
#9332 = EDGE_CURVE('',#9333,#8848,#9335,.T.);
#9333 = VERTEX_POINT('',#9334);
#9334 = CARTESIAN_POINT('',(-0.458060204983,-0.119212090969,0.2970456779
    ));
#9335 = LINE('',#9336,#9337);
#9336 = CARTESIAN_POINT('',(-0.458060204983,-0.119212090969,0.2970456779
    ));
#9337 = VECTOR('',#9338,1.);
#9338 = DIRECTION('',(9.607383083814E-02,-0.247576152137,-0.964093287976
    ));
#9339 = ORIENTED_EDGE('',*,*,#8863,.F.);
#9340 = ORIENTED_EDGE('',*,*,#9341,.T.);
#9341 = EDGE_CURVE('',#8742,#9333,#9342,.T.);
#9342 = LINE('',#9343,#9344);
#9343 = CARTESIAN_POINT('',(-0.48414799571,-4.977506399155E-02,
    0.210618555546));
#9344 = VECTOR('',#9345,1.);
#9345 = DIRECTION('',(0.229054327922,-0.609666480128,0.758841813468));
#9346 = PLANE('',#9347);
#9347 = AXIS2_PLACEMENT_3D('',#9348,#9349,#9350);
#9348 = CARTESIAN_POINT('',(-0.453698565183,-0.129840694618,
    0.157014848729));
#9349 = DIRECTION('',(0.935185400681,0.3541513974,2.248126578838E-03));
#9350 = DIRECTION('',(-0.354152292357,0.935187763938,0.));
#9351 = ADVANCED_FACE('',(#9352),#9376,.T.);
#9352 = FACE_BOUND('',#9353,.T.);
#9353 = EDGE_LOOP('',(#9354,#9362,#9370));
#9354 = ORIENTED_EDGE('',*,*,#9355,.T.);
#9355 = EDGE_CURVE('',#9356,#8574,#9358,.T.);
#9356 = VERTEX_POINT('',#9357);
#9357 = CARTESIAN_POINT('',(-0.297684848309,1.732640028,0.262356221676)
  );
#9358 = LINE('',#9359,#9360);
#9359 = CARTESIAN_POINT('',(-0.297684848309,1.732640028,0.262356221676)
  );
#9360 = VECTOR('',#9361,1.);
#9361 = DIRECTION('',(-0.426627741276,-0.569907985759,-0.70227747945));
#9362 = ORIENTED_EDGE('',*,*,#9363,.T.);
#9363 = EDGE_CURVE('',#8574,#9364,#9366,.T.);
#9364 = VERTEX_POINT('',#9365);
#9365 = CARTESIAN_POINT('',(-0.368796795607,1.628551006317,
    1.588493585587E-02));
#9366 = LINE('',#9367,#9368);
#9367 = CARTESIAN_POINT('',(-0.448486357927,1.531192779541,
    1.411989331245E-02));
#9368 = VECTOR('',#9369,1.);
#9369 = DIRECTION('',(0.633331769143,0.773753252109,1.402765285789E-02)
  );
#9370 = ORIENTED_EDGE('',*,*,#9371,.T.);
#9371 = EDGE_CURVE('',#9364,#9356,#9372,.T.);
#9372 = LINE('',#9373,#9374);
#9373 = CARTESIAN_POINT('',(-0.368796795607,1.628551006317,
    1.588493585587E-02));
#9374 = VECTOR('',#9375,1.);
#9375 = DIRECTION('',(0.256871640909,0.375991922823,0.890307269469));
#9376 = PLANE('',#9377);
#9377 = AXIS2_PLACEMENT_3D('',#9378,#9379,#9380);
#9378 = CARTESIAN_POINT('',(-0.364414293509,1.641078361115,0.11805400269
    ));
#9379 = DIRECTION('',(0.772667163462,-0.633249577575,4.450198881064E-02)
  );
#9380 = DIRECTION('',(0.633877562771,0.773433407227,0.));
#9381 = ADVANCED_FACE('',(#9382),#9406,.T.);
#9382 = FACE_BOUND('',#9383,.T.);
#9383 = EDGE_LOOP('',(#9384,#9392,#9400));
#9384 = ORIENTED_EDGE('',*,*,#9385,.T.);
#9385 = EDGE_CURVE('',#9386,#9356,#9388,.T.);
#9386 = VERTEX_POINT('',#9387);
#9387 = CARTESIAN_POINT('',(-0.407431274652,1.497286319733,
    0.228669077158));
#9388 = LINE('',#9389,#9390);
#9389 = CARTESIAN_POINT('',(-0.407431274652,1.497286319733,
    0.228669077158));
#9390 = VECTOR('',#9391,1.);
#9391 = DIRECTION('',(0.419104018306,0.898778102795,0.128645807458));
#9392 = ORIENTED_EDGE('',*,*,#9393,.T.);
#9393 = EDGE_CURVE('',#9356,#9394,#9396,.T.);
#9394 = VERTEX_POINT('',#9395);
#9395 = CARTESIAN_POINT('',(-0.355415552855,1.459300279617,
    0.372553408146));
#9396 = LINE('',#9397,#9398);
#9397 = CARTESIAN_POINT('',(-0.297684848309,1.732640028,0.262356221676)
  );
#9398 = VECTOR('',#9399,1.);
#9399 = DIRECTION('',(-0.192231946814,-0.910167862777,0.366935062635));
#9400 = ORIENTED_EDGE('',*,*,#9401,.T.);
#9401 = EDGE_CURVE('',#9394,#9386,#9402,.T.);
#9402 = LINE('',#9403,#9404);
#9403 = CARTESIAN_POINT('',(-0.355415552855,1.459300279617,
    0.372553408146));
#9404 = VECTOR('',#9405,1.);
#9405 = DIRECTION('',(-0.329959236094,0.240962623328,-0.912723351665));
#9406 = PLANE('',#9407);
#9407 = AXIS2_PLACEMENT_3D('',#9408,#9409,#9410);
#9408 = CARTESIAN_POINT('',(-0.348028861992,1.577107933734,
    0.287594565538));
#9409 = DIRECTION('',(0.851987218158,-0.340338852415,-0.397853296622));
#9410 = DIRECTION('',(0.423111865568,0.,0.906077452106));
#9411 = ADVANCED_FACE('',(#9412),#9422,.T.);
#9412 = FACE_BOUND('',#9413,.T.);
#9413 = EDGE_LOOP('',(#9414,#9415,#9416));
#9414 = ORIENTED_EDGE('',*,*,#9355,.F.);
#9415 = ORIENTED_EDGE('',*,*,#9385,.F.);
#9416 = ORIENTED_EDGE('',*,*,#9417,.T.);
#9417 = EDGE_CURVE('',#9386,#8574,#9418,.T.);
#9418 = LINE('',#9419,#9420);
#9419 = CARTESIAN_POINT('',(-0.407431274652,1.497286319733,
    0.228669077158));
#9420 = VECTOR('',#9421,1.);
#9421 = DIRECTION('',(-0.185721092862,0.153382827859,-0.970557254254));
#9422 = PLANE('',#9423);
#9423 = AXIS2_PLACEMENT_3D('',#9424,#9425,#9426);
#9424 = CARTESIAN_POINT('',(-0.381161749494,1.595506689258,
    0.167372151462));
#9425 = DIRECTION('',(0.893928635384,-0.383679528905,-0.231692930276));
#9426 = DIRECTION('',(0.39441188124,0.918933766893,-1.387778780781E-17)
  );
#9427 = ADVANCED_FACE('',(#9428),#9452,.T.);
#9428 = FACE_BOUND('',#9429,.T.);
#9429 = EDGE_LOOP('',(#9430,#9440,#9446));
#9430 = ORIENTED_EDGE('',*,*,#9431,.T.);
#9431 = EDGE_CURVE('',#9432,#9434,#9436,.T.);
#9432 = VERTEX_POINT('',#9433);
#9433 = CARTESIAN_POINT('',(-0.320522516966,1.606159329414,
    0.354996532202));
#9434 = VERTEX_POINT('',#9435);
#9435 = CARTESIAN_POINT('',(8.274741703644E-04,1.862856030464,
    0.293163269758));
#9436 = LINE('',#9437,#9438);
#9437 = CARTESIAN_POINT('',(-0.320522516966,1.606159329414,
    0.354996532202));
#9438 = VECTOR('',#9439,1.);
#9439 = DIRECTION('',(0.772640335154,0.617190697379,-0.148669282514));
#9440 = ORIENTED_EDGE('',*,*,#9441,.T.);
#9441 = EDGE_CURVE('',#9434,#3605,#9442,.T.);
#9442 = LINE('',#9443,#9444);
#9443 = CARTESIAN_POINT('',(8.274741703644E-04,1.862856030464,
    0.293163269758));
#9444 = VECTOR('',#9445,1.);
#9445 = DIRECTION('',(-2.641876503137E-03,-0.880748084953,0.473577693035
    ));
#9446 = ORIENTED_EDGE('',*,*,#9447,.T.);
#9447 = EDGE_CURVE('',#3605,#9432,#9448,.T.);
#9448 = LINE('',#9449,#9450);
#9449 = CARTESIAN_POINT('',(-8.023011588421E-09,1.586990237236,
    0.441496133804));
#9450 = VECTOR('',#9451,1.);
#9451 = DIRECTION('',(-0.963855144408,5.764408924252E-02,-0.260116165535
    ));
#9452 = PLANE('',#9453);
#9453 = AXIS2_PLACEMENT_3D('',#9454,#9455,#9456);
#9454 = CARTESIAN_POINT('',(-0.112696337479,1.688475957875,0.36007038844
    ));
#9455 = DIRECTION('',(0.204829333906,-0.46401491096,-0.861820808741));
#9456 = DIRECTION('',(0.,-0.88048920205,0.47406620326));
#9457 = ADVANCED_FACE('',(#9458),#9473,.T.);
#9458 = FACE_BOUND('',#9459,.T.);
#9459 = EDGE_LOOP('',(#9460,#9466,#9467));
#9460 = ORIENTED_EDGE('',*,*,#9461,.T.);
#9461 = EDGE_CURVE('',#9356,#9434,#9462,.T.);
#9462 = LINE('',#9463,#9464);
#9463 = CARTESIAN_POINT('',(-0.297684848309,1.732640028,0.262356221676)
  );
#9464 = VECTOR('',#9465,1.);
#9465 = DIRECTION('',(0.912515315547,0.398054243092,9.417334255583E-02)
  );
#9466 = ORIENTED_EDGE('',*,*,#9431,.F.);
#9467 = ORIENTED_EDGE('',*,*,#9468,.T.);
#9468 = EDGE_CURVE('',#9432,#9356,#9469,.T.);
#9469 = LINE('',#9470,#9471);
#9470 = CARTESIAN_POINT('',(-0.320522516966,1.606159329414,
    0.354996532202));
#9471 = VECTOR('',#9472,1.);
#9472 = DIRECTION('',(0.144146774589,0.798320749044,-0.584727020943));
#9473 = PLANE('',#9474);
#9474 = AXIS2_PLACEMENT_3D('',#9475,#9476,#9477);
#9475 = CARTESIAN_POINT('',(-0.181935411992,1.74601393289,0.304563905525
    ));
#9476 = DIRECTION('',(0.335072755045,-0.595368931657,-0.730247960658));
#9477 = DIRECTION('',(2.775557561563E-17,-0.775051965632,0.631897500051)
  );
#9478 = ADVANCED_FACE('',(#9479),#9496,.T.);
#9479 = FACE_BOUND('',#9480,.T.);
#9480 = EDGE_LOOP('',(#9481,#9489,#9495));
#9481 = ORIENTED_EDGE('',*,*,#9482,.T.);
#9482 = EDGE_CURVE('',#9169,#9483,#9485,.T.);
#9483 = VERTEX_POINT('',#9484);
#9484 = CARTESIAN_POINT('',(-0.440210819244,-3.077971935272E-02,
    0.472718954086));
#9485 = LINE('',#9486,#9487);
#9486 = CARTESIAN_POINT('',(-0.426195800304,7.092046737671E-02,
    0.552000939846));
#9487 = VECTOR('',#9488,1.);
#9488 = DIRECTION('',(-0.108047913535,-0.784051240267,-0.611219519499));
#9489 = ORIENTED_EDGE('',*,*,#9490,.T.);
#9490 = EDGE_CURVE('',#9483,#8772,#9491,.T.);
#9491 = LINE('',#9492,#9493);
#9492 = CARTESIAN_POINT('',(-0.440210819244,-3.077971935272E-02,
    0.472718954086));
#9493 = VECTOR('',#9494,1.);
#9494 = DIRECTION('',(-0.244131224738,0.876698320271,-0.414487635932));
#9495 = ORIENTED_EDGE('',*,*,#9168,.F.);
#9496 = PLANE('',#9497);
#9497 = AXIS2_PLACEMENT_3D('',#9498,#9499,#9500);
#9498 = CARTESIAN_POINT('',(-0.445423586382,4.001442665735E-02,
    0.482874696426));
#9499 = DIRECTION('',(0.942723647461,0.114367710251,-0.313356269077));
#9500 = DIRECTION('',(0.315425940582,-6.938893903907E-18,0.948950196801)
  );
#9501 = ADVANCED_FACE('',(#9502),#9512,.T.);
#9502 = FACE_BOUND('',#9503,.T.);
#9503 = EDGE_LOOP('',(#9504,#9510,#9511));
#9504 = ORIENTED_EDGE('',*,*,#9505,.T.);
#9505 = EDGE_CURVE('',#9394,#8574,#9506,.T.);
#9506 = LINE('',#9507,#9508);
#9507 = CARTESIAN_POINT('',(-0.355415552855,1.459300279617,
    0.372553408146));
#9508 = VECTOR('',#9509,1.);
#9509 = DIRECTION('',(-0.246719199334,0.190578130332,-0.950162940194));
#9510 = ORIENTED_EDGE('',*,*,#9417,.F.);
#9511 = ORIENTED_EDGE('',*,*,#9401,.F.);
#9512 = PLANE('',#9513);
#9513 = AXIS2_PLACEMENT_3D('',#9514,#9515,#9516);
#9514 = CARTESIAN_POINT('',(-0.405275606682,1.497265220846,
    0.194669706983));
#9515 = DIRECTION('',(0.528351009864,0.848385534222,3.297265075993E-02)
  );
#9516 = DIRECTION('',(0.84884709116,-0.52863845474,3.469446951954E-18));
#9517 = ADVANCED_FACE('',(#9518),#9528,.T.);
#9518 = FACE_BOUND('',#9519,.T.);
#9519 = EDGE_LOOP('',(#9520,#9521,#9522));
#9520 = ORIENTED_EDGE('',*,*,#8581,.F.);
#9521 = ORIENTED_EDGE('',*,*,#9505,.F.);
#9522 = ORIENTED_EDGE('',*,*,#9523,.T.);
#9523 = EDGE_CURVE('',#9394,#8582,#9524,.T.);
#9524 = LINE('',#9525,#9526);
#9525 = CARTESIAN_POINT('',(-0.355415552855,1.459300279617,
    0.372553408146));
#9526 = VECTOR('',#9527,1.);
#9527 = DIRECTION('',(-0.438233289037,-0.192996649231,-0.877897418703));
#9528 = PLANE('',#9529);
#9529 = AXIS2_PLACEMENT_3D('',#9530,#9531,#9532);
#9530 = CARTESIAN_POINT('',(-0.434887609872,1.456946881586,
    0.163609675553));
#9531 = DIRECTION('',(0.826354040852,-0.470804270978,-0.309002164388));
#9532 = DIRECTION('',(0.495030397924,0.868875655736,-2.775557561563E-17)
  );
#9533 = ADVANCED_FACE('',(#9534),#9556,.T.);
#9534 = FACE_BOUND('',#9535,.T.);
#9535 = EDGE_LOOP('',(#9536,#9542,#9550));
#9536 = ORIENTED_EDGE('',*,*,#9537,.T.);
#9537 = EDGE_CURVE('',#9169,#9205,#9538,.T.);
#9538 = LINE('',#9539,#9540);
#9539 = CARTESIAN_POINT('',(-0.426195800304,7.092046737671E-02,
    0.552000939846));
#9540 = VECTOR('',#9541,1.);
#9541 = DIRECTION('',(0.702829998597,0.117659590106,0.70155984344));
#9542 = ORIENTED_EDGE('',*,*,#9543,.T.);
#9543 = EDGE_CURVE('',#9205,#9544,#9546,.T.);
#9544 = VERTEX_POINT('',#9545);
#9545 = CARTESIAN_POINT('',(-0.381544232368,3.830128908157E-02,
    0.655421316624));
#9546 = LINE('',#9547,#9548);
#9547 = CARTESIAN_POINT('',(-0.192421197891,0.11005628109,0.785353064537
    ));
#9548 = VECTOR('',#9549,1.);
#9549 = DIRECTION('',(-0.786657916718,-0.298465137699,-0.540451555315));
#9550 = ORIENTED_EDGE('',*,*,#9551,.T.);
#9551 = EDGE_CURVE('',#9544,#9169,#9552,.T.);
#9552 = LINE('',#9553,#9554);
#9553 = CARTESIAN_POINT('',(-0.381544232368,3.830128908157E-02,
    0.655421316624));
#9554 = VECTOR('',#9555,1.);
#9555 = DIRECTION('',(-0.380740736424,0.278141407788,-0.881858179585));
#9556 = PLANE('',#9557);
#9557 = AXIS2_PLACEMENT_3D('',#9558,#9559,#9560);
#9558 = CARTESIAN_POINT('',(-0.317598040844,7.871305586347E-02,
    0.675649125082));
#9559 = DIRECTION('',(0.573670165737,-0.676914505584,-0.461182494326));
#9560 = DIRECTION('',(-0.762887926661,-0.64653075051,0.));
#9561 = ADVANCED_FACE('',(#9562),#9572,.T.);
#9562 = FACE_BOUND('',#9563,.T.);
#9563 = EDGE_LOOP('',(#9564,#9565,#9566));
#9564 = ORIENTED_EDGE('',*,*,#9212,.F.);
#9565 = ORIENTED_EDGE('',*,*,#9537,.F.);
#9566 = ORIENTED_EDGE('',*,*,#9567,.T.);
#9567 = EDGE_CURVE('',#9169,#8933,#9568,.T.);
#9568 = LINE('',#9569,#9570);
#9569 = CARTESIAN_POINT('',(-0.426195800304,7.092046737671E-02,
    0.552000939846));
#9570 = VECTOR('',#9571,1.);
#9571 = DIRECTION('',(0.344044251958,0.645180786215,0.682184216904));
#9572 = PLANE('',#9573);
#9573 = AXIS2_PLACEMENT_3D('',#9574,#9575,#9576);
#9574 = CARTESIAN_POINT('',(-0.321958523172,0.125283400192,
    0.677331231641));
#9575 = DIRECTION('',(0.615595714116,0.393612188683,-0.68272348845));
#9576 = DIRECTION('',(-0.742674726512,0.,-0.66965233562));
#9577 = ADVANCED_FACE('',(#9578),#9595,.T.);
#9578 = FACE_BOUND('',#9579,.T.);
#9579 = EDGE_LOOP('',(#9580,#9581,#9589));
#9580 = ORIENTED_EDGE('',*,*,#9250,.F.);
#9581 = ORIENTED_EDGE('',*,*,#9582,.T.);
#9582 = EDGE_CURVE('',#9243,#9583,#9585,.T.);
#9583 = VERTEX_POINT('',#9584);
#9584 = CARTESIAN_POINT('',(-0.237275570631,0.509671866894,
    0.747447907925));
#9585 = LINE('',#9586,#9587);
#9586 = CARTESIAN_POINT('',(-0.110062740743,0.584333598614,0.7466558218)
  );
#9587 = VECTOR('',#9588,1.);
#9588 = DIRECTION('',(-0.862423084786,-0.506159646335,5.369846417538E-03
    ));
#9589 = ORIENTED_EDGE('',*,*,#9590,.T.);
#9590 = EDGE_CURVE('',#9583,#9251,#9591,.T.);
#9591 = LINE('',#9592,#9593);
#9592 = CARTESIAN_POINT('',(-0.237275570631,0.509671866894,
    0.747447907925));
#9593 = VECTOR('',#9594,1.);
#9594 = DIRECTION('',(-0.689885700118,0.286176496759,-0.664951677549));
#9595 = PLANE('',#9596);
#9596 = AXIS2_PLACEMENT_3D('',#9597,#9598,#9599);
#9597 = CARTESIAN_POINT('',(-0.226599622593,0.551973471771,
    0.712483699774));
#9598 = DIRECTION('',(0.374442071815,-0.645061967331,-0.666099236719));
#9599 = DIRECTION('',(2.775557561563E-17,-0.718359681868,0.695671882044)
  );
#9600 = ADVANCED_FACE('',(#9601),#9623,.T.);
#9601 = FACE_BOUND('',#9602,.T.);
#9602 = EDGE_LOOP('',(#9603,#9611,#9617));
#9603 = ORIENTED_EDGE('',*,*,#9604,.T.);
#9604 = EDGE_CURVE('',#8941,#9605,#9607,.T.);
#9605 = VERTEX_POINT('',#9606);
#9606 = CARTESIAN_POINT('',(-0.438990145922,0.395987451077,
    0.463000297546));
#9607 = LINE('',#9608,#9609);
#9608 = CARTESIAN_POINT('',(-0.320783615112,0.377449423075,0.74495267868
    ));
#9609 = VECTOR('',#9610,1.);
#9610 = DIRECTION('',(-0.385930053159,6.052442350856E-02,-0.920540487012
    ));
#9611 = ORIENTED_EDGE('',*,*,#9612,.T.);
#9612 = EDGE_CURVE('',#9605,#9251,#9613,.T.);
#9613 = LINE('',#9614,#9615);
#9614 = CARTESIAN_POINT('',(-0.438990145922,0.395987451077,
    0.463000297546));
#9615 = VECTOR('',#9616,1.);
#9616 = DIRECTION('',(0.38739632438,0.584210049882,0.713177891885));
#9617 = ORIENTED_EDGE('',*,*,#9618,.T.);
#9618 = EDGE_CURVE('',#9251,#8941,#9619,.T.);
#9619 = LINE('',#9620,#9621);
#9620 = CARTESIAN_POINT('',(-0.336351811886,0.550770401955,
    0.651952505112));
#9621 = VECTOR('',#9622,1.);
#9622 = DIRECTION('',(7.890188769486E-02,-0.878415953349,0.471338418782)
  );
#9623 = PLANE('',#9624);
#9624 = AXIS2_PLACEMENT_3D('',#9625,#9626,#9627);
#9625 = CARTESIAN_POINT('',(-0.369395005014,0.436462251254,
    0.612201432689));
#9626 = DIRECTION('',(0.91165894123,-0.127700833355,-0.390602703569));
#9627 = DIRECTION('',(0.393827070987,0.,0.919184550652));
#9628 = ADVANCED_FACE('',(#9629),#9653,.T.);
#9629 = FACE_BOUND('',#9630,.T.);
#9630 = EDGE_LOOP('',(#9631,#9641,#9647));
#9631 = ORIENTED_EDGE('',*,*,#9632,.T.);
#9632 = EDGE_CURVE('',#9633,#9635,#9637,.T.);
#9633 = VERTEX_POINT('',#9634);
#9634 = CARTESIAN_POINT('',(-0.21981562674,1.610309123993,
    -1.911261677742E-02));
#9635 = VERTEX_POINT('',#9636);
#9636 = CARTESIAN_POINT('',(-0.290635406971,1.490549325943,
    -9.297281503677E-03));
#9637 = LINE('',#9638,#9639);
#9638 = CARTESIAN_POINT('',(-0.21981562674,1.610309123993,
    -1.911261677742E-02));
#9639 = VECTOR('',#9640,1.);
#9640 = DIRECTION('',(-0.507747721924,-0.858626847472,7.03717818517E-02)
  );
#9641 = ORIENTED_EDGE('',*,*,#9642,.T.);
#9642 = EDGE_CURVE('',#9635,#3808,#9643,.T.);
#9643 = LINE('',#9644,#9645);
#9644 = CARTESIAN_POINT('',(-0.290635406971,1.490549325943,
    -9.297281503677E-03));
#9645 = VECTOR('',#9646,1.);
#9646 = DIRECTION('',(0.996775739139,-1.976031284073E-02,
    -7.776667602399E-02));
#9647 = ORIENTED_EDGE('',*,*,#9648,.T.);
#9648 = EDGE_CURVE('',#3808,#9633,#9649,.T.);
#9649 = LINE('',#9650,#9651);
#9650 = CARTESIAN_POINT('',(-8.023011588421E-09,1.48478770256,
    -3.197214007378E-02));
#9651 = VECTOR('',#9652,1.);
#9652 = DIRECTION('',(-0.867273580036,0.495239661186,5.073672595177E-02)
  );
#9653 = PLANE('',#9654);
#9654 = AXIS2_PLACEMENT_3D('',#9655,#9656,#9657);
#9655 = CARTESIAN_POINT('',(-0.154601588036,1.522628822803,
    -2.114173833412E-02));
#9656 = DIRECTION('',(7.842852729697E-02,3.527629894635E-02,
    0.996295412435));
#9657 = DIRECTION('',(0.996915895207,0.,-7.847737179572E-02));
#9658 = ADVANCED_FACE('',(#9659),#9674,.T.);
#9659 = FACE_BOUND('',#9660,.T.);
#9660 = EDGE_LOOP('',(#9661,#9667,#9668));
#9661 = ORIENTED_EDGE('',*,*,#9662,.T.);
#9662 = EDGE_CURVE('',#9364,#9635,#9663,.T.);
#9663 = LINE('',#9664,#9665);
#9664 = CARTESIAN_POINT('',(-0.368796795607,1.628551006317,
    1.588493585587E-02));
#9665 = VECTOR('',#9666,1.);
#9666 = DIRECTION('',(0.48672654373,-0.859363965891,-0.156814686034));
#9667 = ORIENTED_EDGE('',*,*,#9632,.F.);
#9668 = ORIENTED_EDGE('',*,*,#9669,.T.);
#9669 = EDGE_CURVE('',#9633,#9364,#9670,.T.);
#9670 = LINE('',#9671,#9672);
#9671 = CARTESIAN_POINT('',(-0.21981562674,1.610309123993,
    -1.911261677742E-02));
#9672 = VECTOR('',#9673,1.);
#9673 = DIRECTION('',(-0.966656760291,0.11836152853,0.227079845755));
#9674 = PLANE('',#9675);
#9675 = AXIS2_PLACEMENT_3D('',#9676,#9677,#9678);
#9676 = CARTESIAN_POINT('',(-0.294824544237,1.577068431926,
    -3.745320194995E-03));
#9677 = DIRECTION('',(0.222376838565,-5.170833844738E-02,0.973588614048)
  );
#9678 = DIRECTION('',(0.97489279731,0.,-0.222674726345));
#9679 = ADVANCED_FACE('',(#9680),#9697,.T.);
#9680 = FACE_BOUND('',#9681,.T.);
#9681 = EDGE_LOOP('',(#9682,#9683,#9691));
#9682 = ORIENTED_EDGE('',*,*,#9612,.F.);
#9683 = ORIENTED_EDGE('',*,*,#9684,.T.);
#9684 = EDGE_CURVE('',#9605,#9685,#9687,.T.);
#9685 = VERTEX_POINT('',#9686);
#9686 = CARTESIAN_POINT('',(-0.412658452988,0.618720173836,
    0.420225381851));
#9687 = LINE('',#9688,#9689);
#9688 = CARTESIAN_POINT('',(-0.438990145922,0.395987451077,
    0.463000297546));
#9689 = VECTOR('',#9690,1.);
#9690 = DIRECTION('',(0.115324815376,0.975501658578,-0.187341135552));
#9691 = ORIENTED_EDGE('',*,*,#9692,.T.);
#9692 = EDGE_CURVE('',#9685,#9251,#9693,.T.);
#9693 = LINE('',#9694,#9695);
#9694 = CARTESIAN_POINT('',(-0.412658452988,0.618720173836,
    0.420225381851));
#9695 = VECTOR('',#9696,1.);
#9696 = DIRECTION('',(0.301305377727,-0.268307337179,0.91500067878));
#9697 = PLANE('',#9698);
#9698 = AXIS2_PLACEMENT_3D('',#9699,#9700,#9701);
#9699 = CARTESIAN_POINT('',(-0.394873845065,0.521550572056,
    0.514783657246));
#9700 = DIRECTION('',(0.918349622532,-0.176588931016,-0.35418966704));
#9701 = DIRECTION('',(0.359844738943,0.,0.933012199199));
#9702 = ADVANCED_FACE('',(#9703),#9720,.T.);
#9703 = FACE_BOUND('',#9704,.T.);
#9704 = EDGE_LOOP('',(#9705,#9706,#9714));
#9705 = ORIENTED_EDGE('',*,*,#8658,.F.);
#9706 = ORIENTED_EDGE('',*,*,#9707,.T.);
#9707 = EDGE_CURVE('',#8659,#9708,#9710,.T.);
#9708 = VERTEX_POINT('',#9709);
#9709 = CARTESIAN_POINT('',(-0.389155894518,6.694036722183E-02,
    -1.756367087364E-02));
#9710 = LINE('',#9711,#9712);
#9711 = CARTESIAN_POINT('',(-0.441614419222,0.242042869329,
    -2.331137657166E-04));
#9712 = VECTOR('',#9713,1.);
#9713 = DIRECTION('',(0.285704135631,-0.953658329008,-9.438717284666E-02
    ));
#9714 = ORIENTED_EDGE('',*,*,#9715,.T.);
#9715 = EDGE_CURVE('',#9708,#8661,#9716,.T.);
#9716 = LINE('',#9717,#9718);
#9717 = CARTESIAN_POINT('',(-0.389155894518,6.694036722183E-02,
    -1.756367087364E-02));
#9718 = VECTOR('',#9719,1.);
#9719 = DIRECTION('',(0.920926975865,0.38658979783,-4.941491006818E-02)
  );
#9720 = PLANE('',#9721);
#9721 = AXIS2_PLACEMENT_3D('',#9722,#9723,#9724);
#9722 = CARTESIAN_POINT('',(-0.336057704225,0.156152011494,
    -1.548482335932E-02));
#9723 = DIRECTION('',(8.404294697788E-02,-7.317909738131E-02,
    0.993771403679));
#9724 = DIRECTION('',(0.996443051365,0.,-8.42688874145E-02));
#9725 = ADVANCED_FACE('',(#9726),#9736,.T.);
#9726 = FACE_BOUND('',#9727,.T.);
#9727 = EDGE_LOOP('',(#9728,#9729,#9735));
#9728 = ORIENTED_EDGE('',*,*,#8857,.F.);
#9729 = ORIENTED_EDGE('',*,*,#9730,.T.);
#9730 = EDGE_CURVE('',#8850,#8750,#9731,.T.);
#9731 = LINE('',#9732,#9733);
#9732 = CARTESIAN_POINT('',(-0.49026286602,-5.092531442642E-02,
    3.043174743652E-02));
#9733 = VECTOR('',#9734,1.);
#9734 = DIRECTION('',(-0.124187658662,0.985670885107,-0.114150478265));
#9735 = ORIENTED_EDGE('',*,*,#8749,.F.);
#9736 = PLANE('',#9737);
#9737 = AXIS2_PLACEMENT_3D('',#9738,#9739,#9740);
#9738 = CARTESIAN_POINT('',(-0.4936830612,-5.051385047883E-03,
    9.308987960874E-02));
#9739 = DIRECTION('',(0.992054478425,0.121003558767,-3.443908539732E-02)
  );
#9740 = DIRECTION('',(-0.121075380834,0.992643315676,8.673617379884E-19)
  );
#9741 = ADVANCED_FACE('',(#9742),#9759,.T.);
#9742 = FACE_BOUND('',#9743,.T.);
#9743 = EDGE_LOOP('',(#9744,#9752,#9758));
#9744 = ORIENTED_EDGE('',*,*,#9745,.T.);
#9745 = EDGE_CURVE('',#8582,#9746,#9748,.T.);
#9746 = VERTEX_POINT('',#9747);
#9747 = CARTESIAN_POINT('',(-0.238828018308,1.32459461689,0.470150113106
    ));
#9748 = LINE('',#9749,#9750);
#9749 = CARTESIAN_POINT('',(-0.530221283436,1.382316350937,
    2.237120270729E-02));
#9750 = VECTOR('',#9751,1.);
#9751 = DIRECTION('',(0.542275743266,-0.107418736048,0.833305606252));
#9752 = ORIENTED_EDGE('',*,*,#9753,.T.);
#9753 = EDGE_CURVE('',#9746,#9044,#9754,.T.);
#9754 = LINE('',#9755,#9756);
#9755 = CARTESIAN_POINT('',(-0.238828018308,1.32459461689,0.470150113106
    ));
#9756 = VECTOR('',#9757,1.);
#9757 = DIRECTION('',(-0.606077867315,-0.746878672886,-0.273572415897));
#9758 = ORIENTED_EDGE('',*,*,#9073,.F.);
#9759 = PLANE('',#9760);
#9760 = AXIS2_PLACEMENT_3D('',#9761,#9762,#9763);
#9761 = CARTESIAN_POINT('',(-0.393707108817,1.308759211267,
    0.267442974787));
#9762 = DIRECTION('',(0.741292699255,-0.405692913065,-0.534694673921));
#9763 = DIRECTION('',(0.584999070337,-2.775557561563E-17,0.811033962115)
  );
#9764 = ADVANCED_FACE('',(#9765),#9775,.T.);
#9765 = FACE_BOUND('',#9766,.T.);
#9766 = EDGE_LOOP('',(#9767,#9773,#9774));
#9767 = ORIENTED_EDGE('',*,*,#9768,.T.);
#9768 = EDGE_CURVE('',#9394,#9746,#9769,.T.);
#9769 = LINE('',#9770,#9771);
#9770 = CARTESIAN_POINT('',(-0.355415552855,1.459300279617,
    0.372553408146));
#9771 = VECTOR('',#9772,1.);
#9772 = DIRECTION('',(0.573944223545,-0.663137249636,0.480455009761));
#9773 = ORIENTED_EDGE('',*,*,#9745,.F.);
#9774 = ORIENTED_EDGE('',*,*,#9523,.F.);
#9775 = PLANE('',#9776);
#9776 = AXIS2_PLACEMENT_3D('',#9777,#9778,#9779);
#9777 = CARTESIAN_POINT('',(-0.389350250896,1.383897833882,
    0.260392887598));
#9778 = DIRECTION('',(0.805147444047,0.349922342143,-0.478844387891));
#9779 = DIRECTION('',(0.511160620936,0.,0.859485206158));
#9780 = ADVANCED_FACE('',(#9781),#9798,.T.);
#9781 = FACE_BOUND('',#9782,.T.);
#9782 = EDGE_LOOP('',(#9783,#9791,#9792));
#9783 = ORIENTED_EDGE('',*,*,#9784,.T.);
#9784 = EDGE_CURVE('',#9785,#3934,#9787,.T.);
#9785 = VERTEX_POINT('',#9786);
#9786 = CARTESIAN_POINT('',(-0.203726306558,-6.101083755493E-02,
    -2.010580897331E-02));
#9787 = LINE('',#9788,#9789);
#9788 = CARTESIAN_POINT('',(-0.203726306558,-6.101083755493E-02,
    -2.010580897331E-02));
#9789 = VECTOR('',#9790,1.);
#9790 = DIRECTION('',(0.729774286261,-0.673021798864,0.120296090405));
#9791 = ORIENTED_EDGE('',*,*,#3931,.F.);
#9792 = ORIENTED_EDGE('',*,*,#9793,.T.);
#9793 = EDGE_CURVE('',#3932,#9785,#9794,.T.);
#9794 = LINE('',#9795,#9796);
#9795 = CARTESIAN_POINT('',(-8.023011588421E-09,4.233866930008E-02,
    -3.241869807243E-02));
#9796 = VECTOR('',#9797,1.);
#9797 = DIRECTION('',(-0.890516831431,-0.451755497628,5.382140187684E-02
    ));
#9798 = PLANE('',#9799);
#9799 = AXIS2_PLACEMENT_3D('',#9800,#9801,#9802);
#9800 = CARTESIAN_POINT('',(-6.445240549838E-02,-9.447603026109E-02,
    -1.211536737573E-02));
#9801 = DIRECTION('',(-1.926467887661E-02,0.155639368886,0.987626072459)
  );
#9802 = DIRECTION('',(4.336808689942E-19,0.987809391258,-0.15566825798)
  );
#9803 = ADVANCED_FACE('',(#9804),#9819,.T.);
#9804 = FACE_BOUND('',#9805,.T.);
#9805 = EDGE_LOOP('',(#9806,#9812,#9818));
#9806 = ORIENTED_EDGE('',*,*,#9807,.T.);
#9807 = EDGE_CURVE('',#3932,#9708,#9808,.T.);
#9808 = LINE('',#9809,#9810);
#9809 = CARTESIAN_POINT('',(-8.023011588421E-09,4.233866930008E-02,
    -3.241869807243E-02));
#9810 = VECTOR('',#9811,1.);
#9811 = DIRECTION('',(-0.997284271192,6.304642235525E-02,
    3.806876752379E-02));
#9812 = ORIENTED_EDGE('',*,*,#9813,.T.);
#9813 = EDGE_CURVE('',#9708,#9785,#9814,.T.);
#9814 = LINE('',#9815,#9816);
#9815 = CARTESIAN_POINT('',(-0.389155894518,6.694036722183E-02,
    -1.756367087364E-02));
#9816 = VECTOR('',#9817,1.);
#9817 = DIRECTION('',(0.82301778497,-0.567903527684,-1.128312310292E-02)
  );
#9818 = ORIENTED_EDGE('',*,*,#9793,.F.);
#9819 = PLANE('',#9820);
#9820 = AXIS2_PLACEMENT_3D('',#9821,#9822,#9823);
#9821 = CARTESIAN_POINT('',(-0.196638339857,2.35147257165E-02,
    -2.369271599567E-02));
#9822 = DIRECTION('',(4.057534512516E-02,3.896608238141E-02,
    0.998416388984));
#9823 = DIRECTION('',(0.999175228781,0.,-4.060618414882E-02));
#9824 = ADVANCED_FACE('',(#9825),#9835,.T.);
#9825 = FACE_BOUND('',#9826,.T.);
#9826 = EDGE_LOOP('',(#9827,#9828,#9829));
#9827 = ORIENTED_EDGE('',*,*,#9715,.F.);
#9828 = ORIENTED_EDGE('',*,*,#9807,.F.);
#9829 = ORIENTED_EDGE('',*,*,#9830,.T.);
#9830 = EDGE_CURVE('',#3932,#8661,#9831,.T.);
#9831 = LINE('',#9832,#9833);
#9832 = CARTESIAN_POINT('',(-8.023011588421E-09,4.233866930008E-02,
    -3.241869807243E-02));
#9833 = VECTOR('',#9834,1.);
#9834 = DIRECTION('',(-0.87463356605,0.484387030099,1.962982959472E-02)
  );
#9835 = PLANE('',#9836);
#9836 = AXIS2_PLACEMENT_3D('',#9837,#9838,#9839);
#9837 = CARTESIAN_POINT('',(-0.193257464573,7.948351484124E-02,
    -2.584078277887E-02));
#9838 = DIRECTION('',(4.014621412851E-02,3.201839409873E-02,
    0.998680681665));
#9839 = DIRECTION('',(0.999192988115,2.168404344971E-19,
    -4.016680846344E-02));
#9840 = ADVANCED_FACE('',(#9841),#9851,.T.);
#9841 = FACE_BOUND('',#9842,.T.);
#9842 = EDGE_LOOP('',(#9843,#9844,#9850));
#9843 = ORIENTED_EDGE('',*,*,#9490,.F.);
#9844 = ORIENTED_EDGE('',*,*,#9845,.T.);
#9845 = EDGE_CURVE('',#9483,#8742,#9846,.T.);
#9846 = LINE('',#9847,#9848);
#9847 = CARTESIAN_POINT('',(-0.440210819244,-3.077971935272E-02,
    0.472718954086));
#9848 = VECTOR('',#9849,1.);
#9849 = DIRECTION('',(-0.164907317212,-7.129432466688E-02,
    -0.983728974871));
#9850 = ORIENTED_EDGE('',*,*,#8771,.F.);
#9851 = PLANE('',#9852);
#9852 = AXIS2_PLACEMENT_3D('',#9853,#9854,#9855);
#9853 = CARTESIAN_POINT('',(-0.466650647427,-7.142500864184E-03,
    0.352191888855));
#9854 = DIRECTION('',(0.966702221846,0.186198516782,-0.175547505326));
#9855 = DIRECTION('',(-0.189135611031,0.981950976699,0.));
#9856 = ADVANCED_FACE('',(#9857),#9874,.T.);
#9857 = FACE_BOUND('',#9858,.T.);
#9858 = EDGE_LOOP('',(#9859,#9867,#9873));
#9859 = ORIENTED_EDGE('',*,*,#9860,.T.);
#9860 = EDGE_CURVE('',#9052,#9861,#9863,.T.);
#9861 = VERTEX_POINT('',#9862);
#9862 = CARTESIAN_POINT('',(-0.427417457104,1.057416319847,
    1.459151506424E-02));
#9863 = LINE('',#9864,#9865);
#9864 = CARTESIAN_POINT('',(-0.439511060715,1.009980678558,
    0.143120452762));
#9865 = VECTOR('',#9866,1.);
#9866 = DIRECTION('',(8.793061742775E-02,0.344896803366,-0.934512922087)
  );
#9867 = ORIENTED_EDGE('',*,*,#9868,.T.);
#9868 = EDGE_CURVE('',#9861,#8572,#9869,.T.);
#9869 = LINE('',#9870,#9871);
#9870 = CARTESIAN_POINT('',(-0.427417457104,1.057416319847,
    1.459151506424E-02));
#9871 = VECTOR('',#9872,1.);
#9872 = DIRECTION('',(-0.401716929656,0.907138873124,0.125389685762));
#9873 = ORIENTED_EDGE('',*,*,#9059,.F.);
#9874 = PLANE('',#9875);
#9875 = AXIS2_PLACEMENT_3D('',#9876,#9877,#9878);
#9876 = CARTESIAN_POINT('',(-0.451884024833,1.085980778032,
    6.676711431392E-02));
#9877 = DIRECTION('',(0.902662363513,0.369162012035,0.221178810846));
#9878 = DIRECTION('',(-0.378537138614,0.925586103337,0.));
#9879 = ADVANCED_FACE('',(#9880),#9897,.T.);
#9880 = FACE_BOUND('',#9881,.T.);
#9881 = EDGE_LOOP('',(#9882,#9890,#9891));
#9882 = ORIENTED_EDGE('',*,*,#9883,.T.);
#9883 = EDGE_CURVE('',#9884,#9044,#9886,.T.);
#9884 = VERTEX_POINT('',#9885);
#9885 = CARTESIAN_POINT('',(-0.106221236289,1.184909820557,
    0.513259887695));
#9886 = LINE('',#9887,#9888);
#9887 = CARTESIAN_POINT('',(-0.106221236289,1.184909820557,
    0.513259887695));
#9888 = VECTOR('',#9889,1.);
#9889 = DIRECTION('',(-0.933283617819,-1.772818057261E-02,
    -0.358702384051));
#9890 = ORIENTED_EDGE('',*,*,#9753,.F.);
#9891 = ORIENTED_EDGE('',*,*,#9892,.T.);
#9892 = EDGE_CURVE('',#9746,#9884,#9893,.T.);
#9893 = LINE('',#9894,#9895);
#9894 = CARTESIAN_POINT('',(-0.238828018308,1.32459461689,0.470150113106
    ));
#9895 = VECTOR('',#9896,1.);
#9896 = DIRECTION('',(0.671869532905,-0.707731214327,0.218421287932));
#9897 = PLANE('',#9898);
#9898 = AXIS2_PLACEMENT_3D('',#9899,#9900,#9901);
#9899 = CARTESIAN_POINT('',(-0.233032653152,1.224697646289,
    0.466852033562));
#9900 = DIRECTION('',(0.35742939115,5.152260423312E-02,-0.932517909531)
  );
#9901 = DIRECTION('',(-0.933758100328,0.,-0.35790475));
#9902 = ADVANCED_FACE('',(#9903),#9913,.T.);
#9903 = FACE_BOUND('',#9904,.T.);
#9904 = EDGE_LOOP('',(#9905,#9906,#9907));
#9905 = ORIENTED_EDGE('',*,*,#9142,.F.);
#9906 = ORIENTED_EDGE('',*,*,#9883,.F.);
#9907 = ORIENTED_EDGE('',*,*,#9908,.T.);
#9908 = EDGE_CURVE('',#9884,#8795,#9909,.T.);
#9909 = LINE('',#9910,#9911);
#9910 = CARTESIAN_POINT('',(-0.106221236289,1.184909820557,
    0.513259887695));
#9911 = VECTOR('',#9912,1.);
#9912 = DIRECTION('',(-0.681693768713,-0.731630778831,-3.16372630727E-03
    ));
#9913 = PLANE('',#9914);
#9914 = AXIS2_PLACEMENT_3D('',#9915,#9916,#9917);
#9915 = CARTESIAN_POINT('',(-0.233191704899,1.143284740055,
    0.478582583458));
#9916 = DIRECTION('',(0.345392903905,-0.318000312243,-0.882938017839));
#9917 = DIRECTION('',(-0.931280206949,0.,-0.364303686701));
#9918 = ADVANCED_FACE('',(#9919),#9929,.T.);
#9919 = FACE_BOUND('',#9920,.T.);
#9920 = EDGE_LOOP('',(#9921,#9922,#9928));
#9921 = ORIENTED_EDGE('',*,*,#9332,.F.);
#9922 = ORIENTED_EDGE('',*,*,#9923,.T.);
#9923 = EDGE_CURVE('',#9333,#9290,#9924,.T.);
#9924 = LINE('',#9925,#9926);
#9925 = CARTESIAN_POINT('',(-0.458060204983,-0.119212090969,0.2970456779
    ));
#9926 = VECTOR('',#9927,1.);
#9927 = DIRECTION('',(0.427664686781,-0.760581112455,0.48848673171));
#9928 = ORIENTED_EDGE('',*,*,#9289,.F.);
#9929 = PLANE('',#9930);
#9930 = AXIS2_PLACEMENT_3D('',#9931,#9932,#9933);
#9931 = CARTESIAN_POINT('',(-0.420736664476,-0.194360151966,
    0.21691626272));
#9932 = DIRECTION('',(0.880276917382,0.473254172063,-3.380883536611E-02)
  );
#9933 = DIRECTION('',(-0.473524877752,0.880780443783,0.));
#9934 = ADVANCED_FACE('',(#9935),#9952,.T.);
#9935 = FACE_BOUND('',#9936,.T.);
#9936 = EDGE_LOOP('',(#9937,#9945,#9951));
#9937 = ORIENTED_EDGE('',*,*,#9938,.T.);
#9938 = EDGE_CURVE('',#8933,#9939,#9941,.T.);
#9939 = VERTEX_POINT('',#9940);
#9940 = CARTESIAN_POINT('',(-0.39951351285,0.289220303297,0.598771452904
    ));
#9941 = LINE('',#9942,#9943);
#9942 = CARTESIAN_POINT('',(-0.349424690008,0.214888125658,0.70422565937
    ));
#9943 = VECTOR('',#9944,1.);
#9944 = DIRECTION('',(-0.361911641573,0.537079510056,-0.761948530789));
#9945 = ORIENTED_EDGE('',*,*,#9946,.T.);
#9946 = EDGE_CURVE('',#9939,#8941,#9947,.T.);
#9947 = LINE('',#9948,#9949);
#9948 = CARTESIAN_POINT('',(-0.39951351285,0.289220303297,0.598771452904
    ));
#9949 = VECTOR('',#9950,1.);
#9950 = DIRECTION('',(0.41873029332,0.469252549102,0.777474749826));
#9951 = ORIENTED_EDGE('',*,*,#8940,.F.);
#9952 = PLANE('',#9953);
#9953 = AXIS2_PLACEMENT_3D('',#9954,#9955,#9956);
#9954 = CARTESIAN_POINT('',(-0.355563971468,0.297946448965,
    0.684242474676));
#9955 = DIRECTION('',(0.890274118621,-4.327113918229E-02,-0.45336475627)
  );
#9956 = DIRECTION('',(0.453789791392,0.,0.891108761728));
#9957 = ADVANCED_FACE('',(#9958),#9968,.T.);
#9958 = FACE_BOUND('',#9959,.T.);
#9959 = EDGE_LOOP('',(#9960,#9961,#9962));
#9960 = ORIENTED_EDGE('',*,*,#9604,.F.);
#9961 = ORIENTED_EDGE('',*,*,#9946,.F.);
#9962 = ORIENTED_EDGE('',*,*,#9963,.T.);
#9963 = EDGE_CURVE('',#9939,#9605,#9964,.T.);
#9964 = LINE('',#9965,#9966);
#9965 = CARTESIAN_POINT('',(-0.39951351285,0.289220303297,0.598771452904
    ));
#9966 = VECTOR('',#9967,1.);
#9967 = DIRECTION('',(-0.222809918722,0.602604063917,-0.766305475819));
#9968 = PLANE('',#9969);
#9969 = AXIS2_PLACEMENT_3D('',#9970,#9971,#9972);
#9970 = CARTESIAN_POINT('',(-0.384746731756,0.360130780233,
    0.603699431629));
#9971 = DIRECTION('',(0.906278887156,-0.161585101702,-0.390575003813));
#9972 = DIRECTION('',(0.395775982418,0.,0.918347086749));
#9973 = ADVANCED_FACE('',(#9974),#9989,.T.);
#9974 = FACE_BOUND('',#9975,.T.);
#9975 = EDGE_LOOP('',(#9976,#9982,#9988));
#9976 = ORIENTED_EDGE('',*,*,#9977,.T.);
#9977 = EDGE_CURVE('',#3934,#8963,#9978,.T.);
#9978 = LINE('',#9979,#9980);
#9979 = CARTESIAN_POINT('',(-8.023011588421E-09,-0.248893916607,
    1.34764611721E-02));
#9980 = VECTOR('',#9981,1.);
#9981 = DIRECTION('',(-0.752614429035,-0.184025868851,0.632223062536));
#9982 = ORIENTED_EDGE('',*,*,#9983,.T.);
#9983 = EDGE_CURVE('',#8963,#4155,#9984,.T.);
#9984 = LINE('',#9985,#9986);
#9985 = CARTESIAN_POINT('',(-0.237753868103,-0.307028412819,
    0.213198214769));
#9986 = VECTOR('',#9987,1.);
#9987 = DIRECTION('',(0.933042024583,-0.251927680137,0.256836571273));
#9988 = ORIENTED_EDGE('',*,*,#4163,.F.);
#9989 = PLANE('',#9990);
#9990 = AXIS2_PLACEMENT_3D('',#9991,#9992,#9993);
#9991 = CARTESIAN_POINT('',(-7.863905663586E-02,-0.306890995367,
    0.163572834441));
#9992 = DIRECTION('',(0.12878312018,0.900470272322,0.415413284116));
#9993 = DIRECTION('',(0.,-0.418901568503,0.908031649176));
#9994 = ADVANCED_FACE('',(#9995),#10005,.T.);
#9995 = FACE_BOUND('',#9996,.T.);
#9996 = EDGE_LOOP('',(#9997,#9998,#9999));
#9997 = ORIENTED_EDGE('',*,*,#8962,.F.);
#9998 = ORIENTED_EDGE('',*,*,#9977,.F.);
#9999 = ORIENTED_EDGE('',*,*,#10000,.T.);
#10000 = EDGE_CURVE('',#3934,#8965,#10001,.T.);
#10001 = LINE('',#10002,#10003);
#10002 = CARTESIAN_POINT('',(-8.023011588421E-09,-0.248893916607,
    1.34764611721E-02));
#10003 = VECTOR('',#10004,1.);
#10004 = DIRECTION('',(-0.991399289367,0.125593321409,3.679356819763E-02
    ));
#10005 = PLANE('',#10006);
#10006 = AXIS2_PLACEMENT_3D('',#10007,#10008,#10009);
#10007 = CARTESIAN_POINT('',(-0.156499504134,-0.258668696883,
    8.331233610739E-02));
#10008 = DIRECTION('',(0.129464179638,0.900054111255,0.416102899537));
#10009 = DIRECTION('',(6.938893903907E-18,-0.419634501791,0.907693166718
    ));
#10010 = ADVANCED_FACE('',(#10011),#10021,.T.);
#10011 = FACE_BOUND('',#10012,.T.);
#10012 = EDGE_LOOP('',(#10013,#10014,#10015));
#10013 = ORIENTED_EDGE('',*,*,#9258,.F.);
#10014 = ORIENTED_EDGE('',*,*,#9692,.F.);
#10015 = ORIENTED_EDGE('',*,*,#10016,.T.);
#10016 = EDGE_CURVE('',#9685,#8805,#10017,.T.);
#10017 = LINE('',#10018,#10019);
#10018 = CARTESIAN_POINT('',(-0.412658452988,0.618720173836,
    0.420225381851));
#10019 = VECTOR('',#10020,1.);
#10020 = DIRECTION('',(0.187114105935,0.981063232329,5.003244479283E-02)
  );
#10021 = PLANE('',#10022);
#10022 = AXIS2_PLACEMENT_3D('',#10023,#10024,#10025);
#10023 = CARTESIAN_POINT('',(-0.371778438364,0.655602834135,
    0.511280007083));
#10024 = DIRECTION('',(0.923150928593,-0.158200064904,-0.350378513186));
#10025 = DIRECTION('',(0.354847074395,-1.387778780781E-17,0.934924357257
    ));
#10026 = ADVANCED_FACE('',(#10027),#10037,.T.);
#10027 = FACE_BOUND('',#10028,.T.);
#10028 = EDGE_LOOP('',(#10029,#10030,#10036));
#10029 = ORIENTED_EDGE('',*,*,#9908,.F.);
#10030 = ORIENTED_EDGE('',*,*,#10031,.T.);
#10031 = EDGE_CURVE('',#9884,#2944,#10032,.T.);
#10032 = LINE('',#10033,#10034);
#10033 = CARTESIAN_POINT('',(-0.106221236289,1.184909820557,
    0.513259887695));
#10034 = VECTOR('',#10035,1.);
#10035 = DIRECTION('',(0.618219697006,-0.759091054275,0.203924440796));
#10036 = ORIENTED_EDGE('',*,*,#8833,.F.);
#10037 = PLANE('',#10038);
#10038 = AXIS2_PLACEMENT_3D('',#10039,#10040,#10041);
#10039 = CARTESIAN_POINT('',(-0.114263144427,1.092203943625,
    0.525104837536));
#10040 = DIRECTION('',(0.152963894178,-0.138292163022,-0.978507702946));
#10041 = DIRECTION('',(-0.988000932665,0.,-0.154447910484));
#10042 = ADVANCED_FACE('',(#10043),#10053,.T.);
#10043 = FACE_BOUND('',#10044,.T.);
#10044 = EDGE_LOOP('',(#10045,#10046,#10052));
#10045 = ORIENTED_EDGE('',*,*,#8893,.F.);
#10046 = ORIENTED_EDGE('',*,*,#10047,.T.);
#10047 = EDGE_CURVE('',#8886,#4210,#10048,.T.);
#10048 = LINE('',#10049,#10050);
#10049 = CARTESIAN_POINT('',(-0.321965426207,0.792346417904,
    -2.203938364983E-02));
#10050 = VECTOR('',#10051,1.);
#10051 = DIRECTION('',(0.888518519813,-0.457908131593,-2.92400918294E-02
    ));
#10052 = ORIENTED_EDGE('',*,*,#4218,.F.);
#10053 = PLANE('',#10054);
#10054 = AXIS2_PLACEMENT_3D('',#10055,#10056,#10057);
#10055 = CARTESIAN_POINT('',(-0.112448795346,0.78396387791,
    -2.895776990378E-02));
#10056 = DIRECTION('',(3.301211534776E-02,2.352483024679E-04,
    0.999454923895));
#10057 = DIRECTION('',(0.999454951551,0.,-3.301211626123E-02));
#10058 = ADVANCED_FACE('',(#10059),#10074,.T.);
#10059 = FACE_BOUND('',#10060,.T.);
#10060 = EDGE_LOOP('',(#10061,#10067,#10073));
#10061 = ORIENTED_EDGE('',*,*,#10062,.T.);
#10062 = EDGE_CURVE('',#8604,#9939,#10063,.T.);
#10063 = LINE('',#10064,#10065);
#10064 = CARTESIAN_POINT('',(-0.46662029624,0.318226158619,
    0.323566734791));
#10065 = VECTOR('',#10066,1.);
#10066 = DIRECTION('',(0.235669511163,-0.101864452433,0.966479960909));
#10067 = ORIENTED_EDGE('',*,*,#10068,.T.);
#10068 = EDGE_CURVE('',#9939,#8636,#10069,.T.);
#10069 = LINE('',#10070,#10071);
#10070 = CARTESIAN_POINT('',(-0.39951351285,0.289220303297,
    0.598771452904));
#10071 = VECTOR('',#10072,1.);
#10072 = DIRECTION('',(-0.303948198912,-0.410705850654,-0.859613981167)
  );
#10073 = ORIENTED_EDGE('',*,*,#8644,.F.);
#10074 = PLANE('',#10075);
#10075 = AXIS2_PLACEMENT_3D('',#10076,#10077,#10078);
#10076 = CARTESIAN_POINT('',(-0.438944402326,0.27748205736,
    0.457606531009));
#10077 = DIRECTION('',(0.951329552777,-0.179023643166,-0.250843810371));
#10078 = DIRECTION('',(0.254962792441,6.938893903907E-18,0.966950864559)
  );
#10079 = ADVANCED_FACE('',(#10080),#10090,.T.);
#10080 = FACE_BOUND('',#10081,.T.);
#10081 = EDGE_LOOP('',(#10082,#10083,#10084));
#10082 = ORIENTED_EDGE('',*,*,#9963,.F.);
#10083 = ORIENTED_EDGE('',*,*,#10062,.F.);
#10084 = ORIENTED_EDGE('',*,*,#10085,.T.);
#10085 = EDGE_CURVE('',#8604,#9605,#10086,.T.);
#10086 = LINE('',#10087,#10088);
#10087 = CARTESIAN_POINT('',(-0.46662029624,0.318226158619,
    0.323566734791));
#10088 = VECTOR('',#10089,1.);
#10089 = DIRECTION('',(0.170530616548,0.479935179276,0.860570469231));
#10090 = PLANE('',#10091);
#10091 = AXIS2_PLACEMENT_3D('',#10092,#10093,#10094);
#10092 = CARTESIAN_POINT('',(-0.434269546074,0.328626138933,
    0.463337581014));
#10093 = DIRECTION('',(0.97095735164,6.689334412789E-02,-0.229710909207)
  );
#10094 = DIRECTION('',(0.230226586428,0.,0.973137050421));
#10095 = ADVANCED_FACE('',(#10096),#10113,.T.);
#10096 = FACE_BOUND('',#10097,.T.);
#10097 = EDGE_LOOP('',(#10098,#10106,#10112));
#10098 = ORIENTED_EDGE('',*,*,#10099,.T.);
#10099 = EDGE_CURVE('',#3019,#10100,#10102,.T.);
#10100 = VERTEX_POINT('',#10101);
#10101 = CARTESIAN_POINT('',(-0.224391102791,1.302502393723,
    -2.344617247581E-02));
#10102 = LINE('',#10103,#10104);
#10103 = CARTESIAN_POINT('',(-8.023011588421E-09,0.934853196144,
    -3.270748257637E-02));
#10104 = VECTOR('',#10105,1.);
#10105 = DIRECTION('',(-0.520850448322,0.85337722329,2.149709872806E-02)
  );
#10106 = ORIENTED_EDGE('',*,*,#10107,.T.);
#10107 = EDGE_CURVE('',#10100,#8908,#10108,.T.);
#10108 = LINE('',#10109,#10110);
#10109 = CARTESIAN_POINT('',(-0.224391102791,1.302502393723,
    -2.344617247581E-02));
#10110 = VECTOR('',#10111,1.);
#10111 = DIRECTION('',(-0.512407396347,-0.858555822714,
    1.790417415064E-02));
#10112 = ORIENTED_EDGE('',*,*,#8916,.F.);
#10113 = PLANE('',#10114);
#10114 = AXIS2_PLACEMENT_3D('',#10115,#10116,#10117);
#10115 = CARTESIAN_POINT('',(-0.162999309571,1.106110293573,
    -2.616305088879E-02));
#10116 = DIRECTION('',(3.811484046541E-02,-1.909246222959E-03,
    0.999271541532));
#10117 = DIRECTION('',(0.99927336282,0.,-3.811490993411E-02));
#10118 = ADVANCED_FACE('',(#10119),#10124,.T.);
#10119 = FACE_BOUND('',#10120,.T.);
#10120 = EDGE_LOOP('',(#10121,#10122,#10123));
#10121 = ORIENTED_EDGE('',*,*,#4292,.F.);
#10122 = ORIENTED_EDGE('',*,*,#4306,.F.);
#10123 = ORIENTED_EDGE('',*,*,#4298,.F.);
#10124 = PLANE('',#10125);
#10125 = AXIS2_PLACEMENT_3D('',#10126,#10127,#10128);
#10126 = CARTESIAN_POINT('',(-8.023011588421E-09,1.209820530744,
    -3.244148584813E-02));
#10127 = DIRECTION('',(1.,0.,0.));
#10128 = DIRECTION('',(-0.,0.,1.));
#10129 = ADVANCED_FACE('',(#10130),#10145,.T.);
#10130 = FACE_BOUND('',#10131,.T.);
#10131 = EDGE_LOOP('',(#10132,#10138,#10139));
#10132 = ORIENTED_EDGE('',*,*,#10133,.T.);
#10133 = EDGE_CURVE('',#10100,#3808,#10134,.T.);
#10134 = LINE('',#10135,#10136);
#10135 = CARTESIAN_POINT('',(-0.224391102791,1.302502393723,
    -2.344617247581E-02));
#10136 = VECTOR('',#10137,1.);
#10137 = DIRECTION('',(0.775831628618,0.630250982889,-2.947851087369E-02
    ));
#10138 = ORIENTED_EDGE('',*,*,#9642,.F.);
#10139 = ORIENTED_EDGE('',*,*,#10140,.T.);
#10140 = EDGE_CURVE('',#9635,#10100,#10141,.T.);
#10141 = LINE('',#10142,#10143);
#10142 = CARTESIAN_POINT('',(-0.290635406971,1.490549325943,
    -9.297281503677E-03));
#10143 = VECTOR('',#10144,1.);
#10144 = DIRECTION('',(0.331428116091,-0.940821120454,
    -7.078858081011E-02));
#10145 = PLANE('',#10146);
#10146 = AXIS2_PLACEMENT_3D('',#10147,#10148,#10149);
#10147 = CARTESIAN_POINT('',(-0.161771773,1.429499479647,
    -2.216421849403E-02));
#10148 = DIRECTION('',(7.674880279007E-02,-4.789602639424E-02,
    0.995899388455));
#10149 = DIRECTION('',(0.997043668802,4.336808689942E-19,
    -7.683698654407E-02));
#10150 = ADVANCED_FACE('',(#10151),#10156,.T.);
#10151 = FACE_BOUND('',#10152,.T.);
#10152 = EDGE_LOOP('',(#10153,#10154,#10155));
#10153 = ORIENTED_EDGE('',*,*,#10133,.F.);
#10154 = ORIENTED_EDGE('',*,*,#10099,.F.);
#10155 = ORIENTED_EDGE('',*,*,#4292,.T.);
#10156 = PLANE('',#10157);
#10157 = AXIS2_PLACEMENT_3D('',#10158,#10159,#10160);
#10158 = CARTESIAN_POINT('',(-6.361184407004E-02,1.22076643995,
    -2.983908105506E-02));
#10159 = DIRECTION('',(3.905240499608E-02,-1.336124377204E-03,
    0.999236270577));
#10160 = DIRECTION('',(0.99923716251,0.,-3.905243985486E-02));
#10161 = ADVANCED_FACE('',(#10162),#10177,.T.);
#10162 = FACE_BOUND('',#10163,.T.);
#10163 = EDGE_LOOP('',(#10164,#10170,#10171));
#10164 = ORIENTED_EDGE('',*,*,#10165,.T.);
#10165 = EDGE_CURVE('',#9685,#8614,#10166,.T.);
#10166 = LINE('',#10167,#10168);
#10167 = CARTESIAN_POINT('',(-0.412658452988,0.618720173836,
    0.420225381851));
#10168 = VECTOR('',#10169,1.);
#10169 = DIRECTION('',(-0.164302484645,-0.677010676359,-0.71739893897));
#10170 = ORIENTED_EDGE('',*,*,#9020,.F.);
#10171 = ORIENTED_EDGE('',*,*,#10172,.T.);
#10172 = EDGE_CURVE('',#9021,#9685,#10173,.T.);
#10173 = LINE('',#10174,#10175);
#10174 = CARTESIAN_POINT('',(-0.421395003796,0.744021832943,
    0.134090453386));
#10175 = VECTOR('',#10176,1.);
#10176 = DIRECTION('',(2.795785290182E-02,-0.400978078269,0.915660930262
    ));
#10177 = PLANE('',#10178);
#10178 = AXIS2_PLACEMENT_3D('',#10179,#10180,#10181);
#10179 = CARTESIAN_POINT('',(-0.438477954443,0.56423399234,
    0.227691117853));
#10180 = DIRECTION('',(0.985629578773,-0.141602524725,
    -9.210352023769E-02));
#10181 = DIRECTION('',(0.142206984452,0.989836942922,0.));
#10182 = ADVANCED_FACE('',(#10183),#10193,.T.);
#10183 = FACE_BOUND('',#10184,.T.);
#10184 = EDGE_LOOP('',(#10185,#10191,#10192));
#10185 = ORIENTED_EDGE('',*,*,#10186,.T.);
#10186 = EDGE_CURVE('',#9605,#8614,#10187,.T.);
#10187 = LINE('',#10188,#10189);
#10188 = CARTESIAN_POINT('',(-0.438990145922,0.395987451077,
    0.463000297546));
#10189 = VECTOR('',#10190,1.);
#10190 = DIRECTION('',(-0.115612142517,-0.128703850557,-0.984920885835)
  );
#10191 = ORIENTED_EDGE('',*,*,#10165,.F.);
#10192 = ORIENTED_EDGE('',*,*,#9684,.F.);
#10193 = PLANE('',#10194);
#10194 = AXIS2_PLACEMENT_3D('',#10195,#10196,#10197);
#10195 = CARTESIAN_POINT('',(-0.444805642054,0.45271735552,
    0.326176514931));
#10196 = DIRECTION('',(0.985930528857,-0.135385760977,
    -9.803921660546E-02));
#10197 = DIRECTION('',(0.136041132043,0.990703189857,0.));
#10198 = ADVANCED_FACE('',(#10199),#10221,.T.);
#10199 = FACE_BOUND('',#10200,.T.);
#10200 = EDGE_LOOP('',(#10201,#10209,#10215));
#10201 = ORIENTED_EDGE('',*,*,#10202,.T.);
#10202 = EDGE_CURVE('',#10203,#4155,#10205,.T.);
#10203 = VERTEX_POINT('',#10204);
#10204 = CARTESIAN_POINT('',(-0.349276006222,-0.237132668495,
    0.529140532017));
#10205 = LINE('',#10206,#10207);
#10206 = CARTESIAN_POINT('',(-0.349276006222,-0.237132668495,
    0.529140532017));
#10207 = VECTOR('',#10208,1.);
#10208 = DIRECTION('',(0.775742845452,-0.297816217485,-0.556352890109));
#10209 = ORIENTED_EDGE('',*,*,#10210,.T.);
#10210 = EDGE_CURVE('',#4155,#9290,#10211,.T.);
#10211 = LINE('',#10212,#10213);
#10212 = CARTESIAN_POINT('',(-8.023011588421E-09,-0.371223568916,
    0.278644233942));
#10213 = VECTOR('',#10214,1.);
#10214 = DIRECTION('',(-0.925056281583,0.269549023057,0.267608295973));
#10215 = ORIENTED_EDGE('',*,*,#10216,.T.);
#10216 = EDGE_CURVE('',#9290,#10203,#10217,.T.);
#10217 = LINE('',#10218,#10219);
#10218 = CARTESIAN_POINT('',(-0.378346920013,-0.260978341103,
    0.388095706701));
#10219 = VECTOR('',#10220,1.);
#10220 = DIRECTION('',(0.199156135023,0.163359570585,0.966255910502));
#10221 = PLANE('',#10222);
#10222 = AXIS2_PLACEMENT_3D('',#10223,#10224,#10225);
#10223 = CARTESIAN_POINT('',(-0.208022581461,-0.301024720275,
    0.383145366776));
#10224 = DIRECTION('',(0.218271790569,0.953844116089,-0.206249430651));
#10225 = DIRECTION('',(0.97480291556,-0.223067872667,0.));
#10226 = ADVANCED_FACE('',(#10227),#10242,.T.);
#10227 = FACE_BOUND('',#10228,.T.);
#10228 = EDGE_LOOP('',(#10229,#10235,#10236));
#10229 = ORIENTED_EDGE('',*,*,#10230,.T.);
#10230 = EDGE_CURVE('',#8697,#4155,#10231,.T.);
#10231 = LINE('',#10232,#10233);
#10232 = CARTESIAN_POINT('',(5.425026174635E-04,-0.317221820354,
    0.590848684311));
#10233 = VECTOR('',#10234,1.);
#10234 = DIRECTION('',(-1.712249858408E-03,-0.170438106519,
    -0.985366896159));
#10235 = ORIENTED_EDGE('',*,*,#10202,.F.);
#10236 = ORIENTED_EDGE('',*,*,#10237,.T.);
#10237 = EDGE_CURVE('',#10203,#8697,#10238,.T.);
#10238 = LINE('',#10239,#10240);
#10239 = CARTESIAN_POINT('',(-0.349276006222,-0.237132668495,
    0.529140532017));
#10240 = VECTOR('',#10241,1.);
#10241 = DIRECTION('',(0.96068044939,-0.219942857383,0.169464490812));
#10242 = PLANE('',#10243);
#10243 = AXIS2_PLACEMENT_3D('',#10244,#10245,#10246);
#10244 = CARTESIAN_POINT('',(-0.125560938452,-0.306702605913,
    0.462782833131));
#10245 = DIRECTION('',(0.247747295962,0.954576783334,-0.165542870769));
#10246 = DIRECTION('',(0.96793172964,-0.251213388887,6.938893903907E-18)
  );
#10247 = ADVANCED_FACE('',(#10248),#10258,.T.);
#10248 = FACE_BOUND('',#10249,.T.);
#10249 = EDGE_LOOP('',(#10250,#10251,#10257));
#10250 = ORIENTED_EDGE('',*,*,#10031,.F.);
#10251 = ORIENTED_EDGE('',*,*,#10252,.T.);
#10252 = EDGE_CURVE('',#9884,#4439,#10253,.T.);
#10253 = LINE('',#10254,#10255);
#10254 = CARTESIAN_POINT('',(-0.106221236289,1.184909820557,
    0.513259887695));
#10255 = VECTOR('',#10256,1.);
#10256 = DIRECTION('',(0.588494014018,0.798000907553,-0.129882050373));
#10257 = ORIENTED_EDGE('',*,*,#4447,.F.);
#10258 = PLANE('',#10259);
#10259 = AXIS2_PLACEMENT_3D('',#10260,#10261,#10262);
#10260 = CARTESIAN_POINT('',(-2.956317055914E-02,1.190762110954,
    0.517243227094));
#10261 = DIRECTION('',(6.658310804758E-02,-0.20793492166,-0.97587384332)
  );
#10262 = DIRECTION('',(-1.734723475977E-18,-0.978044238288,
    0.208397379908));
#10263 = ADVANCED_FACE('',(#10264),#10284,.T.);
#10264 = FACE_BOUND('',#10265,.T.);
#10265 = EDGE_LOOP('',(#10266,#10272,#10278));
#10266 = ORIENTED_EDGE('',*,*,#10267,.T.);
#10267 = EDGE_CURVE('',#9432,#4439,#10268,.T.);
#10268 = LINE('',#10269,#10270);
#10269 = CARTESIAN_POINT('',(-0.320522516966,1.606159329414,
    0.354996532202));
#10270 = VECTOR('',#10271,1.);
#10271 = DIRECTION('',(0.720761069123,-0.623370641367,0.303170784738));
#10272 = ORIENTED_EDGE('',*,*,#10273,.T.);
#10273 = EDGE_CURVE('',#4439,#9746,#10274,.T.);
#10274 = LINE('',#10275,#10276);
#10275 = CARTESIAN_POINT('',(-8.023011588421E-09,1.328946352005,
    0.489816606045));
#10276 = VECTOR('',#10277,1.);
#10277 = DIRECTION('',(-0.996462435626,-1.815675040284E-02,
    -8.20545355248E-02));
#10278 = ORIENTED_EDGE('',*,*,#10279,.T.);
#10279 = EDGE_CURVE('',#9746,#9432,#10280,.T.);
#10280 = LINE('',#10281,#10282);
#10281 = CARTESIAN_POINT('',(-0.238828018308,1.32459461689,
    0.470150113106));
#10282 = VECTOR('',#10283,1.);
#10283 = DIRECTION('',(-0.259363265085,0.893910169872,-0.365588983592));
#10284 = PLANE('',#10285);
#10285 = AXIS2_PLACEMENT_3D('',#10286,#10287,#10288);
#10286 = CARTESIAN_POINT('',(-0.188102206886,1.433103196179,
    0.433115937845));
#10287 = DIRECTION('',(8.312640375552E-02,-0.356475377882,
    -0.930599433679));
#10288 = DIRECTION('',(0.,-0.93383141367,0.357713419994));
#10289 = ADVANCED_FACE('',(#10290),#10295,.T.);
#10290 = FACE_BOUND('',#10291,.T.);
#10291 = EDGE_LOOP('',(#10292,#10293,#10294));
#10292 = ORIENTED_EDGE('',*,*,#4467,.F.);
#10293 = ORIENTED_EDGE('',*,*,#10267,.F.);
#10294 = ORIENTED_EDGE('',*,*,#9447,.F.);
#10295 = PLANE('',#10296);
#10296 = AXIS2_PLACEMENT_3D('',#10297,#10298,#10299);
#10297 = CARTESIAN_POINT('',(-0.119797329322,1.506396975193,
    0.425599609682));
#10298 = DIRECTION('',(0.246412425712,-0.178382198671,-0.952607320805));
#10299 = DIRECTION('',(-0.968134971125,0.,-0.250428987309));
#10300 = ADVANCED_FACE('',(#10301),#10306,.T.);
#10301 = FACE_BOUND('',#10302,.T.);
#10302 = EDGE_LOOP('',(#10303,#10304,#10305));
#10303 = ORIENTED_EDGE('',*,*,#9176,.F.);
#10304 = ORIENTED_EDGE('',*,*,#8780,.F.);
#10305 = ORIENTED_EDGE('',*,*,#8635,.F.);
#10306 = PLANE('',#10307);
#10307 = AXIS2_PLACEMENT_3D('',#10308,#10309,#10310);
#10308 = CARTESIAN_POINT('',(-0.474962643928,0.164346231524,
    0.333018653184));
#10309 = DIRECTION('',(0.988417422005,-7.829775120783E-02,
    -0.130001777035));
#10310 = DIRECTION('',(0.130402109073,0.,0.991461189331));
#10311 = ADVANCED_FACE('',(#10312),#10322,.T.);
#10312 = FACE_BOUND('',#10313,.T.);
#10313 = EDGE_LOOP('',(#10314,#10320,#10321));
#10314 = ORIENTED_EDGE('',*,*,#10315,.T.);
#10315 = EDGE_CURVE('',#9544,#9483,#10316,.T.);
#10316 = LINE('',#10317,#10318);
#10317 = CARTESIAN_POINT('',(-0.381544232368,3.830128908157E-02,
    0.655421316624));
#10318 = VECTOR('',#10319,1.);
#10319 = DIRECTION('',(-0.287656980821,-0.3387215002,-0.895835479699));
#10320 = ORIENTED_EDGE('',*,*,#9482,.F.);
#10321 = ORIENTED_EDGE('',*,*,#9551,.F.);
#10322 = PLANE('',#10323);
#10323 = AXIS2_PLACEMENT_3D('',#10324,#10325,#10326);
#10324 = CARTESIAN_POINT('',(-0.41547708659,2.167698667831E-02,
    0.55950522252));
#10325 = DIRECTION('',(0.924128776809,0.147436682043,-0.352488905729));
#10326 = DIRECTION('',(0.356383645721,0.,0.934339711809));
#10327 = ADVANCED_FACE('',(#10328),#10333,.T.);
#10328 = FACE_BOUND('',#10329,.T.);
#10329 = EDGE_LOOP('',(#10330,#10331,#10332));
#10330 = ORIENTED_EDGE('',*,*,#8885,.F.);
#10331 = ORIENTED_EDGE('',*,*,#9095,.F.);
#10332 = ORIENTED_EDGE('',*,*,#9029,.F.);
#10333 = PLANE('',#10334);
#10334 = AXIS2_PLACEMENT_3D('',#10335,#10336,#10337);
#10335 = CARTESIAN_POINT('',(-0.376815290513,0.818738791979,
    3.677953258038E-02));
#10336 = DIRECTION('',(0.761179201637,0.296835405658,0.576623763769));
#10337 = DIRECTION('',(-0.603839626043,0.,0.797105831129));
#10338 = ADVANCED_FACE('',(#10339),#10354,.T.);
#10339 = FACE_BOUND('',#10340,.T.);
#10340 = EDGE_LOOP('',(#10341,#10347,#10348));
#10341 = ORIENTED_EDGE('',*,*,#10342,.T.);
#10342 = EDGE_CURVE('',#9583,#4542,#10343,.T.);
#10343 = LINE('',#10344,#10345);
#10344 = CARTESIAN_POINT('',(-0.237275570631,0.509671866894,
    0.747447907925));
#10345 = VECTOR('',#10346,1.);
#10346 = DIRECTION('',(0.977456603166,8.642072116057E-02,0.192639684076)
  );
#10347 = ORIENTED_EDGE('',*,*,#4564,.F.);
#10348 = ORIENTED_EDGE('',*,*,#10349,.T.);
#10349 = EDGE_CURVE('',#4565,#9583,#10350,.T.);
#10350 = LINE('',#10351,#10352);
#10351 = CARTESIAN_POINT('',(-8.023011588421E-09,0.407672971487,
    0.850743532181));
#10352 = VECTOR('',#10353,1.);
#10353 = DIRECTION('',(-0.853015694308,0.366690347829,-0.371352142949));
#10354 = PLANE('',#10355);
#10355 = AXIS2_PLACEMENT_3D('',#10356,#10357,#10358);
#10356 = CARTESIAN_POINT('',(-9.416948562573E-02,0.483580242646,
    0.79346234653));
#10357 = DIRECTION('',(0.21112790168,-0.40826577567,-0.888112642376));
#10358 = DIRECTION('',(1.387778780781E-17,-0.908593759779,0.417680954426
    ));
#10359 = ADVANCED_FACE('',(#10360),#10370,.T.);
#10360 = FACE_BOUND('',#10361,.T.);
#10361 = EDGE_LOOP('',(#10362,#10368,#10369));
#10362 = ORIENTED_EDGE('',*,*,#10363,.T.);
#10363 = EDGE_CURVE('',#9243,#4542,#10364,.T.);
#10364 = LINE('',#10365,#10366);
#10365 = CARTESIAN_POINT('',(-0.110062740743,0.584333598614,0.7466558218
    ));
#10366 = VECTOR('',#10367,1.);
#10367 = DIRECTION('',(0.837829100602,-0.408652537328,0.362002074468));
#10368 = ORIENTED_EDGE('',*,*,#10342,.F.);
#10369 = ORIENTED_EDGE('',*,*,#9582,.F.);
#10370 = PLANE('',#10371);
#10371 = AXIS2_PLACEMENT_3D('',#10372,#10373,#10374);
#10372 = CARTESIAN_POINT('',(-0.118180975334,0.537153012077,
    0.764005704066));
#10373 = DIRECTION('',(0.211016759573,-0.369144338659,-0.905099101986));
#10374 = DIRECTION('',(1.387778780781E-17,-0.925949215851,0.377648049995
    ));
#10375 = ADVANCED_FACE('',(#10376),#10381,.T.);
#10376 = FACE_BOUND('',#10377,.T.);
#10377 = EDGE_LOOP('',(#10378,#10379,#10380));
#10378 = ORIENTED_EDGE('',*,*,#10016,.F.);
#10379 = ORIENTED_EDGE('',*,*,#10172,.F.);
#10380 = ORIENTED_EDGE('',*,*,#9115,.F.);
#10381 = PLANE('',#10382);
#10382 = AXIS2_PLACEMENT_3D('',#10383,#10384,#10385);
#10383 = CARTESIAN_POINT('',(-0.405178872771,0.723443462603,
    0.313576275499));
#10384 = DIRECTION('',(0.977444430033,-0.180862753943,-0.109046093156));
#10385 = DIRECTION('',(0.181947764086,0.983308197436,3.469446951954E-18)
  );
#10386 = ADVANCED_FACE('',(#10387),#10402,.T.);
#10387 = FACE_BOUND('',#10388,.T.);
#10388 = EDGE_LOOP('',(#10389,#10395,#10396));
#10389 = ORIENTED_EDGE('',*,*,#10390,.T.);
#10390 = EDGE_CURVE('',#9483,#9290,#10391,.T.);
#10391 = LINE('',#10392,#10393);
#10392 = CARTESIAN_POINT('',(-0.440210819244,-3.077971935272E-02,
    0.472718954086));
#10393 = VECTOR('',#10394,1.);
#10394 = DIRECTION('',(0.244577436498,-0.91008471003,-0.33455597159));
#10395 = ORIENTED_EDGE('',*,*,#9923,.F.);
#10396 = ORIENTED_EDGE('',*,*,#10397,.T.);
#10397 = EDGE_CURVE('',#9333,#9483,#10398,.T.);
#10398 = LINE('',#10399,#10400);
#10399 = CARTESIAN_POINT('',(-0.458060204983,-0.119212090969,
    0.2970456779));
#10400 = VECTOR('',#10401,1.);
#10401 = DIRECTION('',(9.038389559019E-02,0.447794807066,0.88955638505)
  );
#10402 = PLANE('',#10403);
#10403 = AXIS2_PLACEMENT_3D('',#10404,#10405,#10406);
#10404 = CARTESIAN_POINT('',(-0.424251034781,-0.136839167209,
    0.390580391699));
#10405 = DIRECTION('',(0.903298818986,0.339276739677,-0.262569110012));
#10406 = DIRECTION('',(-0.351613744651,0.936145167467,0.));
#10407 = ADVANCED_FACE('',(#10408),#10418,.T.);
#10408 = FACE_BOUND('',#10409,.T.);
#10409 = EDGE_LOOP('',(#10410,#10411,#10412));
#10410 = ORIENTED_EDGE('',*,*,#10216,.F.);
#10411 = ORIENTED_EDGE('',*,*,#10390,.F.);
#10412 = ORIENTED_EDGE('',*,*,#10413,.T.);
#10413 = EDGE_CURVE('',#9483,#10203,#10414,.T.);
#10414 = LINE('',#10415,#10416);
#10415 = CARTESIAN_POINT('',(-0.440210819244,-3.077971935272E-02,
    0.472718954086));
#10416 = VECTOR('',#10417,1.);
#10417 = DIRECTION('',(0.391197724875,-0.887721671631,0.242723245219));
#10418 = PLANE('',#10419);
#10419 = AXIS2_PLACEMENT_3D('',#10420,#10421,#10422);
#10420 = CARTESIAN_POINT('',(-0.393415299369,-0.165343574908,
    0.462894160889));
#10421 = DIRECTION('',(0.910265951092,0.334377048182,-0.244147266892));
#10422 = DIRECTION('',(-0.344811681796,0.938671883086,1.387778780781E-17
    ));
#10423 = ADVANCED_FACE('',(#10424),#10439,.T.);
#10424 = FACE_BOUND('',#10425,.T.);
#10425 = EDGE_LOOP('',(#10426,#10427,#10433));
#10426 = ORIENTED_EDGE('',*,*,#8907,.F.);
#10427 = ORIENTED_EDGE('',*,*,#10428,.T.);
#10428 = EDGE_CURVE('',#8908,#9861,#10429,.T.);
#10429 = LINE('',#10430,#10431);
#10430 = CARTESIAN_POINT('',(-0.325288802385,1.133444905281,
    -1.992067694664E-02));
#10431 = VECTOR('',#10432,1.);
#10432 = DIRECTION('',(-0.77419752952,-0.576343076076,0.261623477435));
#10433 = ORIENTED_EDGE('',*,*,#10434,.T.);
#10434 = EDGE_CURVE('',#9861,#8878,#10435,.T.);
#10435 = LINE('',#10436,#10437);
#10436 = CARTESIAN_POINT('',(-0.427417457104,1.057416319847,
    1.459151506424E-02));
#10437 = VECTOR('',#10438,1.);
#10438 = DIRECTION('',(0.363384551796,-0.897971827438,-0.248189976922));
#10439 = PLANE('',#10440);
#10440 = AXIS2_PLACEMENT_3D('',#10441,#10442,#10443);
#10441 = CARTESIAN_POINT('',(-0.372055685824,1.035836340953,
    -1.085524766411E-02));
#10442 = DIRECTION('',(0.383642139823,-9.853416939448E-02,0.918210066387
    ));
#10443 = DIRECTION('',(0.922700231924,0.,-0.38551819932));
#10444 = ADVANCED_FACE('',(#10445),#10455,.T.);
#10445 = FACE_BOUND('',#10446,.T.);
#10446 = EDGE_LOOP('',(#10447,#10453,#10454));
#10447 = ORIENTED_EDGE('',*,*,#10448,.T.);
#10448 = EDGE_CURVE('',#8750,#8614,#10449,.T.);
#10449 = LINE('',#10450,#10451);
#10450 = CARTESIAN_POINT('',(-0.507223665714,8.369165658951E-02,
    1.484176516533E-02));
#10451 = VECTOR('',#10452,1.);
#10452 = DIRECTION('',(0.101202464538,0.903381348107,0.416725570447));
#10453 = ORIENTED_EDGE('',*,*,#8613,.F.);
#10454 = ORIENTED_EDGE('',*,*,#8757,.F.);
#10455 = PLANE('',#10456);
#10456 = AXIS2_PLACEMENT_3D('',#10457,#10458,#10459);
#10457 = CARTESIAN_POINT('',(-0.492349446822,0.208490787664,
    0.106172268487));
#10458 = DIRECTION('',(0.994710211828,-9.929086867684E-02,
    -2.632333342689E-02));
#10459 = DIRECTION('',(9.932528677381E-02,0.995055017277,0.));
#10460 = ADVANCED_FACE('',(#10461),#10476,.T.);
#10461 = FACE_BOUND('',#10462,.T.);
#10462 = EDGE_LOOP('',(#10463,#10469,#10470));
#10463 = ORIENTED_EDGE('',*,*,#10464,.T.);
#10464 = EDGE_CURVE('',#8659,#8614,#10465,.T.);
#10465 = LINE('',#10466,#10467);
#10466 = CARTESIAN_POINT('',(-0.441614419222,0.242042869329,
    -2.331137657166E-04));
#10467 = VECTOR('',#10468,1.);
#10468 = DIRECTION('',(-0.194028403941,0.612671933519,0.766150168271));
#10469 = ORIENTED_EDGE('',*,*,#10448,.F.);
#10470 = ORIENTED_EDGE('',*,*,#10471,.T.);
#10471 = EDGE_CURVE('',#8750,#8659,#10472,.T.);
#10472 = LINE('',#10473,#10474);
#10473 = CARTESIAN_POINT('',(-0.507223665714,8.369165658951E-02,
    1.484176516533E-02));
#10474 = VECTOR('',#10475,1.);
#10475 = DIRECTION('',(0.381301354952,0.920289977466,-8.761069619677E-02
    ));
#10476 = PLANE('',#10477);
#10477 = AXIS2_PLACEMENT_3D('',#10478,#10479,#10480);
#10478 = CARTESIAN_POINT('',(-0.478289484879,0.226080163967,
    5.66251562287E-02));
#10479 = DIRECTION('',(0.837243616654,-0.303595425052,0.454810888457));
#10480 = DIRECTION('',(-0.477340882671,-1.387778780781E-17,
    0.878718203823));
#10481 = ADVANCED_FACE('',(#10482),#10492,.T.);
#10482 = FACE_BOUND('',#10483,.T.);
#10483 = EDGE_LOOP('',(#10484,#10490,#10491));
#10484 = ORIENTED_EDGE('',*,*,#10485,.T.);
#10485 = EDGE_CURVE('',#9939,#9169,#10486,.T.);
#10486 = LINE('',#10487,#10488);
#10487 = CARTESIAN_POINT('',(-0.39951351285,0.289220303297,
    0.598771452904));
#10488 = VECTOR('',#10489,1.);
#10489 = DIRECTION('',(-0.118670903728,-0.970900221968,-0.208014363904)
  );
#10490 = ORIENTED_EDGE('',*,*,#9182,.F.);
#10491 = ORIENTED_EDGE('',*,*,#10068,.F.);
#10492 = PLANE('',#10493);
#10493 = AXIS2_PLACEMENT_3D('',#10494,#10495,#10496);
#10494 = CARTESIAN_POINT('',(-0.427024706417,0.190077769342,
    0.530721199092));
#10495 = DIRECTION('',(0.948806076935,-4.912123224604E-02,
    -0.312016238221));
#10496 = DIRECTION('',(0.312393352093,-1.734723475977E-18,0.949952837549
    ));
#10497 = ADVANCED_FACE('',(#10498),#10503,.T.);
#10498 = FACE_BOUND('',#10499,.T.);
#10499 = EDGE_LOOP('',(#10500,#10501,#10502));
#10500 = ORIENTED_EDGE('',*,*,#9567,.F.);
#10501 = ORIENTED_EDGE('',*,*,#10485,.F.);
#10502 = ORIENTED_EDGE('',*,*,#9938,.F.);
#10503 = PLANE('',#10504);
#10504 = AXIS2_PLACEMENT_3D('',#10505,#10506,#10507);
#10505 = CARTESIAN_POINT('',(-0.394264400451,0.182917065179,
    0.613415197769));
#10506 = DIRECTION('',(0.89875691755,-1.597852320215E-02,-0.438156010974
    ));
#10507 = DIRECTION('',(0.438211955195,-8.673617379884E-19,0.898871671778
    ));
#10508 = ADVANCED_FACE('',(#10509),#10519,.T.);
#10509 = FACE_BOUND('',#10510,.T.);
#10510 = EDGE_LOOP('',(#10511,#10512,#10518));
#10511 = ORIENTED_EDGE('',*,*,#9363,.F.);
#10512 = ORIENTED_EDGE('',*,*,#10513,.T.);
#10513 = EDGE_CURVE('',#8574,#9635,#10514,.T.);
#10514 = LINE('',#10515,#10516);
#10515 = CARTESIAN_POINT('',(-0.448486357927,1.531192779541,
    1.411989331245E-02));
#10516 = VECTOR('',#10517,1.);
#10517 = DIRECTION('',(0.958572495958,-0.246813190062,-0.142204146227));
#10518 = ORIENTED_EDGE('',*,*,#9662,.F.);
#10519 = PLANE('',#10520);
#10520 = AXIS2_PLACEMENT_3D('',#10521,#10522,#10523);
#10521 = CARTESIAN_POINT('',(-0.36627736937,1.54744793279,
    6.23765692676E-03));
#10522 = DIRECTION('',(0.117080289655,-0.113718697618,0.986590220703));
#10523 = DIRECTION('',(0.993032031162,1.734723475977E-18,-0.117844749933
    ));
#10524 = ADVANCED_FACE('',(#10525),#10530,.T.);
#10525 = FACE_BOUND('',#10526,.T.);
#10526 = EDGE_LOOP('',(#10527,#10528,#10529));
#10527 = ORIENTED_EDGE('',*,*,#10210,.F.);
#10528 = ORIENTED_EDGE('',*,*,#9983,.F.);
#10529 = ORIENTED_EDGE('',*,*,#9297,.F.);
#10530 = PLANE('',#10531);
#10531 = AXIS2_PLACEMENT_3D('',#10532,#10533,#10534);
#10532 = CARTESIAN_POINT('',(-0.199610648967,-0.314437073917,
    0.300018316343));
#10533 = DIRECTION('',(0.269835597047,0.962216675298,-3.643926925905E-02
    ));
#10534 = DIRECTION('',(0.962856137626,-0.270014922248,0.));
#10535 = ADVANCED_FACE('',(#10536),#10551,.T.);
#10536 = FACE_BOUND('',#10537,.T.);
#10537 = EDGE_LOOP('',(#10538,#10544,#10545));
#10538 = ORIENTED_EDGE('',*,*,#10539,.T.);
#10539 = EDGE_CURVE('',#10203,#8719,#10540,.T.);
#10540 = LINE('',#10541,#10542);
#10541 = CARTESIAN_POINT('',(-0.349276006222,-0.237132668495,
    0.529140532017));
#10542 = VECTOR('',#10543,1.);
#10543 = DIRECTION('',(0.529158429796,0.574409875905,0.624535547939));
#10544 = ORIENTED_EDGE('',*,*,#8727,.F.);
#10545 = ORIENTED_EDGE('',*,*,#10546,.T.);
#10546 = EDGE_CURVE('',#8689,#10203,#10547,.T.);
#10547 = LINE('',#10548,#10549);
#10548 = CARTESIAN_POINT('',(-0.255293518305,-0.276035308838,
    0.589520931244));
#10549 = VECTOR('',#10550,1.);
#10550 = DIRECTION('',(-0.794526417551,0.328882285943,-0.510454908691));
#10551 = PLANE('',#10552);
#10552 = AXIS2_PLACEMENT_3D('',#10553,#10554,#10555);
#10553 = CARTESIAN_POINT('',(-0.26885316385,-0.18970621452,
    0.609758269925));
#10554 = DIRECTION('',(0.597166908804,0.270790381423,-0.755025994492));
#10555 = DIRECTION('',(-0.784329861875,0.,-0.620343991485));
#10556 = ADVANCED_FACE('',(#10557),#10567,.T.);
#10557 = FACE_BOUND('',#10558,.T.);
#10558 = EDGE_LOOP('',(#10559,#10560,#10566));
#10559 = ORIENTED_EDGE('',*,*,#9468,.F.);
#10560 = ORIENTED_EDGE('',*,*,#10561,.T.);
#10561 = EDGE_CURVE('',#9432,#9394,#10562,.T.);
#10562 = LINE('',#10563,#10564);
#10563 = CARTESIAN_POINT('',(-0.320522516966,1.606159329414,
    0.354996532202));
#10564 = VECTOR('',#10565,1.);
#10565 = DIRECTION('',(-0.229612381882,-0.966400754934,0.115532397834));
#10566 = ORIENTED_EDGE('',*,*,#9393,.F.);
#10567 = PLANE('',#10568);
#10568 = AXIS2_PLACEMENT_3D('',#10569,#10570,#10571);
#10569 = CARTESIAN_POINT('',(-0.324865541079,1.599283271074,
    0.326703367697));
#10570 = DIRECTION('',(0.966501298689,-0.240388217041,
    -8.993744903817E-02));
#10571 = DIRECTION('',(0.241366374571,0.970434064338,-3.469446951954E-18
    ));
#10572 = ADVANCED_FACE('',(#10573),#10583,.T.);
#10573 = FACE_BOUND('',#10574,.T.);
#10574 = EDGE_LOOP('',(#10575,#10581,#10582));
#10575 = ORIENTED_EDGE('',*,*,#10576,.T.);
#10576 = EDGE_CURVE('',#9544,#10203,#10577,.T.);
#10577 = LINE('',#10578,#10579);
#10578 = CARTESIAN_POINT('',(-0.381544232368,3.830128908157E-02,
    0.655421316624));
#10579 = VECTOR('',#10580,1.);
#10580 = DIRECTION('',(0.105896011008,-0.903903340426,-0.414421025069));
#10581 = ORIENTED_EDGE('',*,*,#10413,.F.);
#10582 = ORIENTED_EDGE('',*,*,#10315,.F.);
#10583 = PLANE('',#10584);
#10584 = AXIS2_PLACEMENT_3D('',#10585,#10586,#10587);
#10585 = CARTESIAN_POINT('',(-0.387122683291,-8.185640749784E-02,
    0.555865136124));
#10586 = DIRECTION('',(0.877844539305,0.28074814028,-0.388032790549));
#10587 = DIRECTION('',(0.404292852321,1.387778780781E-17,0.914629591453)
  );
#10588 = ADVANCED_FACE('',(#10589),#10599,.T.);
#10589 = FACE_BOUND('',#10590,.T.);
#10590 = EDGE_LOOP('',(#10591,#10592,#10593));
#10591 = ORIENTED_EDGE('',*,*,#10539,.F.);
#10592 = ORIENTED_EDGE('',*,*,#10576,.F.);
#10593 = ORIENTED_EDGE('',*,*,#10594,.T.);
#10594 = EDGE_CURVE('',#9544,#8719,#10595,.T.);
#10595 = LINE('',#10596,#10597);
#10596 = CARTESIAN_POINT('',(-0.381544232368,3.830128908157E-02,
    0.655421316624));
#10597 = VECTOR('',#10598,1.);
#10598 = DIRECTION('',(0.781995241091,-0.604022913884,0.153752276127));
#10599 = PLANE('',#10600);
#10600 = AXIS2_PLACEMENT_3D('',#10601,#10602,#10603);
#10601 = CARTESIAN_POINT('',(-0.319245208554,-0.10045834648,
    0.619683957791));
#10602 = DIRECTION('',(0.471850696397,0.412532594857,-0.779213564108));
#10603 = DIRECTION('',(-0.855392379949,2.775557561563E-17,-0.51798057524
    ));
#10604 = ADVANCED_FACE('',(#10605),#10615,.T.);
#10605 = FACE_BOUND('',#10606,.T.);
#10606 = EDGE_LOOP('',(#10607,#10608,#10614));
#10607 = ORIENTED_EDGE('',*,*,#9590,.F.);
#10608 = ORIENTED_EDGE('',*,*,#10609,.T.);
#10609 = EDGE_CURVE('',#9583,#8941,#10610,.T.);
#10610 = LINE('',#10611,#10612);
#10611 = CARTESIAN_POINT('',(-0.237275570631,0.509671866894,
    0.747447907925));
#10612 = VECTOR('',#10613,1.);
#10613 = DIRECTION('',(-0.533921067181,-0.845383804012,
    -1.595361823184E-02));
#10614 = ORIENTED_EDGE('',*,*,#9618,.F.);
#10615 = PLANE('',#10616);
#10616 = AXIS2_PLACEMENT_3D('',#10617,#10618,#10619);
#10617 = CARTESIAN_POINT('',(-0.300931212486,0.476738158841,
    0.713829071582));
#10618 = DIRECTION('',(0.572101136443,-0.347301373404,-0.743022237697));
#10619 = DIRECTION('',(-0.792342745812,2.775557561563E-17,
    -0.610076202747));
#10620 = ADVANCED_FACE('',(#10621),#10626,.T.);
#10621 = FACE_BOUND('',#10622,.T.);
#10622 = EDGE_LOOP('',(#10623,#10624,#10625));
#10623 = ORIENTED_EDGE('',*,*,#8668,.F.);
#10624 = ORIENTED_EDGE('',*,*,#9830,.F.);
#10625 = ORIENTED_EDGE('',*,*,#4834,.F.);
#10626 = PLANE('',#10627);
#10627 = AXIS2_PLACEMENT_3D('',#10628,#10629,#10630);
#10628 = CARTESIAN_POINT('',(-6.984729558643E-02,0.130975775507,
    -3.088821620685E-02));
#10629 = DIRECTION('',(2.284921163931E-02,7.431829633736E-04,
    0.99973864645));
#10630 = DIRECTION('',(0.999738922539,0.,-2.284921794936E-02));
#10631 = ADVANCED_FACE('',(#10632),#10637,.T.);
#10632 = FACE_BOUND('',#10633,.T.);
#10633 = EDGE_LOOP('',(#10634,#10635,#10636));
#10634 = ORIENTED_EDGE('',*,*,#10273,.F.);
#10635 = ORIENTED_EDGE('',*,*,#10252,.F.);
#10636 = ORIENTED_EDGE('',*,*,#9892,.F.);
#10637 = PLANE('',#10638);
#10638 = AXIS2_PLACEMENT_3D('',#10639,#10640,#10641);
#10639 = CARTESIAN_POINT('',(-0.117009141993,1.283339369163,
    0.490029769704));
#10640 = DIRECTION('',(8.403831795495E-02,-0.220150752227,
    -0.971839085142));
#10641 = DIRECTION('',(-3.469446951954E-18,-0.975289147398,
    0.220932294987));
#10642 = ADVANCED_FACE('',(#10643),#10648,.T.);
#10643 = FACE_BOUND('',#10644,.T.);
#10644 = EDGE_LOOP('',(#10645,#10646,#10647));
#10645 = ORIENTED_EDGE('',*,*,#9341,.F.);
#10646 = ORIENTED_EDGE('',*,*,#9845,.F.);
#10647 = ORIENTED_EDGE('',*,*,#10397,.F.);
#10648 = PLANE('',#10649);
#10649 = AXIS2_PLACEMENT_3D('',#10650,#10651,#10652);
#10650 = CARTESIAN_POINT('',(-0.459480441258,-6.085894063623E-02,
    0.339124634868));
#10651 = DIRECTION('',(0.973387667422,0.149151788945,-0.173983311745));
#10652 = DIRECTION('',(0.175951449744,0.,0.984398845658));
#10653 = ADVANCED_FACE('',(#10654),#10664,.T.);
#10654 = FACE_BOUND('',#10655,.T.);
#10655 = EDGE_LOOP('',(#10656,#10662,#10663));
#10656 = ORIENTED_EDGE('',*,*,#10657,.T.);
#10657 = EDGE_CURVE('',#4210,#8999,#10658,.T.);
#10658 = LINE('',#10659,#10660);
#10659 = CARTESIAN_POINT('',(-8.023011588421E-09,0.62641787529,
    -3.263488411903E-02));
#10660 = VECTOR('',#10661,1.);
#10661 = DIRECTION('',(-0.948879015825,-0.314743359763,
    2.377458330237E-02));
#10662 = ORIENTED_EDGE('',*,*,#9311,.F.);
#10663 = ORIENTED_EDGE('',*,*,#4877,.F.);
#10664 = PLANE('',#10665);
#10665 = AXIS2_PLACEMENT_3D('',#10666,#10667,#10668);
#10666 = CARTESIAN_POINT('',(-0.139839719794,0.435651785892,
    -2.909819212037E-02));
#10667 = DIRECTION('',(2.497196133704E-02,2.281176938971E-04,
    0.999688125922));
#10668 = DIRECTION('',(0.999688151933,0.,-2.497196198678E-02));
#10669 = ADVANCED_FACE('',(#10670),#10680,.T.);
#10670 = FACE_BOUND('',#10671,.T.);
#10671 = EDGE_LOOP('',(#10672,#10673,#10679));
#10672 = ORIENTED_EDGE('',*,*,#10140,.F.);
#10673 = ORIENTED_EDGE('',*,*,#10674,.T.);
#10674 = EDGE_CURVE('',#9635,#8908,#10675,.T.);
#10675 = LINE('',#10676,#10677);
#10676 = CARTESIAN_POINT('',(-0.290635406971,1.490549325943,
    -9.297281503677E-03));
#10677 = VECTOR('',#10678,1.);
#10678 = DIRECTION('',(-9.654393980495E-02,-0.994888589711,
    -2.959665100364E-02));
#10679 = ORIENTED_EDGE('',*,*,#10107,.F.);
#10680 = PLANE('',#10681);
#10681 = AXIS2_PLACEMENT_3D('',#10682,#10683,#10684);
#10682 = CARTESIAN_POINT('',(-0.285989077074,1.309854971045,
    -1.691849135677E-02));
#10683 = DIRECTION('',(0.100655644531,-3.934209449905E-02,0.994143169179
    ));
#10684 = DIRECTION('',(0.99491343105,0.,-0.100733632498));
#10685 = ADVANCED_FACE('',(#10686),#10691,.T.);
#10686 = FACE_BOUND('',#10687,.T.);
#10687 = EDGE_LOOP('',(#10688,#10689,#10690));
#10688 = ORIENTED_EDGE('',*,*,#10434,.F.);
#10689 = ORIENTED_EDGE('',*,*,#9860,.F.);
#10690 = ORIENTED_EDGE('',*,*,#9101,.F.);
#10691 = PLANE('',#10692);
#10692 = AXIS2_PLACEMENT_3D('',#10693,#10694,#10695);
#10693 = CARTESIAN_POINT('',(-0.412571077099,0.993872347118,
    4.622585701934E-02));
#10694 = DIRECTION('',(0.925738423254,0.318098130383,0.204504159271));
#10695 = DIRECTION('',(-0.324966062258,0.945725678186,0.));
#10696 = ADVANCED_FACE('',(#10697),#10712,.T.);
#10697 = FACE_BOUND('',#10698,.T.);
#10698 = EDGE_LOOP('',(#10699,#10705,#10711));
#10699 = ORIENTED_EDGE('',*,*,#10700,.T.);
#10700 = EDGE_CURVE('',#8931,#4565,#10701,.T.);
#10701 = LINE('',#10702,#10703);
#10702 = CARTESIAN_POINT('',(-0.185432776809,0.302874922752,
    0.823709726334));
#10703 = VECTOR('',#10704,1.);
#10704 = DIRECTION('',(0.863658033148,0.488099688316,0.125910666919));
#10705 = ORIENTED_EDGE('',*,*,#10706,.T.);
#10706 = EDGE_CURVE('',#4565,#9197,#10707,.T.);
#10707 = LINE('',#10708,#10709);
#10708 = CARTESIAN_POINT('',(-8.023011588421E-09,0.407672971487,
    0.850743532181));
#10709 = VECTOR('',#10710,1.);
#10710 = DIRECTION('',(2.43895981095E-03,-0.998070223249,
    6.204740879155E-02));
#10711 = ORIENTED_EDGE('',*,*,#9226,.F.);
#10712 = PLANE('',#10713);
#10713 = AXIS2_PLACEMENT_3D('',#10714,#10715,#10716);
#10714 = CARTESIAN_POINT('',(-6.12027870864E-02,0.297323455436,
    0.846497308198));
#10715 = DIRECTION('',(0.17746665329,-6.063069313945E-02,-0.982257352235
    ));
#10716 = DIRECTION('',(-0.98406777398,1.734723475977E-18,-0.177793746274
    ));
#10717 = ADVANCED_FACE('',(#10718),#10723,.T.);
#10718 = FACE_BOUND('',#10719,.T.);
#10719 = EDGE_LOOP('',(#10720,#10721,#10722));
#10720 = ORIENTED_EDGE('',*,*,#10657,.F.);
#10721 = ORIENTED_EDGE('',*,*,#10047,.F.);
#10722 = ORIENTED_EDGE('',*,*,#9006,.F.);
#10723 = PLANE('',#10724);
#10724 = AXIS2_PLACEMENT_3D('',#10725,#10726,#10727);
#10725 = CARTESIAN_POINT('',(-0.235219921783,0.631767832108,
    -2.596837309547E-02));
#10726 = DIRECTION('',(2.81184071893E-02,-9.267248888908E-03,
    0.999561640558));
#10727 = DIRECTION('',(0.99960456545,0.,-2.811961469822E-02));
#10728 = ADVANCED_FACE('',(#10729),#10734,.T.);
#10729 = FACE_BOUND('',#10730,.T.);
#10730 = EDGE_LOOP('',(#10731,#10732,#10733));
#10731 = ORIENTED_EDGE('',*,*,#10085,.F.);
#10732 = ORIENTED_EDGE('',*,*,#8621,.F.);
#10733 = ORIENTED_EDGE('',*,*,#10186,.F.);
#10734 = PLANE('',#10735);
#10735 = AXIS2_PLACEMENT_3D('',#10736,#10737,#10738);
#10736 = CARTESIAN_POINT('',(-0.460571418514,0.359842709351,
    0.303887096132));
#10737 = DIRECTION('',(0.978526823239,-0.185104362988,
    -9.067320995817E-02));
#10738 = DIRECTION('',(0.185870017316,0.982574341545,0.));
#10739 = ADVANCED_FACE('',(#10740),#10755,.T.);
#10740 = FACE_BOUND('',#10741,.T.);
#10741 = EDGE_LOOP('',(#10742,#10748,#10754));
#10742 = ORIENTED_EDGE('',*,*,#10743,.T.);
#10743 = EDGE_CURVE('',#9708,#8848,#10744,.T.);
#10744 = LINE('',#10745,#10746);
#10745 = CARTESIAN_POINT('',(-0.389155894518,6.694036722183E-02,
    -1.756367087364E-02));
#10746 = VECTOR('',#10747,1.);
#10747 = DIRECTION('',(-0.154954942355,-0.979849422242,0.126032041846));
#10748 = ORIENTED_EDGE('',*,*,#10749,.T.);
#10749 = EDGE_CURVE('',#8848,#9785,#10750,.T.);
#10750 = LINE('',#10751,#10752);
#10751 = CARTESIAN_POINT('',(-0.430020928383,-0.191467523575,
    1.567375659943E-02));
#10752 = VECTOR('',#10753,1.);
#10753 = DIRECTION('',(0.858332681466,0.494820584879,-0.135711446485));
#10754 = ORIENTED_EDGE('',*,*,#9813,.F.);
#10755 = PLANE('',#10756);
#10756 = AXIS2_PLACEMENT_3D('',#10757,#10758,#10759);
#10757 = CARTESIAN_POINT('',(-0.343242906432,-6.514740569813E-02,
    -6.745311762143E-03));
#10758 = DIRECTION('',(9.140344320582E-02,0.112806295127,0.989403936898)
  );
#10759 = DIRECTION('',(1.734723475977E-18,0.993563047702,-0.113280493645
    ));
#10760 = ADVANCED_FACE('',(#10761),#10766,.T.);
#10761 = FACE_BOUND('',#10762,.T.);
#10762 = EDGE_LOOP('',(#10763,#10764,#10765));
#10763 = ORIENTED_EDGE('',*,*,#10279,.F.);
#10764 = ORIENTED_EDGE('',*,*,#9768,.F.);
#10765 = ORIENTED_EDGE('',*,*,#10561,.F.);
#10766 = PLANE('',#10767);
#10767 = AXIS2_PLACEMENT_3D('',#10768,#10769,#10770);
#10768 = CARTESIAN_POINT('',(-0.29818438874,1.45839160223,0.404167696004
    ));
#10769 = DIRECTION('',(0.469721757218,-0.213995842885,-0.85648540561));
#10770 = DIRECTION('',(-0.876796779087,1.387778780781E-17,
    -0.480861111115));
#10771 = ADVANCED_FACE('',(#10772),#10777,.T.);
#10772 = FACE_BOUND('',#10773,.T.);
#10773 = EDGE_LOOP('',(#10774,#10775,#10776));
#10774 = ORIENTED_EDGE('',*,*,#8998,.F.);
#10775 = ORIENTED_EDGE('',*,*,#10464,.F.);
#10776 = ORIENTED_EDGE('',*,*,#9317,.F.);
#10777 = PLANE('',#10778);
#10778 = AXIS2_PLACEMENT_3D('',#10779,#10780,#10781);
#10779 = CARTESIAN_POINT('',(-0.440067607084,0.366606405518,
    3.47682568957E-02));
#10780 = DIRECTION('',(0.942033256503,-0.101554070824,0.319781353961));
#10781 = DIRECTION('',(-0.321443208596,0.,0.94692885881));
#10782 = ADVANCED_FACE('',(#10783),#10800,.T.);
#10783 = FACE_BOUND('',#10784,.T.);
#10784 = EDGE_LOOP('',(#10785,#10786,#10794));
#10785 = ORIENTED_EDGE('',*,*,#9371,.F.);
#10786 = ORIENTED_EDGE('',*,*,#10787,.T.);
#10787 = EDGE_CURVE('',#9364,#10788,#10790,.T.);
#10788 = VERTEX_POINT('',#10789);
#10789 = CARTESIAN_POINT('',(-0.309277743101,1.731035232544,
    0.108997687697));
#10790 = LINE('',#10791,#10792);
#10791 = CARTESIAN_POINT('',(-0.368796795607,1.628551006317,
    1.588493585587E-02));
#10792 = VECTOR('',#10793,1.);
#10793 = DIRECTION('',(0.394906860896,0.67997930691,0.617799897533));
#10794 = ORIENTED_EDGE('',*,*,#10795,.T.);
#10795 = EDGE_CURVE('',#10788,#9356,#10796,.T.);
#10796 = LINE('',#10797,#10798);
#10797 = CARTESIAN_POINT('',(-0.309277743101,1.731035232544,
    0.108997687697));
#10798 = VECTOR('',#10799,1.);
#10799 = DIRECTION('',(7.537424554573E-02,1.043399848878E-02,
    0.997100724493));
#10800 = PLANE('',#10801);
#10801 = AXIS2_PLACEMENT_3D('',#10802,#10803,#10804);
#10802 = CARTESIAN_POINT('',(-0.326870364741,1.693944106745,
    0.131558534786));
#10803 = DIRECTION('',(0.886584718704,-0.458362052925,
    -6.222350841108E-02));
#10804 = DIRECTION('',(0.459251973008,0.888306042582,3.469446951954E-18)
  );
#10805 = ADVANCED_FACE('',(#10806),#10830,.T.);
#10806 = FACE_BOUND('',#10807,.T.);
#10807 = EDGE_LOOP('',(#10808,#10816,#10824));
#10808 = ORIENTED_EDGE('',*,*,#10809,.T.);
#10809 = EDGE_CURVE('',#9434,#10810,#10812,.T.);
#10810 = VERTEX_POINT('',#10811);
#10811 = CARTESIAN_POINT('',(-0.198845759034,1.787934184074,
    8.443716168404E-02));
#10812 = LINE('',#10813,#10814);
#10813 = CARTESIAN_POINT('',(8.274741703644E-04,1.862856030464,
    0.293163269758));
#10814 = VECTOR('',#10815,1.);
#10815 = DIRECTION('',(-0.669121007854,-0.251069112079,-0.699457917111)
  );
#10816 = ORIENTED_EDGE('',*,*,#10817,.T.);
#10817 = EDGE_CURVE('',#10810,#10818,#10820,.T.);
#10818 = VERTEX_POINT('',#10819);
#10819 = CARTESIAN_POINT('',(7.361660827883E-04,1.865879297256,
    0.111267760396));
#10820 = LINE('',#10821,#10822);
#10821 = CARTESIAN_POINT('',(-0.198845759034,1.787934184074,
    8.443716168404E-02));
#10822 = VECTOR('',#10823,1.);
#10823 = DIRECTION('',(0.924265137825,0.360964304437,0.124252669684));
#10824 = ORIENTED_EDGE('',*,*,#10825,.T.);
#10825 = EDGE_CURVE('',#10818,#9434,#10826,.T.);
#10826 = LINE('',#10827,#10828);
#10827 = CARTESIAN_POINT('',(7.361660827883E-04,1.865879297256,
    0.111267760396));
#10828 = VECTOR('',#10829,1.);
#10829 = DIRECTION('',(5.01911602354E-04,-1.661860104998E-02,
    0.999861775539));
#10830 = PLANE('',#10831);
#10831 = AXIS2_PLACEMENT_3D('',#10832,#10833,#10834);
#10832 = CARTESIAN_POINT('',(-7.294994259714E-02,1.836046655316,
    0.164099435241));
#10833 = DIRECTION('',(0.365563821653,-0.930654668897,
    -1.565182284598E-02));
#10834 = DIRECTION('',(-0.930768685531,-0.365608607713,0.));
#10835 = ADVANCED_FACE('',(#10836),#10846,.T.);
#10836 = FACE_BOUND('',#10837,.T.);
#10837 = EDGE_LOOP('',(#10838,#10844,#10845));
#10838 = ORIENTED_EDGE('',*,*,#10839,.T.);
#10839 = EDGE_CURVE('',#10788,#9434,#10840,.T.);
#10840 = LINE('',#10841,#10842);
#10841 = CARTESIAN_POINT('',(-0.309277743101,1.731035232544,
    0.108997687697));
#10842 = VECTOR('',#10843,1.);
#10843 = DIRECTION('',(0.807557646362,0.343279917206,0.479593104877));
#10844 = ORIENTED_EDGE('',*,*,#9461,.F.);
#10845 = ORIENTED_EDGE('',*,*,#10795,.F.);
#10846 = PLANE('',#10847);
#10847 = AXIS2_PLACEMENT_3D('',#10848,#10849,#10850);
#10848 = CARTESIAN_POINT('',(-0.178573729339,1.785671536087,
    0.227342495741));
#10849 = DIRECTION('',(0.401545210171,-0.915603586265,
    -2.077298744747E-02));
#10850 = DIRECTION('',(-0.915801199482,-0.401631875014,
    8.673617379884E-19));
#10851 = ADVANCED_FACE('',(#10852),#10862,.T.);
#10852 = FACE_BOUND('',#10853,.T.);
#10853 = EDGE_LOOP('',(#10854,#10855,#10856));
#10854 = ORIENTED_EDGE('',*,*,#10809,.F.);
#10855 = ORIENTED_EDGE('',*,*,#10839,.F.);
#10856 = ORIENTED_EDGE('',*,*,#10857,.T.);
#10857 = EDGE_CURVE('',#10788,#10810,#10858,.T.);
#10858 = LINE('',#10859,#10860);
#10859 = CARTESIAN_POINT('',(-0.309277743101,1.731035232544,
    0.108997687697));
#10860 = VECTOR('',#10861,1.);
#10861 = DIRECTION('',(0.872062788671,0.449321442183,-0.193950339545));
#10862 = PLANE('',#10863);
#10863 = AXIS2_PLACEMENT_3D('',#10864,#10865,#10866);
#10864 = CARTESIAN_POINT('',(-0.149485668382,1.801575580994,
    0.180215981953));
#10865 = DIRECTION('',(0.438355068105,-0.893369569279,-9.86693820495E-02
    ));
#10866 = DIRECTION('',(-0.897750348006,-0.440504611388,0.));
#10867 = ADVANCED_FACE('',(#10868),#10883,.T.);
#10868 = FACE_BOUND('',#10869,.T.);
#10869 = EDGE_LOOP('',(#10870,#10876,#10877));
#10870 = ORIENTED_EDGE('',*,*,#10871,.T.);
#10871 = EDGE_CURVE('',#5091,#10818,#10872,.T.);
#10872 = LINE('',#10873,#10874);
#10873 = CARTESIAN_POINT('',(-8.023011588421E-09,1.709140300751,
    -1.604306697845E-02));
#10874 = VECTOR('',#10875,1.);
#10875 = DIRECTION('',(3.645690659265E-03,0.776204828452,0.630470279416)
  );
#10876 = ORIENTED_EDGE('',*,*,#10817,.F.);
#10877 = ORIENTED_EDGE('',*,*,#10878,.T.);
#10878 = EDGE_CURVE('',#10810,#5091,#10879,.T.);
#10879 = LINE('',#10880,#10881);
#10880 = CARTESIAN_POINT('',(-0.198845759034,1.787934184074,
    8.443716168404E-02));
#10881 = VECTOR('',#10882,1.);
#10882 = DIRECTION('',(0.841446597545,-0.333428522827,-0.425197652445));
#10883 = PLANE('',#10884);
#10884 = AXIS2_PLACEMENT_3D('',#10885,#10886,#10887);
#10885 = CARTESIAN_POINT('',(-6.849826099715E-02,1.786435847655,
    5.934981160585E-02));
#10886 = DIRECTION('',(0.140665937009,-0.624603713544,0.768168793425));
#10887 = DIRECTION('',(0.,0.775883310702,0.63087644446));
#10888 = ADVANCED_FACE('',(#10889),#10899,.T.);
#10889 = FACE_BOUND('',#10890,.T.);
#10890 = EDGE_LOOP('',(#10891,#10897,#10898));
#10891 = ORIENTED_EDGE('',*,*,#10892,.T.);
#10892 = EDGE_CURVE('',#8572,#9635,#10893,.T.);
#10893 = LINE('',#10894,#10895);
#10894 = CARTESIAN_POINT('',(-0.483515739441,1.184094905853,
    3.210172057152E-02));
#10895 = VECTOR('',#10896,1.);
#10896 = DIRECTION('',(0.52922238528,0.840845394149,-0.113590008612));
#10897 = ORIENTED_EDGE('',*,*,#10513,.F.);
#10898 = ORIENTED_EDGE('',*,*,#8571,.F.);
#10899 = PLANE('',#10900);
#10900 = AXIS2_PLACEMENT_3D('',#10901,#10902,#10903);
#10901 = CARTESIAN_POINT('',(-0.415177549532,1.377936152881,
    1.437280536973E-02));
#10902 = DIRECTION('',(0.155574809945,3.544175171577E-02,0.987188108086)
  );
#10903 = DIRECTION('',(0.987808705064,0.,-0.155672612235));
#10904 = ADVANCED_FACE('',(#10905),#10915,.T.);
#10905 = FACE_BOUND('',#10906,.T.);
#10906 = EDGE_LOOP('',(#10907,#10913,#10914));
#10907 = ORIENTED_EDGE('',*,*,#10908,.T.);
#10908 = EDGE_CURVE('',#8908,#8572,#10909,.T.);
#10909 = LINE('',#10910,#10911);
#10910 = CARTESIAN_POINT('',(-0.325288802385,1.133444905281,
    -1.992067694664E-02));
#10911 = VECTOR('',#10912,1.);
#10912 = DIRECTION('',(-0.908877284959,0.290940568401,0.298823805183));
#10913 = ORIENTED_EDGE('',*,*,#9868,.F.);
#10914 = ORIENTED_EDGE('',*,*,#10428,.F.);
#10915 = PLANE('',#10916);
#10916 = AXIS2_PLACEMENT_3D('',#10917,#10918,#10919);
#10917 = CARTESIAN_POINT('',(-0.41210071095,1.128109256837,
    8.9062058414E-03));
#10918 = DIRECTION('',(0.314679241367,8.153903162299E-03,0.949163046539)
  );
#10919 = DIRECTION('',(0.949194601205,4.336808689942E-19,-0.314689702792
    ));
#10920 = ADVANCED_FACE('',(#10921),#10926,.T.);
#10921 = FACE_BOUND('',#10922,.T.);
#10922 = EDGE_LOOP('',(#10923,#10924,#10925));
#10923 = ORIENTED_EDGE('',*,*,#10892,.F.);
#10924 = ORIENTED_EDGE('',*,*,#10908,.F.);
#10925 = ORIENTED_EDGE('',*,*,#10674,.F.);
#10926 = PLANE('',#10927);
#10927 = AXIS2_PLACEMENT_3D('',#10928,#10929,#10930);
#10928 = CARTESIAN_POINT('',(-0.358796130963,1.292559049569,
    -3.095303910443E-05));
#10929 = DIRECTION('',(0.295305429186,-5.702775001341E-02,0.953699396677
    ));
#10930 = DIRECTION('',(0.955253983086,3.469446951954E-18,-0.295786794497
    ));
#10931 = ADVANCED_FACE('',(#10932),#10942,.T.);
#10932 = FACE_BOUND('',#10933,.T.);
#10933 = EDGE_LOOP('',(#10934,#10940,#10941));
#10934 = ORIENTED_EDGE('',*,*,#10935,.T.);
#10935 = EDGE_CURVE('',#8750,#9708,#10936,.T.);
#10936 = LINE('',#10937,#10938);
#10937 = CARTESIAN_POINT('',(-0.507223665714,8.369165658951E-02,
    1.484176516533E-02));
#10938 = VECTOR('',#10939,1.);
#10939 = DIRECTION('',(0.95543612219,-0.135555933621,-0.262233493808));
#10940 = ORIENTED_EDGE('',*,*,#9707,.F.);
#10941 = ORIENTED_EDGE('',*,*,#10471,.F.);
#10942 = PLANE('',#10943);
#10943 = AXIS2_PLACEMENT_3D('',#10944,#10945,#10946);
#10944 = CARTESIAN_POINT('',(-0.445038791033,0.137083401143,
    -1.13759275962E-03));
#10945 = DIRECTION('',(0.262411597921,-1.687550344488E-02,0.964808463199
    ));
#10946 = DIRECTION('',(0.964945872888,0.,-0.262448971034));
#10947 = ADVANCED_FACE('',(#10948),#10958,.T.);
#10948 = FACE_BOUND('',#10949,.T.);
#10949 = EDGE_LOOP('',(#10950,#10956,#10957));
#10950 = ORIENTED_EDGE('',*,*,#10951,.T.);
#10951 = EDGE_CURVE('',#8848,#8750,#10952,.T.);
#10952 = LINE('',#10953,#10954);
#10953 = CARTESIAN_POINT('',(-0.430020928383,-0.191467523575,
    1.567375659943E-02));
#10954 = VECTOR('',#10955,1.);
#10955 = DIRECTION('',(-0.270141954521,0.96281610346,-2.911241232117E-03
    ));
#10956 = ORIENTED_EDGE('',*,*,#9730,.F.);
#10957 = ORIENTED_EDGE('',*,*,#8847,.F.);
#10958 = PLANE('',#10959);
#10959 = AXIS2_PLACEMENT_3D('',#10960,#10961,#10962);
#10960 = CARTESIAN_POINT('',(-0.473502651257,-5.51773969349E-02,
    1.908644365262E-02));
#10961 = DIRECTION('',(0.581283850568,0.165502547449,0.796691905228));
#10962 = DIRECTION('',(0.80783242938,0.,-0.589412220812));
#10963 = ADVANCED_FACE('',(#10964),#10969,.T.);
#10964 = FACE_BOUND('',#10965,.T.);
#10965 = EDGE_LOOP('',(#10966,#10967,#10968));
#10966 = ORIENTED_EDGE('',*,*,#10935,.F.);
#10967 = ORIENTED_EDGE('',*,*,#10951,.F.);
#10968 = ORIENTED_EDGE('',*,*,#10743,.F.);
#10969 = PLANE('',#10970);
#10970 = AXIS2_PLACEMENT_3D('',#10971,#10972,#10973);
#10971 = CARTESIAN_POINT('',(-0.441740782001,-3.3448388504E-02,
    5.858220331E-03));
#10972 = DIRECTION('',(0.274353601747,7.987431615827E-02,0.958305898357)
  );
#10973 = DIRECTION('',(0.961377554815,0.,-0.275232986935));
#10974 = ADVANCED_FACE('',(#10975),#10980,.T.);
#10975 = FACE_BOUND('',#10976,.T.);
#10976 = EDGE_LOOP('',(#10977,#10978,#10979));
#10977 = ORIENTED_EDGE('',*,*,#10546,.F.);
#10978 = ORIENTED_EDGE('',*,*,#8704,.F.);
#10979 = ORIENTED_EDGE('',*,*,#10237,.F.);
#10980 = PLANE('',#10981);
#10981 = AXIS2_PLACEMENT_3D('',#10982,#10983,#10984);
#10982 = CARTESIAN_POINT('',(-0.178350380413,-0.280689536399,
    0.570438528635));
#10983 = DIRECTION('',(0.146131555354,0.919482925038,0.364961256976));
#10984 = DIRECTION('',(0.,-0.3689215688,0.929460529594));
#10985 = ADVANCED_FACE('',(#10986),#10996,.T.);
#10986 = FACE_BOUND('',#10987,.T.);
#10987 = EDGE_LOOP('',(#10988,#10994,#10995));
#10988 = ORIENTED_EDGE('',*,*,#10989,.T.);
#10989 = EDGE_CURVE('',#4565,#8941,#10990,.T.);
#10990 = LINE('',#10991,#10992);
#10991 = CARTESIAN_POINT('',(-8.023011588421E-09,0.407672971487,
    0.850743532181));
#10992 = VECTOR('',#10993,1.);
#10993 = DIRECTION('',(-0.945909269321,-8.912155722167E-02,
    -0.311950320166));
#10994 = ORIENTED_EDGE('',*,*,#10609,.F.);
#10995 = ORIENTED_EDGE('',*,*,#10349,.F.);
#10996 = PLANE('',#10997);
#10997 = AXIS2_PLACEMENT_3D('',#10998,#10999,#11000);
#10998 = CARTESIAN_POINT('',(-0.169363370192,0.426639471831,
    0.787855838471));
#10999 = DIRECTION('',(0.323513077422,-0.186816799917,-0.927598389394));
#11000 = DIRECTION('',(-0.944221628749,0.,-0.32931066761));
#11001 = ADVANCED_FACE('',(#11002),#11007,.T.);
#11002 = FACE_BOUND('',#11003,.T.);
#11003 = EDGE_LOOP('',(#11004,#11005,#11006));
#11004 = ORIENTED_EDGE('',*,*,#8948,.F.);
#11005 = ORIENTED_EDGE('',*,*,#10989,.F.);
#11006 = ORIENTED_EDGE('',*,*,#10700,.F.);
#11007 = PLANE('',#11008);
#11008 = AXIS2_PLACEMENT_3D('',#11009,#11010,#11011);
#11009 = CARTESIAN_POINT('',(-0.162524480085,0.369056840292,
    0.806249743582));
#11010 = DIRECTION('',(0.323143481342,-0.344397852168,-0.881458115788));
#11011 = DIRECTION('',(0.,-0.931429314262,0.363922289139));
#11012 = ADVANCED_FACE('',(#11013),#11028,.T.);
#11013 = FACE_BOUND('',#11014,.T.);
#11014 = EDGE_LOOP('',(#11015,#11021,#11022));
#11015 = ORIENTED_EDGE('',*,*,#11016,.T.);
#11016 = EDGE_CURVE('',#2828,#9205,#11017,.T.);
#11017 = LINE('',#11018,#11019);
#11018 = CARTESIAN_POINT('',(-8.023011588421E-09,-1.729279756546E-02,
    0.76427513361));
#11019 = VECTOR('',#11020,1.);
#11020 = DIRECTION('',(-0.830451661843,0.549613345993,9.096816612949E-02
    ));
#11021 = ORIENTED_EDGE('',*,*,#9204,.F.);
#11022 = ORIENTED_EDGE('',*,*,#11023,.T.);
#11023 = EDGE_CURVE('',#9197,#2828,#11024,.T.);
#11024 = LINE('',#11025,#11026);
#11025 = CARTESIAN_POINT('',(5.466935108416E-04,0.183951973915,
    0.864651679993));
#11026 = VECTOR('',#11027,1.);
#11027 = DIRECTION('',(-2.430980379256E-03,-0.894861383412,
    -0.446337534622));
#11028 = PLANE('',#11029);
#11029 = AXIS2_PLACEMENT_3D('',#11030,#11031,#11032);
#11030 = CARTESIAN_POINT('',(-6.411444595043E-02,9.148952447244E-02,
    0.804352434903));
#11031 = DIRECTION('',(0.193348314997,0.437495858606,-0.878187794717));
#11032 = DIRECTION('',(1.387778780781E-17,-0.895077751234,
    -0.445910102203));
#11033 = ADVANCED_FACE('',(#11034),#11044,.T.);
#11034 = FACE_BOUND('',#11035,.T.);
#11035 = EDGE_LOOP('',(#11036,#11042,#11043));
#11036 = ORIENTED_EDGE('',*,*,#11037,.T.);
#11037 = EDGE_CURVE('',#2828,#9544,#11038,.T.);
#11038 = LINE('',#11039,#11040);
#11039 = CARTESIAN_POINT('',(-8.023011588421E-09,-1.729279756546E-02,
    0.76427513361));
#11040 = VECTOR('',#11041,1.);
#11041 = DIRECTION('',(-0.952326612801,0.138761707949,-0.271696910099));
#11042 = ORIENTED_EDGE('',*,*,#9543,.F.);
#11043 = ORIENTED_EDGE('',*,*,#11016,.F.);
#11044 = PLANE('',#11045);
#11045 = AXIS2_PLACEMENT_3D('',#11046,#11047,#11048);
#11046 = CARTESIAN_POINT('',(-0.192169717892,3.756912755499E-02,
    0.72999883671));
#11047 = DIRECTION('',(0.300557439962,0.579513246928,-0.757515426852));
#11048 = DIRECTION('',(0.,-0.794238042846,-0.607606724203));
#11049 = ADVANCED_FACE('',(#11050),#11055,.T.);
#11050 = FACE_BOUND('',#11051,.T.);
#11051 = EDGE_LOOP('',(#11052,#11053,#11054));
#11052 = ORIENTED_EDGE('',*,*,#10594,.F.);
#11053 = ORIENTED_EDGE('',*,*,#11037,.F.);
#11054 = ORIENTED_EDGE('',*,*,#8718,.F.);
#11055 = PLANE('',#11056);
#11056 = AXIS2_PLACEMENT_3D('',#11057,#11058,#11059);
#11057 = CARTESIAN_POINT('',(-0.194212666812,-1.677421071718E-02,
    0.704935628926));
#11058 = DIRECTION('',(0.289892348278,0.13409409294,-0.947618700031));
#11059 = DIRECTION('',(-0.956255017713,-6.938893903907E-18,
    -0.292534341744));
#11060 = ADVANCED_FACE('',(#11061),#11071,.T.);
#11061 = FACE_BOUND('',#11062,.T.);
#11062 = EDGE_LOOP('',(#11063,#11064,#11065));
#11063 = ORIENTED_EDGE('',*,*,#10363,.F.);
#11064 = ORIENTED_EDGE('',*,*,#9272,.F.);
#11065 = ORIENTED_EDGE('',*,*,#11066,.T.);
#11066 = EDGE_CURVE('',#8797,#4542,#11067,.T.);
#11067 = LINE('',#11068,#11069);
#11068 = CARTESIAN_POINT('',(7.686779135838E-04,0.83923304081,
    0.629967749119));
#11069 = VECTOR('',#11070,1.);
#11070 = DIRECTION('',(-2.198942777985E-03,-0.88274771029,0.46984214863)
  );
#11071 = PLANE('',#11072);
#11072 = AXIS2_PLACEMENT_3D('',#11073,#11074,#11075);
#11073 = CARTESIAN_POINT('',(-3.012361490536E-02,0.673884321146,
    0.712724095335));
#11074 = DIRECTION('',(0.150305243449,-0.464797429476,-0.872566148406));
#11075 = DIRECTION('',(0.,-0.882592721233,0.470138371575));
#11076 = ADVANCED_FACE('',(#11077),#11087,.T.);
#11077 = FACE_BOUND('',#11078,.T.);
#11078 = EDGE_LOOP('',(#11079,#11085,#11086));
#11079 = ORIENTED_EDGE('',*,*,#11080,.T.);
#11080 = EDGE_CURVE('',#8848,#3934,#11081,.T.);
#11081 = LINE('',#11082,#11083);
#11082 = CARTESIAN_POINT('',(-0.430020928383,-0.191467523575,
    1.567375659943E-02));
#11083 = VECTOR('',#11084,1.);
#11084 = DIRECTION('',(0.991187908168,-0.132366458672,
    -5.064713261885E-03));
#11085 = ORIENTED_EDGE('',*,*,#9784,.F.);
#11086 = ORIENTED_EDGE('',*,*,#10749,.F.);
#11087 = PLANE('',#11088);
#11088 = AXIS2_PLACEMENT_3D('',#11089,#11090,#11091);
#11089 = CARTESIAN_POINT('',(-0.210166427421,-0.176176778345,
    4.928823653589E-03));
#11090 = DIRECTION('',(3.310765289403E-02,0.210533313867,0.977025898875)
  );
#11091 = DIRECTION('',(-8.673617379884E-19,0.97756180667,-0.210648793348
    ));
#11092 = ADVANCED_FACE('',(#11093),#11098,.T.);
#11093 = FACE_BOUND('',#11094,.T.);
#11094 = EDGE_LOOP('',(#11095,#11096,#11097));
#11095 = ORIENTED_EDGE('',*,*,#10000,.F.);
#11096 = ORIENTED_EDGE('',*,*,#11080,.F.);
#11097 = ORIENTED_EDGE('',*,*,#8972,.F.);
#11098 = PLANE('',#11099);
#11099 = AXIS2_PLACEMENT_3D('',#11100,#11101,#11102);
#11100 = CARTESIAN_POINT('',(-0.215074012933,-0.220612518028,
    1.662931938936E-02));
#11101 = DIRECTION('',(0.130521598764,0.969421761298,0.207811359115));
#11102 = DIRECTION('',(0.,-0.209604427293,0.977786267064));
#11103 = ADVANCED_FACE('',(#11104),#11114,.T.);
#11104 = FACE_BOUND('',#11105,.T.);
#11105 = EDGE_LOOP('',(#11106,#11112,#11113));
#11106 = ORIENTED_EDGE('',*,*,#11107,.T.);
#11107 = EDGE_CURVE('',#5091,#9633,#11108,.T.);
#11108 = LINE('',#11109,#11110);
#11109 = CARTESIAN_POINT('',(-8.023011588421E-09,1.709140300751,
    -1.604306697845E-02));
#11110 = VECTOR('',#11111,1.);
#11111 = DIRECTION('',(-0.911980797027,-0.410035173463,
    -1.273508446992E-02));
#11112 = ORIENTED_EDGE('',*,*,#9648,.F.);
#11113 = ORIENTED_EDGE('',*,*,#5333,.F.);
#11114 = PLANE('',#11115);
#11115 = AXIS2_PLACEMENT_3D('',#11116,#11117,#11118);
#11116 = CARTESIAN_POINT('',(-7.554580851593E-02,1.600581720018,
    -2.239408245639E-02));
#11117 = DIRECTION('',(1.791017848682E-02,-7.081052928052E-02,
    0.997328980051));
#11118 = DIRECTION('',(0.,0.997488977394,7.082188911938E-02));
#11119 = ADVANCED_FACE('',(#11120),#11130,.T.);
#11120 = FACE_BOUND('',#11121,.T.);
#11121 = EDGE_LOOP('',(#11122,#11128,#11129));
#11122 = ORIENTED_EDGE('',*,*,#11123,.T.);
#11123 = EDGE_CURVE('',#10788,#5091,#11124,.T.);
#11124 = LINE('',#11125,#11126);
#11125 = CARTESIAN_POINT('',(-0.309277743101,1.731035232544,
    0.108997687697));
#11126 = VECTOR('',#11127,1.);
#11127 = DIRECTION('',(0.925105546107,-6.549169415128E-02,
    -0.374019473503));
#11128 = ORIENTED_EDGE('',*,*,#10878,.F.);
#11129 = ORIENTED_EDGE('',*,*,#10857,.F.);
#11130 = PLANE('',#11131);
#11131 = AXIS2_PLACEMENT_3D('',#11132,#11133,#11134);
#11132 = CARTESIAN_POINT('',(-0.153981881906,1.736884818878,
    5.143965257165E-02));
#11133 = DIRECTION('',(0.342991791842,-0.278450816302,0.897118595075));
#11134 = DIRECTION('',(0.934060219475,0.,-0.357115536479));
#11135 = ADVANCED_FACE('',(#11136),#11146,.T.);
#11136 = FACE_BOUND('',#11137,.T.);
#11137 = EDGE_LOOP('',(#11138,#11144,#11145));
#11138 = ORIENTED_EDGE('',*,*,#11139,.T.);
#11139 = EDGE_CURVE('',#9633,#10788,#11140,.T.);
#11140 = LINE('',#11141,#11142);
#11141 = CARTESIAN_POINT('',(-0.21981562674,1.610309123993,
    -1.911261677742E-02));
#11142 = VECTOR('',#11143,1.);
#11143 = DIRECTION('',(-0.453064140388,0.611394776003,0.648790653887));
#11144 = ORIENTED_EDGE('',*,*,#10787,.F.);
#11145 = ORIENTED_EDGE('',*,*,#9669,.F.);
#11146 = PLANE('',#11147);
#11147 = AXIS2_PLACEMENT_3D('',#11148,#11149,#11150);
#11148 = CARTESIAN_POINT('',(-0.296029088766,1.657686315963,
    3.59082117832E-02));
#11149 = DIRECTION('',(8.235983333779E-02,-0.695951082391,0.713350509056
    ));
#11150 = DIRECTION('',(6.938893903907E-18,0.715782266241,0.698323526265)
  );
#11151 = ADVANCED_FACE('',(#11152),#11157,.T.);
#11152 = FACE_BOUND('',#11153,.T.);
#11153 = EDGE_LOOP('',(#11154,#11155,#11156));
#11154 = ORIENTED_EDGE('',*,*,#11107,.F.);
#11155 = ORIENTED_EDGE('',*,*,#11123,.F.);
#11156 = ORIENTED_EDGE('',*,*,#11139,.F.);
#11157 = PLANE('',#11158);
#11158 = AXIS2_PLACEMENT_3D('',#11159,#11160,#11161);
#11159 = CARTESIAN_POINT('',(-0.168770267644,1.688634937704,
    2.610698941785E-02));
#11160 = DIRECTION('',(0.261368101874,-0.604689557594,0.752354473808));
#11161 = DIRECTION('',(0.,0.779448734529,0.626466016829));
#11162 = ADVANCED_FACE('',(#11163),#11173,.T.);
#11163 = FACE_BOUND('',#11164,.T.);
#11164 = EDGE_LOOP('',(#11165,#11171,#11172));
#11165 = ORIENTED_EDGE('',*,*,#11166,.T.);
#11166 = EDGE_CURVE('',#9434,#900,#11167,.T.);
#11167 = LINE('',#11168,#11169);
#11168 = CARTESIAN_POINT('',(8.274741703644E-04,1.862856030464,
    0.293163269758));
#11169 = VECTOR('',#11170,1.);
#11170 = DIRECTION('',(-2.640214731251E-03,-0.877757901342,
    0.479097167491));
#11171 = ORIENTED_EDGE('',*,*,#5398,.T.);
#11172 = ORIENTED_EDGE('',*,*,#9441,.F.);
#11173 = PLANE('',#11174);
#11174 = AXIS2_PLACEMENT_3D('',#11175,#11176,#11177);
#11175 = CARTESIAN_POINT('',(4.124320605376E-04,1.724680946412,
    0.368020306764));
#11176 = DIRECTION('',(0.999996477359,-2.44827703427E-03,
    1.025284540486E-03));
#11177 = DIRECTION('',(2.448278321096E-03,0.999997002962,0.));
#11178 = ADVANCED_FACE('',(#11179),#11189,.T.);
#11179 = FACE_BOUND('',#11180,.T.);
#11180 = EDGE_LOOP('',(#11181,#11182,#11183));
#11181 = ORIENTED_EDGE('',*,*,#899,.T.);
#11182 = ORIENTED_EDGE('',*,*,#11166,.F.);
#11183 = ORIENTED_EDGE('',*,*,#11184,.T.);
#11184 = EDGE_CURVE('',#9434,#892,#11185,.T.);
#11185 = LINE('',#11186,#11187);
#11186 = CARTESIAN_POINT('',(8.274741703644E-04,1.862856030464,
    0.293163269758));
#11187 = VECTOR('',#11188,1.);
#11188 = DIRECTION('',(-0.36873980191,0.814885932237,0.447204512421));
#11189 = PLANE('',#11190);
#11190 = AXIS2_PLACEMENT_3D('',#11191,#11192,#11193);
#11191 = CARTESIAN_POINT('',(2.072288438258E-04,1.726254320564,
    0.368226213381));
#11192 = DIRECTION('',(0.904096015689,0.20263458305,0.376230807042));
#11193 = DIRECTION('',(-0.384201284212,0.,0.923249355922));
#11194 = ADVANCED_FACE('',(#11195),#11205,.T.);
#11195 = FACE_BOUND('',#11196,.T.);
#11196 = EDGE_LOOP('',(#11197,#11198,#11204));
#11197 = ORIENTED_EDGE('',*,*,#5657,.T.);
#11198 = ORIENTED_EDGE('',*,*,#11199,.T.);
#11199 = EDGE_CURVE('',#251,#8797,#11200,.T.);
#11200 = LINE('',#11201,#11202);
#11201 = CARTESIAN_POINT('',(-8.023011588421E-09,0.839945852757,
    0.631744682789));
#11202 = VECTOR('',#11203,1.);
#11203 = DIRECTION('',(0.372583857235,-0.345501604757,-0.861283873318));
#11204 = ORIENTED_EDGE('',*,*,#8826,.F.);
#11205 = PLANE('',#11206);
#11206 = AXIS2_PLACEMENT_3D('',#11207,#11208,#11209);
#11207 = CARTESIAN_POINT('',(1.930329565837E-04,0.946557577478,
    0.58976110591));
#11208 = DIRECTION('',(0.927991370222,0.135069564959,0.34725815961));
#11209 = DIRECTION('',(-0.35046982374,0.,0.936574024116));
#11210 = ADVANCED_FACE('',(#11211),#11216,.T.);
#11211 = FACE_BOUND('',#11212,.T.);
#11212 = EDGE_LOOP('',(#11213,#11214,#11215));
#11213 = ORIENTED_EDGE('',*,*,#280,.T.);
#11214 = ORIENTED_EDGE('',*,*,#5657,.F.);
#11215 = ORIENTED_EDGE('',*,*,#5444,.T.);
#11216 = PLANE('',#11217);
#11217 = AXIS2_PLACEMENT_3D('',#11218,#11219,#11220);
#11218 = CARTESIAN_POINT('',(-8.023011588421E-09,0.947741719232,
    0.590330729279));
#11219 = DIRECTION('',(1.,0.,0.));
#11220 = DIRECTION('',(-0.,0.,1.));
#11221 = ADVANCED_FACE('',(#11222),#11232,.T.);
#11222 = FACE_BOUND('',#11223,.T.);
#11223 = EDGE_LOOP('',(#11224,#11225,#11231));
#11224 = ORIENTED_EDGE('',*,*,#5753,.T.);
#11225 = ORIENTED_EDGE('',*,*,#11226,.T.);
#11226 = EDGE_CURVE('',#2351,#10818,#11227,.T.);
#11227 = LINE('',#11228,#11229);
#11228 = CARTESIAN_POINT('',(-8.023011588421E-09,1.867884635925,
    0.110519975424));
#11229 = VECTOR('',#11230,1.);
#11230 = DIRECTION('',(0.325266095965,-0.886025024186,0.330396161193));
#11231 = ORIENTED_EDGE('',*,*,#10871,.F.);
#11232 = PLANE('',#11233);
#11233 = AXIS2_PLACEMENT_3D('',#11234,#11235,#11236);
#11234 = CARTESIAN_POINT('',(1.845648138752E-04,1.788450841404,
    4.777765607565E-02));
#11235 = DIRECTION('',(0.928084203674,0.232134004962,-0.291158916455));
#11236 = DIRECTION('',(0.299335623765,0.,0.954147883897));
#11237 = ADVANCED_FACE('',(#11238),#11243,.T.);
#11238 = FACE_BOUND('',#11239,.T.);
#11239 = EDGE_LOOP('',(#11240,#11241,#11242));
#11240 = ORIENTED_EDGE('',*,*,#2404,.T.);
#11241 = ORIENTED_EDGE('',*,*,#5753,.F.);
#11242 = ORIENTED_EDGE('',*,*,#5513,.T.);
#11243 = PLANE('',#11244);
#11244 = AXIS2_PLACEMENT_3D('',#11245,#11246,#11247);
#11245 = CARTESIAN_POINT('',(-8.023011588421E-09,1.78837004067,
    4.649155300949E-02));
#11246 = DIRECTION('',(1.,0.,0.));
#11247 = DIRECTION('',(-0.,0.,1.));
#11248 = ADVANCED_FACE('',(#11249),#11259,.T.);
#11249 = FACE_BOUND('',#11250,.T.);
#11250 = EDGE_LOOP('',(#11251,#11257,#11258));
#11251 = ORIENTED_EDGE('',*,*,#11252,.T.);
#11252 = EDGE_CURVE('',#10818,#892,#11253,.T.);
#11253 = LINE('',#11254,#11255);
#11254 = CARTESIAN_POINT('',(7.361660827883E-04,1.865879297256,
    0.111267760396));
#11255 = VECTOR('',#11256,1.);
#11256 = DIRECTION('',(-4.024910732226E-03,-6.531258560694E-03,
    0.999970570945));
#11257 = ORIENTED_EDGE('',*,*,#11184,.F.);
#11258 = ORIENTED_EDGE('',*,*,#10825,.F.);
#11259 = PLANE('',#11260);
#11260 = AXIS2_PLACEMENT_3D('',#11261,#11262,#11263);
#11261 = CARTESIAN_POINT('',(5.734095354E-04,1.864819610275,
    0.203024622282));
#11262 = DIRECTION('',(0.912350675655,0.409360444447,6.345955688683E-03)
  );
#11263 = DIRECTION('',(-0.409368687404,0.912369046917,4.336808689942E-19
    ));
#11264 = ADVANCED_FACE('',(#11265),#11270,.T.);
#11265 = FACE_BOUND('',#11266,.T.);
#11266 = EDGE_LOOP('',(#11267,#11268,#11269));
#11267 = ORIENTED_EDGE('',*,*,#2358,.T.);
#11268 = ORIENTED_EDGE('',*,*,#11252,.F.);
#11269 = ORIENTED_EDGE('',*,*,#11226,.F.);
#11270 = PLANE('',#11271);
#11271 = AXIS2_PLACEMENT_3D('',#11272,#11273,#11274);
#11272 = CARTESIAN_POINT('',(1.847804841906E-04,1.8657911222,
    0.201967658666));
#11273 = DIRECTION('',(0.937994842587,0.346596599693,6.03923524654E-03)
  );
#11274 = DIRECTION('',(-0.346602920464,0.938011948498,0.));
#11275 = ADVANCED_FACE('',(#11276),#11286,.T.);
#11276 = FACE_BOUND('',#11277,.T.);
#11277 = EDGE_LOOP('',(#11278,#11284,#11285));
#11278 = ORIENTED_EDGE('',*,*,#11279,.T.);
#11279 = EDGE_CURVE('',#9197,#143,#11280,.T.);
#11280 = LINE('',#11281,#11282);
#11281 = CARTESIAN_POINT('',(5.466935108416E-04,0.183951973915,
    0.864651679993));
#11282 = VECTOR('',#11283,1.);
#11283 = DIRECTION('',(-2.430868579731E-03,-0.898731773244,
    -0.438492064512));
#11284 = ORIENTED_EDGE('',*,*,#5865,.F.);
#11285 = ORIENTED_EDGE('',*,*,#11023,.F.);
#11286 = PLANE('',#11287);
#11287 = AXIS2_PLACEMENT_3D('',#11288,#11289,#11290);
#11288 = CARTESIAN_POINT('',(2.721522686792E-04,8.267047658943E-02,
    0.814686713799));
#11289 = DIRECTION('',(0.999997045161,-2.174438896032E-03,
    -1.086961682177E-03));
#11290 = DIRECTION('',(2.174440180568E-03,0.999997635902,0.));
#11291 = ADVANCED_FACE('',(#11292),#11302,.T.);
#11292 = FACE_BOUND('',#11293,.T.);
#11293 = EDGE_LOOP('',(#11294,#11295,#11296));
#11294 = ORIENTED_EDGE('',*,*,#2558,.T.);
#11295 = ORIENTED_EDGE('',*,*,#11279,.F.);
#11296 = ORIENTED_EDGE('',*,*,#11297,.T.);
#11297 = EDGE_CURVE('',#9197,#655,#11298,.T.);
#11298 = LINE('',#11299,#11300);
#11299 = CARTESIAN_POINT('',(5.466935108416E-04,0.183951973915,
    0.864651679993));
#11300 = VECTOR('',#11301,1.);
#11301 = DIRECTION('',(-0.265568028594,-0.193787797322,0.944415116248));
#11302 = PLANE('',#11303);
#11303 = AXIS2_PLACEMENT_3D('',#11304,#11305,#11306);
#11304 = CARTESIAN_POINT('',(1.371378220009E-04,8.324935508434E-02,
    0.81605651129));
#11305 = DIRECTION('',(0.961693953481,-0.122298824623,0.245331892207));
#11306 = DIRECTION('',(-0.247187448379,3.469446951954E-18,0.968967680247
    ));
#11307 = ADVANCED_FACE('',(#11308),#11318,.T.);
#11308 = FACE_BOUND('',#11309,.T.);
#11309 = EDGE_LOOP('',(#11310,#11316,#11317));
#11310 = ORIENTED_EDGE('',*,*,#11311,.T.);
#11311 = EDGE_CURVE('',#8697,#1455,#11312,.T.);
#11312 = LINE('',#11313,#11314);
#11313 = CARTESIAN_POINT('',(5.425026174635E-04,-0.317221820354,
    0.590848684311));
#11314 = VECTOR('',#11315,1.);
#11315 = DIRECTION('',(-1.709351449838E-03,-0.176494344176,
    -0.984300169964));
#11316 = ORIENTED_EDGE('',*,*,#5792,.T.);
#11317 = ORIENTED_EDGE('',*,*,#10230,.F.);
#11318 = PLANE('',#11319);
#11319 = AXIS2_PLACEMENT_3D('',#11320,#11321,#11322);
#11320 = CARTESIAN_POINT('',(2.703849370168E-04,-0.344813980717,
    0.43420228938));
#11321 = DIRECTION('',(0.999998425491,1.674127485024E-04,
    -1.76663198358E-03));
#11322 = DIRECTION('',(1.766632008337E-03,5.293955920339E-23,
    0.999998439504));
#11323 = ADVANCED_FACE('',(#11324),#11334,.T.);
#11324 = FACE_BOUND('',#11325,.T.);
#11325 = EDGE_LOOP('',(#11326,#11327,#11328));
#11326 = ORIENTED_EDGE('',*,*,#1732,.T.);
#11327 = ORIENTED_EDGE('',*,*,#11311,.F.);
#11328 = ORIENTED_EDGE('',*,*,#11329,.T.);
#11329 = EDGE_CURVE('',#8697,#151,#11330,.T.);
#11330 = LINE('',#11331,#11332);
#11331 = CARTESIAN_POINT('',(5.425026174635E-04,-0.317221820354,
    0.590848684311));
#11332 = VECTOR('',#11333,1.);
#11333 = DIRECTION('',(-0.195451980761,-0.823074995347,0.533241104241));
#11334 = PLANE('',#11335);
#11335 = AXIS2_PLACEMENT_3D('',#11336,#11337,#11338);
#11336 = CARTESIAN_POINT('',(1.359833655357E-04,-0.345682379804,
    0.435702214787));
#11337 = DIRECTION('',(0.977282378461,-0.208902608619,3.576105229735E-02
    ));
#11338 = DIRECTION('',(0.209036314725,0.97790787865,0.));
#11339 = ADVANCED_FACE('',(#11340),#11350,.T.);
#11340 = FACE_BOUND('',#11341,.T.);
#11341 = EDGE_LOOP('',(#11342,#11348,#11349));
#11342 = ORIENTED_EDGE('',*,*,#11343,.T.);
#11343 = EDGE_CURVE('',#8797,#1857,#11344,.T.);
#11344 = LINE('',#11345,#11346);
#11345 = CARTESIAN_POINT('',(7.686779135838E-04,0.83923304081,
    0.629967749119));
#11346 = VECTOR('',#11347,1.);
#11347 = DIRECTION('',(-2.198297768587E-03,-0.880095203623,
    0.474792165106));
#11348 = ORIENTED_EDGE('',*,*,#5929,.F.);
#11349 = ORIENTED_EDGE('',*,*,#11066,.F.);
#11350 = PLANE('',#11351);
#11351 = AXIS2_PLACEMENT_3D('',#11352,#11353,#11354);
#11352 = CARTESIAN_POINT('',(3.832572859644E-04,0.684718921067,
    0.71276561291));
#11353 = DIRECTION('',(0.999997576417,-1.992178990126E-03,
    9.372211665733E-04));
#11354 = DIRECTION('',(1.992179865075E-03,0.999998015608,0.));
#11355 = ADVANCED_FACE('',(#11356),#11361,.T.);
#11356 = FACE_BOUND('',#11357,.T.);
#11357 = EDGE_LOOP('',(#11358,#11359,#11360));
#11358 = ORIENTED_EDGE('',*,*,#2601,.T.);
#11359 = ORIENTED_EDGE('',*,*,#11343,.F.);
#11360 = ORIENTED_EDGE('',*,*,#11199,.F.);
#11361 = PLANE('',#11362);
#11362 = AXIS2_PLACEMENT_3D('',#11363,#11364,#11365);
#11363 = CARTESIAN_POINT('',(1.927869850199E-04,0.685991574452,
    0.713179974198));
#11364 = DIRECTION('',(0.927245222486,0.175991976833,0.330519472146));
#11365 = DIRECTION('',(-0.335760150549,0.,0.941947515153));
#11366 = ADVANCED_FACE('',(#11367),#11372,.T.);
#11367 = FACE_BOUND('',#11368,.T.);
#11368 = EDGE_LOOP('',(#11369,#11370,#11371));
#11369 = ORIENTED_EDGE('',*,*,#5945,.T.);
#11370 = ORIENTED_EDGE('',*,*,#11329,.F.);
#11371 = ORIENTED_EDGE('',*,*,#8696,.F.);
#11372 = PLANE('',#11373);
#11373 = AXIS2_PLACEMENT_3D('',#11374,#11375,#11376);
#11374 = CARTESIAN_POINT('',(1.359175321826E-04,-0.168429007228,
    0.677588720451));
#11375 = DIRECTION('',(0.975708268848,-0.10833603525,0.190411862992));
#11376 = DIRECTION('',(-0.191539199285,0.,0.981484964295));
#11377 = ADVANCED_FACE('',(#11378),#11383,.T.);
#11378 = FACE_BOUND('',#11379,.T.);
#11379 = EDGE_LOOP('',(#11380,#11381,#11382));
#11380 = ORIENTED_EDGE('',*,*,#150,.T.);
#11381 = ORIENTED_EDGE('',*,*,#5945,.F.);
#11382 = ORIENTED_EDGE('',*,*,#5865,.T.);
#11383 = PLANE('',#11384);
#11384 = AXIS2_PLACEMENT_3D('',#11385,#11386,#11387);
#11385 = CARTESIAN_POINT('',(-8.023011588421E-09,-0.168193946417,
    0.678985738655));
#11386 = DIRECTION('',(1.,0.,0.));
#11387 = DIRECTION('',(-0.,0.,1.));
#11388 = ADVANCED_FACE('',(#11389),#11394,.T.);
#11389 = FACE_BOUND('',#11390,.T.);
#11390 = EDGE_LOOP('',(#11391,#11392,#11393));
#11391 = ORIENTED_EDGE('',*,*,#5972,.T.);
#11392 = ORIENTED_EDGE('',*,*,#11297,.F.);
#11393 = ORIENTED_EDGE('',*,*,#10706,.F.);
#11394 = PLANE('',#11395);
#11395 = AXIS2_PLACEMENT_3D('',#11396,#11397,#11398);
#11396 = CARTESIAN_POINT('',(1.37131838996E-04,0.295201452381,
    0.858218188424));
#11397 = DIRECTION('',(0.961437979615,1.940422024224E-02,0.274336449623)
  );
#11398 = DIRECTION('',(-0.274388111308,-8.673617379884E-19,
    0.961619032867));
#11399 = ADVANCED_FACE('',(#11400),#11405,.T.);
#11400 = FACE_BOUND('',#11401,.T.);
#11401 = EDGE_LOOP('',(#11402,#11403,#11404));
#11402 = ORIENTED_EDGE('',*,*,#2239,.T.);
#11403 = ORIENTED_EDGE('',*,*,#5972,.F.);
#11404 = ORIENTED_EDGE('',*,*,#5979,.F.);
#11405 = PLANE('',#11406);
#11406 = AXIS2_PLACEMENT_3D('',#11407,#11408,#11409);
#11407 = CARTESIAN_POINT('',(-8.023011588421E-09,0.296222292135,
    0.859114349916));
#11408 = DIRECTION('',(1.,0.,0.));
#11409 = DIRECTION('',(-0.,0.,1.));
#11410 = ( GEOMETRIC_REPRESENTATION_CONTEXT(3) 
GLOBAL_UNCERTAINTY_ASSIGNED_CONTEXT((#11414)) 
GLOBAL_UNIT_ASSIGNED_CONTEXT((#11411,#11412,#11413)) 
REPRESENTATION_CONTEXT('Context #1',
  '3D Context with UNIT and UNCERTAINTY') );
#11411 = ( LENGTH_UNIT() NAMED_UNIT(*) SI_UNIT(.MILLI.,.METRE.) );
#11412 = ( NAMED_UNIT(*) PLANE_ANGLE_UNIT() SI_UNIT($,.RADIAN.) );
#11413 = ( NAMED_UNIT(*) SI_UNIT($,.STERADIAN.) SOLID_ANGLE_UNIT() );
#11414 = UNCERTAINTY_MEASURE_WITH_UNIT(LENGTH_MEASURE(1.E-07),#11411,
  'distance_accuracy_value','confusion accuracy');
#11415 = PRODUCT_RELATED_PRODUCT_CATEGORY('part',$,(#7));
#11416 = MECHANICAL_DESIGN_GEOMETRIC_PRESENTATION_REPRESENTATION('',(
    #11417),#11410);
#11417 = STYLED_ITEM('color',(#11418),#15);
#11418 = PRESENTATION_STYLE_ASSIGNMENT((#11419,#11425));
#11419 = SURFACE_STYLE_USAGE(.BOTH.,#11420);
#11420 = SURFACE_SIDE_STYLE('',(#11421));
#11421 = SURFACE_STYLE_FILL_AREA(#11422);
#11422 = FILL_AREA_STYLE('',(#11423));
#11423 = FILL_AREA_STYLE_COLOUR('',#11424);
#11424 = COLOUR_RGB('',0.447058818107,0.474509808674,0.501960817233);
#11425 = CURVE_STYLE('',#11426,POSITIVE_LENGTH_MEASURE(0.1),#11427);
#11426 = DRAUGHTING_PRE_DEFINED_CURVE_FONT('continuous');
#11427 = COLOUR_RGB('',9.803921802644E-02,9.803921802644E-02,
  9.803921802644E-02);
ENDSEC;
END-ISO-10303-21;
