ISO-10303-21;
HEADER;
FILE_DESCRIPTION(('FreeCAD Model'),'2;1');
FILE_NAME('Open CASCADE Shape Model','2026-04-13T15:01:45',(''),(''),
  'Open CASCADE STEP processor 7.9','FreeCAD','Unknown');
FILE_SCHEMA(('AUTOMOTIVE_DESIGN { 1 0 10303 214 1 1 1 1 }'));
ENDSEC;
DATA;
#1 = APPLICATION_PROTOCOL_DEFINITION('international standard',
  'automotive_design',2000,#2);
#2 = APPLICATION_CONTEXT(
  'core data for automotive mechanical design processes');
#3 = SHAPE_DEFINITION_REPRESENTATION(#4,#10);
#4 = PRODUCT_DEFINITION_SHAPE('','',#5);
#5 = PRODUCT_DEFINITION('design','',#6,#9);
#6 = PRODUCT_DEFINITION_FORMATION('','',#7);
#7 = PRODUCT('Planet Gear 1','Planet Gear 1','',(#8));
#8 = PRODUCT_CONTEXT('',#2,'mechanical');
#9 = PRODUCT_DEFINITION_CONTEXT('part definition',#2,'design');
#10 = SHAPE_REPRESENTATION('',(#11,#15),#19);
#11 = AXIS2_PLACEMENT_3D('',#12,#13,#14);
#12 = CARTESIAN_POINT('',(0.,0.,0.));
#13 = DIRECTION('',(0.,0.,1.));
#14 = DIRECTION('',(1.,0.,-0.));
#15 = AXIS2_PLACEMENT_3D('',#16,#17,#18);
#16 = CARTESIAN_POINT('',(0.,0.,0.));
#17 = DIRECTION('',(0.,0.,1.));
#18 = DIRECTION('',(1.,0.,0.));
#19 = ( GEOMETRIC_REPRESENTATION_CONTEXT(3) 
GLOBAL_UNCERTAINTY_ASSIGNED_CONTEXT((#23)) GLOBAL_UNIT_ASSIGNED_CONTEXT(
(#20,#21,#22)) REPRESENTATION_CONTEXT('Context #1',
  '3D Context with UNIT and UNCERTAINTY') );
#20 = ( LENGTH_UNIT() NAMED_UNIT(*) SI_UNIT(.MILLI.,.METRE.) );
#21 = ( NAMED_UNIT(*) PLANE_ANGLE_UNIT() SI_UNIT($,.RADIAN.) );
#22 = ( NAMED_UNIT(*) SI_UNIT($,.STERADIAN.) SOLID_ANGLE_UNIT() );
#23 = UNCERTAINTY_MEASURE_WITH_UNIT(LENGTH_MEASURE(1.E-07),#20,
  'distance_accuracy_value','confusion accuracy');
#24 = PRODUCT_RELATED_PRODUCT_CATEGORY('part',$,(#7));
#25 = SHAPE_DEFINITION_REPRESENTATION(#26,#32);
#26 = PRODUCT_DEFINITION_SHAPE('','',#27);
#27 = PRODUCT_DEFINITION('design','',#28,#31);
#28 = PRODUCT_DEFINITION_FORMATION('','',#29);
#29 = PRODUCT('InvoluteGear025','InvoluteGear025','',(#30));
#30 = PRODUCT_CONTEXT('',#2,'mechanical');
#31 = PRODUCT_DEFINITION_CONTEXT('part definition',#2,'design');
#32 = ADVANCED_BREP_SHAPE_REPRESENTATION('',(#11,#33),#4462);
#33 = MANIFOLD_SOLID_BREP('',#34);
#34 = CLOSED_SHELL('',(#35,#75,#165,#255,#1365,#2475,#2493,#2510,#2528,
    #2545,#2563,#2580,#2618,#2656,#2674,#2692,#2730,#2768,#2786,#2804,
    #2822,#2840,#2858,#2876,#2914,#2952,#2970,#2988,#3026,#3064,#3082,
    #3100,#3118,#3136,#3154,#3172,#3210,#3248,#3266,#3284,#3322,#3360,
    #3378,#3396,#3414,#3432,#3450,#3468,#3506,#3544,#3562,#3580,#3618,
    #3656,#3674,#3692,#3710,#3728,#3746,#3764,#3802,#3840,#3858,#3876,
    #3914,#3952,#3970,#3988,#4006,#4024,#4042,#4060,#4098,#4136,#4154,
    #4172,#4210,#4248,#4266,#4284,#4302,#4320,#4338,#4356,#4394,#4432,
    #4445));
#35 = ADVANCED_FACE('',(#36),#70,.F.);
#36 = FACE_BOUND('',#37,.F.);
#37 = EDGE_LOOP('',(#38,#48,#56,#64));
#38 = ORIENTED_EDGE('',*,*,#39,.T.);
#39 = EDGE_CURVE('',#40,#42,#44,.T.);
#40 = VERTEX_POINT('',#41);
#41 = CARTESIAN_POINT('',(19.983701773857,-0.807256720974,0.));
#42 = VERTEX_POINT('',#43);
#43 = CARTESIAN_POINT('',(19.983701773857,-0.807256720974,5.));
#44 = LINE('',#45,#46);
#45 = CARTESIAN_POINT('',(19.983701773857,-0.807256720974,0.));
#46 = VECTOR('',#47,1.);
#47 = DIRECTION('',(0.,0.,1.));
#48 = ORIENTED_EDGE('',*,*,#49,.T.);
#49 = EDGE_CURVE('',#42,#50,#52,.T.);
#50 = VERTEX_POINT('',#51);
#51 = CARTESIAN_POINT('',(19.983701773857,0.807256720974,5.));
#52 = LINE('',#53,#54);
#53 = CARTESIAN_POINT('',(19.983701773857,-0.807256720974,5.));
#54 = VECTOR('',#55,1.);
#55 = DIRECTION('',(0.,1.,0.));
#56 = ORIENTED_EDGE('',*,*,#57,.F.);
#57 = EDGE_CURVE('',#58,#50,#60,.T.);
#58 = VERTEX_POINT('',#59);
#59 = CARTESIAN_POINT('',(19.983701773857,0.807256720974,0.));
#60 = LINE('',#61,#62);
#61 = CARTESIAN_POINT('',(19.983701773857,0.807256720974,0.));
#62 = VECTOR('',#63,1.);
#63 = DIRECTION('',(0.,0.,1.));
#64 = ORIENTED_EDGE('',*,*,#65,.F.);
#65 = EDGE_CURVE('',#40,#58,#66,.T.);
#66 = LINE('',#67,#68);
#67 = CARTESIAN_POINT('',(19.983701773857,-0.807256720974,0.));
#68 = VECTOR('',#69,1.);
#69 = DIRECTION('',(0.,1.,0.));
#70 = PLANE('',#71);
#71 = AXIS2_PLACEMENT_3D('',#72,#73,#74);
#72 = CARTESIAN_POINT('',(19.983701773857,-0.807256720974,0.));
#73 = DIRECTION('',(-1.,0.,0.));
#74 = DIRECTION('',(0.,1.,0.));
#75 = ADVANCED_FACE('',(#76),#139,.F.);
#76 = FACE_BOUND('',#77,.F.);
#77 = EDGE_LOOP('',(#78,#88,#113,#114));
#78 = ORIENTED_EDGE('',*,*,#79,.T.);
#79 = EDGE_CURVE('',#80,#82,#84,.T.);
#80 = VERTEX_POINT('',#81);
#81 = CARTESIAN_POINT('',(16.311964413527,-2.084555665944,0.));
#82 = VERTEX_POINT('',#83);
#83 = CARTESIAN_POINT('',(16.311964413527,-2.084555665944,5.));
#84 = LINE('',#85,#86);
#85 = CARTESIAN_POINT('',(16.311964413527,-2.084555665944,0.));
#86 = VECTOR('',#87,1.);
#87 = DIRECTION('',(0.,0.,1.));
#88 = ORIENTED_EDGE('',*,*,#89,.T.);
#89 = EDGE_CURVE('',#82,#42,#90,.T.);
#90 = B_SPLINE_CURVE_WITH_KNOTS('',3,(#91,#92,#93,#94,#95,#96,#97,#98,
    #99,#100,#101,#102,#103,#104,#105,#106,#107,#108,#109,#110,#111,#112
    ),.UNSPECIFIED.,.F.,.F.,(4,1,1,1,1,1,1,1,1,1,1,1,1,1,1,1,1,1,1,4),(
    0.,1.091295291394E-02,4.36512751805E-02,9.821507409409E-02,
    0.174604364983,0.272819152956,0.392859440335,0.534725228372,
    0.698416517817,0.883933309155,1.091275602718,1.320443398744,
    1.571436697408,1.844255498843,2.138899803152,2.45536961042,
    2.79366492071,3.153785734078,3.535732050569,3.93950387022),
  .UNSPECIFIED.);
#91 = CARTESIAN_POINT('',(16.311964413527,-2.084555665944,5.));
#92 = CARTESIAN_POINT('',(16.31557955276,-2.084964206278,5.));
#93 = CARTESIAN_POINT('',(16.330053406709,-2.086455491246,5.));
#94 = CARTESIAN_POINT('',(16.362733500591,-2.088581849663,5.));
#95 = CARTESIAN_POINT('',(16.417274867217,-2.090396647984,5.));
#96 = CARTESIAN_POINT('',(16.493682528727,-2.090154709441,5.));
#97 = CARTESIAN_POINT('',(16.591843780093,-2.086347652713,5.));
#98 = CARTESIAN_POINT('',(16.711573938077,-2.077359504486,5.));
#99 = CARTESIAN_POINT('',(16.852596027606,-2.061628864763,5.));
#100 = CARTESIAN_POINT('',(17.014549320828,-2.037591765273,5.));
#101 = CARTESIAN_POINT('',(17.196987104597,-2.003708355323,5.));
#102 = CARTESIAN_POINT('',(17.39937858686,-1.958459337425,5.));
#103 = CARTESIAN_POINT('',(17.621109644577,-1.900352658365,5.));
#104 = CARTESIAN_POINT('',(17.861484204718,-1.827926727933,5.));
#105 = CARTESIAN_POINT('',(18.119725667605,-1.739754658161,5.));
#106 = CARTESIAN_POINT('',(18.394978547965,-1.634448156813,5.));
#107 = CARTESIAN_POINT('',(18.686310317487,-1.510661153726,5.));
#108 = CARTESIAN_POINT('',(18.992713270377,-1.367094554306,5.));
#109 = CARTESIAN_POINT('',(19.313107202286,-1.202495782758,5.));
#110 = CARTESIAN_POINT('',(19.64633961785,-1.015679254803,5.));
#111 = CARTESIAN_POINT('',(19.870030801638,-0.879321472017,5.));
#112 = CARTESIAN_POINT('',(19.983701773857,-0.807256720974,5.));
#113 = ORIENTED_EDGE('',*,*,#39,.F.);
#114 = ORIENTED_EDGE('',*,*,#115,.F.);
#115 = EDGE_CURVE('',#80,#40,#116,.T.);
#116 = B_SPLINE_CURVE_WITH_KNOTS('',3,(#117,#118,#119,#120,#121,#122,
    #123,#124,#125,#126,#127,#128,#129,#130,#131,#132,#133,#134,#135,
    #136,#137,#138),.UNSPECIFIED.,.F.,.F.,(4,1,1,1,1,1,1,1,1,1,1,1,1,1,1
    ,1,1,1,1,4),(0.,1.091295291394E-02,4.36512751805E-02,
    9.821507409409E-02,0.174604364983,0.272819152956,0.392859440335,
    0.534725228372,0.698416517817,0.883933309155,1.091275602718,
    1.320443398744,1.571436697408,1.844255498843,2.138899803152,
    2.45536961042,2.79366492071,3.153785734078,3.535732050569,
    3.93950387022),.UNSPECIFIED.);
#117 = CARTESIAN_POINT('',(16.311964413527,-2.084555665944,0.));
#118 = CARTESIAN_POINT('',(16.31557955276,-2.084964206278,0.));
#119 = CARTESIAN_POINT('',(16.330053406709,-2.086455491246,0.));
#120 = CARTESIAN_POINT('',(16.362733500591,-2.088581849663,0.));
#121 = CARTESIAN_POINT('',(16.417274867217,-2.090396647984,0.));
#122 = CARTESIAN_POINT('',(16.493682528727,-2.090154709441,0.));
#123 = CARTESIAN_POINT('',(16.591843780093,-2.086347652713,0.));
#124 = CARTESIAN_POINT('',(16.711573938077,-2.077359504486,0.));
#125 = CARTESIAN_POINT('',(16.852596027606,-2.061628864763,0.));
#126 = CARTESIAN_POINT('',(17.014549320828,-2.037591765273,0.));
#127 = CARTESIAN_POINT('',(17.196987104597,-2.003708355323,0.));
#128 = CARTESIAN_POINT('',(17.39937858686,-1.958459337425,0.));
#129 = CARTESIAN_POINT('',(17.621109644577,-1.900352658365,0.));
#130 = CARTESIAN_POINT('',(17.861484204718,-1.827926727933,0.));
#131 = CARTESIAN_POINT('',(18.119725667605,-1.739754658161,0.));
#132 = CARTESIAN_POINT('',(18.394978547965,-1.634448156813,0.));
#133 = CARTESIAN_POINT('',(18.686310317487,-1.510661153726,0.));
#134 = CARTESIAN_POINT('',(18.992713270377,-1.367094554306,0.));
#135 = CARTESIAN_POINT('',(19.313107202286,-1.202495782758,0.));
#136 = CARTESIAN_POINT('',(19.64633961785,-1.015679254803,0.));
#137 = CARTESIAN_POINT('',(19.870030801638,-0.879321472017,0.));
#138 = CARTESIAN_POINT('',(19.983701773857,-0.807256720974,0.));
#139 = SURFACE_OF_LINEAR_EXTRUSION('',#140,#163);
#140 = B_SPLINE_CURVE_WITH_KNOTS('',3,(#141,#142,#143,#144,#145,#146,
    #147,#148,#149,#150,#151,#152,#153,#154,#155,#156,#157,#158,#159,
    #160,#161,#162),.UNSPECIFIED.,.F.,.F.,(4,1,1,1,1,1,1,1,1,1,1,1,1,1,1
    ,1,1,1,1,4),(0.,1.091295291394E-02,4.36512751805E-02,
    9.821507409409E-02,0.174604364983,0.272819152956,0.392859440335,
    0.534725228372,0.698416517817,0.883933309155,1.091275602718,
    1.320443398744,1.571436697408,1.844255498843,2.138899803152,
    2.45536961042,2.79366492071,3.153785734078,3.535732050569,
    3.93950387022),.UNSPECIFIED.);
#141 = CARTESIAN_POINT('',(16.311964413527,-2.084555665944,0.));
#142 = CARTESIAN_POINT('',(16.31557955276,-2.084964206278,0.));
#143 = CARTESIAN_POINT('',(16.330053406709,-2.086455491246,0.));
#144 = CARTESIAN_POINT('',(16.362733500591,-2.088581849663,0.));
#145 = CARTESIAN_POINT('',(16.417274867217,-2.090396647984,0.));
#146 = CARTESIAN_POINT('',(16.493682528727,-2.090154709441,0.));
#147 = CARTESIAN_POINT('',(16.591843780093,-2.086347652713,0.));
#148 = CARTESIAN_POINT('',(16.711573938077,-2.077359504486,0.));
#149 = CARTESIAN_POINT('',(16.852596027606,-2.061628864763,0.));
#150 = CARTESIAN_POINT('',(17.014549320828,-2.037591765273,0.));
#151 = CARTESIAN_POINT('',(17.196987104597,-2.003708355323,0.));
#152 = CARTESIAN_POINT('',(17.39937858686,-1.958459337425,0.));
#153 = CARTESIAN_POINT('',(17.621109644577,-1.900352658365,0.));
#154 = CARTESIAN_POINT('',(17.861484204718,-1.827926727933,0.));
#155 = CARTESIAN_POINT('',(18.119725667605,-1.739754658161,0.));
#156 = CARTESIAN_POINT('',(18.394978547965,-1.634448156813,0.));
#157 = CARTESIAN_POINT('',(18.686310317487,-1.510661153726,0.));
#158 = CARTESIAN_POINT('',(18.992713270377,-1.367094554306,0.));
#159 = CARTESIAN_POINT('',(19.313107202286,-1.202495782758,0.));
#160 = CARTESIAN_POINT('',(19.64633961785,-1.015679254803,0.));
#161 = CARTESIAN_POINT('',(19.870030801638,-0.879321472017,0.));
#162 = CARTESIAN_POINT('',(19.983701773857,-0.807256720974,0.));
#163 = VECTOR('',#164,1.);
#164 = DIRECTION('',(-0.,-0.,-1.));
#165 = ADVANCED_FACE('',(#166),#229,.F.);
#166 = FACE_BOUND('',#167,.F.);
#167 = EDGE_LOOP('',(#168,#169,#196,#204));
#168 = ORIENTED_EDGE('',*,*,#57,.T.);
#169 = ORIENTED_EDGE('',*,*,#170,.T.);
#170 = EDGE_CURVE('',#50,#171,#173,.T.);
#171 = VERTEX_POINT('',#172);
#172 = CARTESIAN_POINT('',(16.311964413527,2.084555665944,5.));
#173 = B_SPLINE_CURVE_WITH_KNOTS('',3,(#174,#175,#176,#177,#178,#179,
    #180,#181,#182,#183,#184,#185,#186,#187,#188,#189,#190,#191,#192,
    #193,#194,#195),.UNSPECIFIED.,.F.,.F.,(4,1,1,1,1,1,1,1,1,1,1,1,1,1,1
    ,1,1,1,1,4),(0.,0.403771819651,0.785718136142,1.14583894951,
    1.484134259801,1.800604067068,2.095248371378,2.368067172813,
    2.619060471477,2.848228267502,3.055570561065,3.241087352403,
    3.404778641848,3.546644429885,3.666684717265,3.764899505238,
    3.841288796126,3.89585259504,3.928590917306,3.93950387022),
  .UNSPECIFIED.);
#174 = CARTESIAN_POINT('',(19.983701773857,0.807256720974,5.));
#175 = CARTESIAN_POINT('',(19.870030801638,0.879321472017,5.));
#176 = CARTESIAN_POINT('',(19.64633961785,1.015679254803,5.));
#177 = CARTESIAN_POINT('',(19.313107202286,1.202495782758,5.));
#178 = CARTESIAN_POINT('',(18.992713270377,1.367094554306,5.));
#179 = CARTESIAN_POINT('',(18.686310317487,1.510661153726,5.));
#180 = CARTESIAN_POINT('',(18.394978547965,1.634448156813,5.));
#181 = CARTESIAN_POINT('',(18.119725667605,1.739754658161,5.));
#182 = CARTESIAN_POINT('',(17.861484204718,1.827926727933,5.));
#183 = CARTESIAN_POINT('',(17.621109644577,1.900352658365,5.));
#184 = CARTESIAN_POINT('',(17.39937858686,1.958459337425,5.));
#185 = CARTESIAN_POINT('',(17.196987104597,2.003708355323,5.));
#186 = CARTESIAN_POINT('',(17.014549320828,2.037591765273,5.));
#187 = CARTESIAN_POINT('',(16.852596027606,2.061628864763,5.));
#188 = CARTESIAN_POINT('',(16.711573938077,2.077359504486,5.));
#189 = CARTESIAN_POINT('',(16.591843780093,2.086347652713,5.));
#190 = CARTESIAN_POINT('',(16.493682528727,2.090154709441,5.));
#191 = CARTESIAN_POINT('',(16.417274867217,2.090396647984,5.));
#192 = CARTESIAN_POINT('',(16.362733500591,2.088581849663,5.));
#193 = CARTESIAN_POINT('',(16.330053406709,2.086455491246,5.));
#194 = CARTESIAN_POINT('',(16.31557955276,2.084964206278,5.));
#195 = CARTESIAN_POINT('',(16.311964413527,2.084555665944,5.));
#196 = ORIENTED_EDGE('',*,*,#197,.F.);
#197 = EDGE_CURVE('',#198,#171,#200,.T.);
#198 = VERTEX_POINT('',#199);
#199 = CARTESIAN_POINT('',(16.311964413527,2.084555665944,0.));
#200 = LINE('',#201,#202);
#201 = CARTESIAN_POINT('',(16.311964413527,2.084555665944,0.));
#202 = VECTOR('',#203,1.);
#203 = DIRECTION('',(0.,0.,1.));
#204 = ORIENTED_EDGE('',*,*,#205,.F.);
#205 = EDGE_CURVE('',#58,#198,#206,.T.);
#206 = B_SPLINE_CURVE_WITH_KNOTS('',3,(#207,#208,#209,#210,#211,#212,
    #213,#214,#215,#216,#217,#218,#219,#220,#221,#222,#223,#224,#225,
    #226,#227,#228),.UNSPECIFIED.,.F.,.F.,(4,1,1,1,1,1,1,1,1,1,1,1,1,1,1
    ,1,1,1,1,4),(0.,0.403771819651,0.785718136142,1.14583894951,
    1.484134259801,1.800604067068,2.095248371378,2.368067172813,
    2.619060471477,2.848228267502,3.055570561065,3.241087352403,
    3.404778641848,3.546644429885,3.666684717265,3.764899505238,
    3.841288796126,3.89585259504,3.928590917306,3.93950387022),
  .UNSPECIFIED.);
#207 = CARTESIAN_POINT('',(19.983701773857,0.807256720974,0.));
#208 = CARTESIAN_POINT('',(19.870030801638,0.879321472017,0.));
#209 = CARTESIAN_POINT('',(19.64633961785,1.015679254803,0.));
#210 = CARTESIAN_POINT('',(19.313107202286,1.202495782758,0.));
#211 = CARTESIAN_POINT('',(18.992713270377,1.367094554306,0.));
#212 = CARTESIAN_POINT('',(18.686310317487,1.510661153726,0.));
#213 = CARTESIAN_POINT('',(18.394978547965,1.634448156813,0.));
#214 = CARTESIAN_POINT('',(18.119725667605,1.739754658161,0.));
#215 = CARTESIAN_POINT('',(17.861484204718,1.827926727933,0.));
#216 = CARTESIAN_POINT('',(17.621109644577,1.900352658365,0.));
#217 = CARTESIAN_POINT('',(17.39937858686,1.958459337425,0.));
#218 = CARTESIAN_POINT('',(17.196987104597,2.003708355323,0.));
#219 = CARTESIAN_POINT('',(17.014549320828,2.037591765273,0.));
#220 = CARTESIAN_POINT('',(16.852596027606,2.061628864763,0.));
#221 = CARTESIAN_POINT('',(16.711573938077,2.077359504486,0.));
#222 = CARTESIAN_POINT('',(16.591843780093,2.086347652713,0.));
#223 = CARTESIAN_POINT('',(16.493682528727,2.090154709441,0.));
#224 = CARTESIAN_POINT('',(16.417274867217,2.090396647984,0.));
#225 = CARTESIAN_POINT('',(16.362733500591,2.088581849663,0.));
#226 = CARTESIAN_POINT('',(16.330053406709,2.086455491246,0.));
#227 = CARTESIAN_POINT('',(16.31557955276,2.084964206278,-0.));
#228 = CARTESIAN_POINT('',(16.311964413527,2.084555665944,0.));
#229 = SURFACE_OF_LINEAR_EXTRUSION('',#230,#253);
#230 = B_SPLINE_CURVE_WITH_KNOTS('',3,(#231,#232,#233,#234,#235,#236,
    #237,#238,#239,#240,#241,#242,#243,#244,#245,#246,#247,#248,#249,
    #250,#251,#252),.UNSPECIFIED.,.F.,.F.,(4,1,1,1,1,1,1,1,1,1,1,1,1,1,1
    ,1,1,1,1,4),(0.,0.403771819651,0.785718136142,1.14583894951,
    1.484134259801,1.800604067068,2.095248371378,2.368067172813,
    2.619060471477,2.848228267502,3.055570561065,3.241087352403,
    3.404778641848,3.546644429885,3.666684717265,3.764899505238,
    3.841288796126,3.89585259504,3.928590917306,3.93950387022),
  .UNSPECIFIED.);
#231 = CARTESIAN_POINT('',(19.983701773857,0.807256720974,0.));
#232 = CARTESIAN_POINT('',(19.870030801638,0.879321472017,0.));
#233 = CARTESIAN_POINT('',(19.64633961785,1.015679254803,0.));
#234 = CARTESIAN_POINT('',(19.313107202286,1.202495782758,0.));
#235 = CARTESIAN_POINT('',(18.992713270377,1.367094554306,0.));
#236 = CARTESIAN_POINT('',(18.686310317487,1.510661153726,0.));
#237 = CARTESIAN_POINT('',(18.394978547965,1.634448156813,0.));
#238 = CARTESIAN_POINT('',(18.119725667605,1.739754658161,0.));
#239 = CARTESIAN_POINT('',(17.861484204718,1.827926727933,0.));
#240 = CARTESIAN_POINT('',(17.621109644577,1.900352658365,0.));
#241 = CARTESIAN_POINT('',(17.39937858686,1.958459337425,0.));
#242 = CARTESIAN_POINT('',(17.196987104597,2.003708355323,0.));
#243 = CARTESIAN_POINT('',(17.014549320828,2.037591765273,0.));
#244 = CARTESIAN_POINT('',(16.852596027606,2.061628864763,0.));
#245 = CARTESIAN_POINT('',(16.711573938077,2.077359504486,0.));
#246 = CARTESIAN_POINT('',(16.591843780093,2.086347652713,0.));
#247 = CARTESIAN_POINT('',(16.493682528727,2.090154709441,0.));
#248 = CARTESIAN_POINT('',(16.417274867217,2.090396647984,0.));
#249 = CARTESIAN_POINT('',(16.362733500591,2.088581849663,0.));
#250 = CARTESIAN_POINT('',(16.330053406709,2.086455491246,0.));
#251 = CARTESIAN_POINT('',(16.31557955276,2.084964206278,-0.));
#252 = CARTESIAN_POINT('',(16.311964413527,2.084555665944,0.));
#253 = VECTOR('',#254,1.);
#254 = DIRECTION('',(-0.,-0.,-1.));
#255 = ADVANCED_FACE('',(#256,#1349),#1360,.F.);
#256 = FACE_BOUND('',#257,.F.);
#257 = EDGE_LOOP('',(#258,#259,#260,#268,#276,#284,#311,#318,#345,#352,
    #359,#366,#393,#400,#427,#434,#441,#448,#475,#482,#509,#516,#523,
    #530,#557,#564,#591,#598,#605,#612,#639,#646,#673,#680,#687,#694,
    #721,#728,#755,#762,#769,#776,#803,#810,#837,#844,#851,#858,#885,
    #892,#919,#926,#933,#940,#967,#974,#1001,#1008,#1015,#1022,#1049,
    #1056,#1083,#1090,#1097,#1104,#1131,#1138,#1165,#1172,#1179,#1186,
    #1213,#1220,#1247,#1254,#1261,#1268,#1295,#1302,#1329,#1336,#1343,
    #1348));
#258 = ORIENTED_EDGE('',*,*,#65,.T.);
#259 = ORIENTED_EDGE('',*,*,#205,.T.);
#260 = ORIENTED_EDGE('',*,*,#261,.T.);
#261 = EDGE_CURVE('',#198,#262,#264,.T.);
#262 = VERTEX_POINT('',#263);
#263 = CARTESIAN_POINT('',(14.259038891027,1.82220605426,0.));
#264 = LINE('',#265,#266);
#265 = CARTESIAN_POINT('',(16.311964413527,2.084555665944,0.));
#266 = VECTOR('',#267,1.);
#267 = DIRECTION('',(-0.991933140245,-0.126762160296,0.));
#268 = ORIENTED_EDGE('',*,*,#269,.T.);
#269 = EDGE_CURVE('',#262,#270,#272,.T.);
#270 = VERTEX_POINT('',#271);
#271 = CARTESIAN_POINT('',(13.63757570329,4.54501418447,0.));
#272 = LINE('',#273,#274);
#273 = CARTESIAN_POINT('',(14.259038891027,1.82220605426,0.));
#274 = VECTOR('',#275,1.);
#275 = DIRECTION('',(-0.222520933956,0.974927912182,0.));
#276 = ORIENTED_EDGE('',*,*,#277,.T.);
#277 = EDGE_CURVE('',#270,#278,#280,.T.);
#278 = VERTEX_POINT('',#279);
#279 = CARTESIAN_POINT('',(15.601026917659,5.199376353669,0.));
#280 = LINE('',#281,#282);
#281 = CARTESIAN_POINT('',(13.63757570329,4.54501418447,0.));
#282 = VECTOR('',#283,1.);
#283 = DIRECTION('',(0.94870091849,0.316174899789,0.));
#284 = ORIENTED_EDGE('',*,*,#285,.T.);
#285 = EDGE_CURVE('',#278,#286,#288,.T.);
#286 = VERTEX_POINT('',#287);
#287 = CARTESIAN_POINT('',(18.354948728215,7.943290073049,0.));
#288 = B_SPLINE_CURVE_WITH_KNOTS('',3,(#289,#290,#291,#292,#293,#294,
    #295,#296,#297,#298,#299,#300,#301,#302,#303,#304,#305,#306,#307,
    #308,#309,#310),.UNSPECIFIED.,.F.,.F.,(4,1,1,1,1,1,1,1,1,1,1,1,1,1,1
    ,1,1,1,1,4),(0.,1.091295291394E-02,4.36512751805E-02,
    9.821507409409E-02,0.174604364983,0.272819152956,0.392859440335,
    0.534725228372,0.698416517817,0.883933309155,1.091275602718,
    1.320443398744,1.571436697408,1.844255498843,2.138899803152,
    2.45536961042,2.79366492071,3.153785734078,3.535732050569,
    3.93950387022),.UNSPECIFIED.);
#289 = CARTESIAN_POINT('',(15.601026917659,5.199376353669,0.));
#290 = CARTESIAN_POINT('',(15.604461304568,5.200576821675,0.));
#291 = CARTESIAN_POINT('',(15.618148840673,5.205513190215,0.));
#292 = CARTESIAN_POINT('',(15.648515180201,5.217776768808,0.));
#293 = CARTESIAN_POINT('',(15.698442665025,5.239806304108,0.));
#294 = CARTESIAN_POINT('',(15.767178616116,5.273176325076,0.));
#295 = CARTESIAN_POINT('',(15.853967027623,5.319196935446,0.));
#296 = CARTESIAN_POINT('',(15.957940361155,5.379243945809,0.));
#297 = CARTESIAN_POINT('',(16.078171604725,5.454603953975,0.));
#298 = CARTESIAN_POINT('',(16.213657173368,5.546529532715,0.));
#299 = CARTESIAN_POINT('',(16.36332647627,5.656214217997,0.));
#300 = CARTESIAN_POINT('',(16.526042087841,5.784796547516,0.));
#301 = CARTESIAN_POINT('',(16.700603324712,5.933354356767,0.));
#302 = CARTESIAN_POINT('',(16.885748886531,6.102902478258,0.));
#303 = CARTESIAN_POINT('',(17.080159977675,6.294389539653,0.));
#304 = CARTESIAN_POINT('',(17.282463475121,6.508695167889,0.));
#305 = CARTESIAN_POINT('',(17.491235161938,6.746627521405,0.));
#306 = CARTESIAN_POINT('',(17.705003470556,7.00891981683,0.));
#307 = CARTESIAN_POINT('',(17.922251698217,7.296231902857,0.));
#308 = CARTESIAN_POINT('',(18.141427076739,7.609131905014,0.));
#309 = CARTESIAN_POINT('',(18.283802444703,7.829041989431,-0.));
#310 = CARTESIAN_POINT('',(18.354948728215,7.943290073049,0.));
#311 = ORIENTED_EDGE('',*,*,#312,.T.);
#312 = EDGE_CURVE('',#286,#313,#315,.T.);
#313 = VERTEX_POINT('',#314);
#314 = CARTESIAN_POINT('',(17.654437599167,9.397916421054,0.));
#315 = B_SPLINE_CURVE_WITH_KNOTS('',1,(#316,#317),.UNSPECIFIED.,.F.,.F.,
  (2,2),(0.,1.614513441948),.PIECEWISE_BEZIER_KNOTS.);
#316 = CARTESIAN_POINT('',(18.354948728215,7.943290073049,0.));
#317 = CARTESIAN_POINT('',(17.654437599167,9.397916421054,0.));
#318 = ORIENTED_EDGE('',*,*,#319,.T.);
#319 = EDGE_CURVE('',#313,#320,#322,.T.);
#320 = VERTEX_POINT('',#321);
#321 = CARTESIAN_POINT('',(13.792117304182,8.955615870519,0.));
#322 = B_SPLINE_CURVE_WITH_KNOTS('',3,(#323,#324,#325,#326,#327,#328,
    #329,#330,#331,#332,#333,#334,#335,#336,#337,#338,#339,#340,#341,
    #342,#343,#344),.UNSPECIFIED.,.F.,.F.,(4,1,1,1,1,1,1,1,1,1,1,1,1,1,1
    ,1,1,1,1,4),(0.,0.403771819651,0.785718136142,1.14583894951,
    1.484134259801,1.800604067068,2.095248371378,2.368067172813,
    2.619060471477,2.848228267502,3.055570561065,3.241087352403,
    3.404778641848,3.546644429885,3.666684717265,3.764899505238,
    3.841288796126,3.89585259504,3.928590917306,3.93950387022),
  .UNSPECIFIED.);
#323 = CARTESIAN_POINT('',(17.654437599167,9.397916421054,0.));
#324 = CARTESIAN_POINT('',(17.520755868373,9.413524531761,0.));
#325 = CARTESIAN_POINT('',(17.260053651103,9.439322681718,0.));
#326 = CARTESIAN_POINT('',(16.878764965225,9.463054430955,0.));
#327 = CARTESIAN_POINT('',(16.518683276657,9.472339082648,0.));
#328 = CARTESIAN_POINT('',(16.180332542101,9.46874486032,0.));
#329 = CARTESIAN_POINT('',(15.864142519777,9.453868978868,0.));
#330 = CARTESIAN_POINT('',(15.570457465214,9.429319109236,0.));
#331 = CARTESIAN_POINT('',(15.299533519433,9.396712627607,0.));
#332 = CARTESIAN_POINT('',(15.051539090605,9.357671523212,0.));
#333 = CARTESIAN_POINT('',(14.826554767377,9.313818331662,0.));
#334 = CARTESIAN_POINT('',(14.624573529652,9.266771915001,0.));
#335 = CARTESIAN_POINT('',(14.445501305544,9.218143024726,0.));
#336 = CARTESIAN_POINT('',(14.289157123693,9.169530802616,0.));
#337 = CARTESIAN_POINT('',(14.155275342559,9.122516427776,0.));
#338 = CARTESIAN_POINT('',(14.043502386306,9.078665500877,0.));
#339 = CARTESIAN_POINT('',(13.953410334783,9.039504969688,0.));
#340 = CARTESIAN_POINT('',(13.884464437293,9.00657090691,0.));
#341 = CARTESIAN_POINT('',(13.836111775431,8.981271218033,0.));
#342 = CARTESIAN_POINT('',(13.807590620584,8.965176073969,0.));
#343 = CARTESIAN_POINT('',(13.795197173076,8.957552502769,0.));
#344 = CARTESIAN_POINT('',(13.792117304182,8.955615870519,0.));
#345 = ORIENTED_EDGE('',*,*,#346,.T.);
#346 = EDGE_CURVE('',#320,#347,#349,.T.);
#347 = VERTEX_POINT('',#348);
#348 = CARTESIAN_POINT('',(12.05632455076,7.828516036053,0.));
#349 = B_SPLINE_CURVE_WITH_KNOTS('',1,(#350,#351),.UNSPECIFIED.,.F.,.F.,
  (2,2),(0.,2.069620863753),.PIECEWISE_BEZIER_KNOTS.);
#350 = CARTESIAN_POINT('',(13.792117304182,8.955615870519,0.));
#351 = CARTESIAN_POINT('',(12.05632455076,7.828516036053,0.));
#352 = ORIENTED_EDGE('',*,*,#353,.T.);
#353 = EDGE_CURVE('',#347,#354,#356,.T.);
#354 = VERTEX_POINT('',#355);
#355 = CARTESIAN_POINT('',(10.315023393627,10.012038623024,0.));
#356 = B_SPLINE_CURVE_WITH_KNOTS('',1,(#357,#358),.UNSPECIFIED.,.F.,.F.,
  (2,2),(0.,2.792830214612),.PIECEWISE_BEZIER_KNOTS.);
#357 = CARTESIAN_POINT('',(12.05632455076,7.828516036053,0.));
#358 = CARTESIAN_POINT('',(10.315023393627,10.012038623024,0.));
#359 = ORIENTED_EDGE('',*,*,#360,.T.);
#360 = EDGE_CURVE('',#354,#361,#363,.T.);
#361 = VERTEX_POINT('',#362);
#362 = CARTESIAN_POINT('',(11.800114706709,11.453508120271,0.));
#363 = B_SPLINE_CURVE_WITH_KNOTS('',1,(#364,#365),.UNSPECIFIED.,.F.,.F.,
  (2,2),(0.,2.069620863753),.PIECEWISE_BEZIER_KNOTS.);
#364 = CARTESIAN_POINT('',(10.315023393627,10.012038623024,0.));
#365 = CARTESIAN_POINT('',(11.800114706709,11.453508120271,0.));
#366 = ORIENTED_EDGE('',*,*,#367,.T.);
#367 = EDGE_CURVE('',#361,#368,#370,.T.);
#368 = VERTEX_POINT('',#369);
#369 = CARTESIAN_POINT('',(13.090772978277,15.120570850044,0.));
#370 = B_SPLINE_CURVE_WITH_KNOTS('',3,(#371,#372,#373,#374,#375,#376,
    #377,#378,#379,#380,#381,#382,#383,#384,#385,#386,#387,#388,#389,
    #390,#391,#392),.UNSPECIFIED.,.F.,.F.,(4,1,1,1,1,1,1,1,1,1,1,1,1,1,1
    ,1,1,1,1,4),(0.,1.091295291394E-02,4.36512751805E-02,
    9.821507409409E-02,0.174604364983,0.272819152956,0.392859440335,
    0.534725228372,0.698416517817,0.883933309155,1.091275602718,
    1.320443398744,1.571436697408,1.844255498843,2.138899803152,
    2.45536961042,2.79366492071,3.153785734078,3.535732050569,
    3.93950387022),.UNSPECIFIED.);
#371 = CARTESIAN_POINT('',(11.800114706709,11.453508120271,0.));
#372 = CARTESIAN_POINT('',(11.802688118848,11.456079829205,0.));
#373 = CARTESIAN_POINT('',(11.812878352716,11.466466142925,0.));
#374 = CARTESIAN_POINT('',(11.834916511928,11.490690706384,0.));
#375 = CARTESIAN_POINT('',(11.870341364261,11.532201355663,0.));
#376 = CARTESIAN_POINT('',(11.917791606827,11.592090117148,0.));
#377 = CARTESIAN_POINT('',(11.976017669185,11.67120933487,0.));
#378 = CARTESIAN_POINT('',(12.043640984411,11.77042216054,0.));
#379 = CARTESIAN_POINT('',(12.119268109694,11.890485563301,0.));
#380 = CARTESIAN_POINT('',(12.201451375267,12.032092633029,0.));
#381 = CARTESIAN_POINT('',(12.288708356288,12.195854196527,0.));
#382 = CARTESIAN_POINT('',(12.379520274719,12.382302530348,0.));
#383 = CARTESIAN_POINT('',(12.47233769693,12.591887773725,0.));
#384 = CARTESIAN_POINT('',(12.565583911246,12.824977001443,0.));
#385 = CARTESIAN_POINT('',(12.657659129751,13.081852693518,0.));
#386 = CARTESIAN_POINT('',(12.746944555525,13.362711590683,0.));
#387 = CARTESIAN_POINT('',(12.831806366646,13.667663873966,0.));
#388 = CARTESIAN_POINT('',(12.910600595774,13.996731659482,0.));
#389 = CARTESIAN_POINT('',(12.981674443325,14.349851377699,0.));
#390 = CARTESIAN_POINT('',(13.043382413078,14.726861171165,0.));
#391 = CARTESIAN_POINT('',(13.076242777473,14.986767667972,0.));
#392 = CARTESIAN_POINT('',(13.090772978277,15.120570850044,0.));
#393 = ORIENTED_EDGE('',*,*,#394,.T.);
#394 = EDGE_CURVE('',#368,#395,#397,.T.);
#395 = VERTEX_POINT('',#396);
#396 = CARTESIAN_POINT('',(11.828495540495,16.127203516062,0.));
#397 = B_SPLINE_CURVE_WITH_KNOTS('',1,(#398,#399),.UNSPECIFIED.,.F.,.F.,
  (2,2),(0.,1.614513441948),.PIECEWISE_BEZIER_KNOTS.);
#398 = CARTESIAN_POINT('',(13.090772978277,15.120570850044,0.));
#399 = CARTESIAN_POINT('',(11.828495540495,16.127203516062,0.));
#400 = ORIENTED_EDGE('',*,*,#401,.T.);
#401 = EDGE_CURVE('',#395,#402,#404,.T.);
#402 = VERTEX_POINT('',#403);
#403 = CARTESIAN_POINT('',(8.540572213525,14.052906518517,0.));
#404 = B_SPLINE_CURVE_WITH_KNOTS('',3,(#405,#406,#407,#408,#409,#410,
    #411,#412,#413,#414,#415,#416,#417,#418,#419,#420,#421,#422,#423,
    #424,#425,#426),.UNSPECIFIED.,.F.,.F.,(4,1,1,1,1,1,1,1,1,1,1,1,1,1,1
    ,1,1,1,1,4),(0.,0.403771819651,0.785718136142,1.14583894951,
    1.484134259801,1.800604067068,2.095248371378,2.368067172813,
    2.619060471477,2.848228267502,3.055570561065,3.241087352403,
    3.404778641848,3.546644429885,3.666684717265,3.764899505238,
    3.841288796126,3.89585259504,3.928590917306,3.93950387022),
  .UNSPECIFIED.);
#405 = CARTESIAN_POINT('',(11.828495540495,16.127203516062,0.));
#406 = CARTESIAN_POINT('',(11.701280357407,16.083263608688,0.));
#407 = CARTESIAN_POINT('',(11.455202378088,15.993392485823,0.));
#408 = CARTESIAN_POINT('',(11.101376322334,15.849339092355,0.));
#409 = CARTESIAN_POINT('',(10.77292547164,15.701470685056,0.));
#410 = CARTESIAN_POINT('',(10.469641467996,15.551427520791,0.));
#411 = CARTESIAN_POINT('',(10.191218504608,15.400835105563,0.));
#412 = CARTESIAN_POINT('',(9.937269202709,15.251291267717,0.));
#413 = CARTESIAN_POINT('',(9.70732258416,15.104364348266,0.));
#414 = CARTESIAN_POINT('',(9.500826624726,14.961588778577,0.));
#415 = CARTESIAN_POINT('',(9.317149940454,14.824461378827,0.));
#416 = CARTESIAN_POINT('',(9.155583808536,14.694437647414,0.));
#417 = CARTESIAN_POINT('',(9.01534459425,14.572928005027,0.));
#418 = CARTESIAN_POINT('',(8.895575406421,14.461294708095,0.));
#419 = CARTESIAN_POINT('',(8.795350862388,14.360847092223,0.));
#420 = CARTESIAN_POINT('',(8.713673112657,14.272842304066,0.));
#421 = CARTESIAN_POINT('',(8.649494096687,14.198470408435,0.));
#422 = CARTESIAN_POINT('',(8.601665543782,14.138883339379,0.));
#423 = CARTESIAN_POINT('',(8.569078424373,14.095109673608,0.));
#424 = CARTESIAN_POINT('',(8.550365173067,14.068233584574,0.));
#425 = CARTESIAN_POINT('',(8.542506806274,14.055987668914,0.));
#426 = CARTESIAN_POINT('',(8.540572213525,14.052906518517,0.));
#427 = ORIENTED_EDGE('',*,*,#428,.T.);
#428 = EDGE_CURVE('',#402,#429,#431,.T.);
#429 = VERTEX_POINT('',#430);
#430 = CARTESIAN_POINT('',(7.465707272098,12.284292406457,0.));
#431 = B_SPLINE_CURVE_WITH_KNOTS('',1,(#432,#433),.UNSPECIFIED.,.F.,.F.,
  (2,2),(0.,2.069620863753),.PIECEWISE_BEZIER_KNOTS.);
#432 = CARTESIAN_POINT('',(8.540572213525,14.052906518517,0.));
#433 = CARTESIAN_POINT('',(7.465707272098,12.284292406457,0.));
#434 = ORIENTED_EDGE('',*,*,#435,.T.);
#435 = EDGE_CURVE('',#429,#436,#438,.T.);
#436 = VERTEX_POINT('',#437);
#437 = CARTESIAN_POINT('',(4.949454195396,13.496056022693,0.));
#438 = B_SPLINE_CURVE_WITH_KNOTS('',1,(#439,#440),.UNSPECIFIED.,.F.,.F.,
  (2,2),(0.,2.792830214612),.PIECEWISE_BEZIER_KNOTS.);
#439 = CARTESIAN_POINT('',(7.465707272098,12.284292406457,0.));
#440 = CARTESIAN_POINT('',(4.949454195396,13.496056022693,0.));
#441 = ORIENTED_EDGE('',*,*,#442,.T.);
#442 = EDGE_CURVE('',#436,#443,#445,.T.);
#443 = VERTEX_POINT('',#444);
#444 = CARTESIAN_POINT('',(5.662045059186,15.439132135594,0.));
#445 = B_SPLINE_CURVE_WITH_KNOTS('',1,(#446,#447),.UNSPECIFIED.,.F.,.F.,
  (2,2),(0.,2.069620863753),.PIECEWISE_BEZIER_KNOTS.);
#446 = CARTESIAN_POINT('',(4.949454195396,13.496056022693,0.));
#447 = CARTESIAN_POINT('',(5.662045059186,15.439132135594,0.));
#448 = ORIENTED_EDGE('',*,*,#449,.T.);
#449 = EDGE_CURVE('',#443,#450,#452,.T.);
#450 = VERTEX_POINT('',#451);
#451 = CARTESIAN_POINT('',(5.233809092197,19.303037128557,0.));
#452 = B_SPLINE_CURVE_WITH_KNOTS('',3,(#453,#454,#455,#456,#457,#458,
    #459,#460,#461,#462,#463,#464,#465,#466,#467,#468,#469,#470,#471,
    #472,#473,#474),.UNSPECIFIED.,.F.,.F.,(4,1,1,1,1,1,1,1,1,1,1,1,1,1,1
    ,1,1,1,1,4),(0.,1.091295291394E-02,4.36512751805E-02,
    9.821507409409E-02,0.174604364983,0.272819152956,0.392859440335,
    0.534725228372,0.698416517817,0.883933309155,1.091275602718,
    1.320443398744,1.571436697408,1.844255498843,2.138899803152,
    2.45536961042,2.79366492071,3.153785734078,3.535732050569,
    3.93950387022),.UNSPECIFIED.);
#453 = CARTESIAN_POINT('',(5.662045059186,15.439132135594,0.));
#454 = CARTESIAN_POINT('',(5.663247800719,15.442565726963,0.));
#455 = CARTESIAN_POINT('',(5.667922431559,15.45634484905,0.));
#456 = CARTESIAN_POINT('',(5.677267482742,15.487732425487,0.));
#457 = CARTESIAN_POINT('',(5.691173376121,15.540502495562,0.));
#458 = CARTESIAN_POINT('',(5.707939807684,15.615048293864,0.));
#459 = CARTESIAN_POINT('',(5.726071135148,15.711595587534,0.));
#460 = CARTESIAN_POINT('',(5.743950805141,15.830323911621,0.));
#461 = CARTESIAN_POINT('',(5.759994932468,15.971310679579,0.));
#462 = CARTESIAN_POINT('',(5.772598491313,16.134552223439,0.));
#463 = CARTESIAN_POINT('',(5.780160835226,16.3199556791,0.));
#464 = CARTESIAN_POINT('',(5.781082646336,16.52734163807,0.));
#465 = CARTESIAN_POINT('',(5.773772625087,16.756443387729,0.));
#466 = CARTESIAN_POINT('',(5.756650935565,17.006907541471,0.));
#467 = CARTESIAN_POINT('',(5.728153655178,17.278294483037,0.));
#468 = CARTESIAN_POINT('',(5.686736935691,17.57007910004,0.));
#469 = CARTESIAN_POINT('',(5.630880948662,17.881651773391,0.));
#470 = CARTESIAN_POINT('',(5.559094934874,18.212319138326,0.));
#471 = CARTESIAN_POINT('',(5.469917355143,18.56130679781,0.));
#472 = CARTESIAN_POINT('',(5.361935895919,18.927754969267,0.));
#473 = CARTESIAN_POINT('',(5.278772858571,19.176180209228,0.));
#474 = CARTESIAN_POINT('',(5.233809092197,19.303037128557,0.));
#475 = ORIENTED_EDGE('',*,*,#476,.T.);
#476 = EDGE_CURVE('',#450,#477,#479,.T.);
#477 = VERTEX_POINT('',#478);
#478 = CARTESIAN_POINT('',(3.659774873049,19.662300167544,0.));
#479 = B_SPLINE_CURVE_WITH_KNOTS('',1,(#480,#481),.UNSPECIFIED.,.F.,.F.,
  (2,2),(0.,1.614513441948),.PIECEWISE_BEZIER_KNOTS.);
#480 = CARTESIAN_POINT('',(5.233809092197,19.303037128557,0.));
#481 = CARTESIAN_POINT('',(3.659774873049,19.662300167544,0.));
#482 = ORIENTED_EDGE('',*,*,#483,.T.);
#483 = EDGE_CURVE('',#477,#484,#486,.T.);
#484 = VERTEX_POINT('',#485);
#485 = CARTESIAN_POINT('',(1.597462052735,16.366846682934,0.));
#486 = B_SPLINE_CURVE_WITH_KNOTS('',3,(#487,#488,#489,#490,#491,#492,
    #493,#494,#495,#496,#497,#498,#499,#500,#501,#502,#503,#504,#505,
    #506,#507,#508),.UNSPECIFIED.,.F.,.F.,(4,1,1,1,1,1,1,1,1,1,1,1,1,1,1
    ,1,1,1,1,4),(0.,0.403771819651,0.785718136142,1.14583894951,
    1.484134259801,1.800604067068,2.095248371378,2.368067172813,
    2.619060471477,2.848228267502,3.055570561065,3.241087352403,
    3.404778641848,3.546644429885,3.666684717265,3.764899505238,
    3.841288796126,3.89585259504,3.928590917306,3.93950387022),
  .UNSPECIFIED.);
#487 = CARTESIAN_POINT('',(3.659774873049,19.662300167544,0.));
#488 = CARTESIAN_POINT('',(3.564222764871,19.56751507963,0.));
#489 = CARTESIAN_POINT('',(3.381507785255,19.379774762025,0.));
#490 = CARTESIAN_POINT('',(3.125223949359,19.096467767126,0.));
#491 = CARTESIAN_POINT('',(2.893457655704,18.820733452387,0.));
#492 = CARTESIAN_POINT('',(2.685309499428,18.553959235028,0.));
#493 = CARTESIAN_POINT('',(2.499798677508,18.297476960754,0.));
#494 = CARTESIAN_POINT('',(2.335882901998,18.052558145814,0.));
#495 = CARTESIAN_POINT('',(2.192457358594,17.820411466878,0.));
#496 = CARTESIAN_POINT('',(2.068358925829,17.6021798845,0.));
#497 = CARTESIAN_POINT('',(1.962369300479,17.398938039828,0.));
#498 = CARTESIAN_POINT('',(1.873218428273,17.211689788305,0.));
#499 = CARTESIAN_POINT('',(1.79958832012,17.0413658687,0.));
#500 = CARTESIAN_POINT('',(1.740115882834,16.888821840496,0.));
#501 = CARTESIAN_POINT('',(1.693399276021,16.754835865823,0.));
#502 = CARTESIAN_POINT('',(1.657994012859,16.640107644012,0.));
#503 = CARTESIAN_POINT('',(1.632439473659,16.54525464998,0.));
#504 = CARTESIAN_POINT('',(1.61520129682,16.470816524459,0.));
#505 = CARTESIAN_POINT('',(1.604833998517,16.41723879315,0.));
#506 = CARTESIAN_POINT('',(1.599635039676,16.384904898191,0.));
#507 = CARTESIAN_POINT('',(1.597868199519,16.370462091855,0.));
#508 = CARTESIAN_POINT('',(1.597462052735,16.366846682934,0.));
#509 = ORIENTED_EDGE('',*,*,#510,.T.);
#510 = EDGE_CURVE('',#484,#511,#513,.T.);
#511 = VERTEX_POINT('',#512);
#512 = CARTESIAN_POINT('',(1.396415107306,14.307014008803,0.));
#513 = B_SPLINE_CURVE_WITH_KNOTS('',1,(#514,#515),.UNSPECIFIED.,.F.,.F.,
  (2,2),(0.,2.069620863753),.PIECEWISE_BEZIER_KNOTS.);
#514 = CARTESIAN_POINT('',(1.597462052735,16.366846682934,0.));
#515 = CARTESIAN_POINT('',(1.396415107306,14.307014008803,0.));
#516 = ORIENTED_EDGE('',*,*,#517,.T.);
#517 = EDGE_CURVE('',#511,#518,#520,.T.);
#518 = VERTEX_POINT('',#519);
#519 = CARTESIAN_POINT('',(-1.396415107306,14.307014008803,0.));
#520 = B_SPLINE_CURVE_WITH_KNOTS('',1,(#521,#522),.UNSPECIFIED.,.F.,.F.,
  (2,2),(0.,2.792830214612),.PIECEWISE_BEZIER_KNOTS.);
#521 = CARTESIAN_POINT('',(1.396415107306,14.307014008803,0.));
#522 = CARTESIAN_POINT('',(-1.396415107306,14.307014008803,0.));
#523 = ORIENTED_EDGE('',*,*,#524,.T.);
#524 = EDGE_CURVE('',#518,#525,#527,.T.);
#525 = VERTEX_POINT('',#526);
#526 = CARTESIAN_POINT('',(-1.597462052735,16.366846682934,0.));
#527 = B_SPLINE_CURVE_WITH_KNOTS('',1,(#528,#529),.UNSPECIFIED.,.F.,.F.,
  (2,2),(0.,2.069620863753),.PIECEWISE_BEZIER_KNOTS.);
#528 = CARTESIAN_POINT('',(-1.396415107306,14.307014008803,0.));
#529 = CARTESIAN_POINT('',(-1.597462052735,16.366846682934,0.));
#530 = ORIENTED_EDGE('',*,*,#531,.T.);
#531 = EDGE_CURVE('',#525,#532,#534,.T.);
#532 = VERTEX_POINT('',#533);
#533 = CARTESIAN_POINT('',(-3.659774873049,19.662300167544,0.));
#534 = B_SPLINE_CURVE_WITH_KNOTS('',3,(#535,#536,#537,#538,#539,#540,
    #541,#542,#543,#544,#545,#546,#547,#548,#549,#550,#551,#552,#553,
    #554,#555,#556),.UNSPECIFIED.,.F.,.F.,(4,1,1,1,1,1,1,1,1,1,1,1,1,1,1
    ,1,1,1,1,4),(0.,1.091295291394E-02,4.36512751805E-02,
    9.821507409409E-02,0.174604364983,0.272819152956,0.392859440335,
    0.534725228372,0.698416517817,0.883933309155,1.091275602718,
    1.320443398744,1.571436697408,1.844255498843,2.138899803152,
    2.45536961042,2.79366492071,3.153785734078,3.535732050569,
    3.93950387022),.UNSPECIFIED.);
#535 = CARTESIAN_POINT('',(-1.597462052735,16.366846682934,0.));
#536 = CARTESIAN_POINT('',(-1.597868199519,16.370462091855,0.));
#537 = CARTESIAN_POINT('',(-1.599635039676,16.384904898191,0.));
#538 = CARTESIAN_POINT('',(-1.604833998517,16.41723879315,0.));
#539 = CARTESIAN_POINT('',(-1.61520129682,16.470816524459,0.));
#540 = CARTESIAN_POINT('',(-1.632439473659,16.54525464998,0.));
#541 = CARTESIAN_POINT('',(-1.657994012859,16.640107644012,0.));
#542 = CARTESIAN_POINT('',(-1.693399276021,16.754835865823,0.));
#543 = CARTESIAN_POINT('',(-1.740115882834,16.888821840496,0.));
#544 = CARTESIAN_POINT('',(-1.79958832012,17.0413658687,0.));
#545 = CARTESIAN_POINT('',(-1.873218428273,17.211689788305,0.));
#546 = CARTESIAN_POINT('',(-1.962369300479,17.398938039828,0.));
#547 = CARTESIAN_POINT('',(-2.068358925829,17.6021798845,0.));
#548 = CARTESIAN_POINT('',(-2.192457358594,17.820411466878,0.));
#549 = CARTESIAN_POINT('',(-2.335882901998,18.052558145814,0.));
#550 = CARTESIAN_POINT('',(-2.499798677508,18.297476960754,0.));
#551 = CARTESIAN_POINT('',(-2.685309499428,18.553959235028,0.));
#552 = CARTESIAN_POINT('',(-2.893457655704,18.820733452387,0.));
#553 = CARTESIAN_POINT('',(-3.125223949359,19.096467767126,0.));
#554 = CARTESIAN_POINT('',(-3.381507785255,19.379774762025,0.));
#555 = CARTESIAN_POINT('',(-3.564222764871,19.56751507963,0.));
#556 = CARTESIAN_POINT('',(-3.659774873049,19.662300167544,0.));
#557 = ORIENTED_EDGE('',*,*,#558,.T.);
#558 = EDGE_CURVE('',#532,#559,#561,.T.);
#559 = VERTEX_POINT('',#560);
#560 = CARTESIAN_POINT('',(-5.233809092197,19.303037128557,0.));
#561 = B_SPLINE_CURVE_WITH_KNOTS('',1,(#562,#563),.UNSPECIFIED.,.F.,.F.,
  (2,2),(0.,1.614513441948),.PIECEWISE_BEZIER_KNOTS.);
#562 = CARTESIAN_POINT('',(-3.659774873049,19.662300167544,0.));
#563 = CARTESIAN_POINT('',(-5.233809092197,19.303037128557,0.));
#564 = ORIENTED_EDGE('',*,*,#565,.T.);
#565 = EDGE_CURVE('',#559,#566,#568,.T.);
#566 = VERTEX_POINT('',#567);
#567 = CARTESIAN_POINT('',(-5.662045059186,15.439132135594,0.));
#568 = B_SPLINE_CURVE_WITH_KNOTS('',3,(#569,#570,#571,#572,#573,#574,
    #575,#576,#577,#578,#579,#580,#581,#582,#583,#584,#585,#586,#587,
    #588,#589,#590),.UNSPECIFIED.,.F.,.F.,(4,1,1,1,1,1,1,1,1,1,1,1,1,1,1
    ,1,1,1,1,4),(0.,0.403771819651,0.785718136142,1.14583894951,
    1.484134259801,1.800604067068,2.095248371378,2.368067172813,
    2.619060471477,2.848228267502,3.055570561065,3.241087352403,
    3.404778641848,3.546644429885,3.666684717265,3.764899505238,
    3.841288796126,3.89585259504,3.928590917306,3.93950387022),
  .UNSPECIFIED.);
#569 = CARTESIAN_POINT('',(-5.233809092197,19.303037128557,0.));
#570 = CARTESIAN_POINT('',(-5.278772858571,19.176180209228,0.));
#571 = CARTESIAN_POINT('',(-5.361935895919,18.927754969267,0.));
#572 = CARTESIAN_POINT('',(-5.469917355143,18.56130679781,0.));
#573 = CARTESIAN_POINT('',(-5.559094934874,18.212319138326,0.));
#574 = CARTESIAN_POINT('',(-5.630880948662,17.881651773391,0.));
#575 = CARTESIAN_POINT('',(-5.686736935691,17.57007910004,0.));
#576 = CARTESIAN_POINT('',(-5.728153655178,17.278294483037,0.));
#577 = CARTESIAN_POINT('',(-5.756650935565,17.006907541471,0.));
#578 = CARTESIAN_POINT('',(-5.773772625087,16.756443387729,0.));
#579 = CARTESIAN_POINT('',(-5.781082646336,16.52734163807,0.));
#580 = CARTESIAN_POINT('',(-5.780160835226,16.3199556791,0.));
#581 = CARTESIAN_POINT('',(-5.772598491313,16.134552223439,0.));
#582 = CARTESIAN_POINT('',(-5.759994932468,15.971310679579,0.));
#583 = CARTESIAN_POINT('',(-5.743950805141,15.830323911621,0.));
#584 = CARTESIAN_POINT('',(-5.726071135148,15.711595587534,0.));
#585 = CARTESIAN_POINT('',(-5.707939807684,15.615048293864,0.));
#586 = CARTESIAN_POINT('',(-5.691173376121,15.540502495562,0.));
#587 = CARTESIAN_POINT('',(-5.677267482742,15.487732425487,0.));
#588 = CARTESIAN_POINT('',(-5.667922431559,15.45634484905,0.));
#589 = CARTESIAN_POINT('',(-5.663247800719,15.442565726963,0.));
#590 = CARTESIAN_POINT('',(-5.662045059186,15.439132135594,0.));
#591 = ORIENTED_EDGE('',*,*,#592,.T.);
#592 = EDGE_CURVE('',#566,#593,#595,.T.);
#593 = VERTEX_POINT('',#594);
#594 = CARTESIAN_POINT('',(-4.949454195396,13.496056022693,0.));
#595 = B_SPLINE_CURVE_WITH_KNOTS('',1,(#596,#597),.UNSPECIFIED.,.F.,.F.,
  (2,2),(0.,2.069620863753),.PIECEWISE_BEZIER_KNOTS.);
#596 = CARTESIAN_POINT('',(-5.662045059186,15.439132135594,0.));
#597 = CARTESIAN_POINT('',(-4.949454195396,13.496056022693,0.));
#598 = ORIENTED_EDGE('',*,*,#599,.T.);
#599 = EDGE_CURVE('',#593,#600,#602,.T.);
#600 = VERTEX_POINT('',#601);
#601 = CARTESIAN_POINT('',(-7.465707272098,12.284292406457,0.));
#602 = B_SPLINE_CURVE_WITH_KNOTS('',1,(#603,#604),.UNSPECIFIED.,.F.,.F.,
  (2,2),(0.,2.792830214612),.PIECEWISE_BEZIER_KNOTS.);
#603 = CARTESIAN_POINT('',(-4.949454195396,13.496056022693,0.));
#604 = CARTESIAN_POINT('',(-7.465707272098,12.284292406457,0.));
#605 = ORIENTED_EDGE('',*,*,#606,.T.);
#606 = EDGE_CURVE('',#600,#607,#609,.T.);
#607 = VERTEX_POINT('',#608);
#608 = CARTESIAN_POINT('',(-8.540572213525,14.052906518517,0.));
#609 = B_SPLINE_CURVE_WITH_KNOTS('',1,(#610,#611),.UNSPECIFIED.,.F.,.F.,
  (2,2),(0.,2.069620863753),.PIECEWISE_BEZIER_KNOTS.);
#610 = CARTESIAN_POINT('',(-7.465707272098,12.284292406457,0.));
#611 = CARTESIAN_POINT('',(-8.540572213525,14.052906518517,0.));
#612 = ORIENTED_EDGE('',*,*,#613,.T.);
#613 = EDGE_CURVE('',#607,#614,#616,.T.);
#614 = VERTEX_POINT('',#615);
#615 = CARTESIAN_POINT('',(-11.82849554049,16.127203516062,0.));
#616 = B_SPLINE_CURVE_WITH_KNOTS('',3,(#617,#618,#619,#620,#621,#622,
    #623,#624,#625,#626,#627,#628,#629,#630,#631,#632,#633,#634,#635,
    #636,#637,#638),.UNSPECIFIED.,.F.,.F.,(4,1,1,1,1,1,1,1,1,1,1,1,1,1,1
    ,1,1,1,1,4),(0.,1.091295291394E-02,4.36512751805E-02,
    9.821507409409E-02,0.174604364983,0.272819152956,0.392859440335,
    0.534725228372,0.698416517817,0.883933309155,1.091275602718,
    1.320443398744,1.571436697408,1.844255498843,2.138899803152,
    2.45536961042,2.79366492071,3.153785734078,3.535732050569,
    3.93950387022),.UNSPECIFIED.);
#617 = CARTESIAN_POINT('',(-8.540572213525,14.052906518517,0.));
#618 = CARTESIAN_POINT('',(-8.542506806274,14.055987668914,0.));
#619 = CARTESIAN_POINT('',(-8.550365173067,14.068233584574,0.));
#620 = CARTESIAN_POINT('',(-8.569078424373,14.095109673608,0.));
#621 = CARTESIAN_POINT('',(-8.601665543782,14.138883339379,0.));
#622 = CARTESIAN_POINT('',(-8.649494096687,14.198470408435,0.));
#623 = CARTESIAN_POINT('',(-8.713673112657,14.272842304066,0.));
#624 = CARTESIAN_POINT('',(-8.795350862388,14.360847092223,0.));
#625 = CARTESIAN_POINT('',(-8.895575406421,14.461294708095,0.));
#626 = CARTESIAN_POINT('',(-9.01534459425,14.572928005027,0.));
#627 = CARTESIAN_POINT('',(-9.155583808536,14.694437647414,0.));
#628 = CARTESIAN_POINT('',(-9.317149940454,14.824461378827,0.));
#629 = CARTESIAN_POINT('',(-9.500826624726,14.961588778577,0.));
#630 = CARTESIAN_POINT('',(-9.70732258416,15.104364348266,0.));
#631 = CARTESIAN_POINT('',(-9.937269202709,15.251291267717,0.));
#632 = CARTESIAN_POINT('',(-10.1912185046,15.400835105563,0.));
#633 = CARTESIAN_POINT('',(-10.46964146799,15.551427520791,0.));
#634 = CARTESIAN_POINT('',(-10.77292547164,15.701470685056,0.));
#635 = CARTESIAN_POINT('',(-11.10137632233,15.849339092355,0.));
#636 = CARTESIAN_POINT('',(-11.45520237808,15.993392485823,0.));
#637 = CARTESIAN_POINT('',(-11.7012803574,16.083263608688,0.));
#638 = CARTESIAN_POINT('',(-11.82849554049,16.127203516062,0.));
#639 = ORIENTED_EDGE('',*,*,#640,.T.);
#640 = EDGE_CURVE('',#614,#641,#643,.T.);
#641 = VERTEX_POINT('',#642);
#642 = CARTESIAN_POINT('',(-13.09077297827,15.120570850044,0.));
#643 = B_SPLINE_CURVE_WITH_KNOTS('',1,(#644,#645),.UNSPECIFIED.,.F.,.F.,
  (2,2),(0.,1.614513441948),.PIECEWISE_BEZIER_KNOTS.);
#644 = CARTESIAN_POINT('',(-11.82849554049,16.127203516062,0.));
#645 = CARTESIAN_POINT('',(-13.09077297827,15.120570850044,0.));
#646 = ORIENTED_EDGE('',*,*,#647,.T.);
#647 = EDGE_CURVE('',#641,#648,#650,.T.);
#648 = VERTEX_POINT('',#649);
#649 = CARTESIAN_POINT('',(-11.8001147067,11.453508120271,0.));
#650 = B_SPLINE_CURVE_WITH_KNOTS('',3,(#651,#652,#653,#654,#655,#656,
    #657,#658,#659,#660,#661,#662,#663,#664,#665,#666,#667,#668,#669,
    #670,#671,#672),.UNSPECIFIED.,.F.,.F.,(4,1,1,1,1,1,1,1,1,1,1,1,1,1,1
    ,1,1,1,1,4),(0.,0.403771819651,0.785718136142,1.14583894951,
    1.484134259801,1.800604067068,2.095248371378,2.368067172813,
    2.619060471477,2.848228267502,3.055570561065,3.241087352403,
    3.404778641848,3.546644429885,3.666684717265,3.764899505238,
    3.841288796126,3.89585259504,3.928590917306,3.93950387022),
  .UNSPECIFIED.);
#651 = CARTESIAN_POINT('',(-13.09077297827,15.120570850044,0.));
#652 = CARTESIAN_POINT('',(-13.07624277747,14.986767667972,0.));
#653 = CARTESIAN_POINT('',(-13.04338241307,14.726861171165,0.));
#654 = CARTESIAN_POINT('',(-12.98167444332,14.349851377699,0.));
#655 = CARTESIAN_POINT('',(-12.91060059577,13.996731659482,0.));
#656 = CARTESIAN_POINT('',(-12.83180636664,13.667663873966,0.));
#657 = CARTESIAN_POINT('',(-12.74694455552,13.362711590683,0.));
#658 = CARTESIAN_POINT('',(-12.65765912975,13.081852693518,0.));
#659 = CARTESIAN_POINT('',(-12.56558391124,12.824977001443,0.));
#660 = CARTESIAN_POINT('',(-12.47233769693,12.591887773725,0.));
#661 = CARTESIAN_POINT('',(-12.37952027471,12.382302530348,0.));
#662 = CARTESIAN_POINT('',(-12.28870835628,12.195854196527,0.));
#663 = CARTESIAN_POINT('',(-12.20145137526,12.032092633029,0.));
#664 = CARTESIAN_POINT('',(-12.11926810969,11.890485563301,0.));
#665 = CARTESIAN_POINT('',(-12.04364098441,11.77042216054,0.));
#666 = CARTESIAN_POINT('',(-11.97601766918,11.67120933487,0.));
#667 = CARTESIAN_POINT('',(-11.91779160682,11.592090117148,0.));
#668 = CARTESIAN_POINT('',(-11.87034136426,11.532201355663,0.));
#669 = CARTESIAN_POINT('',(-11.83491651192,11.490690706384,0.));
#670 = CARTESIAN_POINT('',(-11.81287835271,11.466466142925,0.));
#671 = CARTESIAN_POINT('',(-11.80268811884,11.456079829205,0.));
#672 = CARTESIAN_POINT('',(-11.8001147067,11.453508120271,0.));
#673 = ORIENTED_EDGE('',*,*,#674,.T.);
#674 = EDGE_CURVE('',#648,#675,#677,.T.);
#675 = VERTEX_POINT('',#676);
#676 = CARTESIAN_POINT('',(-10.31502339362,10.012038623024,0.));
#677 = B_SPLINE_CURVE_WITH_KNOTS('',1,(#678,#679),.UNSPECIFIED.,.F.,.F.,
  (2,2),(0.,2.069620863753),.PIECEWISE_BEZIER_KNOTS.);
#678 = CARTESIAN_POINT('',(-11.8001147067,11.453508120271,0.));
#679 = CARTESIAN_POINT('',(-10.31502339362,10.012038623024,0.));
#680 = ORIENTED_EDGE('',*,*,#681,.T.);
#681 = EDGE_CURVE('',#675,#682,#684,.T.);
#682 = VERTEX_POINT('',#683);
#683 = CARTESIAN_POINT('',(-12.05632455076,7.828516036053,0.));
#684 = B_SPLINE_CURVE_WITH_KNOTS('',1,(#685,#686),.UNSPECIFIED.,.F.,.F.,
  (2,2),(0.,2.792830214612),.PIECEWISE_BEZIER_KNOTS.);
#685 = CARTESIAN_POINT('',(-10.31502339362,10.012038623024,0.));
#686 = CARTESIAN_POINT('',(-12.05632455076,7.828516036053,0.));
#687 = ORIENTED_EDGE('',*,*,#688,.T.);
#688 = EDGE_CURVE('',#682,#689,#691,.T.);
#689 = VERTEX_POINT('',#690);
#690 = CARTESIAN_POINT('',(-13.79211730418,8.955615870519,0.));
#691 = B_SPLINE_CURVE_WITH_KNOTS('',1,(#692,#693),.UNSPECIFIED.,.F.,.F.,
  (2,2),(0.,2.069620863753),.PIECEWISE_BEZIER_KNOTS.);
#692 = CARTESIAN_POINT('',(-12.05632455076,7.828516036053,0.));
#693 = CARTESIAN_POINT('',(-13.79211730418,8.955615870519,0.));
#694 = ORIENTED_EDGE('',*,*,#695,.T.);
#695 = EDGE_CURVE('',#689,#696,#698,.T.);
#696 = VERTEX_POINT('',#697);
#697 = CARTESIAN_POINT('',(-17.65443759916,9.397916421054,0.));
#698 = B_SPLINE_CURVE_WITH_KNOTS('',3,(#699,#700,#701,#702,#703,#704,
    #705,#706,#707,#708,#709,#710,#711,#712,#713,#714,#715,#716,#717,
    #718,#719,#720),.UNSPECIFIED.,.F.,.F.,(4,1,1,1,1,1,1,1,1,1,1,1,1,1,1
    ,1,1,1,1,4),(0.,1.091295291394E-02,4.36512751805E-02,
    9.821507409409E-02,0.174604364983,0.272819152956,0.392859440335,
    0.534725228372,0.698416517817,0.883933309155,1.091275602718,
    1.320443398744,1.571436697408,1.844255498843,2.138899803152,
    2.45536961042,2.79366492071,3.153785734078,3.535732050569,
    3.93950387022),.UNSPECIFIED.);
#699 = CARTESIAN_POINT('',(-13.79211730418,8.955615870519,0.));
#700 = CARTESIAN_POINT('',(-13.79519717307,8.957552502769,0.));
#701 = CARTESIAN_POINT('',(-13.80759062058,8.965176073969,0.));
#702 = CARTESIAN_POINT('',(-13.83611177543,8.981271218033,0.));
#703 = CARTESIAN_POINT('',(-13.88446443729,9.00657090691,0.));
#704 = CARTESIAN_POINT('',(-13.95341033478,9.039504969688,0.));
#705 = CARTESIAN_POINT('',(-14.0435023863,9.078665500877,0.));
#706 = CARTESIAN_POINT('',(-14.15527534255,9.122516427776,0.));
#707 = CARTESIAN_POINT('',(-14.28915712369,9.169530802616,0.));
#708 = CARTESIAN_POINT('',(-14.44550130554,9.218143024727,0.));
#709 = CARTESIAN_POINT('',(-14.62457352965,9.266771915001,0.));
#710 = CARTESIAN_POINT('',(-14.82655476737,9.313818331662,0.));
#711 = CARTESIAN_POINT('',(-15.0515390906,9.357671523212,0.));
#712 = CARTESIAN_POINT('',(-15.29953351943,9.396712627607,0.));
#713 = CARTESIAN_POINT('',(-15.57045746521,9.429319109236,0.));
#714 = CARTESIAN_POINT('',(-15.86414251977,9.453868978868,0.));
#715 = CARTESIAN_POINT('',(-16.1803325421,9.46874486032,0.));
#716 = CARTESIAN_POINT('',(-16.51868327665,9.472339082648,0.));
#717 = CARTESIAN_POINT('',(-16.87876496522,9.463054430955,0.));
#718 = CARTESIAN_POINT('',(-17.2600536511,9.439322681718,0.));
#719 = CARTESIAN_POINT('',(-17.52075586837,9.413524531761,0.));
#720 = CARTESIAN_POINT('',(-17.65443759916,9.397916421054,0.));
#721 = ORIENTED_EDGE('',*,*,#722,.T.);
#722 = EDGE_CURVE('',#696,#723,#725,.T.);
#723 = VERTEX_POINT('',#724);
#724 = CARTESIAN_POINT('',(-18.35494872821,7.943290073049,0.));
#725 = B_SPLINE_CURVE_WITH_KNOTS('',1,(#726,#727),.UNSPECIFIED.,.F.,.F.,
  (2,2),(0.,1.614513441948),.PIECEWISE_BEZIER_KNOTS.);
#726 = CARTESIAN_POINT('',(-17.65443759916,9.397916421054,0.));
#727 = CARTESIAN_POINT('',(-18.35494872821,7.943290073049,0.));
#728 = ORIENTED_EDGE('',*,*,#729,.T.);
#729 = EDGE_CURVE('',#723,#730,#732,.T.);
#730 = VERTEX_POINT('',#731);
#731 = CARTESIAN_POINT('',(-15.60102691765,5.199376353669,0.));
#732 = B_SPLINE_CURVE_WITH_KNOTS('',3,(#733,#734,#735,#736,#737,#738,
    #739,#740,#741,#742,#743,#744,#745,#746,#747,#748,#749,#750,#751,
    #752,#753,#754),.UNSPECIFIED.,.F.,.F.,(4,1,1,1,1,1,1,1,1,1,1,1,1,1,1
    ,1,1,1,1,4),(0.,0.403771819651,0.785718136142,1.14583894951,
    1.484134259801,1.800604067068,2.095248371378,2.368067172813,
    2.619060471477,2.848228267502,3.055570561065,3.241087352403,
    3.404778641848,3.546644429885,3.666684717265,3.764899505238,
    3.841288796126,3.89585259504,3.928590917306,3.93950387022),
  .UNSPECIFIED.);
#733 = CARTESIAN_POINT('',(-18.35494872821,7.943290073049,0.));
#734 = CARTESIAN_POINT('',(-18.2838024447,7.829041989431,0.));
#735 = CARTESIAN_POINT('',(-18.14142707673,7.609131905014,0.));
#736 = CARTESIAN_POINT('',(-17.92225169821,7.296231902857,0.));
#737 = CARTESIAN_POINT('',(-17.70500347055,7.00891981683,0.));
#738 = CARTESIAN_POINT('',(-17.49123516193,6.746627521405,0.));
#739 = CARTESIAN_POINT('',(-17.28246347512,6.508695167889,0.));
#740 = CARTESIAN_POINT('',(-17.08015997767,6.294389539653,0.));
#741 = CARTESIAN_POINT('',(-16.88574888653,6.102902478258,0.));
#742 = CARTESIAN_POINT('',(-16.70060332471,5.933354356767,0.));
#743 = CARTESIAN_POINT('',(-16.52604208784,5.784796547516,0.));
#744 = CARTESIAN_POINT('',(-16.36332647627,5.656214217997,0.));
#745 = CARTESIAN_POINT('',(-16.21365717336,5.546529532715,0.));
#746 = CARTESIAN_POINT('',(-16.07817160472,5.454603953975,0.));
#747 = CARTESIAN_POINT('',(-15.95794036115,5.379243945809,0.));
#748 = CARTESIAN_POINT('',(-15.85396702762,5.319196935446,0.));
#749 = CARTESIAN_POINT('',(-15.76717861611,5.273176325076,0.));
#750 = CARTESIAN_POINT('',(-15.69844266502,5.239806304108,0.));
#751 = CARTESIAN_POINT('',(-15.6485151802,5.217776768808,0.));
#752 = CARTESIAN_POINT('',(-15.61814884067,5.205513190215,0.));
#753 = CARTESIAN_POINT('',(-15.60446130456,5.200576821675,0.));
#754 = CARTESIAN_POINT('',(-15.60102691765,5.199376353669,0.));
#755 = ORIENTED_EDGE('',*,*,#756,.T.);
#756 = EDGE_CURVE('',#730,#757,#759,.T.);
#757 = VERTEX_POINT('',#758);
#758 = CARTESIAN_POINT('',(-13.63757570329,4.54501418447,0.));
#759 = B_SPLINE_CURVE_WITH_KNOTS('',1,(#760,#761),.UNSPECIFIED.,.F.,.F.,
  (2,2),(0.,2.069620863753),.PIECEWISE_BEZIER_KNOTS.);
#760 = CARTESIAN_POINT('',(-15.60102691765,5.199376353669,0.));
#761 = CARTESIAN_POINT('',(-13.63757570329,4.54501418447,0.));
#762 = ORIENTED_EDGE('',*,*,#763,.T.);
#763 = EDGE_CURVE('',#757,#764,#766,.T.);
#764 = VERTEX_POINT('',#765);
#765 = CARTESIAN_POINT('',(-14.25903889102,1.82220605426,0.));
#766 = B_SPLINE_CURVE_WITH_KNOTS('',1,(#767,#768),.UNSPECIFIED.,.F.,.F.,
  (2,2),(0.,2.792830214612),.PIECEWISE_BEZIER_KNOTS.);
#767 = CARTESIAN_POINT('',(-13.63757570329,4.54501418447,0.));
#768 = CARTESIAN_POINT('',(-14.25903889102,1.82220605426,0.));
#769 = ORIENTED_EDGE('',*,*,#770,.T.);
#770 = EDGE_CURVE('',#764,#771,#773,.T.);
#771 = VERTEX_POINT('',#772);
#772 = CARTESIAN_POINT('',(-16.31196441352,2.084555665944,0.));
#773 = B_SPLINE_CURVE_WITH_KNOTS('',1,(#774,#775),.UNSPECIFIED.,.F.,.F.,
  (2,2),(0.,2.069620863753),.PIECEWISE_BEZIER_KNOTS.);
#774 = CARTESIAN_POINT('',(-14.25903889102,1.82220605426,0.));
#775 = CARTESIAN_POINT('',(-16.31196441352,2.084555665944,0.));
#776 = ORIENTED_EDGE('',*,*,#777,.T.);
#777 = EDGE_CURVE('',#771,#778,#780,.T.);
#778 = VERTEX_POINT('',#779);
#779 = CARTESIAN_POINT('',(-19.98370177385,0.807256720974,0.));
#780 = B_SPLINE_CURVE_WITH_KNOTS('',3,(#781,#782,#783,#784,#785,#786,
    #787,#788,#789,#790,#791,#792,#793,#794,#795,#796,#797,#798,#799,
    #800,#801,#802),.UNSPECIFIED.,.F.,.F.,(4,1,1,1,1,1,1,1,1,1,1,1,1,1,1
    ,1,1,1,1,4),(0.,1.091295291394E-02,4.36512751805E-02,
    9.821507409409E-02,0.174604364983,0.272819152956,0.392859440335,
    0.534725228372,0.698416517817,0.883933309155,1.091275602718,
    1.320443398744,1.571436697408,1.844255498843,2.138899803152,
    2.45536961042,2.79366492071,3.153785734078,3.535732050569,
    3.93950387022),.UNSPECIFIED.);
#781 = CARTESIAN_POINT('',(-16.31196441352,2.084555665944,0.));
#782 = CARTESIAN_POINT('',(-16.31557955276,2.084964206278,0.));
#783 = CARTESIAN_POINT('',(-16.3300534067,2.086455491246,0.));
#784 = CARTESIAN_POINT('',(-16.36273350059,2.088581849663,0.));
#785 = CARTESIAN_POINT('',(-16.41727486721,2.090396647984,0.));
#786 = CARTESIAN_POINT('',(-16.49368252872,2.090154709441,0.));
#787 = CARTESIAN_POINT('',(-16.59184378009,2.086347652713,0.));
#788 = CARTESIAN_POINT('',(-16.71157393807,2.077359504486,0.));
#789 = CARTESIAN_POINT('',(-16.8525960276,2.061628864763,0.));
#790 = CARTESIAN_POINT('',(-17.01454932082,2.037591765273,0.));
#791 = CARTESIAN_POINT('',(-17.19698710459,2.003708355323,0.));
#792 = CARTESIAN_POINT('',(-17.39937858686,1.958459337425,0.));
#793 = CARTESIAN_POINT('',(-17.62110964457,1.900352658365,0.));
#794 = CARTESIAN_POINT('',(-17.86148420471,1.827926727933,0.));
#795 = CARTESIAN_POINT('',(-18.1197256676,1.739754658161,0.));
#796 = CARTESIAN_POINT('',(-18.39497854796,1.634448156813,0.));
#797 = CARTESIAN_POINT('',(-18.68631031748,1.510661153726,0.));
#798 = CARTESIAN_POINT('',(-18.99271327037,1.367094554306,0.));
#799 = CARTESIAN_POINT('',(-19.31310720228,1.202495782758,0.));
#800 = CARTESIAN_POINT('',(-19.64633961785,1.015679254803,0.));
#801 = CARTESIAN_POINT('',(-19.87003080163,0.879321472017,0.));
#802 = CARTESIAN_POINT('',(-19.98370177385,0.807256720974,0.));
#803 = ORIENTED_EDGE('',*,*,#804,.T.);
#804 = EDGE_CURVE('',#778,#805,#807,.T.);
#805 = VERTEX_POINT('',#806);
#806 = CARTESIAN_POINT('',(-19.98370177385,-0.807256720974,0.));
#807 = B_SPLINE_CURVE_WITH_KNOTS('',1,(#808,#809),.UNSPECIFIED.,.F.,.F.,
  (2,2),(0.,1.614513441948),.PIECEWISE_BEZIER_KNOTS.);
#808 = CARTESIAN_POINT('',(-19.98370177385,0.807256720974,0.));
#809 = CARTESIAN_POINT('',(-19.98370177385,-0.807256720974,0.));
#810 = ORIENTED_EDGE('',*,*,#811,.T.);
#811 = EDGE_CURVE('',#805,#812,#814,.T.);
#812 = VERTEX_POINT('',#813);
#813 = CARTESIAN_POINT('',(-16.31196441352,-2.084555665944,0.));
#814 = B_SPLINE_CURVE_WITH_KNOTS('',3,(#815,#816,#817,#818,#819,#820,
    #821,#822,#823,#824,#825,#826,#827,#828,#829,#830,#831,#832,#833,
    #834,#835,#836),.UNSPECIFIED.,.F.,.F.,(4,1,1,1,1,1,1,1,1,1,1,1,1,1,1
    ,1,1,1,1,4),(0.,0.403771819651,0.785718136142,1.14583894951,
    1.484134259801,1.800604067068,2.095248371378,2.368067172813,
    2.619060471477,2.848228267502,3.055570561065,3.241087352403,
    3.404778641848,3.546644429885,3.666684717265,3.764899505238,
    3.841288796126,3.89585259504,3.928590917306,3.93950387022),
  .UNSPECIFIED.);
#815 = CARTESIAN_POINT('',(-19.98370177385,-0.807256720974,0.));
#816 = CARTESIAN_POINT('',(-19.87003080163,-0.879321472017,0.));
#817 = CARTESIAN_POINT('',(-19.64633961785,-1.015679254803,0.));
#818 = CARTESIAN_POINT('',(-19.31310720228,-1.202495782758,0.));
#819 = CARTESIAN_POINT('',(-18.99271327037,-1.367094554306,0.));
#820 = CARTESIAN_POINT('',(-18.68631031748,-1.510661153726,0.));
#821 = CARTESIAN_POINT('',(-18.39497854796,-1.634448156813,0.));
#822 = CARTESIAN_POINT('',(-18.1197256676,-1.739754658161,0.));
#823 = CARTESIAN_POINT('',(-17.86148420471,-1.827926727933,0.));
#824 = CARTESIAN_POINT('',(-17.62110964457,-1.900352658365,0.));
#825 = CARTESIAN_POINT('',(-17.39937858686,-1.958459337425,0.));
#826 = CARTESIAN_POINT('',(-17.19698710459,-2.003708355323,0.));
#827 = CARTESIAN_POINT('',(-17.01454932082,-2.037591765273,0.));
#828 = CARTESIAN_POINT('',(-16.8525960276,-2.061628864763,0.));
#829 = CARTESIAN_POINT('',(-16.71157393807,-2.077359504486,0.));
#830 = CARTESIAN_POINT('',(-16.59184378009,-2.086347652713,0.));
#831 = CARTESIAN_POINT('',(-16.49368252872,-2.090154709441,0.));
#832 = CARTESIAN_POINT('',(-16.41727486721,-2.090396647984,0.));
#833 = CARTESIAN_POINT('',(-16.36273350059,-2.088581849663,0.));
#834 = CARTESIAN_POINT('',(-16.3300534067,-2.086455491246,0.));
#835 = CARTESIAN_POINT('',(-16.31557955276,-2.084964206278,0.));
#836 = CARTESIAN_POINT('',(-16.31196441352,-2.084555665944,0.));
#837 = ORIENTED_EDGE('',*,*,#838,.T.);
#838 = EDGE_CURVE('',#812,#839,#841,.T.);
#839 = VERTEX_POINT('',#840);
#840 = CARTESIAN_POINT('',(-14.25903889102,-1.82220605426,0.));
#841 = B_SPLINE_CURVE_WITH_KNOTS('',1,(#842,#843),.UNSPECIFIED.,.F.,.F.,
  (2,2),(0.,2.069620863753),.PIECEWISE_BEZIER_KNOTS.);
#842 = CARTESIAN_POINT('',(-16.31196441352,-2.084555665944,0.));
#843 = CARTESIAN_POINT('',(-14.25903889102,-1.82220605426,0.));
#844 = ORIENTED_EDGE('',*,*,#845,.T.);
#845 = EDGE_CURVE('',#839,#846,#848,.T.);
#846 = VERTEX_POINT('',#847);
#847 = CARTESIAN_POINT('',(-13.63757570329,-4.54501418447,0.));
#848 = B_SPLINE_CURVE_WITH_KNOTS('',1,(#849,#850),.UNSPECIFIED.,.F.,.F.,
  (2,2),(0.,2.792830214612),.PIECEWISE_BEZIER_KNOTS.);
#849 = CARTESIAN_POINT('',(-14.25903889102,-1.82220605426,0.));
#850 = CARTESIAN_POINT('',(-13.63757570329,-4.54501418447,0.));
#851 = ORIENTED_EDGE('',*,*,#852,.T.);
#852 = EDGE_CURVE('',#846,#853,#855,.T.);
#853 = VERTEX_POINT('',#854);
#854 = CARTESIAN_POINT('',(-15.60102691765,-5.199376353669,0.));
#855 = B_SPLINE_CURVE_WITH_KNOTS('',1,(#856,#857),.UNSPECIFIED.,.F.,.F.,
  (2,2),(0.,2.069620863753),.PIECEWISE_BEZIER_KNOTS.);
#856 = CARTESIAN_POINT('',(-13.63757570329,-4.54501418447,0.));
#857 = CARTESIAN_POINT('',(-15.60102691765,-5.199376353669,0.));
#858 = ORIENTED_EDGE('',*,*,#859,.T.);
#859 = EDGE_CURVE('',#853,#860,#862,.T.);
#860 = VERTEX_POINT('',#861);
#861 = CARTESIAN_POINT('',(-18.35494872821,-7.943290073049,0.));
#862 = B_SPLINE_CURVE_WITH_KNOTS('',3,(#863,#864,#865,#866,#867,#868,
    #869,#870,#871,#872,#873,#874,#875,#876,#877,#878,#879,#880,#881,
    #882,#883,#884),.UNSPECIFIED.,.F.,.F.,(4,1,1,1,1,1,1,1,1,1,1,1,1,1,1
    ,1,1,1,1,4),(0.,1.091295291394E-02,4.36512751805E-02,
    9.821507409409E-02,0.174604364983,0.272819152956,0.392859440335,
    0.534725228372,0.698416517817,0.883933309155,1.091275602718,
    1.320443398744,1.571436697408,1.844255498843,2.138899803152,
    2.45536961042,2.79366492071,3.153785734078,3.535732050569,
    3.93950387022),.UNSPECIFIED.);
#863 = CARTESIAN_POINT('',(-15.60102691765,-5.199376353669,0.));
#864 = CARTESIAN_POINT('',(-15.60446130456,-5.200576821675,0.));
#865 = CARTESIAN_POINT('',(-15.61814884067,-5.205513190215,0.));
#866 = CARTESIAN_POINT('',(-15.6485151802,-5.217776768808,0.));
#867 = CARTESIAN_POINT('',(-15.69844266502,-5.239806304108,0.));
#868 = CARTESIAN_POINT('',(-15.76717861611,-5.273176325076,0.));
#869 = CARTESIAN_POINT('',(-15.85396702762,-5.319196935446,0.));
#870 = CARTESIAN_POINT('',(-15.95794036115,-5.379243945809,0.));
#871 = CARTESIAN_POINT('',(-16.07817160472,-5.454603953975,0.));
#872 = CARTESIAN_POINT('',(-16.21365717336,-5.546529532715,0.));
#873 = CARTESIAN_POINT('',(-16.36332647627,-5.656214217997,0.));
#874 = CARTESIAN_POINT('',(-16.52604208784,-5.784796547516,0.));
#875 = CARTESIAN_POINT('',(-16.70060332471,-5.933354356767,0.));
#876 = CARTESIAN_POINT('',(-16.88574888653,-6.102902478258,0.));
#877 = CARTESIAN_POINT('',(-17.08015997767,-6.294389539653,0.));
#878 = CARTESIAN_POINT('',(-17.28246347512,-6.508695167889,0.));
#879 = CARTESIAN_POINT('',(-17.49123516193,-6.746627521405,0.));
#880 = CARTESIAN_POINT('',(-17.70500347055,-7.00891981683,0.));
#881 = CARTESIAN_POINT('',(-17.92225169821,-7.296231902857,0.));
#882 = CARTESIAN_POINT('',(-18.14142707673,-7.609131905014,0.));
#883 = CARTESIAN_POINT('',(-18.2838024447,-7.829041989431,0.));
#884 = CARTESIAN_POINT('',(-18.35494872821,-7.943290073049,0.));
#885 = ORIENTED_EDGE('',*,*,#886,.T.);
#886 = EDGE_CURVE('',#860,#887,#889,.T.);
#887 = VERTEX_POINT('',#888);
#888 = CARTESIAN_POINT('',(-17.65443759916,-9.397916421054,0.));
#889 = B_SPLINE_CURVE_WITH_KNOTS('',1,(#890,#891),.UNSPECIFIED.,.F.,.F.,
  (2,2),(0.,1.614513441948),.PIECEWISE_BEZIER_KNOTS.);
#890 = CARTESIAN_POINT('',(-18.35494872821,-7.943290073049,0.));
#891 = CARTESIAN_POINT('',(-17.65443759916,-9.397916421054,0.));
#892 = ORIENTED_EDGE('',*,*,#893,.T.);
#893 = EDGE_CURVE('',#887,#894,#896,.T.);
#894 = VERTEX_POINT('',#895);
#895 = CARTESIAN_POINT('',(-13.79211730418,-8.955615870519,0.));
#896 = B_SPLINE_CURVE_WITH_KNOTS('',3,(#897,#898,#899,#900,#901,#902,
    #903,#904,#905,#906,#907,#908,#909,#910,#911,#912,#913,#914,#915,
    #916,#917,#918),.UNSPECIFIED.,.F.,.F.,(4,1,1,1,1,1,1,1,1,1,1,1,1,1,1
    ,1,1,1,1,4),(0.,0.403771819651,0.785718136142,1.14583894951,
    1.484134259801,1.800604067068,2.095248371378,2.368067172813,
    2.619060471477,2.848228267502,3.055570561065,3.241087352403,
    3.404778641848,3.546644429885,3.666684717265,3.764899505238,
    3.841288796126,3.89585259504,3.928590917306,3.93950387022),
  .UNSPECIFIED.);
#897 = CARTESIAN_POINT('',(-17.65443759916,-9.397916421054,0.));
#898 = CARTESIAN_POINT('',(-17.52075586837,-9.413524531761,0.));
#899 = CARTESIAN_POINT('',(-17.2600536511,-9.439322681718,0.));
#900 = CARTESIAN_POINT('',(-16.87876496522,-9.463054430955,0.));
#901 = CARTESIAN_POINT('',(-16.51868327665,-9.472339082648,0.));
#902 = CARTESIAN_POINT('',(-16.1803325421,-9.46874486032,0.));
#903 = CARTESIAN_POINT('',(-15.86414251977,-9.453868978868,0.));
#904 = CARTESIAN_POINT('',(-15.57045746521,-9.429319109236,0.));
#905 = CARTESIAN_POINT('',(-15.29953351943,-9.396712627607,0.));
#906 = CARTESIAN_POINT('',(-15.0515390906,-9.357671523212,0.));
#907 = CARTESIAN_POINT('',(-14.82655476737,-9.313818331662,0.));
#908 = CARTESIAN_POINT('',(-14.62457352965,-9.266771915001,0.));
#909 = CARTESIAN_POINT('',(-14.44550130554,-9.218143024726,0.));
#910 = CARTESIAN_POINT('',(-14.28915712369,-9.169530802616,0.));
#911 = CARTESIAN_POINT('',(-14.15527534255,-9.122516427776,0.));
#912 = CARTESIAN_POINT('',(-14.0435023863,-9.078665500877,0.));
#913 = CARTESIAN_POINT('',(-13.95341033478,-9.039504969688,0.));
#914 = CARTESIAN_POINT('',(-13.88446443729,-9.00657090691,0.));
#915 = CARTESIAN_POINT('',(-13.83611177543,-8.981271218033,0.));
#916 = CARTESIAN_POINT('',(-13.80759062058,-8.965176073969,0.));
#917 = CARTESIAN_POINT('',(-13.79519717307,-8.957552502769,0.));
#918 = CARTESIAN_POINT('',(-13.79211730418,-8.955615870519,0.));
#919 = ORIENTED_EDGE('',*,*,#920,.T.);
#920 = EDGE_CURVE('',#894,#921,#923,.T.);
#921 = VERTEX_POINT('',#922);
#922 = CARTESIAN_POINT('',(-12.05632455076,-7.828516036053,0.));
#923 = B_SPLINE_CURVE_WITH_KNOTS('',1,(#924,#925),.UNSPECIFIED.,.F.,.F.,
  (2,2),(0.,2.069620863753),.PIECEWISE_BEZIER_KNOTS.);
#924 = CARTESIAN_POINT('',(-13.79211730418,-8.955615870519,0.));
#925 = CARTESIAN_POINT('',(-12.05632455076,-7.828516036053,0.));
#926 = ORIENTED_EDGE('',*,*,#927,.T.);
#927 = EDGE_CURVE('',#921,#928,#930,.T.);
#928 = VERTEX_POINT('',#929);
#929 = CARTESIAN_POINT('',(-10.31502339362,-10.01203862302,0.));
#930 = B_SPLINE_CURVE_WITH_KNOTS('',1,(#931,#932),.UNSPECIFIED.,.F.,.F.,
  (2,2),(0.,2.792830214612),.PIECEWISE_BEZIER_KNOTS.);
#931 = CARTESIAN_POINT('',(-12.05632455076,-7.828516036053,0.));
#932 = CARTESIAN_POINT('',(-10.31502339362,-10.01203862302,0.));
#933 = ORIENTED_EDGE('',*,*,#934,.T.);
#934 = EDGE_CURVE('',#928,#935,#937,.T.);
#935 = VERTEX_POINT('',#936);
#936 = CARTESIAN_POINT('',(-11.8001147067,-11.45350812027,0.));
#937 = B_SPLINE_CURVE_WITH_KNOTS('',1,(#938,#939),.UNSPECIFIED.,.F.,.F.,
  (2,2),(0.,2.069620863753),.PIECEWISE_BEZIER_KNOTS.);
#938 = CARTESIAN_POINT('',(-10.31502339362,-10.01203862302,0.));
#939 = CARTESIAN_POINT('',(-11.8001147067,-11.45350812027,0.));
#940 = ORIENTED_EDGE('',*,*,#941,.T.);
#941 = EDGE_CURVE('',#935,#942,#944,.T.);
#942 = VERTEX_POINT('',#943);
#943 = CARTESIAN_POINT('',(-13.09077297827,-15.12057085004,0.));
#944 = B_SPLINE_CURVE_WITH_KNOTS('',3,(#945,#946,#947,#948,#949,#950,
    #951,#952,#953,#954,#955,#956,#957,#958,#959,#960,#961,#962,#963,
    #964,#965,#966),.UNSPECIFIED.,.F.,.F.,(4,1,1,1,1,1,1,1,1,1,1,1,1,1,1
    ,1,1,1,1,4),(0.,1.091295291394E-02,4.36512751805E-02,
    9.821507409409E-02,0.174604364983,0.272819152956,0.392859440335,
    0.534725228372,0.698416517817,0.883933309155,1.091275602718,
    1.320443398744,1.571436697408,1.844255498843,2.138899803152,
    2.45536961042,2.79366492071,3.153785734078,3.535732050569,
    3.93950387022),.UNSPECIFIED.);
#945 = CARTESIAN_POINT('',(-11.8001147067,-11.45350812027,0.));
#946 = CARTESIAN_POINT('',(-11.80268811884,-11.4560798292,0.));
#947 = CARTESIAN_POINT('',(-11.81287835271,-11.46646614292,0.));
#948 = CARTESIAN_POINT('',(-11.83491651192,-11.49069070638,0.));
#949 = CARTESIAN_POINT('',(-11.87034136426,-11.53220135566,0.));
#950 = CARTESIAN_POINT('',(-11.91779160682,-11.59209011714,0.));
#951 = CARTESIAN_POINT('',(-11.97601766918,-11.67120933487,0.));
#952 = CARTESIAN_POINT('',(-12.04364098441,-11.77042216054,0.));
#953 = CARTESIAN_POINT('',(-12.11926810969,-11.8904855633,0.));
#954 = CARTESIAN_POINT('',(-12.20145137526,-12.03209263302,0.));
#955 = CARTESIAN_POINT('',(-12.28870835628,-12.19585419652,0.));
#956 = CARTESIAN_POINT('',(-12.37952027471,-12.38230253034,0.));
#957 = CARTESIAN_POINT('',(-12.47233769693,-12.59188777372,0.));
#958 = CARTESIAN_POINT('',(-12.56558391124,-12.82497700144,0.));
#959 = CARTESIAN_POINT('',(-12.65765912975,-13.08185269351,0.));
#960 = CARTESIAN_POINT('',(-12.74694455552,-13.36271159068,0.));
#961 = CARTESIAN_POINT('',(-12.83180636664,-13.66766387396,0.));
#962 = CARTESIAN_POINT('',(-12.91060059577,-13.99673165948,0.));
#963 = CARTESIAN_POINT('',(-12.98167444332,-14.34985137769,0.));
#964 = CARTESIAN_POINT('',(-13.04338241307,-14.72686117116,0.));
#965 = CARTESIAN_POINT('',(-13.07624277747,-14.98676766797,0.));
#966 = CARTESIAN_POINT('',(-13.09077297827,-15.12057085004,0.));
#967 = ORIENTED_EDGE('',*,*,#968,.T.);
#968 = EDGE_CURVE('',#942,#969,#971,.T.);
#969 = VERTEX_POINT('',#970);
#970 = CARTESIAN_POINT('',(-11.82849554049,-16.12720351606,0.));
#971 = B_SPLINE_CURVE_WITH_KNOTS('',1,(#972,#973),.UNSPECIFIED.,.F.,.F.,
  (2,2),(0.,1.614513441948),.PIECEWISE_BEZIER_KNOTS.);
#972 = CARTESIAN_POINT('',(-13.09077297827,-15.12057085004,0.));
#973 = CARTESIAN_POINT('',(-11.82849554049,-16.12720351606,0.));
#974 = ORIENTED_EDGE('',*,*,#975,.T.);
#975 = EDGE_CURVE('',#969,#976,#978,.T.);
#976 = VERTEX_POINT('',#977);
#977 = CARTESIAN_POINT('',(-8.540572213525,-14.05290651851,0.));
#978 = B_SPLINE_CURVE_WITH_KNOTS('',3,(#979,#980,#981,#982,#983,#984,
    #985,#986,#987,#988,#989,#990,#991,#992,#993,#994,#995,#996,#997,
    #998,#999,#1000),.UNSPECIFIED.,.F.,.F.,(4,1,1,1,1,1,1,1,1,1,1,1,1,1,
    1,1,1,1,1,4),(0.,0.403771819651,0.785718136142,1.14583894951,
    1.484134259801,1.800604067068,2.095248371378,2.368067172813,
    2.619060471477,2.848228267502,3.055570561065,3.241087352403,
    3.404778641848,3.546644429885,3.666684717265,3.764899505238,
    3.841288796126,3.89585259504,3.928590917306,3.93950387022),
  .UNSPECIFIED.);
#979 = CARTESIAN_POINT('',(-11.82849554049,-16.12720351606,0.));
#980 = CARTESIAN_POINT('',(-11.7012803574,-16.08326360868,0.));
#981 = CARTESIAN_POINT('',(-11.45520237808,-15.99339248582,0.));
#982 = CARTESIAN_POINT('',(-11.10137632233,-15.84933909235,0.));
#983 = CARTESIAN_POINT('',(-10.77292547164,-15.70147068505,0.));
#984 = CARTESIAN_POINT('',(-10.46964146799,-15.55142752079,0.));
#985 = CARTESIAN_POINT('',(-10.1912185046,-15.40083510556,0.));
#986 = CARTESIAN_POINT('',(-9.937269202709,-15.25129126771,0.));
#987 = CARTESIAN_POINT('',(-9.70732258416,-15.10436434826,0.));
#988 = CARTESIAN_POINT('',(-9.500826624726,-14.96158877857,0.));
#989 = CARTESIAN_POINT('',(-9.317149940454,-14.82446137882,0.));
#990 = CARTESIAN_POINT('',(-9.155583808536,-14.69443764741,0.));
#991 = CARTESIAN_POINT('',(-9.01534459425,-14.57292800502,0.));
#992 = CARTESIAN_POINT('',(-8.895575406421,-14.46129470809,0.));
#993 = CARTESIAN_POINT('',(-8.795350862388,-14.36084709222,0.));
#994 = CARTESIAN_POINT('',(-8.713673112657,-14.27284230406,0.));
#995 = CARTESIAN_POINT('',(-8.649494096687,-14.19847040843,0.));
#996 = CARTESIAN_POINT('',(-8.601665543782,-14.13888333937,0.));
#997 = CARTESIAN_POINT('',(-8.569078424373,-14.0951096736,0.));
#998 = CARTESIAN_POINT('',(-8.550365173067,-14.06823358457,0.));
#999 = CARTESIAN_POINT('',(-8.542506806274,-14.05598766891,0.));
#1000 = CARTESIAN_POINT('',(-8.540572213525,-14.05290651851,0.));
#1001 = ORIENTED_EDGE('',*,*,#1002,.T.);
#1002 = EDGE_CURVE('',#976,#1003,#1005,.T.);
#1003 = VERTEX_POINT('',#1004);
#1004 = CARTESIAN_POINT('',(-7.465707272098,-12.28429240645,0.));
#1005 = B_SPLINE_CURVE_WITH_KNOTS('',1,(#1006,#1007),.UNSPECIFIED.,.F.,
  .F.,(2,2),(0.,2.069620863753),.PIECEWISE_BEZIER_KNOTS.);
#1006 = CARTESIAN_POINT('',(-8.540572213525,-14.05290651851,0.));
#1007 = CARTESIAN_POINT('',(-7.465707272098,-12.28429240645,0.));
#1008 = ORIENTED_EDGE('',*,*,#1009,.T.);
#1009 = EDGE_CURVE('',#1003,#1010,#1012,.T.);
#1010 = VERTEX_POINT('',#1011);
#1011 = CARTESIAN_POINT('',(-4.949454195396,-13.49605602269,0.));
#1012 = B_SPLINE_CURVE_WITH_KNOTS('',1,(#1013,#1014),.UNSPECIFIED.,.F.,
  .F.,(2,2),(0.,2.792830214612),.PIECEWISE_BEZIER_KNOTS.);
#1013 = CARTESIAN_POINT('',(-7.465707272098,-12.28429240645,0.));
#1014 = CARTESIAN_POINT('',(-4.949454195396,-13.49605602269,0.));
#1015 = ORIENTED_EDGE('',*,*,#1016,.T.);
#1016 = EDGE_CURVE('',#1010,#1017,#1019,.T.);
#1017 = VERTEX_POINT('',#1018);
#1018 = CARTESIAN_POINT('',(-5.662045059186,-15.43913213559,0.));
#1019 = B_SPLINE_CURVE_WITH_KNOTS('',1,(#1020,#1021),.UNSPECIFIED.,.F.,
  .F.,(2,2),(0.,2.069620863753),.PIECEWISE_BEZIER_KNOTS.);
#1020 = CARTESIAN_POINT('',(-4.949454195396,-13.49605602269,0.));
#1021 = CARTESIAN_POINT('',(-5.662045059186,-15.43913213559,0.));
#1022 = ORIENTED_EDGE('',*,*,#1023,.T.);
#1023 = EDGE_CURVE('',#1017,#1024,#1026,.T.);
#1024 = VERTEX_POINT('',#1025);
#1025 = CARTESIAN_POINT('',(-5.233809092197,-19.30303712855,0.));
#1026 = B_SPLINE_CURVE_WITH_KNOTS('',3,(#1027,#1028,#1029,#1030,#1031,
    #1032,#1033,#1034,#1035,#1036,#1037,#1038,#1039,#1040,#1041,#1042,
    #1043,#1044,#1045,#1046,#1047,#1048),.UNSPECIFIED.,.F.,.F.,(4,1,1,1,
    1,1,1,1,1,1,1,1,1,1,1,1,1,1,1,4),(0.,1.091295291394E-02,
    4.36512751805E-02,9.821507409409E-02,0.174604364983,0.272819152956,
    0.392859440335,0.534725228372,0.698416517817,0.883933309155,
    1.091275602718,1.320443398744,1.571436697408,1.844255498843,
    2.138899803152,2.45536961042,2.79366492071,3.153785734078,
    3.535732050569,3.93950387022),.UNSPECIFIED.);
#1027 = CARTESIAN_POINT('',(-5.662045059186,-15.43913213559,0.));
#1028 = CARTESIAN_POINT('',(-5.663247800719,-15.44256572696,0.));
#1029 = CARTESIAN_POINT('',(-5.667922431559,-15.45634484905,0.));
#1030 = CARTESIAN_POINT('',(-5.677267482742,-15.48773242548,0.));
#1031 = CARTESIAN_POINT('',(-5.691173376121,-15.54050249556,0.));
#1032 = CARTESIAN_POINT('',(-5.707939807684,-15.61504829386,0.));
#1033 = CARTESIAN_POINT('',(-5.726071135148,-15.71159558753,0.));
#1034 = CARTESIAN_POINT('',(-5.743950805141,-15.83032391162,0.));
#1035 = CARTESIAN_POINT('',(-5.759994932468,-15.97131067957,0.));
#1036 = CARTESIAN_POINT('',(-5.772598491313,-16.13455222343,0.));
#1037 = CARTESIAN_POINT('',(-5.780160835226,-16.3199556791,0.));
#1038 = CARTESIAN_POINT('',(-5.781082646336,-16.52734163807,0.));
#1039 = CARTESIAN_POINT('',(-5.773772625087,-16.75644338772,0.));
#1040 = CARTESIAN_POINT('',(-5.756650935565,-17.00690754147,0.));
#1041 = CARTESIAN_POINT('',(-5.728153655178,-17.27829448303,0.));
#1042 = CARTESIAN_POINT('',(-5.686736935691,-17.57007910004,0.));
#1043 = CARTESIAN_POINT('',(-5.630880948662,-17.88165177339,0.));
#1044 = CARTESIAN_POINT('',(-5.559094934874,-18.21231913832,0.));
#1045 = CARTESIAN_POINT('',(-5.469917355143,-18.56130679781,0.));
#1046 = CARTESIAN_POINT('',(-5.361935895919,-18.92775496926,0.));
#1047 = CARTESIAN_POINT('',(-5.278772858571,-19.17618020922,0.));
#1048 = CARTESIAN_POINT('',(-5.233809092197,-19.30303712855,0.));
#1049 = ORIENTED_EDGE('',*,*,#1050,.T.);
#1050 = EDGE_CURVE('',#1024,#1051,#1053,.T.);
#1051 = VERTEX_POINT('',#1052);
#1052 = CARTESIAN_POINT('',(-3.659774873049,-19.66230016754,0.));
#1053 = B_SPLINE_CURVE_WITH_KNOTS('',1,(#1054,#1055),.UNSPECIFIED.,.F.,
  .F.,(2,2),(0.,1.614513441948),.PIECEWISE_BEZIER_KNOTS.);
#1054 = CARTESIAN_POINT('',(-5.233809092197,-19.30303712855,0.));
#1055 = CARTESIAN_POINT('',(-3.659774873049,-19.66230016754,0.));
#1056 = ORIENTED_EDGE('',*,*,#1057,.T.);
#1057 = EDGE_CURVE('',#1051,#1058,#1060,.T.);
#1058 = VERTEX_POINT('',#1059);
#1059 = CARTESIAN_POINT('',(-1.597462052735,-16.36684668293,0.));
#1060 = B_SPLINE_CURVE_WITH_KNOTS('',3,(#1061,#1062,#1063,#1064,#1065,
    #1066,#1067,#1068,#1069,#1070,#1071,#1072,#1073,#1074,#1075,#1076,
    #1077,#1078,#1079,#1080,#1081,#1082),.UNSPECIFIED.,.F.,.F.,(4,1,1,1,
    1,1,1,1,1,1,1,1,1,1,1,1,1,1,1,4),(0.,0.403771819651,0.785718136142,
    1.14583894951,1.484134259801,1.800604067068,2.095248371378,
    2.368067172813,2.619060471477,2.848228267502,3.055570561065,
    3.241087352403,3.404778641848,3.546644429885,3.666684717265,
    3.764899505238,3.841288796126,3.89585259504,3.928590917306,
    3.93950387022),.UNSPECIFIED.);
#1061 = CARTESIAN_POINT('',(-3.659774873049,-19.66230016754,0.));
#1062 = CARTESIAN_POINT('',(-3.564222764871,-19.56751507963,0.));
#1063 = CARTESIAN_POINT('',(-3.381507785255,-19.37977476202,0.));
#1064 = CARTESIAN_POINT('',(-3.125223949359,-19.09646776712,0.));
#1065 = CARTESIAN_POINT('',(-2.893457655704,-18.82073345238,0.));
#1066 = CARTESIAN_POINT('',(-2.685309499428,-18.55395923502,0.));
#1067 = CARTESIAN_POINT('',(-2.499798677508,-18.29747696075,0.));
#1068 = CARTESIAN_POINT('',(-2.335882901998,-18.05255814581,0.));
#1069 = CARTESIAN_POINT('',(-2.192457358594,-17.82041146687,0.));
#1070 = CARTESIAN_POINT('',(-2.068358925829,-17.6021798845,0.));
#1071 = CARTESIAN_POINT('',(-1.962369300479,-17.39893803982,0.));
#1072 = CARTESIAN_POINT('',(-1.873218428273,-17.2116897883,0.));
#1073 = CARTESIAN_POINT('',(-1.79958832012,-17.0413658687,0.));
#1074 = CARTESIAN_POINT('',(-1.740115882834,-16.88882184049,0.));
#1075 = CARTESIAN_POINT('',(-1.693399276021,-16.75483586582,0.));
#1076 = CARTESIAN_POINT('',(-1.657994012859,-16.64010764401,0.));
#1077 = CARTESIAN_POINT('',(-1.632439473659,-16.54525464998,0.));
#1078 = CARTESIAN_POINT('',(-1.61520129682,-16.47081652445,0.));
#1079 = CARTESIAN_POINT('',(-1.604833998517,-16.41723879315,0.));
#1080 = CARTESIAN_POINT('',(-1.599635039676,-16.38490489819,0.));
#1081 = CARTESIAN_POINT('',(-1.597868199519,-16.37046209185,0.));
#1082 = CARTESIAN_POINT('',(-1.597462052735,-16.36684668293,0.));
#1083 = ORIENTED_EDGE('',*,*,#1084,.T.);
#1084 = EDGE_CURVE('',#1058,#1085,#1087,.T.);
#1085 = VERTEX_POINT('',#1086);
#1086 = CARTESIAN_POINT('',(-1.396415107306,-14.3070140088,0.));
#1087 = B_SPLINE_CURVE_WITH_KNOTS('',1,(#1088,#1089),.UNSPECIFIED.,.F.,
  .F.,(2,2),(0.,2.069620863753),.PIECEWISE_BEZIER_KNOTS.);
#1088 = CARTESIAN_POINT('',(-1.597462052735,-16.36684668293,0.));
#1089 = CARTESIAN_POINT('',(-1.396415107306,-14.3070140088,0.));
#1090 = ORIENTED_EDGE('',*,*,#1091,.T.);
#1091 = EDGE_CURVE('',#1085,#1092,#1094,.T.);
#1092 = VERTEX_POINT('',#1093);
#1093 = CARTESIAN_POINT('',(1.396415107306,-14.3070140088,0.));
#1094 = B_SPLINE_CURVE_WITH_KNOTS('',1,(#1095,#1096),.UNSPECIFIED.,.F.,
  .F.,(2,2),(0.,2.792830214612),.PIECEWISE_BEZIER_KNOTS.);
#1095 = CARTESIAN_POINT('',(-1.396415107306,-14.3070140088,0.));
#1096 = CARTESIAN_POINT('',(1.396415107306,-14.3070140088,0.));
#1097 = ORIENTED_EDGE('',*,*,#1098,.T.);
#1098 = EDGE_CURVE('',#1092,#1099,#1101,.T.);
#1099 = VERTEX_POINT('',#1100);
#1100 = CARTESIAN_POINT('',(1.597462052735,-16.36684668293,0.));
#1101 = B_SPLINE_CURVE_WITH_KNOTS('',1,(#1102,#1103),.UNSPECIFIED.,.F.,
  .F.,(2,2),(0.,2.069620863753),.PIECEWISE_BEZIER_KNOTS.);
#1102 = CARTESIAN_POINT('',(1.396415107306,-14.3070140088,0.));
#1103 = CARTESIAN_POINT('',(1.597462052735,-16.36684668293,0.));
#1104 = ORIENTED_EDGE('',*,*,#1105,.T.);
#1105 = EDGE_CURVE('',#1099,#1106,#1108,.T.);
#1106 = VERTEX_POINT('',#1107);
#1107 = CARTESIAN_POINT('',(3.659774873049,-19.66230016754,0.));
#1108 = B_SPLINE_CURVE_WITH_KNOTS('',3,(#1109,#1110,#1111,#1112,#1113,
    #1114,#1115,#1116,#1117,#1118,#1119,#1120,#1121,#1122,#1123,#1124,
    #1125,#1126,#1127,#1128,#1129,#1130),.UNSPECIFIED.,.F.,.F.,(4,1,1,1,
    1,1,1,1,1,1,1,1,1,1,1,1,1,1,1,4),(0.,1.091295291394E-02,
    4.36512751805E-02,9.821507409409E-02,0.174604364983,0.272819152956,
    0.392859440335,0.534725228372,0.698416517817,0.883933309155,
    1.091275602718,1.320443398744,1.571436697408,1.844255498843,
    2.138899803152,2.45536961042,2.79366492071,3.153785734078,
    3.535732050569,3.93950387022),.UNSPECIFIED.);
#1109 = CARTESIAN_POINT('',(1.597462052735,-16.36684668293,0.));
#1110 = CARTESIAN_POINT('',(1.597868199519,-16.37046209185,0.));
#1111 = CARTESIAN_POINT('',(1.599635039676,-16.38490489819,0.));
#1112 = CARTESIAN_POINT('',(1.604833998517,-16.41723879315,0.));
#1113 = CARTESIAN_POINT('',(1.61520129682,-16.47081652445,0.));
#1114 = CARTESIAN_POINT('',(1.632439473659,-16.54525464998,0.));
#1115 = CARTESIAN_POINT('',(1.657994012859,-16.64010764401,0.));
#1116 = CARTESIAN_POINT('',(1.693399276021,-16.75483586582,0.));
#1117 = CARTESIAN_POINT('',(1.740115882834,-16.88882184049,0.));
#1118 = CARTESIAN_POINT('',(1.79958832012,-17.0413658687,0.));
#1119 = CARTESIAN_POINT('',(1.873218428273,-17.2116897883,0.));
#1120 = CARTESIAN_POINT('',(1.962369300479,-17.39893803982,0.));
#1121 = CARTESIAN_POINT('',(2.068358925829,-17.6021798845,0.));
#1122 = CARTESIAN_POINT('',(2.192457358594,-17.82041146687,0.));
#1123 = CARTESIAN_POINT('',(2.335882901998,-18.05255814581,0.));
#1124 = CARTESIAN_POINT('',(2.499798677508,-18.29747696075,0.));
#1125 = CARTESIAN_POINT('',(2.685309499428,-18.55395923502,0.));
#1126 = CARTESIAN_POINT('',(2.893457655704,-18.82073345238,0.));
#1127 = CARTESIAN_POINT('',(3.125223949359,-19.09646776712,0.));
#1128 = CARTESIAN_POINT('',(3.381507785255,-19.37977476202,0.));
#1129 = CARTESIAN_POINT('',(3.564222764871,-19.56751507963,0.));
#1130 = CARTESIAN_POINT('',(3.659774873049,-19.66230016754,0.));
#1131 = ORIENTED_EDGE('',*,*,#1132,.T.);
#1132 = EDGE_CURVE('',#1106,#1133,#1135,.T.);
#1133 = VERTEX_POINT('',#1134);
#1134 = CARTESIAN_POINT('',(5.233809092197,-19.30303712855,0.));
#1135 = B_SPLINE_CURVE_WITH_KNOTS('',1,(#1136,#1137),.UNSPECIFIED.,.F.,
  .F.,(2,2),(0.,1.614513441948),.PIECEWISE_BEZIER_KNOTS.);
#1136 = CARTESIAN_POINT('',(3.659774873049,-19.66230016754,0.));
#1137 = CARTESIAN_POINT('',(5.233809092197,-19.30303712855,0.));
#1138 = ORIENTED_EDGE('',*,*,#1139,.T.);
#1139 = EDGE_CURVE('',#1133,#1140,#1142,.T.);
#1140 = VERTEX_POINT('',#1141);
#1141 = CARTESIAN_POINT('',(5.662045059186,-15.43913213559,0.));
#1142 = B_SPLINE_CURVE_WITH_KNOTS('',3,(#1143,#1144,#1145,#1146,#1147,
    #1148,#1149,#1150,#1151,#1152,#1153,#1154,#1155,#1156,#1157,#1158,
    #1159,#1160,#1161,#1162,#1163,#1164),.UNSPECIFIED.,.F.,.F.,(4,1,1,1,
    1,1,1,1,1,1,1,1,1,1,1,1,1,1,1,4),(0.,0.403771819651,0.785718136142,
    1.14583894951,1.484134259801,1.800604067068,2.095248371378,
    2.368067172813,2.619060471477,2.848228267502,3.055570561065,
    3.241087352403,3.404778641848,3.546644429885,3.666684717265,
    3.764899505238,3.841288796126,3.89585259504,3.928590917306,
    3.93950387022),.UNSPECIFIED.);
#1143 = CARTESIAN_POINT('',(5.233809092197,-19.30303712855,0.));
#1144 = CARTESIAN_POINT('',(5.278772858571,-19.17618020922,0.));
#1145 = CARTESIAN_POINT('',(5.361935895919,-18.92775496926,0.));
#1146 = CARTESIAN_POINT('',(5.469917355143,-18.56130679781,0.));
#1147 = CARTESIAN_POINT('',(5.559094934874,-18.21231913832,0.));
#1148 = CARTESIAN_POINT('',(5.630880948662,-17.88165177339,0.));
#1149 = CARTESIAN_POINT('',(5.686736935691,-17.57007910004,0.));
#1150 = CARTESIAN_POINT('',(5.728153655178,-17.27829448303,0.));
#1151 = CARTESIAN_POINT('',(5.756650935565,-17.00690754147,0.));
#1152 = CARTESIAN_POINT('',(5.773772625087,-16.75644338772,0.));
#1153 = CARTESIAN_POINT('',(5.781082646336,-16.52734163807,0.));
#1154 = CARTESIAN_POINT('',(5.780160835226,-16.3199556791,0.));
#1155 = CARTESIAN_POINT('',(5.772598491313,-16.13455222343,0.));
#1156 = CARTESIAN_POINT('',(5.759994932468,-15.97131067957,0.));
#1157 = CARTESIAN_POINT('',(5.743950805141,-15.83032391162,0.));
#1158 = CARTESIAN_POINT('',(5.726071135148,-15.71159558753,0.));
#1159 = CARTESIAN_POINT('',(5.707939807684,-15.61504829386,0.));
#1160 = CARTESIAN_POINT('',(5.691173376121,-15.54050249556,0.));
#1161 = CARTESIAN_POINT('',(5.677267482742,-15.48773242548,0.));
#1162 = CARTESIAN_POINT('',(5.667922431559,-15.45634484905,0.));
#1163 = CARTESIAN_POINT('',(5.663247800719,-15.44256572696,0.));
#1164 = CARTESIAN_POINT('',(5.662045059186,-15.43913213559,0.));
#1165 = ORIENTED_EDGE('',*,*,#1166,.T.);
#1166 = EDGE_CURVE('',#1140,#1167,#1169,.T.);
#1167 = VERTEX_POINT('',#1168);
#1168 = CARTESIAN_POINT('',(4.949454195396,-13.49605602269,0.));
#1169 = B_SPLINE_CURVE_WITH_KNOTS('',1,(#1170,#1171),.UNSPECIFIED.,.F.,
  .F.,(2,2),(0.,2.069620863753),.PIECEWISE_BEZIER_KNOTS.);
#1170 = CARTESIAN_POINT('',(5.662045059186,-15.43913213559,0.));
#1171 = CARTESIAN_POINT('',(4.949454195396,-13.49605602269,0.));
#1172 = ORIENTED_EDGE('',*,*,#1173,.T.);
#1173 = EDGE_CURVE('',#1167,#1174,#1176,.T.);
#1174 = VERTEX_POINT('',#1175);
#1175 = CARTESIAN_POINT('',(7.465707272098,-12.28429240645,0.));
#1176 = B_SPLINE_CURVE_WITH_KNOTS('',1,(#1177,#1178),.UNSPECIFIED.,.F.,
  .F.,(2,2),(0.,2.792830214612),.PIECEWISE_BEZIER_KNOTS.);
#1177 = CARTESIAN_POINT('',(4.949454195396,-13.49605602269,0.));
#1178 = CARTESIAN_POINT('',(7.465707272098,-12.28429240645,0.));
#1179 = ORIENTED_EDGE('',*,*,#1180,.T.);
#1180 = EDGE_CURVE('',#1174,#1181,#1183,.T.);
#1181 = VERTEX_POINT('',#1182);
#1182 = CARTESIAN_POINT('',(8.540572213525,-14.05290651851,0.));
#1183 = B_SPLINE_CURVE_WITH_KNOTS('',1,(#1184,#1185),.UNSPECIFIED.,.F.,
  .F.,(2,2),(0.,2.069620863753),.PIECEWISE_BEZIER_KNOTS.);
#1184 = CARTESIAN_POINT('',(7.465707272098,-12.28429240645,0.));
#1185 = CARTESIAN_POINT('',(8.540572213525,-14.05290651851,0.));
#1186 = ORIENTED_EDGE('',*,*,#1187,.T.);
#1187 = EDGE_CURVE('',#1181,#1188,#1190,.T.);
#1188 = VERTEX_POINT('',#1189);
#1189 = CARTESIAN_POINT('',(11.828495540495,-16.12720351606,0.));
#1190 = B_SPLINE_CURVE_WITH_KNOTS('',3,(#1191,#1192,#1193,#1194,#1195,
    #1196,#1197,#1198,#1199,#1200,#1201,#1202,#1203,#1204,#1205,#1206,
    #1207,#1208,#1209,#1210,#1211,#1212),.UNSPECIFIED.,.F.,.F.,(4,1,1,1,
    1,1,1,1,1,1,1,1,1,1,1,1,1,1,1,4),(0.,1.091295291394E-02,
    4.36512751805E-02,9.821507409409E-02,0.174604364983,0.272819152956,
    0.392859440335,0.534725228372,0.698416517817,0.883933309155,
    1.091275602718,1.320443398744,1.571436697408,1.844255498843,
    2.138899803152,2.45536961042,2.79366492071,3.153785734078,
    3.535732050569,3.93950387022),.UNSPECIFIED.);
#1191 = CARTESIAN_POINT('',(8.540572213525,-14.05290651851,0.));
#1192 = CARTESIAN_POINT('',(8.542506806274,-14.05598766891,0.));
#1193 = CARTESIAN_POINT('',(8.550365173067,-14.06823358457,0.));
#1194 = CARTESIAN_POINT('',(8.569078424373,-14.0951096736,0.));
#1195 = CARTESIAN_POINT('',(8.601665543782,-14.13888333937,0.));
#1196 = CARTESIAN_POINT('',(8.649494096687,-14.19847040843,0.));
#1197 = CARTESIAN_POINT('',(8.713673112657,-14.27284230406,0.));
#1198 = CARTESIAN_POINT('',(8.795350862388,-14.36084709222,0.));
#1199 = CARTESIAN_POINT('',(8.895575406421,-14.46129470809,0.));
#1200 = CARTESIAN_POINT('',(9.01534459425,-14.57292800502,0.));
#1201 = CARTESIAN_POINT('',(9.155583808536,-14.69443764741,0.));
#1202 = CARTESIAN_POINT('',(9.317149940454,-14.82446137882,0.));
#1203 = CARTESIAN_POINT('',(9.500826624726,-14.96158877857,0.));
#1204 = CARTESIAN_POINT('',(9.70732258416,-15.10436434826,0.));
#1205 = CARTESIAN_POINT('',(9.937269202709,-15.25129126771,0.));
#1206 = CARTESIAN_POINT('',(10.191218504608,-15.40083510556,0.));
#1207 = CARTESIAN_POINT('',(10.469641467996,-15.55142752079,0.));
#1208 = CARTESIAN_POINT('',(10.77292547164,-15.70147068505,0.));
#1209 = CARTESIAN_POINT('',(11.101376322334,-15.84933909235,0.));
#1210 = CARTESIAN_POINT('',(11.455202378088,-15.99339248582,0.));
#1211 = CARTESIAN_POINT('',(11.701280357407,-16.08326360868,0.));
#1212 = CARTESIAN_POINT('',(11.828495540495,-16.12720351606,0.));
#1213 = ORIENTED_EDGE('',*,*,#1214,.T.);
#1214 = EDGE_CURVE('',#1188,#1215,#1217,.T.);
#1215 = VERTEX_POINT('',#1216);
#1216 = CARTESIAN_POINT('',(13.090772978277,-15.12057085004,0.));
#1217 = B_SPLINE_CURVE_WITH_KNOTS('',1,(#1218,#1219),.UNSPECIFIED.,.F.,
  .F.,(2,2),(0.,1.614513441948),.PIECEWISE_BEZIER_KNOTS.);
#1218 = CARTESIAN_POINT('',(11.828495540495,-16.12720351606,0.));
#1219 = CARTESIAN_POINT('',(13.090772978277,-15.12057085004,0.));
#1220 = ORIENTED_EDGE('',*,*,#1221,.T.);
#1221 = EDGE_CURVE('',#1215,#1222,#1224,.T.);
#1222 = VERTEX_POINT('',#1223);
#1223 = CARTESIAN_POINT('',(11.800114706709,-11.45350812027,0.));
#1224 = B_SPLINE_CURVE_WITH_KNOTS('',3,(#1225,#1226,#1227,#1228,#1229,
    #1230,#1231,#1232,#1233,#1234,#1235,#1236,#1237,#1238,#1239,#1240,
    #1241,#1242,#1243,#1244,#1245,#1246),.UNSPECIFIED.,.F.,.F.,(4,1,1,1,
    1,1,1,1,1,1,1,1,1,1,1,1,1,1,1,4),(0.,0.403771819651,0.785718136142,
    1.14583894951,1.484134259801,1.800604067068,2.095248371378,
    2.368067172813,2.619060471477,2.848228267502,3.055570561065,
    3.241087352403,3.404778641848,3.546644429885,3.666684717265,
    3.764899505238,3.841288796126,3.89585259504,3.928590917306,
    3.93950387022),.UNSPECIFIED.);
#1225 = CARTESIAN_POINT('',(13.090772978277,-15.12057085004,0.));
#1226 = CARTESIAN_POINT('',(13.076242777473,-14.98676766797,0.));
#1227 = CARTESIAN_POINT('',(13.043382413078,-14.72686117116,0.));
#1228 = CARTESIAN_POINT('',(12.981674443325,-14.34985137769,0.));
#1229 = CARTESIAN_POINT('',(12.910600595774,-13.99673165948,0.));
#1230 = CARTESIAN_POINT('',(12.831806366646,-13.66766387396,0.));
#1231 = CARTESIAN_POINT('',(12.746944555525,-13.36271159068,0.));
#1232 = CARTESIAN_POINT('',(12.657659129751,-13.08185269351,0.));
#1233 = CARTESIAN_POINT('',(12.565583911246,-12.82497700144,0.));
#1234 = CARTESIAN_POINT('',(12.47233769693,-12.59188777372,0.));
#1235 = CARTESIAN_POINT('',(12.379520274719,-12.38230253034,0.));
#1236 = CARTESIAN_POINT('',(12.288708356288,-12.19585419652,0.));
#1237 = CARTESIAN_POINT('',(12.201451375267,-12.03209263302,0.));
#1238 = CARTESIAN_POINT('',(12.119268109694,-11.8904855633,0.));
#1239 = CARTESIAN_POINT('',(12.043640984411,-11.77042216054,0.));
#1240 = CARTESIAN_POINT('',(11.976017669185,-11.67120933487,0.));
#1241 = CARTESIAN_POINT('',(11.917791606827,-11.59209011714,0.));
#1242 = CARTESIAN_POINT('',(11.870341364261,-11.53220135566,0.));
#1243 = CARTESIAN_POINT('',(11.834916511928,-11.49069070638,0.));
#1244 = CARTESIAN_POINT('',(11.812878352716,-11.46646614292,0.));
#1245 = CARTESIAN_POINT('',(11.802688118848,-11.4560798292,0.));
#1246 = CARTESIAN_POINT('',(11.800114706709,-11.45350812027,0.));
#1247 = ORIENTED_EDGE('',*,*,#1248,.T.);
#1248 = EDGE_CURVE('',#1222,#1249,#1251,.T.);
#1249 = VERTEX_POINT('',#1250);
#1250 = CARTESIAN_POINT('',(10.315023393627,-10.01203862302,0.));
#1251 = B_SPLINE_CURVE_WITH_KNOTS('',1,(#1252,#1253),.UNSPECIFIED.,.F.,
  .F.,(2,2),(0.,2.069620863753),.PIECEWISE_BEZIER_KNOTS.);
#1252 = CARTESIAN_POINT('',(11.800114706709,-11.45350812027,0.));
#1253 = CARTESIAN_POINT('',(10.315023393627,-10.01203862302,0.));
#1254 = ORIENTED_EDGE('',*,*,#1255,.T.);
#1255 = EDGE_CURVE('',#1249,#1256,#1258,.T.);
#1256 = VERTEX_POINT('',#1257);
#1257 = CARTESIAN_POINT('',(12.05632455076,-7.828516036053,0.));
#1258 = B_SPLINE_CURVE_WITH_KNOTS('',1,(#1259,#1260),.UNSPECIFIED.,.F.,
  .F.,(2,2),(0.,2.792830214612),.PIECEWISE_BEZIER_KNOTS.);
#1259 = CARTESIAN_POINT('',(10.315023393627,-10.01203862302,0.));
#1260 = CARTESIAN_POINT('',(12.05632455076,-7.828516036053,0.));
#1261 = ORIENTED_EDGE('',*,*,#1262,.T.);
#1262 = EDGE_CURVE('',#1256,#1263,#1265,.T.);
#1263 = VERTEX_POINT('',#1264);
#1264 = CARTESIAN_POINT('',(13.792117304182,-8.955615870519,0.));
#1265 = B_SPLINE_CURVE_WITH_KNOTS('',1,(#1266,#1267),.UNSPECIFIED.,.F.,
  .F.,(2,2),(0.,2.069620863753),.PIECEWISE_BEZIER_KNOTS.);
#1266 = CARTESIAN_POINT('',(12.05632455076,-7.828516036053,0.));
#1267 = CARTESIAN_POINT('',(13.792117304182,-8.955615870519,0.));
#1268 = ORIENTED_EDGE('',*,*,#1269,.T.);
#1269 = EDGE_CURVE('',#1263,#1270,#1272,.T.);
#1270 = VERTEX_POINT('',#1271);
#1271 = CARTESIAN_POINT('',(17.654437599167,-9.397916421054,0.));
#1272 = B_SPLINE_CURVE_WITH_KNOTS('',3,(#1273,#1274,#1275,#1276,#1277,
    #1278,#1279,#1280,#1281,#1282,#1283,#1284,#1285,#1286,#1287,#1288,
    #1289,#1290,#1291,#1292,#1293,#1294),.UNSPECIFIED.,.F.,.F.,(4,1,1,1,
    1,1,1,1,1,1,1,1,1,1,1,1,1,1,1,4),(0.,1.091295291394E-02,
    4.36512751805E-02,9.821507409409E-02,0.174604364983,0.272819152956,
    0.392859440335,0.534725228372,0.698416517817,0.883933309155,
    1.091275602718,1.320443398744,1.571436697408,1.844255498843,
    2.138899803152,2.45536961042,2.79366492071,3.153785734078,
    3.535732050569,3.93950387022),.UNSPECIFIED.);
#1273 = CARTESIAN_POINT('',(13.792117304182,-8.955615870519,0.));
#1274 = CARTESIAN_POINT('',(13.795197173076,-8.957552502769,0.));
#1275 = CARTESIAN_POINT('',(13.807590620584,-8.965176073969,0.));
#1276 = CARTESIAN_POINT('',(13.836111775431,-8.981271218033,0.));
#1277 = CARTESIAN_POINT('',(13.884464437293,-9.00657090691,0.));
#1278 = CARTESIAN_POINT('',(13.953410334783,-9.039504969688,0.));
#1279 = CARTESIAN_POINT('',(14.043502386306,-9.078665500877,0.));
#1280 = CARTESIAN_POINT('',(14.155275342559,-9.122516427776,0.));
#1281 = CARTESIAN_POINT('',(14.289157123693,-9.169530802616,0.));
#1282 = CARTESIAN_POINT('',(14.445501305544,-9.218143024727,0.));
#1283 = CARTESIAN_POINT('',(14.624573529652,-9.266771915001,0.));
#1284 = CARTESIAN_POINT('',(14.826554767377,-9.313818331662,0.));
#1285 = CARTESIAN_POINT('',(15.051539090605,-9.357671523212,0.));
#1286 = CARTESIAN_POINT('',(15.299533519433,-9.396712627607,0.));
#1287 = CARTESIAN_POINT('',(15.570457465214,-9.429319109236,0.));
#1288 = CARTESIAN_POINT('',(15.864142519777,-9.453868978868,0.));
#1289 = CARTESIAN_POINT('',(16.180332542101,-9.46874486032,0.));
#1290 = CARTESIAN_POINT('',(16.518683276657,-9.472339082648,0.));
#1291 = CARTESIAN_POINT('',(16.878764965225,-9.463054430955,0.));
#1292 = CARTESIAN_POINT('',(17.260053651103,-9.439322681718,0.));
#1293 = CARTESIAN_POINT('',(17.520755868373,-9.413524531761,0.));
#1294 = CARTESIAN_POINT('',(17.654437599167,-9.397916421054,0.));
#1295 = ORIENTED_EDGE('',*,*,#1296,.T.);
#1296 = EDGE_CURVE('',#1270,#1297,#1299,.T.);
#1297 = VERTEX_POINT('',#1298);
#1298 = CARTESIAN_POINT('',(18.354948728215,-7.943290073049,0.));
#1299 = B_SPLINE_CURVE_WITH_KNOTS('',1,(#1300,#1301),.UNSPECIFIED.,.F.,
  .F.,(2,2),(0.,1.614513441948),.PIECEWISE_BEZIER_KNOTS.);
#1300 = CARTESIAN_POINT('',(17.654437599167,-9.397916421054,0.));
#1301 = CARTESIAN_POINT('',(18.354948728215,-7.943290073049,0.));
#1302 = ORIENTED_EDGE('',*,*,#1303,.T.);
#1303 = EDGE_CURVE('',#1297,#1304,#1306,.T.);
#1304 = VERTEX_POINT('',#1305);
#1305 = CARTESIAN_POINT('',(15.601026917659,-5.199376353669,0.));
#1306 = B_SPLINE_CURVE_WITH_KNOTS('',3,(#1307,#1308,#1309,#1310,#1311,
    #1312,#1313,#1314,#1315,#1316,#1317,#1318,#1319,#1320,#1321,#1322,
    #1323,#1324,#1325,#1326,#1327,#1328),.UNSPECIFIED.,.F.,.F.,(4,1,1,1,
    1,1,1,1,1,1,1,1,1,1,1,1,1,1,1,4),(0.,0.403771819651,0.785718136142,
    1.14583894951,1.484134259801,1.800604067068,2.095248371378,
    2.368067172813,2.619060471477,2.848228267502,3.055570561065,
    3.241087352403,3.404778641848,3.546644429885,3.666684717265,
    3.764899505238,3.841288796126,3.89585259504,3.928590917306,
    3.93950387022),.UNSPECIFIED.);
#1307 = CARTESIAN_POINT('',(18.354948728215,-7.943290073049,0.));
#1308 = CARTESIAN_POINT('',(18.283802444703,-7.829041989431,0.));
#1309 = CARTESIAN_POINT('',(18.141427076739,-7.609131905014,0.));
#1310 = CARTESIAN_POINT('',(17.922251698217,-7.296231902857,0.));
#1311 = CARTESIAN_POINT('',(17.705003470556,-7.00891981683,0.));
#1312 = CARTESIAN_POINT('',(17.491235161938,-6.746627521405,0.));
#1313 = CARTESIAN_POINT('',(17.282463475121,-6.508695167889,0.));
#1314 = CARTESIAN_POINT('',(17.080159977675,-6.294389539653,0.));
#1315 = CARTESIAN_POINT('',(16.885748886531,-6.102902478258,0.));
#1316 = CARTESIAN_POINT('',(16.700603324712,-5.933354356767,0.));
#1317 = CARTESIAN_POINT('',(16.526042087841,-5.784796547516,0.));
#1318 = CARTESIAN_POINT('',(16.36332647627,-5.656214217997,0.));
#1319 = CARTESIAN_POINT('',(16.213657173368,-5.546529532715,0.));
#1320 = CARTESIAN_POINT('',(16.078171604725,-5.454603953975,0.));
#1321 = CARTESIAN_POINT('',(15.957940361155,-5.379243945809,0.));
#1322 = CARTESIAN_POINT('',(15.853967027623,-5.319196935446,0.));
#1323 = CARTESIAN_POINT('',(15.767178616116,-5.273176325076,0.));
#1324 = CARTESIAN_POINT('',(15.698442665025,-5.239806304108,0.));
#1325 = CARTESIAN_POINT('',(15.648515180201,-5.217776768808,0.));
#1326 = CARTESIAN_POINT('',(15.618148840673,-5.205513190215,0.));
#1327 = CARTESIAN_POINT('',(15.604461304568,-5.200576821675,0.));
#1328 = CARTESIAN_POINT('',(15.601026917659,-5.199376353669,0.));
#1329 = ORIENTED_EDGE('',*,*,#1330,.T.);
#1330 = EDGE_CURVE('',#1304,#1331,#1333,.T.);
#1331 = VERTEX_POINT('',#1332);
#1332 = CARTESIAN_POINT('',(13.63757570329,-4.54501418447,0.));
#1333 = B_SPLINE_CURVE_WITH_KNOTS('',1,(#1334,#1335),.UNSPECIFIED.,.F.,
  .F.,(2,2),(0.,2.069620863753),.PIECEWISE_BEZIER_KNOTS.);
#1334 = CARTESIAN_POINT('',(15.601026917659,-5.199376353669,0.));
#1335 = CARTESIAN_POINT('',(13.63757570329,-4.54501418447,0.));
#1336 = ORIENTED_EDGE('',*,*,#1337,.T.);
#1337 = EDGE_CURVE('',#1331,#1338,#1340,.T.);
#1338 = VERTEX_POINT('',#1339);
#1339 = CARTESIAN_POINT('',(14.259038891027,-1.82220605426,0.));
#1340 = B_SPLINE_CURVE_WITH_KNOTS('',1,(#1341,#1342),.UNSPECIFIED.,.F.,
  .F.,(2,2),(0.,2.792830214612),.PIECEWISE_BEZIER_KNOTS.);
#1341 = CARTESIAN_POINT('',(13.63757570329,-4.54501418447,0.));
#1342 = CARTESIAN_POINT('',(14.259038891027,-1.82220605426,0.));
#1343 = ORIENTED_EDGE('',*,*,#1344,.T.);
#1344 = EDGE_CURVE('',#1338,#80,#1345,.T.);
#1345 = B_SPLINE_CURVE_WITH_KNOTS('',1,(#1346,#1347),.UNSPECIFIED.,.F.,
  .F.,(2,2),(0.,2.069620863753),.PIECEWISE_BEZIER_KNOTS.);
#1346 = CARTESIAN_POINT('',(14.259038891027,-1.82220605426,0.));
#1347 = CARTESIAN_POINT('',(16.311964413527,-2.084555665944,0.));
#1348 = ORIENTED_EDGE('',*,*,#115,.T.);
#1349 = FACE_BOUND('',#1350,.F.);
#1350 = EDGE_LOOP('',(#1351));
#1351 = ORIENTED_EDGE('',*,*,#1352,.F.);
#1352 = EDGE_CURVE('',#1353,#1353,#1355,.T.);
#1353 = VERTEX_POINT('',#1354);
#1354 = CARTESIAN_POINT('',(2.5,-1.E-15,0.));
#1355 = CIRCLE('',#1356,2.5);
#1356 = AXIS2_PLACEMENT_3D('',#1357,#1358,#1359);
#1357 = CARTESIAN_POINT('',(0.,0.,0.));
#1358 = DIRECTION('',(0.,0.,1.));
#1359 = DIRECTION('',(1.,0.,-0.));
#1360 = PLANE('',#1361);
#1361 = AXIS2_PLACEMENT_3D('',#1362,#1363,#1364);
#1362 = CARTESIAN_POINT('',(1.42E-15,-1.49E-15,0.));
#1363 = DIRECTION('',(0.,0.,1.));
#1364 = DIRECTION('',(1.,0.,-0.));
#1365 = ADVANCED_FACE('',(#1366,#2459),#2470,.T.);
#1366 = FACE_BOUND('',#1367,.T.);
#1367 = EDGE_LOOP('',(#1368,#1369,#1370,#1378,#1386,#1394,#1421,#1428,
    #1455,#1462,#1469,#1476,#1503,#1510,#1537,#1544,#1551,#1558,#1585,
    #1592,#1619,#1626,#1633,#1640,#1667,#1674,#1701,#1708,#1715,#1722,
    #1749,#1756,#1783,#1790,#1797,#1804,#1831,#1838,#1865,#1872,#1879,
    #1886,#1913,#1920,#1947,#1954,#1961,#1968,#1995,#2002,#2029,#2036,
    #2043,#2050,#2077,#2084,#2111,#2118,#2125,#2132,#2159,#2166,#2193,
    #2200,#2207,#2214,#2241,#2248,#2275,#2282,#2289,#2296,#2323,#2330,
    #2357,#2364,#2371,#2378,#2405,#2412,#2439,#2446,#2453,#2458));
#1368 = ORIENTED_EDGE('',*,*,#49,.T.);
#1369 = ORIENTED_EDGE('',*,*,#170,.T.);
#1370 = ORIENTED_EDGE('',*,*,#1371,.T.);
#1371 = EDGE_CURVE('',#171,#1372,#1374,.T.);
#1372 = VERTEX_POINT('',#1373);
#1373 = CARTESIAN_POINT('',(14.259038891027,1.82220605426,5.));
#1374 = LINE('',#1375,#1376);
#1375 = CARTESIAN_POINT('',(16.311964413527,2.084555665944,5.));
#1376 = VECTOR('',#1377,1.);
#1377 = DIRECTION('',(-0.991933140245,-0.126762160296,0.));
#1378 = ORIENTED_EDGE('',*,*,#1379,.T.);
#1379 = EDGE_CURVE('',#1372,#1380,#1382,.T.);
#1380 = VERTEX_POINT('',#1381);
#1381 = CARTESIAN_POINT('',(13.63757570329,4.54501418447,5.));
#1382 = LINE('',#1383,#1384);
#1383 = CARTESIAN_POINT('',(14.259038891027,1.82220605426,5.));
#1384 = VECTOR('',#1385,1.);
#1385 = DIRECTION('',(-0.222520933956,0.974927912182,0.));
#1386 = ORIENTED_EDGE('',*,*,#1387,.T.);
#1387 = EDGE_CURVE('',#1380,#1388,#1390,.T.);
#1388 = VERTEX_POINT('',#1389);
#1389 = CARTESIAN_POINT('',(15.601026917659,5.199376353669,5.));
#1390 = LINE('',#1391,#1392);
#1391 = CARTESIAN_POINT('',(13.63757570329,4.54501418447,5.));
#1392 = VECTOR('',#1393,1.);
#1393 = DIRECTION('',(0.94870091849,0.316174899789,0.));
#1394 = ORIENTED_EDGE('',*,*,#1395,.T.);
#1395 = EDGE_CURVE('',#1388,#1396,#1398,.T.);
#1396 = VERTEX_POINT('',#1397);
#1397 = CARTESIAN_POINT('',(18.354948728215,7.943290073049,5.));
#1398 = B_SPLINE_CURVE_WITH_KNOTS('',3,(#1399,#1400,#1401,#1402,#1403,
    #1404,#1405,#1406,#1407,#1408,#1409,#1410,#1411,#1412,#1413,#1414,
    #1415,#1416,#1417,#1418,#1419,#1420),.UNSPECIFIED.,.F.,.F.,(4,1,1,1,
    1,1,1,1,1,1,1,1,1,1,1,1,1,1,1,4),(0.,1.091295291394E-02,
    4.36512751805E-02,9.821507409409E-02,0.174604364983,0.272819152956,
    0.392859440335,0.534725228372,0.698416517817,0.883933309155,
    1.091275602718,1.320443398744,1.571436697408,1.844255498843,
    2.138899803152,2.45536961042,2.79366492071,3.153785734078,
    3.535732050569,3.93950387022),.UNSPECIFIED.);
#1399 = CARTESIAN_POINT('',(15.601026917659,5.199376353669,5.));
#1400 = CARTESIAN_POINT('',(15.604461304568,5.200576821675,5.));
#1401 = CARTESIAN_POINT('',(15.618148840673,5.205513190215,5.));
#1402 = CARTESIAN_POINT('',(15.648515180201,5.217776768808,5.));
#1403 = CARTESIAN_POINT('',(15.698442665025,5.239806304108,5.));
#1404 = CARTESIAN_POINT('',(15.767178616116,5.273176325076,5.));
#1405 = CARTESIAN_POINT('',(15.853967027623,5.319196935446,5.));
#1406 = CARTESIAN_POINT('',(15.957940361155,5.379243945809,5.));
#1407 = CARTESIAN_POINT('',(16.078171604725,5.454603953975,5.));
#1408 = CARTESIAN_POINT('',(16.213657173368,5.546529532715,5.));
#1409 = CARTESIAN_POINT('',(16.36332647627,5.656214217997,5.));
#1410 = CARTESIAN_POINT('',(16.526042087841,5.784796547516,5.));
#1411 = CARTESIAN_POINT('',(16.700603324712,5.933354356767,5.));
#1412 = CARTESIAN_POINT('',(16.885748886531,6.102902478258,5.));
#1413 = CARTESIAN_POINT('',(17.080159977675,6.294389539653,5.));
#1414 = CARTESIAN_POINT('',(17.282463475121,6.508695167889,5.));
#1415 = CARTESIAN_POINT('',(17.491235161938,6.746627521405,5.));
#1416 = CARTESIAN_POINT('',(17.705003470556,7.00891981683,5.));
#1417 = CARTESIAN_POINT('',(17.922251698217,7.296231902857,5.));
#1418 = CARTESIAN_POINT('',(18.141427076739,7.609131905014,5.));
#1419 = CARTESIAN_POINT('',(18.283802444703,7.829041989431,5.));
#1420 = CARTESIAN_POINT('',(18.354948728215,7.943290073049,5.));
#1421 = ORIENTED_EDGE('',*,*,#1422,.T.);
#1422 = EDGE_CURVE('',#1396,#1423,#1425,.T.);
#1423 = VERTEX_POINT('',#1424);
#1424 = CARTESIAN_POINT('',(17.654437599167,9.397916421054,5.));
#1425 = B_SPLINE_CURVE_WITH_KNOTS('',1,(#1426,#1427),.UNSPECIFIED.,.F.,
  .F.,(2,2),(0.,1.614513441948),.PIECEWISE_BEZIER_KNOTS.);
#1426 = CARTESIAN_POINT('',(18.354948728215,7.943290073049,5.));
#1427 = CARTESIAN_POINT('',(17.654437599167,9.397916421054,5.));
#1428 = ORIENTED_EDGE('',*,*,#1429,.T.);
#1429 = EDGE_CURVE('',#1423,#1430,#1432,.T.);
#1430 = VERTEX_POINT('',#1431);
#1431 = CARTESIAN_POINT('',(13.792117304182,8.955615870519,5.));
#1432 = B_SPLINE_CURVE_WITH_KNOTS('',3,(#1433,#1434,#1435,#1436,#1437,
    #1438,#1439,#1440,#1441,#1442,#1443,#1444,#1445,#1446,#1447,#1448,
    #1449,#1450,#1451,#1452,#1453,#1454),.UNSPECIFIED.,.F.,.F.,(4,1,1,1,
    1,1,1,1,1,1,1,1,1,1,1,1,1,1,1,4),(0.,0.403771819651,0.785718136142,
    1.14583894951,1.484134259801,1.800604067068,2.095248371378,
    2.368067172813,2.619060471477,2.848228267502,3.055570561065,
    3.241087352403,3.404778641848,3.546644429885,3.666684717265,
    3.764899505238,3.841288796126,3.89585259504,3.928590917306,
    3.93950387022),.UNSPECIFIED.);
#1433 = CARTESIAN_POINT('',(17.654437599167,9.397916421054,5.));
#1434 = CARTESIAN_POINT('',(17.520755868373,9.413524531761,5.));
#1435 = CARTESIAN_POINT('',(17.260053651103,9.439322681718,5.));
#1436 = CARTESIAN_POINT('',(16.878764965225,9.463054430955,5.));
#1437 = CARTESIAN_POINT('',(16.518683276657,9.472339082648,5.));
#1438 = CARTESIAN_POINT('',(16.180332542101,9.46874486032,5.));
#1439 = CARTESIAN_POINT('',(15.864142519777,9.453868978868,5.));
#1440 = CARTESIAN_POINT('',(15.570457465214,9.429319109236,5.));
#1441 = CARTESIAN_POINT('',(15.299533519433,9.396712627607,5.));
#1442 = CARTESIAN_POINT('',(15.051539090605,9.357671523212,5.));
#1443 = CARTESIAN_POINT('',(14.826554767377,9.313818331662,5.));
#1444 = CARTESIAN_POINT('',(14.624573529652,9.266771915001,5.));
#1445 = CARTESIAN_POINT('',(14.445501305544,9.218143024726,5.));
#1446 = CARTESIAN_POINT('',(14.289157123693,9.169530802616,5.));
#1447 = CARTESIAN_POINT('',(14.155275342559,9.122516427776,5.));
#1448 = CARTESIAN_POINT('',(14.043502386306,9.078665500877,5.));
#1449 = CARTESIAN_POINT('',(13.953410334783,9.039504969688,5.));
#1450 = CARTESIAN_POINT('',(13.884464437293,9.00657090691,5.));
#1451 = CARTESIAN_POINT('',(13.836111775431,8.981271218033,5.));
#1452 = CARTESIAN_POINT('',(13.807590620584,8.965176073969,5.));
#1453 = CARTESIAN_POINT('',(13.795197173076,8.957552502769,5.));
#1454 = CARTESIAN_POINT('',(13.792117304182,8.955615870519,5.));
#1455 = ORIENTED_EDGE('',*,*,#1456,.T.);
#1456 = EDGE_CURVE('',#1430,#1457,#1459,.T.);
#1457 = VERTEX_POINT('',#1458);
#1458 = CARTESIAN_POINT('',(12.05632455076,7.828516036053,5.));
#1459 = B_SPLINE_CURVE_WITH_KNOTS('',1,(#1460,#1461),.UNSPECIFIED.,.F.,
  .F.,(2,2),(0.,2.069620863753),.PIECEWISE_BEZIER_KNOTS.);
#1460 = CARTESIAN_POINT('',(13.792117304182,8.955615870519,5.));
#1461 = CARTESIAN_POINT('',(12.05632455076,7.828516036053,5.));
#1462 = ORIENTED_EDGE('',*,*,#1463,.T.);
#1463 = EDGE_CURVE('',#1457,#1464,#1466,.T.);
#1464 = VERTEX_POINT('',#1465);
#1465 = CARTESIAN_POINT('',(10.315023393627,10.012038623024,5.));
#1466 = B_SPLINE_CURVE_WITH_KNOTS('',1,(#1467,#1468),.UNSPECIFIED.,.F.,
  .F.,(2,2),(0.,2.792830214612),.PIECEWISE_BEZIER_KNOTS.);
#1467 = CARTESIAN_POINT('',(12.05632455076,7.828516036053,5.));
#1468 = CARTESIAN_POINT('',(10.315023393627,10.012038623024,5.));
#1469 = ORIENTED_EDGE('',*,*,#1470,.T.);
#1470 = EDGE_CURVE('',#1464,#1471,#1473,.T.);
#1471 = VERTEX_POINT('',#1472);
#1472 = CARTESIAN_POINT('',(11.800114706709,11.453508120271,5.));
#1473 = B_SPLINE_CURVE_WITH_KNOTS('',1,(#1474,#1475),.UNSPECIFIED.,.F.,
  .F.,(2,2),(0.,2.069620863753),.PIECEWISE_BEZIER_KNOTS.);
#1474 = CARTESIAN_POINT('',(10.315023393627,10.012038623024,5.));
#1475 = CARTESIAN_POINT('',(11.800114706709,11.453508120271,5.));
#1476 = ORIENTED_EDGE('',*,*,#1477,.T.);
#1477 = EDGE_CURVE('',#1471,#1478,#1480,.T.);
#1478 = VERTEX_POINT('',#1479);
#1479 = CARTESIAN_POINT('',(13.090772978277,15.120570850044,5.));
#1480 = B_SPLINE_CURVE_WITH_KNOTS('',3,(#1481,#1482,#1483,#1484,#1485,
    #1486,#1487,#1488,#1489,#1490,#1491,#1492,#1493,#1494,#1495,#1496,
    #1497,#1498,#1499,#1500,#1501,#1502),.UNSPECIFIED.,.F.,.F.,(4,1,1,1,
    1,1,1,1,1,1,1,1,1,1,1,1,1,1,1,4),(0.,1.091295291394E-02,
    4.36512751805E-02,9.821507409409E-02,0.174604364983,0.272819152956,
    0.392859440335,0.534725228372,0.698416517817,0.883933309155,
    1.091275602718,1.320443398744,1.571436697408,1.844255498843,
    2.138899803152,2.45536961042,2.79366492071,3.153785734078,
    3.535732050569,3.93950387022),.UNSPECIFIED.);
#1481 = CARTESIAN_POINT('',(11.800114706709,11.453508120271,5.));
#1482 = CARTESIAN_POINT('',(11.802688118848,11.456079829205,5.));
#1483 = CARTESIAN_POINT('',(11.812878352716,11.466466142925,5.));
#1484 = CARTESIAN_POINT('',(11.834916511928,11.490690706384,5.));
#1485 = CARTESIAN_POINT('',(11.870341364261,11.532201355663,5.));
#1486 = CARTESIAN_POINT('',(11.917791606827,11.592090117148,5.));
#1487 = CARTESIAN_POINT('',(11.976017669185,11.67120933487,5.));
#1488 = CARTESIAN_POINT('',(12.043640984411,11.77042216054,5.));
#1489 = CARTESIAN_POINT('',(12.119268109694,11.890485563301,5.));
#1490 = CARTESIAN_POINT('',(12.201451375267,12.032092633029,5.));
#1491 = CARTESIAN_POINT('',(12.288708356288,12.195854196527,5.));
#1492 = CARTESIAN_POINT('',(12.379520274719,12.382302530348,5.));
#1493 = CARTESIAN_POINT('',(12.47233769693,12.591887773725,5.));
#1494 = CARTESIAN_POINT('',(12.565583911246,12.824977001443,5.));
#1495 = CARTESIAN_POINT('',(12.657659129751,13.081852693518,5.));
#1496 = CARTESIAN_POINT('',(12.746944555525,13.362711590683,5.));
#1497 = CARTESIAN_POINT('',(12.831806366646,13.667663873966,5.));
#1498 = CARTESIAN_POINT('',(12.910600595774,13.996731659482,5.));
#1499 = CARTESIAN_POINT('',(12.981674443325,14.349851377699,5.));
#1500 = CARTESIAN_POINT('',(13.043382413078,14.726861171165,5.));
#1501 = CARTESIAN_POINT('',(13.076242777473,14.986767667972,5.));
#1502 = CARTESIAN_POINT('',(13.090772978277,15.120570850044,5.));
#1503 = ORIENTED_EDGE('',*,*,#1504,.T.);
#1504 = EDGE_CURVE('',#1478,#1505,#1507,.T.);
#1505 = VERTEX_POINT('',#1506);
#1506 = CARTESIAN_POINT('',(11.828495540495,16.127203516062,5.));
#1507 = B_SPLINE_CURVE_WITH_KNOTS('',1,(#1508,#1509),.UNSPECIFIED.,.F.,
  .F.,(2,2),(0.,1.614513441948),.PIECEWISE_BEZIER_KNOTS.);
#1508 = CARTESIAN_POINT('',(13.090772978277,15.120570850044,5.));
#1509 = CARTESIAN_POINT('',(11.828495540495,16.127203516062,5.));
#1510 = ORIENTED_EDGE('',*,*,#1511,.T.);
#1511 = EDGE_CURVE('',#1505,#1512,#1514,.T.);
#1512 = VERTEX_POINT('',#1513);
#1513 = CARTESIAN_POINT('',(8.540572213525,14.052906518517,5.));
#1514 = B_SPLINE_CURVE_WITH_KNOTS('',3,(#1515,#1516,#1517,#1518,#1519,
    #1520,#1521,#1522,#1523,#1524,#1525,#1526,#1527,#1528,#1529,#1530,
    #1531,#1532,#1533,#1534,#1535,#1536),.UNSPECIFIED.,.F.,.F.,(4,1,1,1,
    1,1,1,1,1,1,1,1,1,1,1,1,1,1,1,4),(0.,0.403771819651,0.785718136142,
    1.14583894951,1.484134259801,1.800604067068,2.095248371378,
    2.368067172813,2.619060471477,2.848228267502,3.055570561065,
    3.241087352403,3.404778641848,3.546644429885,3.666684717265,
    3.764899505238,3.841288796126,3.89585259504,3.928590917306,
    3.93950387022),.UNSPECIFIED.);
#1515 = CARTESIAN_POINT('',(11.828495540495,16.127203516062,5.));
#1516 = CARTESIAN_POINT('',(11.701280357407,16.083263608688,5.));
#1517 = CARTESIAN_POINT('',(11.455202378088,15.993392485823,5.));
#1518 = CARTESIAN_POINT('',(11.101376322334,15.849339092355,5.));
#1519 = CARTESIAN_POINT('',(10.77292547164,15.701470685056,5.));
#1520 = CARTESIAN_POINT('',(10.469641467996,15.551427520791,5.));
#1521 = CARTESIAN_POINT('',(10.191218504608,15.400835105563,5.));
#1522 = CARTESIAN_POINT('',(9.937269202709,15.251291267717,5.));
#1523 = CARTESIAN_POINT('',(9.70732258416,15.104364348266,5.));
#1524 = CARTESIAN_POINT('',(9.500826624726,14.961588778577,5.));
#1525 = CARTESIAN_POINT('',(9.317149940454,14.824461378827,5.));
#1526 = CARTESIAN_POINT('',(9.155583808536,14.694437647414,5.));
#1527 = CARTESIAN_POINT('',(9.01534459425,14.572928005027,5.));
#1528 = CARTESIAN_POINT('',(8.895575406421,14.461294708095,5.));
#1529 = CARTESIAN_POINT('',(8.795350862388,14.360847092223,5.));
#1530 = CARTESIAN_POINT('',(8.713673112657,14.272842304066,5.));
#1531 = CARTESIAN_POINT('',(8.649494096687,14.198470408435,5.));
#1532 = CARTESIAN_POINT('',(8.601665543782,14.138883339379,5.));
#1533 = CARTESIAN_POINT('',(8.569078424373,14.095109673608,5.));
#1534 = CARTESIAN_POINT('',(8.550365173067,14.068233584574,5.));
#1535 = CARTESIAN_POINT('',(8.542506806274,14.055987668914,5.));
#1536 = CARTESIAN_POINT('',(8.540572213525,14.052906518517,5.));
#1537 = ORIENTED_EDGE('',*,*,#1538,.T.);
#1538 = EDGE_CURVE('',#1512,#1539,#1541,.T.);
#1539 = VERTEX_POINT('',#1540);
#1540 = CARTESIAN_POINT('',(7.465707272098,12.284292406457,5.));
#1541 = B_SPLINE_CURVE_WITH_KNOTS('',1,(#1542,#1543),.UNSPECIFIED.,.F.,
  .F.,(2,2),(0.,2.069620863753),.PIECEWISE_BEZIER_KNOTS.);
#1542 = CARTESIAN_POINT('',(8.540572213525,14.052906518517,5.));
#1543 = CARTESIAN_POINT('',(7.465707272098,12.284292406457,5.));
#1544 = ORIENTED_EDGE('',*,*,#1545,.T.);
#1545 = EDGE_CURVE('',#1539,#1546,#1548,.T.);
#1546 = VERTEX_POINT('',#1547);
#1547 = CARTESIAN_POINT('',(4.949454195396,13.496056022693,5.));
#1548 = B_SPLINE_CURVE_WITH_KNOTS('',1,(#1549,#1550),.UNSPECIFIED.,.F.,
  .F.,(2,2),(0.,2.792830214612),.PIECEWISE_BEZIER_KNOTS.);
#1549 = CARTESIAN_POINT('',(7.465707272098,12.284292406457,5.));
#1550 = CARTESIAN_POINT('',(4.949454195396,13.496056022693,5.));
#1551 = ORIENTED_EDGE('',*,*,#1552,.T.);
#1552 = EDGE_CURVE('',#1546,#1553,#1555,.T.);
#1553 = VERTEX_POINT('',#1554);
#1554 = CARTESIAN_POINT('',(5.662045059186,15.439132135594,5.));
#1555 = B_SPLINE_CURVE_WITH_KNOTS('',1,(#1556,#1557),.UNSPECIFIED.,.F.,
  .F.,(2,2),(0.,2.069620863753),.PIECEWISE_BEZIER_KNOTS.);
#1556 = CARTESIAN_POINT('',(4.949454195396,13.496056022693,5.));
#1557 = CARTESIAN_POINT('',(5.662045059186,15.439132135594,5.));
#1558 = ORIENTED_EDGE('',*,*,#1559,.T.);
#1559 = EDGE_CURVE('',#1553,#1560,#1562,.T.);
#1560 = VERTEX_POINT('',#1561);
#1561 = CARTESIAN_POINT('',(5.233809092197,19.303037128557,5.));
#1562 = B_SPLINE_CURVE_WITH_KNOTS('',3,(#1563,#1564,#1565,#1566,#1567,
    #1568,#1569,#1570,#1571,#1572,#1573,#1574,#1575,#1576,#1577,#1578,
    #1579,#1580,#1581,#1582,#1583,#1584),.UNSPECIFIED.,.F.,.F.,(4,1,1,1,
    1,1,1,1,1,1,1,1,1,1,1,1,1,1,1,4),(0.,1.091295291394E-02,
    4.36512751805E-02,9.821507409409E-02,0.174604364983,0.272819152956,
    0.392859440335,0.534725228372,0.698416517817,0.883933309155,
    1.091275602718,1.320443398744,1.571436697408,1.844255498843,
    2.138899803152,2.45536961042,2.79366492071,3.153785734078,
    3.535732050569,3.93950387022),.UNSPECIFIED.);
#1563 = CARTESIAN_POINT('',(5.662045059186,15.439132135594,5.));
#1564 = CARTESIAN_POINT('',(5.663247800719,15.442565726963,5.));
#1565 = CARTESIAN_POINT('',(5.667922431559,15.45634484905,5.));
#1566 = CARTESIAN_POINT('',(5.677267482742,15.487732425487,5.));
#1567 = CARTESIAN_POINT('',(5.691173376121,15.540502495562,5.));
#1568 = CARTESIAN_POINT('',(5.707939807684,15.615048293864,5.));
#1569 = CARTESIAN_POINT('',(5.726071135148,15.711595587534,5.));
#1570 = CARTESIAN_POINT('',(5.743950805141,15.830323911621,5.));
#1571 = CARTESIAN_POINT('',(5.759994932468,15.971310679579,5.));
#1572 = CARTESIAN_POINT('',(5.772598491313,16.134552223439,5.));
#1573 = CARTESIAN_POINT('',(5.780160835226,16.3199556791,5.));
#1574 = CARTESIAN_POINT('',(5.781082646336,16.52734163807,5.));
#1575 = CARTESIAN_POINT('',(5.773772625087,16.756443387729,5.));
#1576 = CARTESIAN_POINT('',(5.756650935565,17.006907541471,5.));
#1577 = CARTESIAN_POINT('',(5.728153655178,17.278294483037,5.));
#1578 = CARTESIAN_POINT('',(5.686736935691,17.57007910004,5.));
#1579 = CARTESIAN_POINT('',(5.630880948662,17.881651773391,5.));
#1580 = CARTESIAN_POINT('',(5.559094934874,18.212319138326,5.));
#1581 = CARTESIAN_POINT('',(5.469917355143,18.56130679781,5.));
#1582 = CARTESIAN_POINT('',(5.361935895919,18.927754969267,5.));
#1583 = CARTESIAN_POINT('',(5.278772858571,19.176180209228,5.));
#1584 = CARTESIAN_POINT('',(5.233809092197,19.303037128557,5.));
#1585 = ORIENTED_EDGE('',*,*,#1586,.T.);
#1586 = EDGE_CURVE('',#1560,#1587,#1589,.T.);
#1587 = VERTEX_POINT('',#1588);
#1588 = CARTESIAN_POINT('',(3.659774873049,19.662300167544,5.));
#1589 = B_SPLINE_CURVE_WITH_KNOTS('',1,(#1590,#1591),.UNSPECIFIED.,.F.,
  .F.,(2,2),(0.,1.614513441948),.PIECEWISE_BEZIER_KNOTS.);
#1590 = CARTESIAN_POINT('',(5.233809092197,19.303037128557,5.));
#1591 = CARTESIAN_POINT('',(3.659774873049,19.662300167544,5.));
#1592 = ORIENTED_EDGE('',*,*,#1593,.T.);
#1593 = EDGE_CURVE('',#1587,#1594,#1596,.T.);
#1594 = VERTEX_POINT('',#1595);
#1595 = CARTESIAN_POINT('',(1.597462052735,16.366846682934,5.));
#1596 = B_SPLINE_CURVE_WITH_KNOTS('',3,(#1597,#1598,#1599,#1600,#1601,
    #1602,#1603,#1604,#1605,#1606,#1607,#1608,#1609,#1610,#1611,#1612,
    #1613,#1614,#1615,#1616,#1617,#1618),.UNSPECIFIED.,.F.,.F.,(4,1,1,1,
    1,1,1,1,1,1,1,1,1,1,1,1,1,1,1,4),(0.,0.403771819651,0.785718136142,
    1.14583894951,1.484134259801,1.800604067068,2.095248371378,
    2.368067172813,2.619060471477,2.848228267502,3.055570561065,
    3.241087352403,3.404778641848,3.546644429885,3.666684717265,
    3.764899505238,3.841288796126,3.89585259504,3.928590917306,
    3.93950387022),.UNSPECIFIED.);
#1597 = CARTESIAN_POINT('',(3.659774873049,19.662300167544,5.));
#1598 = CARTESIAN_POINT('',(3.564222764871,19.56751507963,5.));
#1599 = CARTESIAN_POINT('',(3.381507785255,19.379774762025,5.));
#1600 = CARTESIAN_POINT('',(3.125223949359,19.096467767126,5.));
#1601 = CARTESIAN_POINT('',(2.893457655704,18.820733452387,5.));
#1602 = CARTESIAN_POINT('',(2.685309499428,18.553959235028,5.));
#1603 = CARTESIAN_POINT('',(2.499798677508,18.297476960754,5.));
#1604 = CARTESIAN_POINT('',(2.335882901998,18.052558145814,5.));
#1605 = CARTESIAN_POINT('',(2.192457358594,17.820411466878,5.));
#1606 = CARTESIAN_POINT('',(2.068358925829,17.6021798845,5.));
#1607 = CARTESIAN_POINT('',(1.962369300479,17.398938039828,5.));
#1608 = CARTESIAN_POINT('',(1.873218428273,17.211689788305,5.));
#1609 = CARTESIAN_POINT('',(1.79958832012,17.0413658687,5.));
#1610 = CARTESIAN_POINT('',(1.740115882834,16.888821840496,5.));
#1611 = CARTESIAN_POINT('',(1.693399276021,16.754835865823,5.));
#1612 = CARTESIAN_POINT('',(1.657994012859,16.640107644012,5.));
#1613 = CARTESIAN_POINT('',(1.632439473659,16.54525464998,5.));
#1614 = CARTESIAN_POINT('',(1.61520129682,16.470816524459,5.));
#1615 = CARTESIAN_POINT('',(1.604833998517,16.41723879315,5.));
#1616 = CARTESIAN_POINT('',(1.599635039676,16.384904898191,5.));
#1617 = CARTESIAN_POINT('',(1.597868199519,16.370462091855,5.));
#1618 = CARTESIAN_POINT('',(1.597462052735,16.366846682934,5.));
#1619 = ORIENTED_EDGE('',*,*,#1620,.T.);
#1620 = EDGE_CURVE('',#1594,#1621,#1623,.T.);
#1621 = VERTEX_POINT('',#1622);
#1622 = CARTESIAN_POINT('',(1.396415107306,14.307014008803,5.));
#1623 = B_SPLINE_CURVE_WITH_KNOTS('',1,(#1624,#1625),.UNSPECIFIED.,.F.,
  .F.,(2,2),(0.,2.069620863753),.PIECEWISE_BEZIER_KNOTS.);
#1624 = CARTESIAN_POINT('',(1.597462052735,16.366846682934,5.));
#1625 = CARTESIAN_POINT('',(1.396415107306,14.307014008803,5.));
#1626 = ORIENTED_EDGE('',*,*,#1627,.T.);
#1627 = EDGE_CURVE('',#1621,#1628,#1630,.T.);
#1628 = VERTEX_POINT('',#1629);
#1629 = CARTESIAN_POINT('',(-1.396415107306,14.307014008803,5.));
#1630 = B_SPLINE_CURVE_WITH_KNOTS('',1,(#1631,#1632),.UNSPECIFIED.,.F.,
  .F.,(2,2),(0.,2.792830214612),.PIECEWISE_BEZIER_KNOTS.);
#1631 = CARTESIAN_POINT('',(1.396415107306,14.307014008803,5.));
#1632 = CARTESIAN_POINT('',(-1.396415107306,14.307014008803,5.));
#1633 = ORIENTED_EDGE('',*,*,#1634,.T.);
#1634 = EDGE_CURVE('',#1628,#1635,#1637,.T.);
#1635 = VERTEX_POINT('',#1636);
#1636 = CARTESIAN_POINT('',(-1.597462052735,16.366846682934,5.));
#1637 = B_SPLINE_CURVE_WITH_KNOTS('',1,(#1638,#1639),.UNSPECIFIED.,.F.,
  .F.,(2,2),(0.,2.069620863753),.PIECEWISE_BEZIER_KNOTS.);
#1638 = CARTESIAN_POINT('',(-1.396415107306,14.307014008803,5.));
#1639 = CARTESIAN_POINT('',(-1.597462052735,16.366846682934,5.));
#1640 = ORIENTED_EDGE('',*,*,#1641,.T.);
#1641 = EDGE_CURVE('',#1635,#1642,#1644,.T.);
#1642 = VERTEX_POINT('',#1643);
#1643 = CARTESIAN_POINT('',(-3.659774873049,19.662300167544,5.));
#1644 = B_SPLINE_CURVE_WITH_KNOTS('',3,(#1645,#1646,#1647,#1648,#1649,
    #1650,#1651,#1652,#1653,#1654,#1655,#1656,#1657,#1658,#1659,#1660,
    #1661,#1662,#1663,#1664,#1665,#1666),.UNSPECIFIED.,.F.,.F.,(4,1,1,1,
    1,1,1,1,1,1,1,1,1,1,1,1,1,1,1,4),(0.,1.091295291394E-02,
    4.36512751805E-02,9.821507409409E-02,0.174604364983,0.272819152956,
    0.392859440335,0.534725228372,0.698416517817,0.883933309155,
    1.091275602718,1.320443398744,1.571436697408,1.844255498843,
    2.138899803152,2.45536961042,2.79366492071,3.153785734078,
    3.535732050569,3.93950387022),.UNSPECIFIED.);
#1645 = CARTESIAN_POINT('',(-1.597462052735,16.366846682934,5.));
#1646 = CARTESIAN_POINT('',(-1.597868199519,16.370462091855,5.));
#1647 = CARTESIAN_POINT('',(-1.599635039676,16.384904898191,5.));
#1648 = CARTESIAN_POINT('',(-1.604833998517,16.41723879315,5.));
#1649 = CARTESIAN_POINT('',(-1.61520129682,16.470816524459,5.));
#1650 = CARTESIAN_POINT('',(-1.632439473659,16.54525464998,5.));
#1651 = CARTESIAN_POINT('',(-1.657994012859,16.640107644012,5.));
#1652 = CARTESIAN_POINT('',(-1.693399276021,16.754835865823,5.));
#1653 = CARTESIAN_POINT('',(-1.740115882834,16.888821840496,5.));
#1654 = CARTESIAN_POINT('',(-1.79958832012,17.0413658687,5.));
#1655 = CARTESIAN_POINT('',(-1.873218428273,17.211689788305,5.));
#1656 = CARTESIAN_POINT('',(-1.962369300479,17.398938039828,5.));
#1657 = CARTESIAN_POINT('',(-2.068358925829,17.6021798845,5.));
#1658 = CARTESIAN_POINT('',(-2.192457358594,17.820411466878,5.));
#1659 = CARTESIAN_POINT('',(-2.335882901998,18.052558145814,5.));
#1660 = CARTESIAN_POINT('',(-2.499798677508,18.297476960754,5.));
#1661 = CARTESIAN_POINT('',(-2.685309499428,18.553959235028,5.));
#1662 = CARTESIAN_POINT('',(-2.893457655704,18.820733452387,5.));
#1663 = CARTESIAN_POINT('',(-3.125223949359,19.096467767126,5.));
#1664 = CARTESIAN_POINT('',(-3.381507785255,19.379774762025,5.));
#1665 = CARTESIAN_POINT('',(-3.564222764871,19.56751507963,5.));
#1666 = CARTESIAN_POINT('',(-3.659774873049,19.662300167544,5.));
#1667 = ORIENTED_EDGE('',*,*,#1668,.T.);
#1668 = EDGE_CURVE('',#1642,#1669,#1671,.T.);
#1669 = VERTEX_POINT('',#1670);
#1670 = CARTESIAN_POINT('',(-5.233809092197,19.303037128557,5.));
#1671 = B_SPLINE_CURVE_WITH_KNOTS('',1,(#1672,#1673),.UNSPECIFIED.,.F.,
  .F.,(2,2),(0.,1.614513441948),.PIECEWISE_BEZIER_KNOTS.);
#1672 = CARTESIAN_POINT('',(-3.659774873049,19.662300167544,5.));
#1673 = CARTESIAN_POINT('',(-5.233809092197,19.303037128557,5.));
#1674 = ORIENTED_EDGE('',*,*,#1675,.T.);
#1675 = EDGE_CURVE('',#1669,#1676,#1678,.T.);
#1676 = VERTEX_POINT('',#1677);
#1677 = CARTESIAN_POINT('',(-5.662045059186,15.439132135594,5.));
#1678 = B_SPLINE_CURVE_WITH_KNOTS('',3,(#1679,#1680,#1681,#1682,#1683,
    #1684,#1685,#1686,#1687,#1688,#1689,#1690,#1691,#1692,#1693,#1694,
    #1695,#1696,#1697,#1698,#1699,#1700),.UNSPECIFIED.,.F.,.F.,(4,1,1,1,
    1,1,1,1,1,1,1,1,1,1,1,1,1,1,1,4),(0.,0.403771819651,0.785718136142,
    1.14583894951,1.484134259801,1.800604067068,2.095248371378,
    2.368067172813,2.619060471477,2.848228267502,3.055570561065,
    3.241087352403,3.404778641848,3.546644429885,3.666684717265,
    3.764899505238,3.841288796126,3.89585259504,3.928590917306,
    3.93950387022),.UNSPECIFIED.);
#1679 = CARTESIAN_POINT('',(-5.233809092197,19.303037128557,5.));
#1680 = CARTESIAN_POINT('',(-5.278772858571,19.176180209228,5.));
#1681 = CARTESIAN_POINT('',(-5.361935895919,18.927754969267,5.));
#1682 = CARTESIAN_POINT('',(-5.469917355143,18.56130679781,5.));
#1683 = CARTESIAN_POINT('',(-5.559094934874,18.212319138326,5.));
#1684 = CARTESIAN_POINT('',(-5.630880948662,17.881651773391,5.));
#1685 = CARTESIAN_POINT('',(-5.686736935691,17.57007910004,5.));
#1686 = CARTESIAN_POINT('',(-5.728153655178,17.278294483037,5.));
#1687 = CARTESIAN_POINT('',(-5.756650935565,17.006907541471,5.));
#1688 = CARTESIAN_POINT('',(-5.773772625087,16.756443387729,5.));
#1689 = CARTESIAN_POINT('',(-5.781082646336,16.52734163807,5.));
#1690 = CARTESIAN_POINT('',(-5.780160835226,16.3199556791,5.));
#1691 = CARTESIAN_POINT('',(-5.772598491313,16.134552223439,5.));
#1692 = CARTESIAN_POINT('',(-5.759994932468,15.971310679579,5.));
#1693 = CARTESIAN_POINT('',(-5.743950805141,15.830323911621,5.));
#1694 = CARTESIAN_POINT('',(-5.726071135148,15.711595587534,5.));
#1695 = CARTESIAN_POINT('',(-5.707939807684,15.615048293864,5.));
#1696 = CARTESIAN_POINT('',(-5.691173376121,15.540502495562,5.));
#1697 = CARTESIAN_POINT('',(-5.677267482742,15.487732425487,5.));
#1698 = CARTESIAN_POINT('',(-5.667922431559,15.45634484905,5.));
#1699 = CARTESIAN_POINT('',(-5.663247800719,15.442565726963,5.));
#1700 = CARTESIAN_POINT('',(-5.662045059186,15.439132135594,5.));
#1701 = ORIENTED_EDGE('',*,*,#1702,.T.);
#1702 = EDGE_CURVE('',#1676,#1703,#1705,.T.);
#1703 = VERTEX_POINT('',#1704);
#1704 = CARTESIAN_POINT('',(-4.949454195396,13.496056022693,5.));
#1705 = B_SPLINE_CURVE_WITH_KNOTS('',1,(#1706,#1707),.UNSPECIFIED.,.F.,
  .F.,(2,2),(0.,2.069620863753),.PIECEWISE_BEZIER_KNOTS.);
#1706 = CARTESIAN_POINT('',(-5.662045059186,15.439132135594,5.));
#1707 = CARTESIAN_POINT('',(-4.949454195396,13.496056022693,5.));
#1708 = ORIENTED_EDGE('',*,*,#1709,.T.);
#1709 = EDGE_CURVE('',#1703,#1710,#1712,.T.);
#1710 = VERTEX_POINT('',#1711);
#1711 = CARTESIAN_POINT('',(-7.465707272098,12.284292406457,5.));
#1712 = B_SPLINE_CURVE_WITH_KNOTS('',1,(#1713,#1714),.UNSPECIFIED.,.F.,
  .F.,(2,2),(0.,2.792830214612),.PIECEWISE_BEZIER_KNOTS.);
#1713 = CARTESIAN_POINT('',(-4.949454195396,13.496056022693,5.));
#1714 = CARTESIAN_POINT('',(-7.465707272098,12.284292406457,5.));
#1715 = ORIENTED_EDGE('',*,*,#1716,.T.);
#1716 = EDGE_CURVE('',#1710,#1717,#1719,.T.);
#1717 = VERTEX_POINT('',#1718);
#1718 = CARTESIAN_POINT('',(-8.540572213525,14.052906518517,5.));
#1719 = B_SPLINE_CURVE_WITH_KNOTS('',1,(#1720,#1721),.UNSPECIFIED.,.F.,
  .F.,(2,2),(0.,2.069620863753),.PIECEWISE_BEZIER_KNOTS.);
#1720 = CARTESIAN_POINT('',(-7.465707272098,12.284292406457,5.));
#1721 = CARTESIAN_POINT('',(-8.540572213525,14.052906518517,5.));
#1722 = ORIENTED_EDGE('',*,*,#1723,.T.);
#1723 = EDGE_CURVE('',#1717,#1724,#1726,.T.);
#1724 = VERTEX_POINT('',#1725);
#1725 = CARTESIAN_POINT('',(-11.82849554049,16.127203516062,5.));
#1726 = B_SPLINE_CURVE_WITH_KNOTS('',3,(#1727,#1728,#1729,#1730,#1731,
    #1732,#1733,#1734,#1735,#1736,#1737,#1738,#1739,#1740,#1741,#1742,
    #1743,#1744,#1745,#1746,#1747,#1748),.UNSPECIFIED.,.F.,.F.,(4,1,1,1,
    1,1,1,1,1,1,1,1,1,1,1,1,1,1,1,4),(0.,1.091295291394E-02,
    4.36512751805E-02,9.821507409409E-02,0.174604364983,0.272819152956,
    0.392859440335,0.534725228372,0.698416517817,0.883933309155,
    1.091275602718,1.320443398744,1.571436697408,1.844255498843,
    2.138899803152,2.45536961042,2.79366492071,3.153785734078,
    3.535732050569,3.93950387022),.UNSPECIFIED.);
#1727 = CARTESIAN_POINT('',(-8.540572213525,14.052906518517,5.));
#1728 = CARTESIAN_POINT('',(-8.542506806274,14.055987668914,5.));
#1729 = CARTESIAN_POINT('',(-8.550365173067,14.068233584574,5.));
#1730 = CARTESIAN_POINT('',(-8.569078424373,14.095109673608,5.));
#1731 = CARTESIAN_POINT('',(-8.601665543782,14.138883339379,5.));
#1732 = CARTESIAN_POINT('',(-8.649494096687,14.198470408435,5.));
#1733 = CARTESIAN_POINT('',(-8.713673112657,14.272842304066,5.));
#1734 = CARTESIAN_POINT('',(-8.795350862388,14.360847092223,5.));
#1735 = CARTESIAN_POINT('',(-8.895575406421,14.461294708095,5.));
#1736 = CARTESIAN_POINT('',(-9.01534459425,14.572928005027,5.));
#1737 = CARTESIAN_POINT('',(-9.155583808536,14.694437647414,5.));
#1738 = CARTESIAN_POINT('',(-9.317149940454,14.824461378827,5.));
#1739 = CARTESIAN_POINT('',(-9.500826624726,14.961588778577,5.));
#1740 = CARTESIAN_POINT('',(-9.70732258416,15.104364348266,5.));
#1741 = CARTESIAN_POINT('',(-9.937269202709,15.251291267717,5.));
#1742 = CARTESIAN_POINT('',(-10.1912185046,15.400835105563,5.));
#1743 = CARTESIAN_POINT('',(-10.46964146799,15.551427520791,5.));
#1744 = CARTESIAN_POINT('',(-10.77292547164,15.701470685056,5.));
#1745 = CARTESIAN_POINT('',(-11.10137632233,15.849339092355,5.));
#1746 = CARTESIAN_POINT('',(-11.45520237808,15.993392485823,5.));
#1747 = CARTESIAN_POINT('',(-11.7012803574,16.083263608688,5.));
#1748 = CARTESIAN_POINT('',(-11.82849554049,16.127203516062,5.));
#1749 = ORIENTED_EDGE('',*,*,#1750,.T.);
#1750 = EDGE_CURVE('',#1724,#1751,#1753,.T.);
#1751 = VERTEX_POINT('',#1752);
#1752 = CARTESIAN_POINT('',(-13.09077297827,15.120570850044,5.));
#1753 = B_SPLINE_CURVE_WITH_KNOTS('',1,(#1754,#1755),.UNSPECIFIED.,.F.,
  .F.,(2,2),(0.,1.614513441948),.PIECEWISE_BEZIER_KNOTS.);
#1754 = CARTESIAN_POINT('',(-11.82849554049,16.127203516062,5.));
#1755 = CARTESIAN_POINT('',(-13.09077297827,15.120570850044,5.));
#1756 = ORIENTED_EDGE('',*,*,#1757,.T.);
#1757 = EDGE_CURVE('',#1751,#1758,#1760,.T.);
#1758 = VERTEX_POINT('',#1759);
#1759 = CARTESIAN_POINT('',(-11.8001147067,11.453508120271,5.));
#1760 = B_SPLINE_CURVE_WITH_KNOTS('',3,(#1761,#1762,#1763,#1764,#1765,
    #1766,#1767,#1768,#1769,#1770,#1771,#1772,#1773,#1774,#1775,#1776,
    #1777,#1778,#1779,#1780,#1781,#1782),.UNSPECIFIED.,.F.,.F.,(4,1,1,1,
    1,1,1,1,1,1,1,1,1,1,1,1,1,1,1,4),(0.,0.403771819651,0.785718136142,
    1.14583894951,1.484134259801,1.800604067068,2.095248371378,
    2.368067172813,2.619060471477,2.848228267502,3.055570561065,
    3.241087352403,3.404778641848,3.546644429885,3.666684717265,
    3.764899505238,3.841288796126,3.89585259504,3.928590917306,
    3.93950387022),.UNSPECIFIED.);
#1761 = CARTESIAN_POINT('',(-13.09077297827,15.120570850044,5.));
#1762 = CARTESIAN_POINT('',(-13.07624277747,14.986767667972,5.));
#1763 = CARTESIAN_POINT('',(-13.04338241307,14.726861171165,5.));
#1764 = CARTESIAN_POINT('',(-12.98167444332,14.349851377699,5.));
#1765 = CARTESIAN_POINT('',(-12.91060059577,13.996731659482,5.));
#1766 = CARTESIAN_POINT('',(-12.83180636664,13.667663873966,5.));
#1767 = CARTESIAN_POINT('',(-12.74694455552,13.362711590683,5.));
#1768 = CARTESIAN_POINT('',(-12.65765912975,13.081852693518,5.));
#1769 = CARTESIAN_POINT('',(-12.56558391124,12.824977001443,5.));
#1770 = CARTESIAN_POINT('',(-12.47233769693,12.591887773725,5.));
#1771 = CARTESIAN_POINT('',(-12.37952027471,12.382302530348,5.));
#1772 = CARTESIAN_POINT('',(-12.28870835628,12.195854196527,5.));
#1773 = CARTESIAN_POINT('',(-12.20145137526,12.032092633029,5.));
#1774 = CARTESIAN_POINT('',(-12.11926810969,11.890485563301,5.));
#1775 = CARTESIAN_POINT('',(-12.04364098441,11.77042216054,5.));
#1776 = CARTESIAN_POINT('',(-11.97601766918,11.67120933487,5.));
#1777 = CARTESIAN_POINT('',(-11.91779160682,11.592090117148,5.));
#1778 = CARTESIAN_POINT('',(-11.87034136426,11.532201355663,5.));
#1779 = CARTESIAN_POINT('',(-11.83491651192,11.490690706384,5.));
#1780 = CARTESIAN_POINT('',(-11.81287835271,11.466466142925,5.));
#1781 = CARTESIAN_POINT('',(-11.80268811884,11.456079829205,5.));
#1782 = CARTESIAN_POINT('',(-11.8001147067,11.453508120271,5.));
#1783 = ORIENTED_EDGE('',*,*,#1784,.T.);
#1784 = EDGE_CURVE('',#1758,#1785,#1787,.T.);
#1785 = VERTEX_POINT('',#1786);
#1786 = CARTESIAN_POINT('',(-10.31502339362,10.012038623024,5.));
#1787 = B_SPLINE_CURVE_WITH_KNOTS('',1,(#1788,#1789),.UNSPECIFIED.,.F.,
  .F.,(2,2),(0.,2.069620863753),.PIECEWISE_BEZIER_KNOTS.);
#1788 = CARTESIAN_POINT('',(-11.8001147067,11.453508120271,5.));
#1789 = CARTESIAN_POINT('',(-10.31502339362,10.012038623024,5.));
#1790 = ORIENTED_EDGE('',*,*,#1791,.T.);
#1791 = EDGE_CURVE('',#1785,#1792,#1794,.T.);
#1792 = VERTEX_POINT('',#1793);
#1793 = CARTESIAN_POINT('',(-12.05632455076,7.828516036053,5.));
#1794 = B_SPLINE_CURVE_WITH_KNOTS('',1,(#1795,#1796),.UNSPECIFIED.,.F.,
  .F.,(2,2),(0.,2.792830214612),.PIECEWISE_BEZIER_KNOTS.);
#1795 = CARTESIAN_POINT('',(-10.31502339362,10.012038623024,5.));
#1796 = CARTESIAN_POINT('',(-12.05632455076,7.828516036053,5.));
#1797 = ORIENTED_EDGE('',*,*,#1798,.T.);
#1798 = EDGE_CURVE('',#1792,#1799,#1801,.T.);
#1799 = VERTEX_POINT('',#1800);
#1800 = CARTESIAN_POINT('',(-13.79211730418,8.955615870519,5.));
#1801 = B_SPLINE_CURVE_WITH_KNOTS('',1,(#1802,#1803),.UNSPECIFIED.,.F.,
  .F.,(2,2),(0.,2.069620863753),.PIECEWISE_BEZIER_KNOTS.);
#1802 = CARTESIAN_POINT('',(-12.05632455076,7.828516036053,5.));
#1803 = CARTESIAN_POINT('',(-13.79211730418,8.955615870519,5.));
#1804 = ORIENTED_EDGE('',*,*,#1805,.T.);
#1805 = EDGE_CURVE('',#1799,#1806,#1808,.T.);
#1806 = VERTEX_POINT('',#1807);
#1807 = CARTESIAN_POINT('',(-17.65443759916,9.397916421054,5.));
#1808 = B_SPLINE_CURVE_WITH_KNOTS('',3,(#1809,#1810,#1811,#1812,#1813,
    #1814,#1815,#1816,#1817,#1818,#1819,#1820,#1821,#1822,#1823,#1824,
    #1825,#1826,#1827,#1828,#1829,#1830),.UNSPECIFIED.,.F.,.F.,(4,1,1,1,
    1,1,1,1,1,1,1,1,1,1,1,1,1,1,1,4),(0.,1.091295291394E-02,
    4.36512751805E-02,9.821507409409E-02,0.174604364983,0.272819152956,
    0.392859440335,0.534725228372,0.698416517817,0.883933309155,
    1.091275602718,1.320443398744,1.571436697408,1.844255498843,
    2.138899803152,2.45536961042,2.79366492071,3.153785734078,
    3.535732050569,3.93950387022),.UNSPECIFIED.);
#1809 = CARTESIAN_POINT('',(-13.79211730418,8.955615870519,5.));
#1810 = CARTESIAN_POINT('',(-13.79519717307,8.957552502769,5.));
#1811 = CARTESIAN_POINT('',(-13.80759062058,8.965176073969,5.));
#1812 = CARTESIAN_POINT('',(-13.83611177543,8.981271218033,5.));
#1813 = CARTESIAN_POINT('',(-13.88446443729,9.00657090691,5.));
#1814 = CARTESIAN_POINT('',(-13.95341033478,9.039504969688,5.));
#1815 = CARTESIAN_POINT('',(-14.0435023863,9.078665500877,5.));
#1816 = CARTESIAN_POINT('',(-14.15527534255,9.122516427776,5.));
#1817 = CARTESIAN_POINT('',(-14.28915712369,9.169530802616,5.));
#1818 = CARTESIAN_POINT('',(-14.44550130554,9.218143024727,5.));
#1819 = CARTESIAN_POINT('',(-14.62457352965,9.266771915001,5.));
#1820 = CARTESIAN_POINT('',(-14.82655476737,9.313818331662,5.));
#1821 = CARTESIAN_POINT('',(-15.0515390906,9.357671523212,5.));
#1822 = CARTESIAN_POINT('',(-15.29953351943,9.396712627607,5.));
#1823 = CARTESIAN_POINT('',(-15.57045746521,9.429319109236,5.));
#1824 = CARTESIAN_POINT('',(-15.86414251977,9.453868978868,5.));
#1825 = CARTESIAN_POINT('',(-16.1803325421,9.46874486032,5.));
#1826 = CARTESIAN_POINT('',(-16.51868327665,9.472339082648,5.));
#1827 = CARTESIAN_POINT('',(-16.87876496522,9.463054430955,5.));
#1828 = CARTESIAN_POINT('',(-17.2600536511,9.439322681718,5.));
#1829 = CARTESIAN_POINT('',(-17.52075586837,9.413524531761,5.));
#1830 = CARTESIAN_POINT('',(-17.65443759916,9.397916421054,5.));
#1831 = ORIENTED_EDGE('',*,*,#1832,.T.);
#1832 = EDGE_CURVE('',#1806,#1833,#1835,.T.);
#1833 = VERTEX_POINT('',#1834);
#1834 = CARTESIAN_POINT('',(-18.35494872821,7.943290073049,5.));
#1835 = B_SPLINE_CURVE_WITH_KNOTS('',1,(#1836,#1837),.UNSPECIFIED.,.F.,
  .F.,(2,2),(0.,1.614513441948),.PIECEWISE_BEZIER_KNOTS.);
#1836 = CARTESIAN_POINT('',(-17.65443759916,9.397916421054,5.));
#1837 = CARTESIAN_POINT('',(-18.35494872821,7.943290073049,5.));
#1838 = ORIENTED_EDGE('',*,*,#1839,.T.);
#1839 = EDGE_CURVE('',#1833,#1840,#1842,.T.);
#1840 = VERTEX_POINT('',#1841);
#1841 = CARTESIAN_POINT('',(-15.60102691765,5.199376353669,5.));
#1842 = B_SPLINE_CURVE_WITH_KNOTS('',3,(#1843,#1844,#1845,#1846,#1847,
    #1848,#1849,#1850,#1851,#1852,#1853,#1854,#1855,#1856,#1857,#1858,
    #1859,#1860,#1861,#1862,#1863,#1864),.UNSPECIFIED.,.F.,.F.,(4,1,1,1,
    1,1,1,1,1,1,1,1,1,1,1,1,1,1,1,4),(0.,0.403771819651,0.785718136142,
    1.14583894951,1.484134259801,1.800604067068,2.095248371378,
    2.368067172813,2.619060471477,2.848228267502,3.055570561065,
    3.241087352403,3.404778641848,3.546644429885,3.666684717265,
    3.764899505238,3.841288796126,3.89585259504,3.928590917306,
    3.93950387022),.UNSPECIFIED.);
#1843 = CARTESIAN_POINT('',(-18.35494872821,7.943290073049,5.));
#1844 = CARTESIAN_POINT('',(-18.2838024447,7.829041989431,5.));
#1845 = CARTESIAN_POINT('',(-18.14142707673,7.609131905014,5.));
#1846 = CARTESIAN_POINT('',(-17.92225169821,7.296231902857,5.));
#1847 = CARTESIAN_POINT('',(-17.70500347055,7.00891981683,5.));
#1848 = CARTESIAN_POINT('',(-17.49123516193,6.746627521405,5.));
#1849 = CARTESIAN_POINT('',(-17.28246347512,6.508695167889,5.));
#1850 = CARTESIAN_POINT('',(-17.08015997767,6.294389539653,5.));
#1851 = CARTESIAN_POINT('',(-16.88574888653,6.102902478258,5.));
#1852 = CARTESIAN_POINT('',(-16.70060332471,5.933354356767,5.));
#1853 = CARTESIAN_POINT('',(-16.52604208784,5.784796547516,5.));
#1854 = CARTESIAN_POINT('',(-16.36332647627,5.656214217997,5.));
#1855 = CARTESIAN_POINT('',(-16.21365717336,5.546529532715,5.));
#1856 = CARTESIAN_POINT('',(-16.07817160472,5.454603953975,5.));
#1857 = CARTESIAN_POINT('',(-15.95794036115,5.379243945809,5.));
#1858 = CARTESIAN_POINT('',(-15.85396702762,5.319196935446,5.));
#1859 = CARTESIAN_POINT('',(-15.76717861611,5.273176325076,5.));
#1860 = CARTESIAN_POINT('',(-15.69844266502,5.239806304108,5.));
#1861 = CARTESIAN_POINT('',(-15.6485151802,5.217776768808,5.));
#1862 = CARTESIAN_POINT('',(-15.61814884067,5.205513190215,5.));
#1863 = CARTESIAN_POINT('',(-15.60446130456,5.200576821675,5.));
#1864 = CARTESIAN_POINT('',(-15.60102691765,5.199376353669,5.));
#1865 = ORIENTED_EDGE('',*,*,#1866,.T.);
#1866 = EDGE_CURVE('',#1840,#1867,#1869,.T.);
#1867 = VERTEX_POINT('',#1868);
#1868 = CARTESIAN_POINT('',(-13.63757570329,4.54501418447,5.));
#1869 = B_SPLINE_CURVE_WITH_KNOTS('',1,(#1870,#1871),.UNSPECIFIED.,.F.,
  .F.,(2,2),(0.,2.069620863753),.PIECEWISE_BEZIER_KNOTS.);
#1870 = CARTESIAN_POINT('',(-15.60102691765,5.199376353669,5.));
#1871 = CARTESIAN_POINT('',(-13.63757570329,4.54501418447,5.));
#1872 = ORIENTED_EDGE('',*,*,#1873,.T.);
#1873 = EDGE_CURVE('',#1867,#1874,#1876,.T.);
#1874 = VERTEX_POINT('',#1875);
#1875 = CARTESIAN_POINT('',(-14.25903889102,1.82220605426,5.));
#1876 = B_SPLINE_CURVE_WITH_KNOTS('',1,(#1877,#1878),.UNSPECIFIED.,.F.,
  .F.,(2,2),(0.,2.792830214612),.PIECEWISE_BEZIER_KNOTS.);
#1877 = CARTESIAN_POINT('',(-13.63757570329,4.54501418447,5.));
#1878 = CARTESIAN_POINT('',(-14.25903889102,1.82220605426,5.));
#1879 = ORIENTED_EDGE('',*,*,#1880,.T.);
#1880 = EDGE_CURVE('',#1874,#1881,#1883,.T.);
#1881 = VERTEX_POINT('',#1882);
#1882 = CARTESIAN_POINT('',(-16.31196441352,2.084555665944,5.));
#1883 = B_SPLINE_CURVE_WITH_KNOTS('',1,(#1884,#1885),.UNSPECIFIED.,.F.,
  .F.,(2,2),(0.,2.069620863753),.PIECEWISE_BEZIER_KNOTS.);
#1884 = CARTESIAN_POINT('',(-14.25903889102,1.82220605426,5.));
#1885 = CARTESIAN_POINT('',(-16.31196441352,2.084555665944,5.));
#1886 = ORIENTED_EDGE('',*,*,#1887,.T.);
#1887 = EDGE_CURVE('',#1881,#1888,#1890,.T.);
#1888 = VERTEX_POINT('',#1889);
#1889 = CARTESIAN_POINT('',(-19.98370177385,0.807256720974,5.));
#1890 = B_SPLINE_CURVE_WITH_KNOTS('',3,(#1891,#1892,#1893,#1894,#1895,
    #1896,#1897,#1898,#1899,#1900,#1901,#1902,#1903,#1904,#1905,#1906,
    #1907,#1908,#1909,#1910,#1911,#1912),.UNSPECIFIED.,.F.,.F.,(4,1,1,1,
    1,1,1,1,1,1,1,1,1,1,1,1,1,1,1,4),(0.,1.091295291394E-02,
    4.36512751805E-02,9.821507409409E-02,0.174604364983,0.272819152956,
    0.392859440335,0.534725228372,0.698416517817,0.883933309155,
    1.091275602718,1.320443398744,1.571436697408,1.844255498843,
    2.138899803152,2.45536961042,2.79366492071,3.153785734078,
    3.535732050569,3.93950387022),.UNSPECIFIED.);
#1891 = CARTESIAN_POINT('',(-16.31196441352,2.084555665944,5.));
#1892 = CARTESIAN_POINT('',(-16.31557955276,2.084964206278,5.));
#1893 = CARTESIAN_POINT('',(-16.3300534067,2.086455491246,5.));
#1894 = CARTESIAN_POINT('',(-16.36273350059,2.088581849663,5.));
#1895 = CARTESIAN_POINT('',(-16.41727486721,2.090396647984,5.));
#1896 = CARTESIAN_POINT('',(-16.49368252872,2.090154709441,5.));
#1897 = CARTESIAN_POINT('',(-16.59184378009,2.086347652713,5.));
#1898 = CARTESIAN_POINT('',(-16.71157393807,2.077359504486,5.));
#1899 = CARTESIAN_POINT('',(-16.8525960276,2.061628864763,5.));
#1900 = CARTESIAN_POINT('',(-17.01454932082,2.037591765273,5.));
#1901 = CARTESIAN_POINT('',(-17.19698710459,2.003708355323,5.));
#1902 = CARTESIAN_POINT('',(-17.39937858686,1.958459337425,5.));
#1903 = CARTESIAN_POINT('',(-17.62110964457,1.900352658365,5.));
#1904 = CARTESIAN_POINT('',(-17.86148420471,1.827926727933,5.));
#1905 = CARTESIAN_POINT('',(-18.1197256676,1.739754658161,5.));
#1906 = CARTESIAN_POINT('',(-18.39497854796,1.634448156813,5.));
#1907 = CARTESIAN_POINT('',(-18.68631031748,1.510661153726,5.));
#1908 = CARTESIAN_POINT('',(-18.99271327037,1.367094554306,5.));
#1909 = CARTESIAN_POINT('',(-19.31310720228,1.202495782758,5.));
#1910 = CARTESIAN_POINT('',(-19.64633961785,1.015679254803,5.));
#1911 = CARTESIAN_POINT('',(-19.87003080163,0.879321472017,5.));
#1912 = CARTESIAN_POINT('',(-19.98370177385,0.807256720974,5.));
#1913 = ORIENTED_EDGE('',*,*,#1914,.T.);
#1914 = EDGE_CURVE('',#1888,#1915,#1917,.T.);
#1915 = VERTEX_POINT('',#1916);
#1916 = CARTESIAN_POINT('',(-19.98370177385,-0.807256720974,5.));
#1917 = B_SPLINE_CURVE_WITH_KNOTS('',1,(#1918,#1919),.UNSPECIFIED.,.F.,
  .F.,(2,2),(0.,1.614513441948),.PIECEWISE_BEZIER_KNOTS.);
#1918 = CARTESIAN_POINT('',(-19.98370177385,0.807256720974,5.));
#1919 = CARTESIAN_POINT('',(-19.98370177385,-0.807256720974,5.));
#1920 = ORIENTED_EDGE('',*,*,#1921,.T.);
#1921 = EDGE_CURVE('',#1915,#1922,#1924,.T.);
#1922 = VERTEX_POINT('',#1923);
#1923 = CARTESIAN_POINT('',(-16.31196441352,-2.084555665944,5.));
#1924 = B_SPLINE_CURVE_WITH_KNOTS('',3,(#1925,#1926,#1927,#1928,#1929,
    #1930,#1931,#1932,#1933,#1934,#1935,#1936,#1937,#1938,#1939,#1940,
    #1941,#1942,#1943,#1944,#1945,#1946),.UNSPECIFIED.,.F.,.F.,(4,1,1,1,
    1,1,1,1,1,1,1,1,1,1,1,1,1,1,1,4),(0.,0.403771819651,0.785718136142,
    1.14583894951,1.484134259801,1.800604067068,2.095248371378,
    2.368067172813,2.619060471477,2.848228267502,3.055570561065,
    3.241087352403,3.404778641848,3.546644429885,3.666684717265,
    3.764899505238,3.841288796126,3.89585259504,3.928590917306,
    3.93950387022),.UNSPECIFIED.);
#1925 = CARTESIAN_POINT('',(-19.98370177385,-0.807256720974,5.));
#1926 = CARTESIAN_POINT('',(-19.87003080163,-0.879321472017,5.));
#1927 = CARTESIAN_POINT('',(-19.64633961785,-1.015679254803,5.));
#1928 = CARTESIAN_POINT('',(-19.31310720228,-1.202495782758,5.));
#1929 = CARTESIAN_POINT('',(-18.99271327037,-1.367094554306,5.));
#1930 = CARTESIAN_POINT('',(-18.68631031748,-1.510661153726,5.));
#1931 = CARTESIAN_POINT('',(-18.39497854796,-1.634448156813,5.));
#1932 = CARTESIAN_POINT('',(-18.1197256676,-1.739754658161,5.));
#1933 = CARTESIAN_POINT('',(-17.86148420471,-1.827926727933,5.));
#1934 = CARTESIAN_POINT('',(-17.62110964457,-1.900352658365,5.));
#1935 = CARTESIAN_POINT('',(-17.39937858686,-1.958459337425,5.));
#1936 = CARTESIAN_POINT('',(-17.19698710459,-2.003708355323,5.));
#1937 = CARTESIAN_POINT('',(-17.01454932082,-2.037591765273,5.));
#1938 = CARTESIAN_POINT('',(-16.8525960276,-2.061628864763,5.));
#1939 = CARTESIAN_POINT('',(-16.71157393807,-2.077359504486,5.));
#1940 = CARTESIAN_POINT('',(-16.59184378009,-2.086347652713,5.));
#1941 = CARTESIAN_POINT('',(-16.49368252872,-2.090154709441,5.));
#1942 = CARTESIAN_POINT('',(-16.41727486721,-2.090396647984,5.));
#1943 = CARTESIAN_POINT('',(-16.36273350059,-2.088581849663,5.));
#1944 = CARTESIAN_POINT('',(-16.3300534067,-2.086455491246,5.));
#1945 = CARTESIAN_POINT('',(-16.31557955276,-2.084964206278,5.));
#1946 = CARTESIAN_POINT('',(-16.31196441352,-2.084555665944,5.));
#1947 = ORIENTED_EDGE('',*,*,#1948,.T.);
#1948 = EDGE_CURVE('',#1922,#1949,#1951,.T.);
#1949 = VERTEX_POINT('',#1950);
#1950 = CARTESIAN_POINT('',(-14.25903889102,-1.82220605426,5.));
#1951 = B_SPLINE_CURVE_WITH_KNOTS('',1,(#1952,#1953),.UNSPECIFIED.,.F.,
  .F.,(2,2),(0.,2.069620863753),.PIECEWISE_BEZIER_KNOTS.);
#1952 = CARTESIAN_POINT('',(-16.31196441352,-2.084555665944,5.));
#1953 = CARTESIAN_POINT('',(-14.25903889102,-1.82220605426,5.));
#1954 = ORIENTED_EDGE('',*,*,#1955,.T.);
#1955 = EDGE_CURVE('',#1949,#1956,#1958,.T.);
#1956 = VERTEX_POINT('',#1957);
#1957 = CARTESIAN_POINT('',(-13.63757570329,-4.54501418447,5.));
#1958 = B_SPLINE_CURVE_WITH_KNOTS('',1,(#1959,#1960),.UNSPECIFIED.,.F.,
  .F.,(2,2),(0.,2.792830214612),.PIECEWISE_BEZIER_KNOTS.);
#1959 = CARTESIAN_POINT('',(-14.25903889102,-1.82220605426,5.));
#1960 = CARTESIAN_POINT('',(-13.63757570329,-4.54501418447,5.));
#1961 = ORIENTED_EDGE('',*,*,#1962,.T.);
#1962 = EDGE_CURVE('',#1956,#1963,#1965,.T.);
#1963 = VERTEX_POINT('',#1964);
#1964 = CARTESIAN_POINT('',(-15.60102691765,-5.199376353669,5.));
#1965 = B_SPLINE_CURVE_WITH_KNOTS('',1,(#1966,#1967),.UNSPECIFIED.,.F.,
  .F.,(2,2),(0.,2.069620863753),.PIECEWISE_BEZIER_KNOTS.);
#1966 = CARTESIAN_POINT('',(-13.63757570329,-4.54501418447,5.));
#1967 = CARTESIAN_POINT('',(-15.60102691765,-5.199376353669,5.));
#1968 = ORIENTED_EDGE('',*,*,#1969,.T.);
#1969 = EDGE_CURVE('',#1963,#1970,#1972,.T.);
#1970 = VERTEX_POINT('',#1971);
#1971 = CARTESIAN_POINT('',(-18.35494872821,-7.943290073049,5.));
#1972 = B_SPLINE_CURVE_WITH_KNOTS('',3,(#1973,#1974,#1975,#1976,#1977,
    #1978,#1979,#1980,#1981,#1982,#1983,#1984,#1985,#1986,#1987,#1988,
    #1989,#1990,#1991,#1992,#1993,#1994),.UNSPECIFIED.,.F.,.F.,(4,1,1,1,
    1,1,1,1,1,1,1,1,1,1,1,1,1,1,1,4),(0.,1.091295291394E-02,
    4.36512751805E-02,9.821507409409E-02,0.174604364983,0.272819152956,
    0.392859440335,0.534725228372,0.698416517817,0.883933309155,
    1.091275602718,1.320443398744,1.571436697408,1.844255498843,
    2.138899803152,2.45536961042,2.79366492071,3.153785734078,
    3.535732050569,3.93950387022),.UNSPECIFIED.);
#1973 = CARTESIAN_POINT('',(-15.60102691765,-5.199376353669,5.));
#1974 = CARTESIAN_POINT('',(-15.60446130456,-5.200576821675,5.));
#1975 = CARTESIAN_POINT('',(-15.61814884067,-5.205513190215,5.));
#1976 = CARTESIAN_POINT('',(-15.6485151802,-5.217776768808,5.));
#1977 = CARTESIAN_POINT('',(-15.69844266502,-5.239806304108,5.));
#1978 = CARTESIAN_POINT('',(-15.76717861611,-5.273176325076,5.));
#1979 = CARTESIAN_POINT('',(-15.85396702762,-5.319196935446,5.));
#1980 = CARTESIAN_POINT('',(-15.95794036115,-5.379243945809,5.));
#1981 = CARTESIAN_POINT('',(-16.07817160472,-5.454603953975,5.));
#1982 = CARTESIAN_POINT('',(-16.21365717336,-5.546529532715,5.));
#1983 = CARTESIAN_POINT('',(-16.36332647627,-5.656214217997,5.));
#1984 = CARTESIAN_POINT('',(-16.52604208784,-5.784796547516,5.));
#1985 = CARTESIAN_POINT('',(-16.70060332471,-5.933354356767,5.));
#1986 = CARTESIAN_POINT('',(-16.88574888653,-6.102902478258,5.));
#1987 = CARTESIAN_POINT('',(-17.08015997767,-6.294389539653,5.));
#1988 = CARTESIAN_POINT('',(-17.28246347512,-6.508695167889,5.));
#1989 = CARTESIAN_POINT('',(-17.49123516193,-6.746627521405,5.));
#1990 = CARTESIAN_POINT('',(-17.70500347055,-7.00891981683,5.));
#1991 = CARTESIAN_POINT('',(-17.92225169821,-7.296231902857,5.));
#1992 = CARTESIAN_POINT('',(-18.14142707673,-7.609131905014,5.));
#1993 = CARTESIAN_POINT('',(-18.2838024447,-7.829041989431,5.));
#1994 = CARTESIAN_POINT('',(-18.35494872821,-7.943290073049,5.));
#1995 = ORIENTED_EDGE('',*,*,#1996,.T.);
#1996 = EDGE_CURVE('',#1970,#1997,#1999,.T.);
#1997 = VERTEX_POINT('',#1998);
#1998 = CARTESIAN_POINT('',(-17.65443759916,-9.397916421054,5.));
#1999 = B_SPLINE_CURVE_WITH_KNOTS('',1,(#2000,#2001),.UNSPECIFIED.,.F.,
  .F.,(2,2),(0.,1.614513441948),.PIECEWISE_BEZIER_KNOTS.);
#2000 = CARTESIAN_POINT('',(-18.35494872821,-7.943290073049,5.));
#2001 = CARTESIAN_POINT('',(-17.65443759916,-9.397916421054,5.));
#2002 = ORIENTED_EDGE('',*,*,#2003,.T.);
#2003 = EDGE_CURVE('',#1997,#2004,#2006,.T.);
#2004 = VERTEX_POINT('',#2005);
#2005 = CARTESIAN_POINT('',(-13.79211730418,-8.955615870519,5.));
#2006 = B_SPLINE_CURVE_WITH_KNOTS('',3,(#2007,#2008,#2009,#2010,#2011,
    #2012,#2013,#2014,#2015,#2016,#2017,#2018,#2019,#2020,#2021,#2022,
    #2023,#2024,#2025,#2026,#2027,#2028),.UNSPECIFIED.,.F.,.F.,(4,1,1,1,
    1,1,1,1,1,1,1,1,1,1,1,1,1,1,1,4),(0.,0.403771819651,0.785718136142,
    1.14583894951,1.484134259801,1.800604067068,2.095248371378,
    2.368067172813,2.619060471477,2.848228267502,3.055570561065,
    3.241087352403,3.404778641848,3.546644429885,3.666684717265,
    3.764899505238,3.841288796126,3.89585259504,3.928590917306,
    3.93950387022),.UNSPECIFIED.);
#2007 = CARTESIAN_POINT('',(-17.65443759916,-9.397916421054,5.));
#2008 = CARTESIAN_POINT('',(-17.52075586837,-9.413524531761,5.));
#2009 = CARTESIAN_POINT('',(-17.2600536511,-9.439322681718,5.));
#2010 = CARTESIAN_POINT('',(-16.87876496522,-9.463054430955,5.));
#2011 = CARTESIAN_POINT('',(-16.51868327665,-9.472339082648,5.));
#2012 = CARTESIAN_POINT('',(-16.1803325421,-9.46874486032,5.));
#2013 = CARTESIAN_POINT('',(-15.86414251977,-9.453868978868,5.));
#2014 = CARTESIAN_POINT('',(-15.57045746521,-9.429319109236,5.));
#2015 = CARTESIAN_POINT('',(-15.29953351943,-9.396712627607,5.));
#2016 = CARTESIAN_POINT('',(-15.0515390906,-9.357671523212,5.));
#2017 = CARTESIAN_POINT('',(-14.82655476737,-9.313818331662,5.));
#2018 = CARTESIAN_POINT('',(-14.62457352965,-9.266771915001,5.));
#2019 = CARTESIAN_POINT('',(-14.44550130554,-9.218143024726,5.));
#2020 = CARTESIAN_POINT('',(-14.28915712369,-9.169530802616,5.));
#2021 = CARTESIAN_POINT('',(-14.15527534255,-9.122516427776,5.));
#2022 = CARTESIAN_POINT('',(-14.0435023863,-9.078665500877,5.));
#2023 = CARTESIAN_POINT('',(-13.95341033478,-9.039504969688,5.));
#2024 = CARTESIAN_POINT('',(-13.88446443729,-9.00657090691,5.));
#2025 = CARTESIAN_POINT('',(-13.83611177543,-8.981271218033,5.));
#2026 = CARTESIAN_POINT('',(-13.80759062058,-8.965176073969,5.));
#2027 = CARTESIAN_POINT('',(-13.79519717307,-8.957552502769,5.));
#2028 = CARTESIAN_POINT('',(-13.79211730418,-8.955615870519,5.));
#2029 = ORIENTED_EDGE('',*,*,#2030,.T.);
#2030 = EDGE_CURVE('',#2004,#2031,#2033,.T.);
#2031 = VERTEX_POINT('',#2032);
#2032 = CARTESIAN_POINT('',(-12.05632455076,-7.828516036053,5.));
#2033 = B_SPLINE_CURVE_WITH_KNOTS('',1,(#2034,#2035),.UNSPECIFIED.,.F.,
  .F.,(2,2),(0.,2.069620863753),.PIECEWISE_BEZIER_KNOTS.);
#2034 = CARTESIAN_POINT('',(-13.79211730418,-8.955615870519,5.));
#2035 = CARTESIAN_POINT('',(-12.05632455076,-7.828516036053,5.));
#2036 = ORIENTED_EDGE('',*,*,#2037,.T.);
#2037 = EDGE_CURVE('',#2031,#2038,#2040,.T.);
#2038 = VERTEX_POINT('',#2039);
#2039 = CARTESIAN_POINT('',(-10.31502339362,-10.01203862302,5.));
#2040 = B_SPLINE_CURVE_WITH_KNOTS('',1,(#2041,#2042),.UNSPECIFIED.,.F.,
  .F.,(2,2),(0.,2.792830214612),.PIECEWISE_BEZIER_KNOTS.);
#2041 = CARTESIAN_POINT('',(-12.05632455076,-7.828516036053,5.));
#2042 = CARTESIAN_POINT('',(-10.31502339362,-10.01203862302,5.));
#2043 = ORIENTED_EDGE('',*,*,#2044,.T.);
#2044 = EDGE_CURVE('',#2038,#2045,#2047,.T.);
#2045 = VERTEX_POINT('',#2046);
#2046 = CARTESIAN_POINT('',(-11.8001147067,-11.45350812027,5.));
#2047 = B_SPLINE_CURVE_WITH_KNOTS('',1,(#2048,#2049),.UNSPECIFIED.,.F.,
  .F.,(2,2),(0.,2.069620863753),.PIECEWISE_BEZIER_KNOTS.);
#2048 = CARTESIAN_POINT('',(-10.31502339362,-10.01203862302,5.));
#2049 = CARTESIAN_POINT('',(-11.8001147067,-11.45350812027,5.));
#2050 = ORIENTED_EDGE('',*,*,#2051,.T.);
#2051 = EDGE_CURVE('',#2045,#2052,#2054,.T.);
#2052 = VERTEX_POINT('',#2053);
#2053 = CARTESIAN_POINT('',(-13.09077297827,-15.12057085004,5.));
#2054 = B_SPLINE_CURVE_WITH_KNOTS('',3,(#2055,#2056,#2057,#2058,#2059,
    #2060,#2061,#2062,#2063,#2064,#2065,#2066,#2067,#2068,#2069,#2070,
    #2071,#2072,#2073,#2074,#2075,#2076),.UNSPECIFIED.,.F.,.F.,(4,1,1,1,
    1,1,1,1,1,1,1,1,1,1,1,1,1,1,1,4),(0.,1.091295291394E-02,
    4.36512751805E-02,9.821507409409E-02,0.174604364983,0.272819152956,
    0.392859440335,0.534725228372,0.698416517817,0.883933309155,
    1.091275602718,1.320443398744,1.571436697408,1.844255498843,
    2.138899803152,2.45536961042,2.79366492071,3.153785734078,
    3.535732050569,3.93950387022),.UNSPECIFIED.);
#2055 = CARTESIAN_POINT('',(-11.8001147067,-11.45350812027,5.));
#2056 = CARTESIAN_POINT('',(-11.80268811884,-11.4560798292,5.));
#2057 = CARTESIAN_POINT('',(-11.81287835271,-11.46646614292,5.));
#2058 = CARTESIAN_POINT('',(-11.83491651192,-11.49069070638,5.));
#2059 = CARTESIAN_POINT('',(-11.87034136426,-11.53220135566,5.));
#2060 = CARTESIAN_POINT('',(-11.91779160682,-11.59209011714,5.));
#2061 = CARTESIAN_POINT('',(-11.97601766918,-11.67120933487,5.));
#2062 = CARTESIAN_POINT('',(-12.04364098441,-11.77042216054,5.));
#2063 = CARTESIAN_POINT('',(-12.11926810969,-11.8904855633,5.));
#2064 = CARTESIAN_POINT('',(-12.20145137526,-12.03209263302,5.));
#2065 = CARTESIAN_POINT('',(-12.28870835628,-12.19585419652,5.));
#2066 = CARTESIAN_POINT('',(-12.37952027471,-12.38230253034,5.));
#2067 = CARTESIAN_POINT('',(-12.47233769693,-12.59188777372,5.));
#2068 = CARTESIAN_POINT('',(-12.56558391124,-12.82497700144,5.));
#2069 = CARTESIAN_POINT('',(-12.65765912975,-13.08185269351,5.));
#2070 = CARTESIAN_POINT('',(-12.74694455552,-13.36271159068,5.));
#2071 = CARTESIAN_POINT('',(-12.83180636664,-13.66766387396,5.));
#2072 = CARTESIAN_POINT('',(-12.91060059577,-13.99673165948,5.));
#2073 = CARTESIAN_POINT('',(-12.98167444332,-14.34985137769,5.));
#2074 = CARTESIAN_POINT('',(-13.04338241307,-14.72686117116,5.));
#2075 = CARTESIAN_POINT('',(-13.07624277747,-14.98676766797,5.));
#2076 = CARTESIAN_POINT('',(-13.09077297827,-15.12057085004,5.));
#2077 = ORIENTED_EDGE('',*,*,#2078,.T.);
#2078 = EDGE_CURVE('',#2052,#2079,#2081,.T.);
#2079 = VERTEX_POINT('',#2080);
#2080 = CARTESIAN_POINT('',(-11.82849554049,-16.12720351606,5.));
#2081 = B_SPLINE_CURVE_WITH_KNOTS('',1,(#2082,#2083),.UNSPECIFIED.,.F.,
  .F.,(2,2),(0.,1.614513441948),.PIECEWISE_BEZIER_KNOTS.);
#2082 = CARTESIAN_POINT('',(-13.09077297827,-15.12057085004,5.));
#2083 = CARTESIAN_POINT('',(-11.82849554049,-16.12720351606,5.));
#2084 = ORIENTED_EDGE('',*,*,#2085,.T.);
#2085 = EDGE_CURVE('',#2079,#2086,#2088,.T.);
#2086 = VERTEX_POINT('',#2087);
#2087 = CARTESIAN_POINT('',(-8.540572213525,-14.05290651851,5.));
#2088 = B_SPLINE_CURVE_WITH_KNOTS('',3,(#2089,#2090,#2091,#2092,#2093,
    #2094,#2095,#2096,#2097,#2098,#2099,#2100,#2101,#2102,#2103,#2104,
    #2105,#2106,#2107,#2108,#2109,#2110),.UNSPECIFIED.,.F.,.F.,(4,1,1,1,
    1,1,1,1,1,1,1,1,1,1,1,1,1,1,1,4),(0.,0.403771819651,0.785718136142,
    1.14583894951,1.484134259801,1.800604067068,2.095248371378,
    2.368067172813,2.619060471477,2.848228267502,3.055570561065,
    3.241087352403,3.404778641848,3.546644429885,3.666684717265,
    3.764899505238,3.841288796126,3.89585259504,3.928590917306,
    3.93950387022),.UNSPECIFIED.);
#2089 = CARTESIAN_POINT('',(-11.82849554049,-16.12720351606,5.));
#2090 = CARTESIAN_POINT('',(-11.7012803574,-16.08326360868,5.));
#2091 = CARTESIAN_POINT('',(-11.45520237808,-15.99339248582,5.));
#2092 = CARTESIAN_POINT('',(-11.10137632233,-15.84933909235,5.));
#2093 = CARTESIAN_POINT('',(-10.77292547164,-15.70147068505,5.));
#2094 = CARTESIAN_POINT('',(-10.46964146799,-15.55142752079,5.));
#2095 = CARTESIAN_POINT('',(-10.1912185046,-15.40083510556,5.));
#2096 = CARTESIAN_POINT('',(-9.937269202709,-15.25129126771,5.));
#2097 = CARTESIAN_POINT('',(-9.70732258416,-15.10436434826,5.));
#2098 = CARTESIAN_POINT('',(-9.500826624726,-14.96158877857,5.));
#2099 = CARTESIAN_POINT('',(-9.317149940454,-14.82446137882,5.));
#2100 = CARTESIAN_POINT('',(-9.155583808536,-14.69443764741,5.));
#2101 = CARTESIAN_POINT('',(-9.01534459425,-14.57292800502,5.));
#2102 = CARTESIAN_POINT('',(-8.895575406421,-14.46129470809,5.));
#2103 = CARTESIAN_POINT('',(-8.795350862388,-14.36084709222,5.));
#2104 = CARTESIAN_POINT('',(-8.713673112657,-14.27284230406,5.));
#2105 = CARTESIAN_POINT('',(-8.649494096687,-14.19847040843,5.));
#2106 = CARTESIAN_POINT('',(-8.601665543782,-14.13888333937,5.));
#2107 = CARTESIAN_POINT('',(-8.569078424373,-14.0951096736,5.));
#2108 = CARTESIAN_POINT('',(-8.550365173067,-14.06823358457,5.));
#2109 = CARTESIAN_POINT('',(-8.542506806274,-14.05598766891,5.));
#2110 = CARTESIAN_POINT('',(-8.540572213525,-14.05290651851,5.));
#2111 = ORIENTED_EDGE('',*,*,#2112,.T.);
#2112 = EDGE_CURVE('',#2086,#2113,#2115,.T.);
#2113 = VERTEX_POINT('',#2114);
#2114 = CARTESIAN_POINT('',(-7.465707272098,-12.28429240645,5.));
#2115 = B_SPLINE_CURVE_WITH_KNOTS('',1,(#2116,#2117),.UNSPECIFIED.,.F.,
  .F.,(2,2),(0.,2.069620863753),.PIECEWISE_BEZIER_KNOTS.);
#2116 = CARTESIAN_POINT('',(-8.540572213525,-14.05290651851,5.));
#2117 = CARTESIAN_POINT('',(-7.465707272098,-12.28429240645,5.));
#2118 = ORIENTED_EDGE('',*,*,#2119,.T.);
#2119 = EDGE_CURVE('',#2113,#2120,#2122,.T.);
#2120 = VERTEX_POINT('',#2121);
#2121 = CARTESIAN_POINT('',(-4.949454195396,-13.49605602269,5.));
#2122 = B_SPLINE_CURVE_WITH_KNOTS('',1,(#2123,#2124),.UNSPECIFIED.,.F.,
  .F.,(2,2),(0.,2.792830214612),.PIECEWISE_BEZIER_KNOTS.);
#2123 = CARTESIAN_POINT('',(-7.465707272098,-12.28429240645,5.));
#2124 = CARTESIAN_POINT('',(-4.949454195396,-13.49605602269,5.));
#2125 = ORIENTED_EDGE('',*,*,#2126,.T.);
#2126 = EDGE_CURVE('',#2120,#2127,#2129,.T.);
#2127 = VERTEX_POINT('',#2128);
#2128 = CARTESIAN_POINT('',(-5.662045059186,-15.43913213559,5.));
#2129 = B_SPLINE_CURVE_WITH_KNOTS('',1,(#2130,#2131),.UNSPECIFIED.,.F.,
  .F.,(2,2),(0.,2.069620863753),.PIECEWISE_BEZIER_KNOTS.);
#2130 = CARTESIAN_POINT('',(-4.949454195396,-13.49605602269,5.));
#2131 = CARTESIAN_POINT('',(-5.662045059186,-15.43913213559,5.));
#2132 = ORIENTED_EDGE('',*,*,#2133,.T.);
#2133 = EDGE_CURVE('',#2127,#2134,#2136,.T.);
#2134 = VERTEX_POINT('',#2135);
#2135 = CARTESIAN_POINT('',(-5.233809092197,-19.30303712855,5.));
#2136 = B_SPLINE_CURVE_WITH_KNOTS('',3,(#2137,#2138,#2139,#2140,#2141,
    #2142,#2143,#2144,#2145,#2146,#2147,#2148,#2149,#2150,#2151,#2152,
    #2153,#2154,#2155,#2156,#2157,#2158),.UNSPECIFIED.,.F.,.F.,(4,1,1,1,
    1,1,1,1,1,1,1,1,1,1,1,1,1,1,1,4),(0.,1.091295291394E-02,
    4.36512751805E-02,9.821507409409E-02,0.174604364983,0.272819152956,
    0.392859440335,0.534725228372,0.698416517817,0.883933309155,
    1.091275602718,1.320443398744,1.571436697408,1.844255498843,
    2.138899803152,2.45536961042,2.79366492071,3.153785734078,
    3.535732050569,3.93950387022),.UNSPECIFIED.);
#2137 = CARTESIAN_POINT('',(-5.662045059186,-15.43913213559,5.));
#2138 = CARTESIAN_POINT('',(-5.663247800719,-15.44256572696,5.));
#2139 = CARTESIAN_POINT('',(-5.667922431559,-15.45634484905,5.));
#2140 = CARTESIAN_POINT('',(-5.677267482742,-15.48773242548,5.));
#2141 = CARTESIAN_POINT('',(-5.691173376121,-15.54050249556,5.));
#2142 = CARTESIAN_POINT('',(-5.707939807684,-15.61504829386,5.));
#2143 = CARTESIAN_POINT('',(-5.726071135148,-15.71159558753,5.));
#2144 = CARTESIAN_POINT('',(-5.743950805141,-15.83032391162,5.));
#2145 = CARTESIAN_POINT('',(-5.759994932468,-15.97131067957,5.));
#2146 = CARTESIAN_POINT('',(-5.772598491313,-16.13455222343,5.));
#2147 = CARTESIAN_POINT('',(-5.780160835226,-16.3199556791,5.));
#2148 = CARTESIAN_POINT('',(-5.781082646336,-16.52734163807,5.));
#2149 = CARTESIAN_POINT('',(-5.773772625087,-16.75644338772,5.));
#2150 = CARTESIAN_POINT('',(-5.756650935565,-17.00690754147,5.));
#2151 = CARTESIAN_POINT('',(-5.728153655178,-17.27829448303,5.));
#2152 = CARTESIAN_POINT('',(-5.686736935691,-17.57007910004,5.));
#2153 = CARTESIAN_POINT('',(-5.630880948662,-17.88165177339,5.));
#2154 = CARTESIAN_POINT('',(-5.559094934874,-18.21231913832,5.));
#2155 = CARTESIAN_POINT('',(-5.469917355143,-18.56130679781,5.));
#2156 = CARTESIAN_POINT('',(-5.361935895919,-18.92775496926,5.));
#2157 = CARTESIAN_POINT('',(-5.278772858571,-19.17618020922,5.));
#2158 = CARTESIAN_POINT('',(-5.233809092197,-19.30303712855,5.));
#2159 = ORIENTED_EDGE('',*,*,#2160,.T.);
#2160 = EDGE_CURVE('',#2134,#2161,#2163,.T.);
#2161 = VERTEX_POINT('',#2162);
#2162 = CARTESIAN_POINT('',(-3.659774873049,-19.66230016754,5.));
#2163 = B_SPLINE_CURVE_WITH_KNOTS('',1,(#2164,#2165),.UNSPECIFIED.,.F.,
  .F.,(2,2),(0.,1.614513441948),.PIECEWISE_BEZIER_KNOTS.);
#2164 = CARTESIAN_POINT('',(-5.233809092197,-19.30303712855,5.));
#2165 = CARTESIAN_POINT('',(-3.659774873049,-19.66230016754,5.));
#2166 = ORIENTED_EDGE('',*,*,#2167,.T.);
#2167 = EDGE_CURVE('',#2161,#2168,#2170,.T.);
#2168 = VERTEX_POINT('',#2169);
#2169 = CARTESIAN_POINT('',(-1.597462052735,-16.36684668293,5.));
#2170 = B_SPLINE_CURVE_WITH_KNOTS('',3,(#2171,#2172,#2173,#2174,#2175,
    #2176,#2177,#2178,#2179,#2180,#2181,#2182,#2183,#2184,#2185,#2186,
    #2187,#2188,#2189,#2190,#2191,#2192),.UNSPECIFIED.,.F.,.F.,(4,1,1,1,
    1,1,1,1,1,1,1,1,1,1,1,1,1,1,1,4),(0.,0.403771819651,0.785718136142,
    1.14583894951,1.484134259801,1.800604067068,2.095248371378,
    2.368067172813,2.619060471477,2.848228267502,3.055570561065,
    3.241087352403,3.404778641848,3.546644429885,3.666684717265,
    3.764899505238,3.841288796126,3.89585259504,3.928590917306,
    3.93950387022),.UNSPECIFIED.);
#2171 = CARTESIAN_POINT('',(-3.659774873049,-19.66230016754,5.));
#2172 = CARTESIAN_POINT('',(-3.564222764871,-19.56751507963,5.));
#2173 = CARTESIAN_POINT('',(-3.381507785255,-19.37977476202,5.));
#2174 = CARTESIAN_POINT('',(-3.125223949359,-19.09646776712,5.));
#2175 = CARTESIAN_POINT('',(-2.893457655704,-18.82073345238,5.));
#2176 = CARTESIAN_POINT('',(-2.685309499428,-18.55395923502,5.));
#2177 = CARTESIAN_POINT('',(-2.499798677508,-18.29747696075,5.));
#2178 = CARTESIAN_POINT('',(-2.335882901998,-18.05255814581,5.));
#2179 = CARTESIAN_POINT('',(-2.192457358594,-17.82041146687,5.));
#2180 = CARTESIAN_POINT('',(-2.068358925829,-17.6021798845,5.));
#2181 = CARTESIAN_POINT('',(-1.962369300479,-17.39893803982,5.));
#2182 = CARTESIAN_POINT('',(-1.873218428273,-17.2116897883,5.));
#2183 = CARTESIAN_POINT('',(-1.79958832012,-17.0413658687,5.));
#2184 = CARTESIAN_POINT('',(-1.740115882834,-16.88882184049,5.));
#2185 = CARTESIAN_POINT('',(-1.693399276021,-16.75483586582,5.));
#2186 = CARTESIAN_POINT('',(-1.657994012859,-16.64010764401,5.));
#2187 = CARTESIAN_POINT('',(-1.632439473659,-16.54525464998,5.));
#2188 = CARTESIAN_POINT('',(-1.61520129682,-16.47081652445,5.));
#2189 = CARTESIAN_POINT('',(-1.604833998517,-16.41723879315,5.));
#2190 = CARTESIAN_POINT('',(-1.599635039676,-16.38490489819,5.));
#2191 = CARTESIAN_POINT('',(-1.597868199519,-16.37046209185,5.));
#2192 = CARTESIAN_POINT('',(-1.597462052735,-16.36684668293,5.));
#2193 = ORIENTED_EDGE('',*,*,#2194,.T.);
#2194 = EDGE_CURVE('',#2168,#2195,#2197,.T.);
#2195 = VERTEX_POINT('',#2196);
#2196 = CARTESIAN_POINT('',(-1.396415107306,-14.3070140088,5.));
#2197 = B_SPLINE_CURVE_WITH_KNOTS('',1,(#2198,#2199),.UNSPECIFIED.,.F.,
  .F.,(2,2),(0.,2.069620863753),.PIECEWISE_BEZIER_KNOTS.);
#2198 = CARTESIAN_POINT('',(-1.597462052735,-16.36684668293,5.));
#2199 = CARTESIAN_POINT('',(-1.396415107306,-14.3070140088,5.));
#2200 = ORIENTED_EDGE('',*,*,#2201,.T.);
#2201 = EDGE_CURVE('',#2195,#2202,#2204,.T.);
#2202 = VERTEX_POINT('',#2203);
#2203 = CARTESIAN_POINT('',(1.396415107306,-14.3070140088,5.));
#2204 = B_SPLINE_CURVE_WITH_KNOTS('',1,(#2205,#2206),.UNSPECIFIED.,.F.,
  .F.,(2,2),(0.,2.792830214612),.PIECEWISE_BEZIER_KNOTS.);
#2205 = CARTESIAN_POINT('',(-1.396415107306,-14.3070140088,5.));
#2206 = CARTESIAN_POINT('',(1.396415107306,-14.3070140088,5.));
#2207 = ORIENTED_EDGE('',*,*,#2208,.T.);
#2208 = EDGE_CURVE('',#2202,#2209,#2211,.T.);
#2209 = VERTEX_POINT('',#2210);
#2210 = CARTESIAN_POINT('',(1.597462052735,-16.36684668293,5.));
#2211 = B_SPLINE_CURVE_WITH_KNOTS('',1,(#2212,#2213),.UNSPECIFIED.,.F.,
  .F.,(2,2),(0.,2.069620863753),.PIECEWISE_BEZIER_KNOTS.);
#2212 = CARTESIAN_POINT('',(1.396415107306,-14.3070140088,5.));
#2213 = CARTESIAN_POINT('',(1.597462052735,-16.36684668293,5.));
#2214 = ORIENTED_EDGE('',*,*,#2215,.T.);
#2215 = EDGE_CURVE('',#2209,#2216,#2218,.T.);
#2216 = VERTEX_POINT('',#2217);
#2217 = CARTESIAN_POINT('',(3.659774873049,-19.66230016754,5.));
#2218 = B_SPLINE_CURVE_WITH_KNOTS('',3,(#2219,#2220,#2221,#2222,#2223,
    #2224,#2225,#2226,#2227,#2228,#2229,#2230,#2231,#2232,#2233,#2234,
    #2235,#2236,#2237,#2238,#2239,#2240),.UNSPECIFIED.,.F.,.F.,(4,1,1,1,
    1,1,1,1,1,1,1,1,1,1,1,1,1,1,1,4),(0.,1.091295291394E-02,
    4.36512751805E-02,9.821507409409E-02,0.174604364983,0.272819152956,
    0.392859440335,0.534725228372,0.698416517817,0.883933309155,
    1.091275602718,1.320443398744,1.571436697408,1.844255498843,
    2.138899803152,2.45536961042,2.79366492071,3.153785734078,
    3.535732050569,3.93950387022),.UNSPECIFIED.);
#2219 = CARTESIAN_POINT('',(1.597462052735,-16.36684668293,5.));
#2220 = CARTESIAN_POINT('',(1.597868199519,-16.37046209185,5.));
#2221 = CARTESIAN_POINT('',(1.599635039676,-16.38490489819,5.));
#2222 = CARTESIAN_POINT('',(1.604833998517,-16.41723879315,5.));
#2223 = CARTESIAN_POINT('',(1.61520129682,-16.47081652445,5.));
#2224 = CARTESIAN_POINT('',(1.632439473659,-16.54525464998,5.));
#2225 = CARTESIAN_POINT('',(1.657994012859,-16.64010764401,5.));
#2226 = CARTESIAN_POINT('',(1.693399276021,-16.75483586582,5.));
#2227 = CARTESIAN_POINT('',(1.740115882834,-16.88882184049,5.));
#2228 = CARTESIAN_POINT('',(1.79958832012,-17.0413658687,5.));
#2229 = CARTESIAN_POINT('',(1.873218428273,-17.2116897883,5.));
#2230 = CARTESIAN_POINT('',(1.962369300479,-17.39893803982,5.));
#2231 = CARTESIAN_POINT('',(2.068358925829,-17.6021798845,5.));
#2232 = CARTESIAN_POINT('',(2.192457358594,-17.82041146687,5.));
#2233 = CARTESIAN_POINT('',(2.335882901998,-18.05255814581,5.));
#2234 = CARTESIAN_POINT('',(2.499798677508,-18.29747696075,5.));
#2235 = CARTESIAN_POINT('',(2.685309499428,-18.55395923502,5.));
#2236 = CARTESIAN_POINT('',(2.893457655704,-18.82073345238,5.));
#2237 = CARTESIAN_POINT('',(3.125223949359,-19.09646776712,5.));
#2238 = CARTESIAN_POINT('',(3.381507785255,-19.37977476202,5.));
#2239 = CARTESIAN_POINT('',(3.564222764871,-19.56751507963,5.));
#2240 = CARTESIAN_POINT('',(3.659774873049,-19.66230016754,5.));
#2241 = ORIENTED_EDGE('',*,*,#2242,.T.);
#2242 = EDGE_CURVE('',#2216,#2243,#2245,.T.);
#2243 = VERTEX_POINT('',#2244);
#2244 = CARTESIAN_POINT('',(5.233809092197,-19.30303712855,5.));
#2245 = B_SPLINE_CURVE_WITH_KNOTS('',1,(#2246,#2247),.UNSPECIFIED.,.F.,
  .F.,(2,2),(0.,1.614513441948),.PIECEWISE_BEZIER_KNOTS.);
#2246 = CARTESIAN_POINT('',(3.659774873049,-19.66230016754,5.));
#2247 = CARTESIAN_POINT('',(5.233809092197,-19.30303712855,5.));
#2248 = ORIENTED_EDGE('',*,*,#2249,.T.);
#2249 = EDGE_CURVE('',#2243,#2250,#2252,.T.);
#2250 = VERTEX_POINT('',#2251);
#2251 = CARTESIAN_POINT('',(5.662045059186,-15.43913213559,5.));
#2252 = B_SPLINE_CURVE_WITH_KNOTS('',3,(#2253,#2254,#2255,#2256,#2257,
    #2258,#2259,#2260,#2261,#2262,#2263,#2264,#2265,#2266,#2267,#2268,
    #2269,#2270,#2271,#2272,#2273,#2274),.UNSPECIFIED.,.F.,.F.,(4,1,1,1,
    1,1,1,1,1,1,1,1,1,1,1,1,1,1,1,4),(0.,0.403771819651,0.785718136142,
    1.14583894951,1.484134259801,1.800604067068,2.095248371378,
    2.368067172813,2.619060471477,2.848228267502,3.055570561065,
    3.241087352403,3.404778641848,3.546644429885,3.666684717265,
    3.764899505238,3.841288796126,3.89585259504,3.928590917306,
    3.93950387022),.UNSPECIFIED.);
#2253 = CARTESIAN_POINT('',(5.233809092197,-19.30303712855,5.));
#2254 = CARTESIAN_POINT('',(5.278772858571,-19.17618020922,5.));
#2255 = CARTESIAN_POINT('',(5.361935895919,-18.92775496926,5.));
#2256 = CARTESIAN_POINT('',(5.469917355143,-18.56130679781,5.));
#2257 = CARTESIAN_POINT('',(5.559094934874,-18.21231913832,5.));
#2258 = CARTESIAN_POINT('',(5.630880948662,-17.88165177339,5.));
#2259 = CARTESIAN_POINT('',(5.686736935691,-17.57007910004,5.));
#2260 = CARTESIAN_POINT('',(5.728153655178,-17.27829448303,5.));
#2261 = CARTESIAN_POINT('',(5.756650935565,-17.00690754147,5.));
#2262 = CARTESIAN_POINT('',(5.773772625087,-16.75644338772,5.));
#2263 = CARTESIAN_POINT('',(5.781082646336,-16.52734163807,5.));
#2264 = CARTESIAN_POINT('',(5.780160835226,-16.3199556791,5.));
#2265 = CARTESIAN_POINT('',(5.772598491313,-16.13455222343,5.));
#2266 = CARTESIAN_POINT('',(5.759994932468,-15.97131067957,5.));
#2267 = CARTESIAN_POINT('',(5.743950805141,-15.83032391162,5.));
#2268 = CARTESIAN_POINT('',(5.726071135148,-15.71159558753,5.));
#2269 = CARTESIAN_POINT('',(5.707939807684,-15.61504829386,5.));
#2270 = CARTESIAN_POINT('',(5.691173376121,-15.54050249556,5.));
#2271 = CARTESIAN_POINT('',(5.677267482742,-15.48773242548,5.));
#2272 = CARTESIAN_POINT('',(5.667922431559,-15.45634484905,5.));
#2273 = CARTESIAN_POINT('',(5.663247800719,-15.44256572696,5.));
#2274 = CARTESIAN_POINT('',(5.662045059186,-15.43913213559,5.));
#2275 = ORIENTED_EDGE('',*,*,#2276,.T.);
#2276 = EDGE_CURVE('',#2250,#2277,#2279,.T.);
#2277 = VERTEX_POINT('',#2278);
#2278 = CARTESIAN_POINT('',(4.949454195396,-13.49605602269,5.));
#2279 = B_SPLINE_CURVE_WITH_KNOTS('',1,(#2280,#2281),.UNSPECIFIED.,.F.,
  .F.,(2,2),(0.,2.069620863753),.PIECEWISE_BEZIER_KNOTS.);
#2280 = CARTESIAN_POINT('',(5.662045059186,-15.43913213559,5.));
#2281 = CARTESIAN_POINT('',(4.949454195396,-13.49605602269,5.));
#2282 = ORIENTED_EDGE('',*,*,#2283,.T.);
#2283 = EDGE_CURVE('',#2277,#2284,#2286,.T.);
#2284 = VERTEX_POINT('',#2285);
#2285 = CARTESIAN_POINT('',(7.465707272098,-12.28429240645,5.));
#2286 = B_SPLINE_CURVE_WITH_KNOTS('',1,(#2287,#2288),.UNSPECIFIED.,.F.,
  .F.,(2,2),(0.,2.792830214612),.PIECEWISE_BEZIER_KNOTS.);
#2287 = CARTESIAN_POINT('',(4.949454195396,-13.49605602269,5.));
#2288 = CARTESIAN_POINT('',(7.465707272098,-12.28429240645,5.));
#2289 = ORIENTED_EDGE('',*,*,#2290,.T.);
#2290 = EDGE_CURVE('',#2284,#2291,#2293,.T.);
#2291 = VERTEX_POINT('',#2292);
#2292 = CARTESIAN_POINT('',(8.540572213525,-14.05290651851,5.));
#2293 = B_SPLINE_CURVE_WITH_KNOTS('',1,(#2294,#2295),.UNSPECIFIED.,.F.,
  .F.,(2,2),(0.,2.069620863753),.PIECEWISE_BEZIER_KNOTS.);
#2294 = CARTESIAN_POINT('',(7.465707272098,-12.28429240645,5.));
#2295 = CARTESIAN_POINT('',(8.540572213525,-14.05290651851,5.));
#2296 = ORIENTED_EDGE('',*,*,#2297,.T.);
#2297 = EDGE_CURVE('',#2291,#2298,#2300,.T.);
#2298 = VERTEX_POINT('',#2299);
#2299 = CARTESIAN_POINT('',(11.828495540495,-16.12720351606,5.));
#2300 = B_SPLINE_CURVE_WITH_KNOTS('',3,(#2301,#2302,#2303,#2304,#2305,
    #2306,#2307,#2308,#2309,#2310,#2311,#2312,#2313,#2314,#2315,#2316,
    #2317,#2318,#2319,#2320,#2321,#2322),.UNSPECIFIED.,.F.,.F.,(4,1,1,1,
    1,1,1,1,1,1,1,1,1,1,1,1,1,1,1,4),(0.,1.091295291394E-02,
    4.36512751805E-02,9.821507409409E-02,0.174604364983,0.272819152956,
    0.392859440335,0.534725228372,0.698416517817,0.883933309155,
    1.091275602718,1.320443398744,1.571436697408,1.844255498843,
    2.138899803152,2.45536961042,2.79366492071,3.153785734078,
    3.535732050569,3.93950387022),.UNSPECIFIED.);
#2301 = CARTESIAN_POINT('',(8.540572213525,-14.05290651851,5.));
#2302 = CARTESIAN_POINT('',(8.542506806274,-14.05598766891,5.));
#2303 = CARTESIAN_POINT('',(8.550365173067,-14.06823358457,5.));
#2304 = CARTESIAN_POINT('',(8.569078424373,-14.0951096736,5.));
#2305 = CARTESIAN_POINT('',(8.601665543782,-14.13888333937,5.));
#2306 = CARTESIAN_POINT('',(8.649494096687,-14.19847040843,5.));
#2307 = CARTESIAN_POINT('',(8.713673112657,-14.27284230406,5.));
#2308 = CARTESIAN_POINT('',(8.795350862388,-14.36084709222,5.));
#2309 = CARTESIAN_POINT('',(8.895575406421,-14.46129470809,5.));
#2310 = CARTESIAN_POINT('',(9.01534459425,-14.57292800502,5.));
#2311 = CARTESIAN_POINT('',(9.155583808536,-14.69443764741,5.));
#2312 = CARTESIAN_POINT('',(9.317149940454,-14.82446137882,5.));
#2313 = CARTESIAN_POINT('',(9.500826624726,-14.96158877857,5.));
#2314 = CARTESIAN_POINT('',(9.70732258416,-15.10436434826,5.));
#2315 = CARTESIAN_POINT('',(9.937269202709,-15.25129126771,5.));
#2316 = CARTESIAN_POINT('',(10.191218504608,-15.40083510556,5.));
#2317 = CARTESIAN_POINT('',(10.469641467996,-15.55142752079,5.));
#2318 = CARTESIAN_POINT('',(10.77292547164,-15.70147068505,5.));
#2319 = CARTESIAN_POINT('',(11.101376322334,-15.84933909235,5.));
#2320 = CARTESIAN_POINT('',(11.455202378088,-15.99339248582,5.));
#2321 = CARTESIAN_POINT('',(11.701280357407,-16.08326360868,5.));
#2322 = CARTESIAN_POINT('',(11.828495540495,-16.12720351606,5.));
#2323 = ORIENTED_EDGE('',*,*,#2324,.T.);
#2324 = EDGE_CURVE('',#2298,#2325,#2327,.T.);
#2325 = VERTEX_POINT('',#2326);
#2326 = CARTESIAN_POINT('',(13.090772978277,-15.12057085004,5.));
#2327 = B_SPLINE_CURVE_WITH_KNOTS('',1,(#2328,#2329),.UNSPECIFIED.,.F.,
  .F.,(2,2),(0.,1.614513441948),.PIECEWISE_BEZIER_KNOTS.);
#2328 = CARTESIAN_POINT('',(11.828495540495,-16.12720351606,5.));
#2329 = CARTESIAN_POINT('',(13.090772978277,-15.12057085004,5.));
#2330 = ORIENTED_EDGE('',*,*,#2331,.T.);
#2331 = EDGE_CURVE('',#2325,#2332,#2334,.T.);
#2332 = VERTEX_POINT('',#2333);
#2333 = CARTESIAN_POINT('',(11.800114706709,-11.45350812027,5.));
#2334 = B_SPLINE_CURVE_WITH_KNOTS('',3,(#2335,#2336,#2337,#2338,#2339,
    #2340,#2341,#2342,#2343,#2344,#2345,#2346,#2347,#2348,#2349,#2350,
    #2351,#2352,#2353,#2354,#2355,#2356),.UNSPECIFIED.,.F.,.F.,(4,1,1,1,
    1,1,1,1,1,1,1,1,1,1,1,1,1,1,1,4),(0.,0.403771819651,0.785718136142,
    1.14583894951,1.484134259801,1.800604067068,2.095248371378,
    2.368067172813,2.619060471477,2.848228267502,3.055570561065,
    3.241087352403,3.404778641848,3.546644429885,3.666684717265,
    3.764899505238,3.841288796126,3.89585259504,3.928590917306,
    3.93950387022),.UNSPECIFIED.);
#2335 = CARTESIAN_POINT('',(13.090772978277,-15.12057085004,5.));
#2336 = CARTESIAN_POINT('',(13.076242777473,-14.98676766797,5.));
#2337 = CARTESIAN_POINT('',(13.043382413078,-14.72686117116,5.));
#2338 = CARTESIAN_POINT('',(12.981674443325,-14.34985137769,5.));
#2339 = CARTESIAN_POINT('',(12.910600595774,-13.99673165948,5.));
#2340 = CARTESIAN_POINT('',(12.831806366646,-13.66766387396,5.));
#2341 = CARTESIAN_POINT('',(12.746944555525,-13.36271159068,5.));
#2342 = CARTESIAN_POINT('',(12.657659129751,-13.08185269351,5.));
#2343 = CARTESIAN_POINT('',(12.565583911246,-12.82497700144,5.));
#2344 = CARTESIAN_POINT('',(12.47233769693,-12.59188777372,5.));
#2345 = CARTESIAN_POINT('',(12.379520274719,-12.38230253034,5.));
#2346 = CARTESIAN_POINT('',(12.288708356288,-12.19585419652,5.));
#2347 = CARTESIAN_POINT('',(12.201451375267,-12.03209263302,5.));
#2348 = CARTESIAN_POINT('',(12.119268109694,-11.8904855633,5.));
#2349 = CARTESIAN_POINT('',(12.043640984411,-11.77042216054,5.));
#2350 = CARTESIAN_POINT('',(11.976017669185,-11.67120933487,5.));
#2351 = CARTESIAN_POINT('',(11.917791606827,-11.59209011714,5.));
#2352 = CARTESIAN_POINT('',(11.870341364261,-11.53220135566,5.));
#2353 = CARTESIAN_POINT('',(11.834916511928,-11.49069070638,5.));
#2354 = CARTESIAN_POINT('',(11.812878352716,-11.46646614292,5.));
#2355 = CARTESIAN_POINT('',(11.802688118848,-11.4560798292,5.));
#2356 = CARTESIAN_POINT('',(11.800114706709,-11.45350812027,5.));
#2357 = ORIENTED_EDGE('',*,*,#2358,.T.);
#2358 = EDGE_CURVE('',#2332,#2359,#2361,.T.);
#2359 = VERTEX_POINT('',#2360);
#2360 = CARTESIAN_POINT('',(10.315023393627,-10.01203862302,5.));
#2361 = B_SPLINE_CURVE_WITH_KNOTS('',1,(#2362,#2363),.UNSPECIFIED.,.F.,
  .F.,(2,2),(0.,2.069620863753),.PIECEWISE_BEZIER_KNOTS.);
#2362 = CARTESIAN_POINT('',(11.800114706709,-11.45350812027,5.));
#2363 = CARTESIAN_POINT('',(10.315023393627,-10.01203862302,5.));
#2364 = ORIENTED_EDGE('',*,*,#2365,.T.);
#2365 = EDGE_CURVE('',#2359,#2366,#2368,.T.);
#2366 = VERTEX_POINT('',#2367);
#2367 = CARTESIAN_POINT('',(12.05632455076,-7.828516036053,5.));
#2368 = B_SPLINE_CURVE_WITH_KNOTS('',1,(#2369,#2370),.UNSPECIFIED.,.F.,
  .F.,(2,2),(0.,2.792830214612),.PIECEWISE_BEZIER_KNOTS.);
#2369 = CARTESIAN_POINT('',(10.315023393627,-10.01203862302,5.));
#2370 = CARTESIAN_POINT('',(12.05632455076,-7.828516036053,5.));
#2371 = ORIENTED_EDGE('',*,*,#2372,.T.);
#2372 = EDGE_CURVE('',#2366,#2373,#2375,.T.);
#2373 = VERTEX_POINT('',#2374);
#2374 = CARTESIAN_POINT('',(13.792117304182,-8.955615870519,5.));
#2375 = B_SPLINE_CURVE_WITH_KNOTS('',1,(#2376,#2377),.UNSPECIFIED.,.F.,
  .F.,(2,2),(0.,2.069620863753),.PIECEWISE_BEZIER_KNOTS.);
#2376 = CARTESIAN_POINT('',(12.05632455076,-7.828516036053,5.));
#2377 = CARTESIAN_POINT('',(13.792117304182,-8.955615870519,5.));
#2378 = ORIENTED_EDGE('',*,*,#2379,.T.);
#2379 = EDGE_CURVE('',#2373,#2380,#2382,.T.);
#2380 = VERTEX_POINT('',#2381);
#2381 = CARTESIAN_POINT('',(17.654437599167,-9.397916421054,5.));
#2382 = B_SPLINE_CURVE_WITH_KNOTS('',3,(#2383,#2384,#2385,#2386,#2387,
    #2388,#2389,#2390,#2391,#2392,#2393,#2394,#2395,#2396,#2397,#2398,
    #2399,#2400,#2401,#2402,#2403,#2404),.UNSPECIFIED.,.F.,.F.,(4,1,1,1,
    1,1,1,1,1,1,1,1,1,1,1,1,1,1,1,4),(0.,1.091295291394E-02,
    4.36512751805E-02,9.821507409409E-02,0.174604364983,0.272819152956,
    0.392859440335,0.534725228372,0.698416517817,0.883933309155,
    1.091275602718,1.320443398744,1.571436697408,1.844255498843,
    2.138899803152,2.45536961042,2.79366492071,3.153785734078,
    3.535732050569,3.93950387022),.UNSPECIFIED.);
#2383 = CARTESIAN_POINT('',(13.792117304182,-8.955615870519,5.));
#2384 = CARTESIAN_POINT('',(13.795197173076,-8.957552502769,5.));
#2385 = CARTESIAN_POINT('',(13.807590620584,-8.965176073969,5.));
#2386 = CARTESIAN_POINT('',(13.836111775431,-8.981271218033,5.));
#2387 = CARTESIAN_POINT('',(13.884464437293,-9.00657090691,5.));
#2388 = CARTESIAN_POINT('',(13.953410334783,-9.039504969688,5.));
#2389 = CARTESIAN_POINT('',(14.043502386306,-9.078665500877,5.));
#2390 = CARTESIAN_POINT('',(14.155275342559,-9.122516427776,5.));
#2391 = CARTESIAN_POINT('',(14.289157123693,-9.169530802616,5.));
#2392 = CARTESIAN_POINT('',(14.445501305544,-9.218143024727,5.));
#2393 = CARTESIAN_POINT('',(14.624573529652,-9.266771915001,5.));
#2394 = CARTESIAN_POINT('',(14.826554767377,-9.313818331662,5.));
#2395 = CARTESIAN_POINT('',(15.051539090605,-9.357671523212,5.));
#2396 = CARTESIAN_POINT('',(15.299533519433,-9.396712627607,5.));
#2397 = CARTESIAN_POINT('',(15.570457465214,-9.429319109236,5.));
#2398 = CARTESIAN_POINT('',(15.864142519777,-9.453868978868,5.));
#2399 = CARTESIAN_POINT('',(16.180332542101,-9.46874486032,5.));
#2400 = CARTESIAN_POINT('',(16.518683276657,-9.472339082648,5.));
#2401 = CARTESIAN_POINT('',(16.878764965225,-9.463054430955,5.));
#2402 = CARTESIAN_POINT('',(17.260053651103,-9.439322681718,5.));
#2403 = CARTESIAN_POINT('',(17.520755868373,-9.413524531761,5.));
#2404 = CARTESIAN_POINT('',(17.654437599167,-9.397916421054,5.));
#2405 = ORIENTED_EDGE('',*,*,#2406,.T.);
#2406 = EDGE_CURVE('',#2380,#2407,#2409,.T.);
#2407 = VERTEX_POINT('',#2408);
#2408 = CARTESIAN_POINT('',(18.354948728215,-7.943290073049,5.));
#2409 = B_SPLINE_CURVE_WITH_KNOTS('',1,(#2410,#2411),.UNSPECIFIED.,.F.,
  .F.,(2,2),(0.,1.614513441948),.PIECEWISE_BEZIER_KNOTS.);
#2410 = CARTESIAN_POINT('',(17.654437599167,-9.397916421054,5.));
#2411 = CARTESIAN_POINT('',(18.354948728215,-7.943290073049,5.));
#2412 = ORIENTED_EDGE('',*,*,#2413,.T.);
#2413 = EDGE_CURVE('',#2407,#2414,#2416,.T.);
#2414 = VERTEX_POINT('',#2415);
#2415 = CARTESIAN_POINT('',(15.601026917659,-5.199376353669,5.));
#2416 = B_SPLINE_CURVE_WITH_KNOTS('',3,(#2417,#2418,#2419,#2420,#2421,
    #2422,#2423,#2424,#2425,#2426,#2427,#2428,#2429,#2430,#2431,#2432,
    #2433,#2434,#2435,#2436,#2437,#2438),.UNSPECIFIED.,.F.,.F.,(4,1,1,1,
    1,1,1,1,1,1,1,1,1,1,1,1,1,1,1,4),(0.,0.403771819651,0.785718136142,
    1.14583894951,1.484134259801,1.800604067068,2.095248371378,
    2.368067172813,2.619060471477,2.848228267502,3.055570561065,
    3.241087352403,3.404778641848,3.546644429885,3.666684717265,
    3.764899505238,3.841288796126,3.89585259504,3.928590917306,
    3.93950387022),.UNSPECIFIED.);
#2417 = CARTESIAN_POINT('',(18.354948728215,-7.943290073049,5.));
#2418 = CARTESIAN_POINT('',(18.283802444703,-7.829041989431,5.));
#2419 = CARTESIAN_POINT('',(18.141427076739,-7.609131905014,5.));
#2420 = CARTESIAN_POINT('',(17.922251698217,-7.296231902857,5.));
#2421 = CARTESIAN_POINT('',(17.705003470556,-7.00891981683,5.));
#2422 = CARTESIAN_POINT('',(17.491235161938,-6.746627521405,5.));
#2423 = CARTESIAN_POINT('',(17.282463475121,-6.508695167889,5.));
#2424 = CARTESIAN_POINT('',(17.080159977675,-6.294389539653,5.));
#2425 = CARTESIAN_POINT('',(16.885748886531,-6.102902478258,5.));
#2426 = CARTESIAN_POINT('',(16.700603324712,-5.933354356767,5.));
#2427 = CARTESIAN_POINT('',(16.526042087841,-5.784796547516,5.));
#2428 = CARTESIAN_POINT('',(16.36332647627,-5.656214217997,5.));
#2429 = CARTESIAN_POINT('',(16.213657173368,-5.546529532715,5.));
#2430 = CARTESIAN_POINT('',(16.078171604725,-5.454603953975,5.));
#2431 = CARTESIAN_POINT('',(15.957940361155,-5.379243945809,5.));
#2432 = CARTESIAN_POINT('',(15.853967027623,-5.319196935446,5.));
#2433 = CARTESIAN_POINT('',(15.767178616116,-5.273176325076,5.));
#2434 = CARTESIAN_POINT('',(15.698442665025,-5.239806304108,5.));
#2435 = CARTESIAN_POINT('',(15.648515180201,-5.217776768808,5.));
#2436 = CARTESIAN_POINT('',(15.618148840673,-5.205513190215,5.));
#2437 = CARTESIAN_POINT('',(15.604461304568,-5.200576821675,5.));
#2438 = CARTESIAN_POINT('',(15.601026917659,-5.199376353669,5.));
#2439 = ORIENTED_EDGE('',*,*,#2440,.T.);
#2440 = EDGE_CURVE('',#2414,#2441,#2443,.T.);
#2441 = VERTEX_POINT('',#2442);
#2442 = CARTESIAN_POINT('',(13.63757570329,-4.54501418447,5.));
#2443 = B_SPLINE_CURVE_WITH_KNOTS('',1,(#2444,#2445),.UNSPECIFIED.,.F.,
  .F.,(2,2),(0.,2.069620863753),.PIECEWISE_BEZIER_KNOTS.);
#2444 = CARTESIAN_POINT('',(15.601026917659,-5.199376353669,5.));
#2445 = CARTESIAN_POINT('',(13.63757570329,-4.54501418447,5.));
#2446 = ORIENTED_EDGE('',*,*,#2447,.T.);
#2447 = EDGE_CURVE('',#2441,#2448,#2450,.T.);
#2448 = VERTEX_POINT('',#2449);
#2449 = CARTESIAN_POINT('',(14.259038891027,-1.82220605426,5.));
#2450 = B_SPLINE_CURVE_WITH_KNOTS('',1,(#2451,#2452),.UNSPECIFIED.,.F.,
  .F.,(2,2),(0.,2.792830214612),.PIECEWISE_BEZIER_KNOTS.);
#2451 = CARTESIAN_POINT('',(13.63757570329,-4.54501418447,5.));
#2452 = CARTESIAN_POINT('',(14.259038891027,-1.82220605426,5.));
#2453 = ORIENTED_EDGE('',*,*,#2454,.T.);
#2454 = EDGE_CURVE('',#2448,#82,#2455,.T.);
#2455 = B_SPLINE_CURVE_WITH_KNOTS('',1,(#2456,#2457),.UNSPECIFIED.,.F.,
  .F.,(2,2),(0.,2.069620863753),.PIECEWISE_BEZIER_KNOTS.);
#2456 = CARTESIAN_POINT('',(14.259038891027,-1.82220605426,5.));
#2457 = CARTESIAN_POINT('',(16.311964413527,-2.084555665944,5.));
#2458 = ORIENTED_EDGE('',*,*,#89,.T.);
#2459 = FACE_BOUND('',#2460,.T.);
#2460 = EDGE_LOOP('',(#2461));
#2461 = ORIENTED_EDGE('',*,*,#2462,.F.);
#2462 = EDGE_CURVE('',#2463,#2463,#2465,.T.);
#2463 = VERTEX_POINT('',#2464);
#2464 = CARTESIAN_POINT('',(2.5,-1.E-15,5.));
#2465 = CIRCLE('',#2466,2.5);
#2466 = AXIS2_PLACEMENT_3D('',#2467,#2468,#2469);
#2467 = CARTESIAN_POINT('',(0.,0.,5.));
#2468 = DIRECTION('',(0.,0.,1.));
#2469 = DIRECTION('',(1.,0.,-0.));
#2470 = PLANE('',#2471);
#2471 = AXIS2_PLACEMENT_3D('',#2472,#2473,#2474);
#2472 = CARTESIAN_POINT('',(1.42E-15,-1.49E-15,5.));
#2473 = DIRECTION('',(0.,0.,1.));
#2474 = DIRECTION('',(1.,0.,0.));
#2475 = ADVANCED_FACE('',(#2476),#2487,.F.);
#2476 = FACE_BOUND('',#2477,.F.);
#2477 = EDGE_LOOP('',(#2478,#2484,#2485,#2486));
#2478 = ORIENTED_EDGE('',*,*,#2479,.T.);
#2479 = EDGE_CURVE('',#1338,#2448,#2480,.T.);
#2480 = LINE('',#2481,#2482);
#2481 = CARTESIAN_POINT('',(14.259038891027,-1.82220605426,0.));
#2482 = VECTOR('',#2483,1.);
#2483 = DIRECTION('',(0.,0.,1.));
#2484 = ORIENTED_EDGE('',*,*,#2454,.T.);
#2485 = ORIENTED_EDGE('',*,*,#79,.F.);
#2486 = ORIENTED_EDGE('',*,*,#1344,.F.);
#2487 = SURFACE_OF_LINEAR_EXTRUSION('',#2488,#2491);
#2488 = B_SPLINE_CURVE_WITH_KNOTS('',1,(#2489,#2490),.UNSPECIFIED.,.F.,
  .F.,(2,2),(0.,2.069620863753),.PIECEWISE_BEZIER_KNOTS.);
#2489 = CARTESIAN_POINT('',(14.259038891027,-1.82220605426,0.));
#2490 = CARTESIAN_POINT('',(16.311964413527,-2.084555665944,0.));
#2491 = VECTOR('',#2492,1.);
#2492 = DIRECTION('',(-0.,-0.,-1.));
#2493 = ADVANCED_FACE('',(#2494),#2505,.F.);
#2494 = FACE_BOUND('',#2495,.F.);
#2495 = EDGE_LOOP('',(#2496,#2497,#2498,#2504));
#2496 = ORIENTED_EDGE('',*,*,#197,.T.);
#2497 = ORIENTED_EDGE('',*,*,#1371,.T.);
#2498 = ORIENTED_EDGE('',*,*,#2499,.F.);
#2499 = EDGE_CURVE('',#262,#1372,#2500,.T.);
#2500 = LINE('',#2501,#2502);
#2501 = CARTESIAN_POINT('',(14.259038891027,1.82220605426,0.));
#2502 = VECTOR('',#2503,1.);
#2503 = DIRECTION('',(0.,0.,1.));
#2504 = ORIENTED_EDGE('',*,*,#261,.F.);
#2505 = PLANE('',#2506);
#2506 = AXIS2_PLACEMENT_3D('',#2507,#2508,#2509);
#2507 = CARTESIAN_POINT('',(16.311964413527,2.084555665944,0.));
#2508 = DIRECTION('',(0.126762160296,-0.991933140245,0.));
#2509 = DIRECTION('',(-0.991933140245,-0.126762160296,0.));
#2510 = ADVANCED_FACE('',(#2511),#2522,.F.);
#2511 = FACE_BOUND('',#2512,.F.);
#2512 = EDGE_LOOP('',(#2513,#2519,#2520,#2521));
#2513 = ORIENTED_EDGE('',*,*,#2514,.T.);
#2514 = EDGE_CURVE('',#1331,#2441,#2515,.T.);
#2515 = LINE('',#2516,#2517);
#2516 = CARTESIAN_POINT('',(13.63757570329,-4.54501418447,0.));
#2517 = VECTOR('',#2518,1.);
#2518 = DIRECTION('',(0.,0.,1.));
#2519 = ORIENTED_EDGE('',*,*,#2447,.T.);
#2520 = ORIENTED_EDGE('',*,*,#2479,.F.);
#2521 = ORIENTED_EDGE('',*,*,#1337,.F.);
#2522 = SURFACE_OF_LINEAR_EXTRUSION('',#2523,#2526);
#2523 = B_SPLINE_CURVE_WITH_KNOTS('',1,(#2524,#2525),.UNSPECIFIED.,.F.,
  .F.,(2,2),(0.,2.792830214612),.PIECEWISE_BEZIER_KNOTS.);
#2524 = CARTESIAN_POINT('',(13.63757570329,-4.54501418447,0.));
#2525 = CARTESIAN_POINT('',(14.259038891027,-1.82220605426,0.));
#2526 = VECTOR('',#2527,1.);
#2527 = DIRECTION('',(-0.,-0.,-1.));
#2528 = ADVANCED_FACE('',(#2529),#2540,.F.);
#2529 = FACE_BOUND('',#2530,.F.);
#2530 = EDGE_LOOP('',(#2531,#2532,#2533,#2539));
#2531 = ORIENTED_EDGE('',*,*,#2499,.T.);
#2532 = ORIENTED_EDGE('',*,*,#1379,.T.);
#2533 = ORIENTED_EDGE('',*,*,#2534,.F.);
#2534 = EDGE_CURVE('',#270,#1380,#2535,.T.);
#2535 = LINE('',#2536,#2537);
#2536 = CARTESIAN_POINT('',(13.63757570329,4.54501418447,0.));
#2537 = VECTOR('',#2538,1.);
#2538 = DIRECTION('',(0.,0.,1.));
#2539 = ORIENTED_EDGE('',*,*,#269,.F.);
#2540 = PLANE('',#2541);
#2541 = AXIS2_PLACEMENT_3D('',#2542,#2543,#2544);
#2542 = CARTESIAN_POINT('',(14.259038891027,1.82220605426,0.));
#2543 = DIRECTION('',(-0.974927912182,-0.222520933956,0.));
#2544 = DIRECTION('',(-0.222520933956,0.974927912182,0.));
#2545 = ADVANCED_FACE('',(#2546),#2557,.F.);
#2546 = FACE_BOUND('',#2547,.F.);
#2547 = EDGE_LOOP('',(#2548,#2554,#2555,#2556));
#2548 = ORIENTED_EDGE('',*,*,#2549,.T.);
#2549 = EDGE_CURVE('',#1304,#2414,#2550,.T.);
#2550 = LINE('',#2551,#2552);
#2551 = CARTESIAN_POINT('',(15.601026917659,-5.199376353669,0.));
#2552 = VECTOR('',#2553,1.);
#2553 = DIRECTION('',(0.,0.,1.));
#2554 = ORIENTED_EDGE('',*,*,#2440,.T.);
#2555 = ORIENTED_EDGE('',*,*,#2514,.F.);
#2556 = ORIENTED_EDGE('',*,*,#1330,.F.);
#2557 = SURFACE_OF_LINEAR_EXTRUSION('',#2558,#2561);
#2558 = B_SPLINE_CURVE_WITH_KNOTS('',1,(#2559,#2560),.UNSPECIFIED.,.F.,
  .F.,(2,2),(0.,2.069620863753),.PIECEWISE_BEZIER_KNOTS.);
#2559 = CARTESIAN_POINT('',(15.601026917659,-5.199376353669,0.));
#2560 = CARTESIAN_POINT('',(13.63757570329,-4.54501418447,0.));
#2561 = VECTOR('',#2562,1.);
#2562 = DIRECTION('',(-0.,-0.,-1.));
#2563 = ADVANCED_FACE('',(#2564),#2575,.F.);
#2564 = FACE_BOUND('',#2565,.F.);
#2565 = EDGE_LOOP('',(#2566,#2567,#2568,#2574));
#2566 = ORIENTED_EDGE('',*,*,#2534,.T.);
#2567 = ORIENTED_EDGE('',*,*,#1387,.T.);
#2568 = ORIENTED_EDGE('',*,*,#2569,.F.);
#2569 = EDGE_CURVE('',#278,#1388,#2570,.T.);
#2570 = LINE('',#2571,#2572);
#2571 = CARTESIAN_POINT('',(15.601026917659,5.199376353669,0.));
#2572 = VECTOR('',#2573,1.);
#2573 = DIRECTION('',(0.,0.,1.));
#2574 = ORIENTED_EDGE('',*,*,#277,.F.);
#2575 = PLANE('',#2576);
#2576 = AXIS2_PLACEMENT_3D('',#2577,#2578,#2579);
#2577 = CARTESIAN_POINT('',(13.63757570329,4.54501418447,0.));
#2578 = DIRECTION('',(-0.316174899789,0.94870091849,0.));
#2579 = DIRECTION('',(0.94870091849,0.316174899789,0.));
#2580 = ADVANCED_FACE('',(#2581),#2592,.F.);
#2581 = FACE_BOUND('',#2582,.F.);
#2582 = EDGE_LOOP('',(#2583,#2589,#2590,#2591));
#2583 = ORIENTED_EDGE('',*,*,#2584,.T.);
#2584 = EDGE_CURVE('',#1297,#2407,#2585,.T.);
#2585 = LINE('',#2586,#2587);
#2586 = CARTESIAN_POINT('',(18.354948728215,-7.943290073049,0.));
#2587 = VECTOR('',#2588,1.);
#2588 = DIRECTION('',(0.,0.,1.));
#2589 = ORIENTED_EDGE('',*,*,#2413,.T.);
#2590 = ORIENTED_EDGE('',*,*,#2549,.F.);
#2591 = ORIENTED_EDGE('',*,*,#1303,.F.);
#2592 = SURFACE_OF_LINEAR_EXTRUSION('',#2593,#2616);
#2593 = B_SPLINE_CURVE_WITH_KNOTS('',3,(#2594,#2595,#2596,#2597,#2598,
    #2599,#2600,#2601,#2602,#2603,#2604,#2605,#2606,#2607,#2608,#2609,
    #2610,#2611,#2612,#2613,#2614,#2615),.UNSPECIFIED.,.F.,.F.,(4,1,1,1,
    1,1,1,1,1,1,1,1,1,1,1,1,1,1,1,4),(0.,0.403771819651,0.785718136142,
    1.14583894951,1.484134259801,1.800604067068,2.095248371378,
    2.368067172813,2.619060471477,2.848228267502,3.055570561065,
    3.241087352403,3.404778641848,3.546644429885,3.666684717265,
    3.764899505238,3.841288796126,3.89585259504,3.928590917306,
    3.93950387022),.UNSPECIFIED.);
#2594 = CARTESIAN_POINT('',(18.354948728215,-7.943290073049,0.));
#2595 = CARTESIAN_POINT('',(18.283802444703,-7.829041989431,0.));
#2596 = CARTESIAN_POINT('',(18.141427076739,-7.609131905014,0.));
#2597 = CARTESIAN_POINT('',(17.922251698217,-7.296231902857,0.));
#2598 = CARTESIAN_POINT('',(17.705003470556,-7.00891981683,0.));
#2599 = CARTESIAN_POINT('',(17.491235161938,-6.746627521405,0.));
#2600 = CARTESIAN_POINT('',(17.282463475121,-6.508695167889,0.));
#2601 = CARTESIAN_POINT('',(17.080159977675,-6.294389539653,0.));
#2602 = CARTESIAN_POINT('',(16.885748886531,-6.102902478258,0.));
#2603 = CARTESIAN_POINT('',(16.700603324712,-5.933354356767,0.));
#2604 = CARTESIAN_POINT('',(16.526042087841,-5.784796547516,0.));
#2605 = CARTESIAN_POINT('',(16.36332647627,-5.656214217997,0.));
#2606 = CARTESIAN_POINT('',(16.213657173368,-5.546529532715,0.));
#2607 = CARTESIAN_POINT('',(16.078171604725,-5.454603953975,0.));
#2608 = CARTESIAN_POINT('',(15.957940361155,-5.379243945809,0.));
#2609 = CARTESIAN_POINT('',(15.853967027623,-5.319196935446,0.));
#2610 = CARTESIAN_POINT('',(15.767178616116,-5.273176325076,0.));
#2611 = CARTESIAN_POINT('',(15.698442665025,-5.239806304108,0.));
#2612 = CARTESIAN_POINT('',(15.648515180201,-5.217776768808,0.));
#2613 = CARTESIAN_POINT('',(15.618148840673,-5.205513190215,0.));
#2614 = CARTESIAN_POINT('',(15.604461304568,-5.200576821675,0.));
#2615 = CARTESIAN_POINT('',(15.601026917659,-5.199376353669,0.));
#2616 = VECTOR('',#2617,1.);
#2617 = DIRECTION('',(-0.,-0.,-1.));
#2618 = ADVANCED_FACE('',(#2619),#2630,.F.);
#2619 = FACE_BOUND('',#2620,.F.);
#2620 = EDGE_LOOP('',(#2621,#2622,#2623,#2629));
#2621 = ORIENTED_EDGE('',*,*,#2569,.T.);
#2622 = ORIENTED_EDGE('',*,*,#1395,.T.);
#2623 = ORIENTED_EDGE('',*,*,#2624,.F.);
#2624 = EDGE_CURVE('',#286,#1396,#2625,.T.);
#2625 = LINE('',#2626,#2627);
#2626 = CARTESIAN_POINT('',(18.354948728215,7.943290073049,0.));
#2627 = VECTOR('',#2628,1.);
#2628 = DIRECTION('',(0.,0.,1.));
#2629 = ORIENTED_EDGE('',*,*,#285,.F.);
#2630 = SURFACE_OF_LINEAR_EXTRUSION('',#2631,#2654);
#2631 = B_SPLINE_CURVE_WITH_KNOTS('',3,(#2632,#2633,#2634,#2635,#2636,
    #2637,#2638,#2639,#2640,#2641,#2642,#2643,#2644,#2645,#2646,#2647,
    #2648,#2649,#2650,#2651,#2652,#2653),.UNSPECIFIED.,.F.,.F.,(4,1,1,1,
    1,1,1,1,1,1,1,1,1,1,1,1,1,1,1,4),(0.,1.091295291394E-02,
    4.36512751805E-02,9.821507409409E-02,0.174604364983,0.272819152956,
    0.392859440335,0.534725228372,0.698416517817,0.883933309155,
    1.091275602718,1.320443398744,1.571436697408,1.844255498843,
    2.138899803152,2.45536961042,2.79366492071,3.153785734078,
    3.535732050569,3.93950387022),.UNSPECIFIED.);
#2632 = CARTESIAN_POINT('',(15.601026917659,5.199376353669,0.));
#2633 = CARTESIAN_POINT('',(15.604461304568,5.200576821675,0.));
#2634 = CARTESIAN_POINT('',(15.618148840673,5.205513190215,0.));
#2635 = CARTESIAN_POINT('',(15.648515180201,5.217776768808,0.));
#2636 = CARTESIAN_POINT('',(15.698442665025,5.239806304108,0.));
#2637 = CARTESIAN_POINT('',(15.767178616116,5.273176325076,0.));
#2638 = CARTESIAN_POINT('',(15.853967027623,5.319196935446,0.));
#2639 = CARTESIAN_POINT('',(15.957940361155,5.379243945809,0.));
#2640 = CARTESIAN_POINT('',(16.078171604725,5.454603953975,0.));
#2641 = CARTESIAN_POINT('',(16.213657173368,5.546529532715,0.));
#2642 = CARTESIAN_POINT('',(16.36332647627,5.656214217997,0.));
#2643 = CARTESIAN_POINT('',(16.526042087841,5.784796547516,0.));
#2644 = CARTESIAN_POINT('',(16.700603324712,5.933354356767,0.));
#2645 = CARTESIAN_POINT('',(16.885748886531,6.102902478258,0.));
#2646 = CARTESIAN_POINT('',(17.080159977675,6.294389539653,0.));
#2647 = CARTESIAN_POINT('',(17.282463475121,6.508695167889,0.));
#2648 = CARTESIAN_POINT('',(17.491235161938,6.746627521405,0.));
#2649 = CARTESIAN_POINT('',(17.705003470556,7.00891981683,0.));
#2650 = CARTESIAN_POINT('',(17.922251698217,7.296231902857,0.));
#2651 = CARTESIAN_POINT('',(18.141427076739,7.609131905014,0.));
#2652 = CARTESIAN_POINT('',(18.283802444703,7.829041989431,-0.));
#2653 = CARTESIAN_POINT('',(18.354948728215,7.943290073049,0.));
#2654 = VECTOR('',#2655,1.);
#2655 = DIRECTION('',(-0.,-0.,-1.));
#2656 = ADVANCED_FACE('',(#2657),#2668,.F.);
#2657 = FACE_BOUND('',#2658,.F.);
#2658 = EDGE_LOOP('',(#2659,#2665,#2666,#2667));
#2659 = ORIENTED_EDGE('',*,*,#2660,.T.);
#2660 = EDGE_CURVE('',#1270,#2380,#2661,.T.);
#2661 = LINE('',#2662,#2663);
#2662 = CARTESIAN_POINT('',(17.654437599167,-9.397916421054,0.));
#2663 = VECTOR('',#2664,1.);
#2664 = DIRECTION('',(0.,0.,1.));
#2665 = ORIENTED_EDGE('',*,*,#2406,.T.);
#2666 = ORIENTED_EDGE('',*,*,#2584,.F.);
#2667 = ORIENTED_EDGE('',*,*,#1296,.F.);
#2668 = SURFACE_OF_LINEAR_EXTRUSION('',#2669,#2672);
#2669 = B_SPLINE_CURVE_WITH_KNOTS('',1,(#2670,#2671),.UNSPECIFIED.,.F.,
  .F.,(2,2),(0.,1.614513441948),.PIECEWISE_BEZIER_KNOTS.);
#2670 = CARTESIAN_POINT('',(17.654437599167,-9.397916421054,0.));
#2671 = CARTESIAN_POINT('',(18.354948728215,-7.943290073049,0.));
#2672 = VECTOR('',#2673,1.);
#2673 = DIRECTION('',(-0.,-0.,-1.));
#2674 = ADVANCED_FACE('',(#2675),#2686,.F.);
#2675 = FACE_BOUND('',#2676,.F.);
#2676 = EDGE_LOOP('',(#2677,#2678,#2679,#2685));
#2677 = ORIENTED_EDGE('',*,*,#2624,.T.);
#2678 = ORIENTED_EDGE('',*,*,#1422,.T.);
#2679 = ORIENTED_EDGE('',*,*,#2680,.F.);
#2680 = EDGE_CURVE('',#313,#1423,#2681,.T.);
#2681 = LINE('',#2682,#2683);
#2682 = CARTESIAN_POINT('',(17.654437599167,9.397916421054,0.));
#2683 = VECTOR('',#2684,1.);
#2684 = DIRECTION('',(0.,0.,1.));
#2685 = ORIENTED_EDGE('',*,*,#312,.F.);
#2686 = SURFACE_OF_LINEAR_EXTRUSION('',#2687,#2690);
#2687 = B_SPLINE_CURVE_WITH_KNOTS('',1,(#2688,#2689),.UNSPECIFIED.,.F.,
  .F.,(2,2),(0.,1.614513441948),.PIECEWISE_BEZIER_KNOTS.);
#2688 = CARTESIAN_POINT('',(18.354948728215,7.943290073049,0.));
#2689 = CARTESIAN_POINT('',(17.654437599167,9.397916421054,0.));
#2690 = VECTOR('',#2691,1.);
#2691 = DIRECTION('',(-0.,-0.,-1.));
#2692 = ADVANCED_FACE('',(#2693),#2704,.F.);
#2693 = FACE_BOUND('',#2694,.F.);
#2694 = EDGE_LOOP('',(#2695,#2701,#2702,#2703));
#2695 = ORIENTED_EDGE('',*,*,#2696,.T.);
#2696 = EDGE_CURVE('',#1263,#2373,#2697,.T.);
#2697 = LINE('',#2698,#2699);
#2698 = CARTESIAN_POINT('',(13.792117304182,-8.955615870519,0.));
#2699 = VECTOR('',#2700,1.);
#2700 = DIRECTION('',(0.,0.,1.));
#2701 = ORIENTED_EDGE('',*,*,#2379,.T.);
#2702 = ORIENTED_EDGE('',*,*,#2660,.F.);
#2703 = ORIENTED_EDGE('',*,*,#1269,.F.);
#2704 = SURFACE_OF_LINEAR_EXTRUSION('',#2705,#2728);
#2705 = B_SPLINE_CURVE_WITH_KNOTS('',3,(#2706,#2707,#2708,#2709,#2710,
    #2711,#2712,#2713,#2714,#2715,#2716,#2717,#2718,#2719,#2720,#2721,
    #2722,#2723,#2724,#2725,#2726,#2727),.UNSPECIFIED.,.F.,.F.,(4,1,1,1,
    1,1,1,1,1,1,1,1,1,1,1,1,1,1,1,4),(0.,1.091295291394E-02,
    4.36512751805E-02,9.821507409409E-02,0.174604364983,0.272819152956,
    0.392859440335,0.534725228372,0.698416517817,0.883933309155,
    1.091275602718,1.320443398744,1.571436697408,1.844255498843,
    2.138899803152,2.45536961042,2.79366492071,3.153785734078,
    3.535732050569,3.93950387022),.UNSPECIFIED.);
#2706 = CARTESIAN_POINT('',(13.792117304182,-8.955615870519,0.));
#2707 = CARTESIAN_POINT('',(13.795197173076,-8.957552502769,0.));
#2708 = CARTESIAN_POINT('',(13.807590620584,-8.965176073969,0.));
#2709 = CARTESIAN_POINT('',(13.836111775431,-8.981271218033,0.));
#2710 = CARTESIAN_POINT('',(13.884464437293,-9.00657090691,0.));
#2711 = CARTESIAN_POINT('',(13.953410334783,-9.039504969688,0.));
#2712 = CARTESIAN_POINT('',(14.043502386306,-9.078665500877,0.));
#2713 = CARTESIAN_POINT('',(14.155275342559,-9.122516427776,0.));
#2714 = CARTESIAN_POINT('',(14.289157123693,-9.169530802616,0.));
#2715 = CARTESIAN_POINT('',(14.445501305544,-9.218143024727,0.));
#2716 = CARTESIAN_POINT('',(14.624573529652,-9.266771915001,0.));
#2717 = CARTESIAN_POINT('',(14.826554767377,-9.313818331662,0.));
#2718 = CARTESIAN_POINT('',(15.051539090605,-9.357671523212,0.));
#2719 = CARTESIAN_POINT('',(15.299533519433,-9.396712627607,0.));
#2720 = CARTESIAN_POINT('',(15.570457465214,-9.429319109236,0.));
#2721 = CARTESIAN_POINT('',(15.864142519777,-9.453868978868,0.));
#2722 = CARTESIAN_POINT('',(16.180332542101,-9.46874486032,0.));
#2723 = CARTESIAN_POINT('',(16.518683276657,-9.472339082648,0.));
#2724 = CARTESIAN_POINT('',(16.878764965225,-9.463054430955,0.));
#2725 = CARTESIAN_POINT('',(17.260053651103,-9.439322681718,0.));
#2726 = CARTESIAN_POINT('',(17.520755868373,-9.413524531761,0.));
#2727 = CARTESIAN_POINT('',(17.654437599167,-9.397916421054,0.));
#2728 = VECTOR('',#2729,1.);
#2729 = DIRECTION('',(-0.,-0.,-1.));
#2730 = ADVANCED_FACE('',(#2731),#2742,.F.);
#2731 = FACE_BOUND('',#2732,.F.);
#2732 = EDGE_LOOP('',(#2733,#2734,#2735,#2741));
#2733 = ORIENTED_EDGE('',*,*,#2680,.T.);
#2734 = ORIENTED_EDGE('',*,*,#1429,.T.);
#2735 = ORIENTED_EDGE('',*,*,#2736,.F.);
#2736 = EDGE_CURVE('',#320,#1430,#2737,.T.);
#2737 = LINE('',#2738,#2739);
#2738 = CARTESIAN_POINT('',(13.792117304182,8.955615870519,0.));
#2739 = VECTOR('',#2740,1.);
#2740 = DIRECTION('',(0.,0.,1.));
#2741 = ORIENTED_EDGE('',*,*,#319,.F.);
#2742 = SURFACE_OF_LINEAR_EXTRUSION('',#2743,#2766);
#2743 = B_SPLINE_CURVE_WITH_KNOTS('',3,(#2744,#2745,#2746,#2747,#2748,
    #2749,#2750,#2751,#2752,#2753,#2754,#2755,#2756,#2757,#2758,#2759,
    #2760,#2761,#2762,#2763,#2764,#2765),.UNSPECIFIED.,.F.,.F.,(4,1,1,1,
    1,1,1,1,1,1,1,1,1,1,1,1,1,1,1,4),(0.,0.403771819651,0.785718136142,
    1.14583894951,1.484134259801,1.800604067068,2.095248371378,
    2.368067172813,2.619060471477,2.848228267502,3.055570561065,
    3.241087352403,3.404778641848,3.546644429885,3.666684717265,
    3.764899505238,3.841288796126,3.89585259504,3.928590917306,
    3.93950387022),.UNSPECIFIED.);
#2744 = CARTESIAN_POINT('',(17.654437599167,9.397916421054,0.));
#2745 = CARTESIAN_POINT('',(17.520755868373,9.413524531761,0.));
#2746 = CARTESIAN_POINT('',(17.260053651103,9.439322681718,0.));
#2747 = CARTESIAN_POINT('',(16.878764965225,9.463054430955,0.));
#2748 = CARTESIAN_POINT('',(16.518683276657,9.472339082648,0.));
#2749 = CARTESIAN_POINT('',(16.180332542101,9.46874486032,0.));
#2750 = CARTESIAN_POINT('',(15.864142519777,9.453868978868,0.));
#2751 = CARTESIAN_POINT('',(15.570457465214,9.429319109236,0.));
#2752 = CARTESIAN_POINT('',(15.299533519433,9.396712627607,0.));
#2753 = CARTESIAN_POINT('',(15.051539090605,9.357671523212,0.));
#2754 = CARTESIAN_POINT('',(14.826554767377,9.313818331662,0.));
#2755 = CARTESIAN_POINT('',(14.624573529652,9.266771915001,0.));
#2756 = CARTESIAN_POINT('',(14.445501305544,9.218143024726,0.));
#2757 = CARTESIAN_POINT('',(14.289157123693,9.169530802616,0.));
#2758 = CARTESIAN_POINT('',(14.155275342559,9.122516427776,0.));
#2759 = CARTESIAN_POINT('',(14.043502386306,9.078665500877,0.));
#2760 = CARTESIAN_POINT('',(13.953410334783,9.039504969688,0.));
#2761 = CARTESIAN_POINT('',(13.884464437293,9.00657090691,0.));
#2762 = CARTESIAN_POINT('',(13.836111775431,8.981271218033,0.));
#2763 = CARTESIAN_POINT('',(13.807590620584,8.965176073969,0.));
#2764 = CARTESIAN_POINT('',(13.795197173076,8.957552502769,0.));
#2765 = CARTESIAN_POINT('',(13.792117304182,8.955615870519,0.));
#2766 = VECTOR('',#2767,1.);
#2767 = DIRECTION('',(-0.,-0.,-1.));
#2768 = ADVANCED_FACE('',(#2769),#2780,.F.);
#2769 = FACE_BOUND('',#2770,.F.);
#2770 = EDGE_LOOP('',(#2771,#2777,#2778,#2779));
#2771 = ORIENTED_EDGE('',*,*,#2772,.T.);
#2772 = EDGE_CURVE('',#1256,#2366,#2773,.T.);
#2773 = LINE('',#2774,#2775);
#2774 = CARTESIAN_POINT('',(12.05632455076,-7.828516036053,0.));
#2775 = VECTOR('',#2776,1.);
#2776 = DIRECTION('',(0.,0.,1.));
#2777 = ORIENTED_EDGE('',*,*,#2372,.T.);
#2778 = ORIENTED_EDGE('',*,*,#2696,.F.);
#2779 = ORIENTED_EDGE('',*,*,#1262,.F.);
#2780 = SURFACE_OF_LINEAR_EXTRUSION('',#2781,#2784);
#2781 = B_SPLINE_CURVE_WITH_KNOTS('',1,(#2782,#2783),.UNSPECIFIED.,.F.,
  .F.,(2,2),(0.,2.069620863753),.PIECEWISE_BEZIER_KNOTS.);
#2782 = CARTESIAN_POINT('',(12.05632455076,-7.828516036053,0.));
#2783 = CARTESIAN_POINT('',(13.792117304182,-8.955615870519,0.));
#2784 = VECTOR('',#2785,1.);
#2785 = DIRECTION('',(-0.,-0.,-1.));
#2786 = ADVANCED_FACE('',(#2787),#2798,.F.);
#2787 = FACE_BOUND('',#2788,.F.);
#2788 = EDGE_LOOP('',(#2789,#2790,#2791,#2797));
#2789 = ORIENTED_EDGE('',*,*,#2736,.T.);
#2790 = ORIENTED_EDGE('',*,*,#1456,.T.);
#2791 = ORIENTED_EDGE('',*,*,#2792,.F.);
#2792 = EDGE_CURVE('',#347,#1457,#2793,.T.);
#2793 = LINE('',#2794,#2795);
#2794 = CARTESIAN_POINT('',(12.05632455076,7.828516036053,0.));
#2795 = VECTOR('',#2796,1.);
#2796 = DIRECTION('',(0.,0.,1.));
#2797 = ORIENTED_EDGE('',*,*,#346,.F.);
#2798 = SURFACE_OF_LINEAR_EXTRUSION('',#2799,#2802);
#2799 = B_SPLINE_CURVE_WITH_KNOTS('',1,(#2800,#2801),.UNSPECIFIED.,.F.,
  .F.,(2,2),(0.,2.069620863753),.PIECEWISE_BEZIER_KNOTS.);
#2800 = CARTESIAN_POINT('',(13.792117304182,8.955615870519,0.));
#2801 = CARTESIAN_POINT('',(12.05632455076,7.828516036053,0.));
#2802 = VECTOR('',#2803,1.);
#2803 = DIRECTION('',(-0.,-0.,-1.));
#2804 = ADVANCED_FACE('',(#2805),#2816,.F.);
#2805 = FACE_BOUND('',#2806,.F.);
#2806 = EDGE_LOOP('',(#2807,#2813,#2814,#2815));
#2807 = ORIENTED_EDGE('',*,*,#2808,.T.);
#2808 = EDGE_CURVE('',#1249,#2359,#2809,.T.);
#2809 = LINE('',#2810,#2811);
#2810 = CARTESIAN_POINT('',(10.315023393627,-10.01203862302,0.));
#2811 = VECTOR('',#2812,1.);
#2812 = DIRECTION('',(0.,0.,1.));
#2813 = ORIENTED_EDGE('',*,*,#2365,.T.);
#2814 = ORIENTED_EDGE('',*,*,#2772,.F.);
#2815 = ORIENTED_EDGE('',*,*,#1255,.F.);
#2816 = SURFACE_OF_LINEAR_EXTRUSION('',#2817,#2820);
#2817 = B_SPLINE_CURVE_WITH_KNOTS('',1,(#2818,#2819),.UNSPECIFIED.,.F.,
  .F.,(2,2),(0.,2.792830214612),.PIECEWISE_BEZIER_KNOTS.);
#2818 = CARTESIAN_POINT('',(10.315023393627,-10.01203862302,0.));
#2819 = CARTESIAN_POINT('',(12.05632455076,-7.828516036053,0.));
#2820 = VECTOR('',#2821,1.);
#2821 = DIRECTION('',(-0.,-0.,-1.));
#2822 = ADVANCED_FACE('',(#2823),#2834,.F.);
#2823 = FACE_BOUND('',#2824,.F.);
#2824 = EDGE_LOOP('',(#2825,#2826,#2827,#2833));
#2825 = ORIENTED_EDGE('',*,*,#2792,.T.);
#2826 = ORIENTED_EDGE('',*,*,#1463,.T.);
#2827 = ORIENTED_EDGE('',*,*,#2828,.F.);
#2828 = EDGE_CURVE('',#354,#1464,#2829,.T.);
#2829 = LINE('',#2830,#2831);
#2830 = CARTESIAN_POINT('',(10.315023393627,10.012038623024,0.));
#2831 = VECTOR('',#2832,1.);
#2832 = DIRECTION('',(0.,0.,1.));
#2833 = ORIENTED_EDGE('',*,*,#353,.F.);
#2834 = SURFACE_OF_LINEAR_EXTRUSION('',#2835,#2838);
#2835 = B_SPLINE_CURVE_WITH_KNOTS('',1,(#2836,#2837),.UNSPECIFIED.,.F.,
  .F.,(2,2),(0.,2.792830214612),.PIECEWISE_BEZIER_KNOTS.);
#2836 = CARTESIAN_POINT('',(12.05632455076,7.828516036053,0.));
#2837 = CARTESIAN_POINT('',(10.315023393627,10.012038623024,0.));
#2838 = VECTOR('',#2839,1.);
#2839 = DIRECTION('',(-0.,-0.,-1.));
#2840 = ADVANCED_FACE('',(#2841),#2852,.F.);
#2841 = FACE_BOUND('',#2842,.F.);
#2842 = EDGE_LOOP('',(#2843,#2849,#2850,#2851));
#2843 = ORIENTED_EDGE('',*,*,#2844,.T.);
#2844 = EDGE_CURVE('',#1222,#2332,#2845,.T.);
#2845 = LINE('',#2846,#2847);
#2846 = CARTESIAN_POINT('',(11.800114706709,-11.45350812027,0.));
#2847 = VECTOR('',#2848,1.);
#2848 = DIRECTION('',(0.,0.,1.));
#2849 = ORIENTED_EDGE('',*,*,#2358,.T.);
#2850 = ORIENTED_EDGE('',*,*,#2808,.F.);
#2851 = ORIENTED_EDGE('',*,*,#1248,.F.);
#2852 = SURFACE_OF_LINEAR_EXTRUSION('',#2853,#2856);
#2853 = B_SPLINE_CURVE_WITH_KNOTS('',1,(#2854,#2855),.UNSPECIFIED.,.F.,
  .F.,(2,2),(0.,2.069620863753),.PIECEWISE_BEZIER_KNOTS.);
#2854 = CARTESIAN_POINT('',(11.800114706709,-11.45350812027,0.));
#2855 = CARTESIAN_POINT('',(10.315023393627,-10.01203862302,0.));
#2856 = VECTOR('',#2857,1.);
#2857 = DIRECTION('',(-0.,-0.,-1.));
#2858 = ADVANCED_FACE('',(#2859),#2870,.F.);
#2859 = FACE_BOUND('',#2860,.F.);
#2860 = EDGE_LOOP('',(#2861,#2862,#2863,#2869));
#2861 = ORIENTED_EDGE('',*,*,#2828,.T.);
#2862 = ORIENTED_EDGE('',*,*,#1470,.T.);
#2863 = ORIENTED_EDGE('',*,*,#2864,.F.);
#2864 = EDGE_CURVE('',#361,#1471,#2865,.T.);
#2865 = LINE('',#2866,#2867);
#2866 = CARTESIAN_POINT('',(11.800114706709,11.453508120271,0.));
#2867 = VECTOR('',#2868,1.);
#2868 = DIRECTION('',(0.,0.,1.));
#2869 = ORIENTED_EDGE('',*,*,#360,.F.);
#2870 = SURFACE_OF_LINEAR_EXTRUSION('',#2871,#2874);
#2871 = B_SPLINE_CURVE_WITH_KNOTS('',1,(#2872,#2873),.UNSPECIFIED.,.F.,
  .F.,(2,2),(0.,2.069620863753),.PIECEWISE_BEZIER_KNOTS.);
#2872 = CARTESIAN_POINT('',(10.315023393627,10.012038623024,0.));
#2873 = CARTESIAN_POINT('',(11.800114706709,11.453508120271,0.));
#2874 = VECTOR('',#2875,1.);
#2875 = DIRECTION('',(-0.,-0.,-1.));
#2876 = ADVANCED_FACE('',(#2877),#2888,.F.);
#2877 = FACE_BOUND('',#2878,.F.);
#2878 = EDGE_LOOP('',(#2879,#2885,#2886,#2887));
#2879 = ORIENTED_EDGE('',*,*,#2880,.T.);
#2880 = EDGE_CURVE('',#1215,#2325,#2881,.T.);
#2881 = LINE('',#2882,#2883);
#2882 = CARTESIAN_POINT('',(13.090772978277,-15.12057085004,0.));
#2883 = VECTOR('',#2884,1.);
#2884 = DIRECTION('',(0.,0.,1.));
#2885 = ORIENTED_EDGE('',*,*,#2331,.T.);
#2886 = ORIENTED_EDGE('',*,*,#2844,.F.);
#2887 = ORIENTED_EDGE('',*,*,#1221,.F.);
#2888 = SURFACE_OF_LINEAR_EXTRUSION('',#2889,#2912);
#2889 = B_SPLINE_CURVE_WITH_KNOTS('',3,(#2890,#2891,#2892,#2893,#2894,
    #2895,#2896,#2897,#2898,#2899,#2900,#2901,#2902,#2903,#2904,#2905,
    #2906,#2907,#2908,#2909,#2910,#2911),.UNSPECIFIED.,.F.,.F.,(4,1,1,1,
    1,1,1,1,1,1,1,1,1,1,1,1,1,1,1,4),(0.,0.403771819651,0.785718136142,
    1.14583894951,1.484134259801,1.800604067068,2.095248371378,
    2.368067172813,2.619060471477,2.848228267502,3.055570561065,
    3.241087352403,3.404778641848,3.546644429885,3.666684717265,
    3.764899505238,3.841288796126,3.89585259504,3.928590917306,
    3.93950387022),.UNSPECIFIED.);
#2890 = CARTESIAN_POINT('',(13.090772978277,-15.12057085004,0.));
#2891 = CARTESIAN_POINT('',(13.076242777473,-14.98676766797,0.));
#2892 = CARTESIAN_POINT('',(13.043382413078,-14.72686117116,0.));
#2893 = CARTESIAN_POINT('',(12.981674443325,-14.34985137769,0.));
#2894 = CARTESIAN_POINT('',(12.910600595774,-13.99673165948,0.));
#2895 = CARTESIAN_POINT('',(12.831806366646,-13.66766387396,0.));
#2896 = CARTESIAN_POINT('',(12.746944555525,-13.36271159068,0.));
#2897 = CARTESIAN_POINT('',(12.657659129751,-13.08185269351,0.));
#2898 = CARTESIAN_POINT('',(12.565583911246,-12.82497700144,0.));
#2899 = CARTESIAN_POINT('',(12.47233769693,-12.59188777372,0.));
#2900 = CARTESIAN_POINT('',(12.379520274719,-12.38230253034,0.));
#2901 = CARTESIAN_POINT('',(12.288708356288,-12.19585419652,0.));
#2902 = CARTESIAN_POINT('',(12.201451375267,-12.03209263302,0.));
#2903 = CARTESIAN_POINT('',(12.119268109694,-11.8904855633,0.));
#2904 = CARTESIAN_POINT('',(12.043640984411,-11.77042216054,0.));
#2905 = CARTESIAN_POINT('',(11.976017669185,-11.67120933487,0.));
#2906 = CARTESIAN_POINT('',(11.917791606827,-11.59209011714,0.));
#2907 = CARTESIAN_POINT('',(11.870341364261,-11.53220135566,0.));
#2908 = CARTESIAN_POINT('',(11.834916511928,-11.49069070638,0.));
#2909 = CARTESIAN_POINT('',(11.812878352716,-11.46646614292,0.));
#2910 = CARTESIAN_POINT('',(11.802688118848,-11.4560798292,0.));
#2911 = CARTESIAN_POINT('',(11.800114706709,-11.45350812027,0.));
#2912 = VECTOR('',#2913,1.);
#2913 = DIRECTION('',(-0.,-0.,-1.));
#2914 = ADVANCED_FACE('',(#2915),#2926,.F.);
#2915 = FACE_BOUND('',#2916,.F.);
#2916 = EDGE_LOOP('',(#2917,#2918,#2919,#2925));
#2917 = ORIENTED_EDGE('',*,*,#2864,.T.);
#2918 = ORIENTED_EDGE('',*,*,#1477,.T.);
#2919 = ORIENTED_EDGE('',*,*,#2920,.F.);
#2920 = EDGE_CURVE('',#368,#1478,#2921,.T.);
#2921 = LINE('',#2922,#2923);
#2922 = CARTESIAN_POINT('',(13.090772978277,15.120570850044,0.));
#2923 = VECTOR('',#2924,1.);
#2924 = DIRECTION('',(0.,0.,1.));
#2925 = ORIENTED_EDGE('',*,*,#367,.F.);
#2926 = SURFACE_OF_LINEAR_EXTRUSION('',#2927,#2950);
#2927 = B_SPLINE_CURVE_WITH_KNOTS('',3,(#2928,#2929,#2930,#2931,#2932,
    #2933,#2934,#2935,#2936,#2937,#2938,#2939,#2940,#2941,#2942,#2943,
    #2944,#2945,#2946,#2947,#2948,#2949),.UNSPECIFIED.,.F.,.F.,(4,1,1,1,
    1,1,1,1,1,1,1,1,1,1,1,1,1,1,1,4),(0.,1.091295291394E-02,
    4.36512751805E-02,9.821507409409E-02,0.174604364983,0.272819152956,
    0.392859440335,0.534725228372,0.698416517817,0.883933309155,
    1.091275602718,1.320443398744,1.571436697408,1.844255498843,
    2.138899803152,2.45536961042,2.79366492071,3.153785734078,
    3.535732050569,3.93950387022),.UNSPECIFIED.);
#2928 = CARTESIAN_POINT('',(11.800114706709,11.453508120271,0.));
#2929 = CARTESIAN_POINT('',(11.802688118848,11.456079829205,0.));
#2930 = CARTESIAN_POINT('',(11.812878352716,11.466466142925,0.));
#2931 = CARTESIAN_POINT('',(11.834916511928,11.490690706384,0.));
#2932 = CARTESIAN_POINT('',(11.870341364261,11.532201355663,0.));
#2933 = CARTESIAN_POINT('',(11.917791606827,11.592090117148,0.));
#2934 = CARTESIAN_POINT('',(11.976017669185,11.67120933487,0.));
#2935 = CARTESIAN_POINT('',(12.043640984411,11.77042216054,0.));
#2936 = CARTESIAN_POINT('',(12.119268109694,11.890485563301,0.));
#2937 = CARTESIAN_POINT('',(12.201451375267,12.032092633029,0.));
#2938 = CARTESIAN_POINT('',(12.288708356288,12.195854196527,0.));
#2939 = CARTESIAN_POINT('',(12.379520274719,12.382302530348,0.));
#2940 = CARTESIAN_POINT('',(12.47233769693,12.591887773725,0.));
#2941 = CARTESIAN_POINT('',(12.565583911246,12.824977001443,0.));
#2942 = CARTESIAN_POINT('',(12.657659129751,13.081852693518,0.));
#2943 = CARTESIAN_POINT('',(12.746944555525,13.362711590683,0.));
#2944 = CARTESIAN_POINT('',(12.831806366646,13.667663873966,0.));
#2945 = CARTESIAN_POINT('',(12.910600595774,13.996731659482,0.));
#2946 = CARTESIAN_POINT('',(12.981674443325,14.349851377699,0.));
#2947 = CARTESIAN_POINT('',(13.043382413078,14.726861171165,0.));
#2948 = CARTESIAN_POINT('',(13.076242777473,14.986767667972,0.));
#2949 = CARTESIAN_POINT('',(13.090772978277,15.120570850044,0.));
#2950 = VECTOR('',#2951,1.);
#2951 = DIRECTION('',(-0.,-0.,-1.));
#2952 = ADVANCED_FACE('',(#2953),#2964,.F.);
#2953 = FACE_BOUND('',#2954,.F.);
#2954 = EDGE_LOOP('',(#2955,#2961,#2962,#2963));
#2955 = ORIENTED_EDGE('',*,*,#2956,.T.);
#2956 = EDGE_CURVE('',#1188,#2298,#2957,.T.);
#2957 = LINE('',#2958,#2959);
#2958 = CARTESIAN_POINT('',(11.828495540495,-16.12720351606,0.));
#2959 = VECTOR('',#2960,1.);
#2960 = DIRECTION('',(0.,0.,1.));
#2961 = ORIENTED_EDGE('',*,*,#2324,.T.);
#2962 = ORIENTED_EDGE('',*,*,#2880,.F.);
#2963 = ORIENTED_EDGE('',*,*,#1214,.F.);
#2964 = SURFACE_OF_LINEAR_EXTRUSION('',#2965,#2968);
#2965 = B_SPLINE_CURVE_WITH_KNOTS('',1,(#2966,#2967),.UNSPECIFIED.,.F.,
  .F.,(2,2),(0.,1.614513441948),.PIECEWISE_BEZIER_KNOTS.);
#2966 = CARTESIAN_POINT('',(11.828495540495,-16.12720351606,0.));
#2967 = CARTESIAN_POINT('',(13.090772978277,-15.12057085004,0.));
#2968 = VECTOR('',#2969,1.);
#2969 = DIRECTION('',(-0.,-0.,-1.));
#2970 = ADVANCED_FACE('',(#2971),#2982,.F.);
#2971 = FACE_BOUND('',#2972,.F.);
#2972 = EDGE_LOOP('',(#2973,#2974,#2975,#2981));
#2973 = ORIENTED_EDGE('',*,*,#2920,.T.);
#2974 = ORIENTED_EDGE('',*,*,#1504,.T.);
#2975 = ORIENTED_EDGE('',*,*,#2976,.F.);
#2976 = EDGE_CURVE('',#395,#1505,#2977,.T.);
#2977 = LINE('',#2978,#2979);
#2978 = CARTESIAN_POINT('',(11.828495540495,16.127203516062,0.));
#2979 = VECTOR('',#2980,1.);
#2980 = DIRECTION('',(0.,0.,1.));
#2981 = ORIENTED_EDGE('',*,*,#394,.F.);
#2982 = SURFACE_OF_LINEAR_EXTRUSION('',#2983,#2986);
#2983 = B_SPLINE_CURVE_WITH_KNOTS('',1,(#2984,#2985),.UNSPECIFIED.,.F.,
  .F.,(2,2),(0.,1.614513441948),.PIECEWISE_BEZIER_KNOTS.);
#2984 = CARTESIAN_POINT('',(13.090772978277,15.120570850044,0.));
#2985 = CARTESIAN_POINT('',(11.828495540495,16.127203516062,0.));
#2986 = VECTOR('',#2987,1.);
#2987 = DIRECTION('',(-0.,-0.,-1.));
#2988 = ADVANCED_FACE('',(#2989),#3000,.F.);
#2989 = FACE_BOUND('',#2990,.F.);
#2990 = EDGE_LOOP('',(#2991,#2997,#2998,#2999));
#2991 = ORIENTED_EDGE('',*,*,#2992,.T.);
#2992 = EDGE_CURVE('',#1181,#2291,#2993,.T.);
#2993 = LINE('',#2994,#2995);
#2994 = CARTESIAN_POINT('',(8.540572213525,-14.05290651851,0.));
#2995 = VECTOR('',#2996,1.);
#2996 = DIRECTION('',(0.,0.,1.));
#2997 = ORIENTED_EDGE('',*,*,#2297,.T.);
#2998 = ORIENTED_EDGE('',*,*,#2956,.F.);
#2999 = ORIENTED_EDGE('',*,*,#1187,.F.);
#3000 = SURFACE_OF_LINEAR_EXTRUSION('',#3001,#3024);
#3001 = B_SPLINE_CURVE_WITH_KNOTS('',3,(#3002,#3003,#3004,#3005,#3006,
    #3007,#3008,#3009,#3010,#3011,#3012,#3013,#3014,#3015,#3016,#3017,
    #3018,#3019,#3020,#3021,#3022,#3023),.UNSPECIFIED.,.F.,.F.,(4,1,1,1,
    1,1,1,1,1,1,1,1,1,1,1,1,1,1,1,4),(0.,1.091295291394E-02,
    4.36512751805E-02,9.821507409409E-02,0.174604364983,0.272819152956,
    0.392859440335,0.534725228372,0.698416517817,0.883933309155,
    1.091275602718,1.320443398744,1.571436697408,1.844255498843,
    2.138899803152,2.45536961042,2.79366492071,3.153785734078,
    3.535732050569,3.93950387022),.UNSPECIFIED.);
#3002 = CARTESIAN_POINT('',(8.540572213525,-14.05290651851,0.));
#3003 = CARTESIAN_POINT('',(8.542506806274,-14.05598766891,0.));
#3004 = CARTESIAN_POINT('',(8.550365173067,-14.06823358457,0.));
#3005 = CARTESIAN_POINT('',(8.569078424373,-14.0951096736,0.));
#3006 = CARTESIAN_POINT('',(8.601665543782,-14.13888333937,0.));
#3007 = CARTESIAN_POINT('',(8.649494096687,-14.19847040843,0.));
#3008 = CARTESIAN_POINT('',(8.713673112657,-14.27284230406,0.));
#3009 = CARTESIAN_POINT('',(8.795350862388,-14.36084709222,0.));
#3010 = CARTESIAN_POINT('',(8.895575406421,-14.46129470809,0.));
#3011 = CARTESIAN_POINT('',(9.01534459425,-14.57292800502,0.));
#3012 = CARTESIAN_POINT('',(9.155583808536,-14.69443764741,0.));
#3013 = CARTESIAN_POINT('',(9.317149940454,-14.82446137882,0.));
#3014 = CARTESIAN_POINT('',(9.500826624726,-14.96158877857,0.));
#3015 = CARTESIAN_POINT('',(9.70732258416,-15.10436434826,0.));
#3016 = CARTESIAN_POINT('',(9.937269202709,-15.25129126771,0.));
#3017 = CARTESIAN_POINT('',(10.191218504608,-15.40083510556,0.));
#3018 = CARTESIAN_POINT('',(10.469641467996,-15.55142752079,0.));
#3019 = CARTESIAN_POINT('',(10.77292547164,-15.70147068505,0.));
#3020 = CARTESIAN_POINT('',(11.101376322334,-15.84933909235,0.));
#3021 = CARTESIAN_POINT('',(11.455202378088,-15.99339248582,0.));
#3022 = CARTESIAN_POINT('',(11.701280357407,-16.08326360868,0.));
#3023 = CARTESIAN_POINT('',(11.828495540495,-16.12720351606,0.));
#3024 = VECTOR('',#3025,1.);
#3025 = DIRECTION('',(-0.,-0.,-1.));
#3026 = ADVANCED_FACE('',(#3027),#3038,.F.);
#3027 = FACE_BOUND('',#3028,.F.);
#3028 = EDGE_LOOP('',(#3029,#3030,#3031,#3037));
#3029 = ORIENTED_EDGE('',*,*,#2976,.T.);
#3030 = ORIENTED_EDGE('',*,*,#1511,.T.);
#3031 = ORIENTED_EDGE('',*,*,#3032,.F.);
#3032 = EDGE_CURVE('',#402,#1512,#3033,.T.);
#3033 = LINE('',#3034,#3035);
#3034 = CARTESIAN_POINT('',(8.540572213525,14.052906518517,0.));
#3035 = VECTOR('',#3036,1.);
#3036 = DIRECTION('',(0.,0.,1.));
#3037 = ORIENTED_EDGE('',*,*,#401,.F.);
#3038 = SURFACE_OF_LINEAR_EXTRUSION('',#3039,#3062);
#3039 = B_SPLINE_CURVE_WITH_KNOTS('',3,(#3040,#3041,#3042,#3043,#3044,
    #3045,#3046,#3047,#3048,#3049,#3050,#3051,#3052,#3053,#3054,#3055,
    #3056,#3057,#3058,#3059,#3060,#3061),.UNSPECIFIED.,.F.,.F.,(4,1,1,1,
    1,1,1,1,1,1,1,1,1,1,1,1,1,1,1,4),(0.,0.403771819651,0.785718136142,
    1.14583894951,1.484134259801,1.800604067068,2.095248371378,
    2.368067172813,2.619060471477,2.848228267502,3.055570561065,
    3.241087352403,3.404778641848,3.546644429885,3.666684717265,
    3.764899505238,3.841288796126,3.89585259504,3.928590917306,
    3.93950387022),.UNSPECIFIED.);
#3040 = CARTESIAN_POINT('',(11.828495540495,16.127203516062,0.));
#3041 = CARTESIAN_POINT('',(11.701280357407,16.083263608688,0.));
#3042 = CARTESIAN_POINT('',(11.455202378088,15.993392485823,0.));
#3043 = CARTESIAN_POINT('',(11.101376322334,15.849339092355,0.));
#3044 = CARTESIAN_POINT('',(10.77292547164,15.701470685056,0.));
#3045 = CARTESIAN_POINT('',(10.469641467996,15.551427520791,0.));
#3046 = CARTESIAN_POINT('',(10.191218504608,15.400835105563,0.));
#3047 = CARTESIAN_POINT('',(9.937269202709,15.251291267717,0.));
#3048 = CARTESIAN_POINT('',(9.70732258416,15.104364348266,0.));
#3049 = CARTESIAN_POINT('',(9.500826624726,14.961588778577,0.));
#3050 = CARTESIAN_POINT('',(9.317149940454,14.824461378827,0.));
#3051 = CARTESIAN_POINT('',(9.155583808536,14.694437647414,0.));
#3052 = CARTESIAN_POINT('',(9.01534459425,14.572928005027,0.));
#3053 = CARTESIAN_POINT('',(8.895575406421,14.461294708095,0.));
#3054 = CARTESIAN_POINT('',(8.795350862388,14.360847092223,0.));
#3055 = CARTESIAN_POINT('',(8.713673112657,14.272842304066,0.));
#3056 = CARTESIAN_POINT('',(8.649494096687,14.198470408435,0.));
#3057 = CARTESIAN_POINT('',(8.601665543782,14.138883339379,0.));
#3058 = CARTESIAN_POINT('',(8.569078424373,14.095109673608,0.));
#3059 = CARTESIAN_POINT('',(8.550365173067,14.068233584574,0.));
#3060 = CARTESIAN_POINT('',(8.542506806274,14.055987668914,0.));
#3061 = CARTESIAN_POINT('',(8.540572213525,14.052906518517,0.));
#3062 = VECTOR('',#3063,1.);
#3063 = DIRECTION('',(-0.,-0.,-1.));
#3064 = ADVANCED_FACE('',(#3065),#3076,.F.);
#3065 = FACE_BOUND('',#3066,.F.);
#3066 = EDGE_LOOP('',(#3067,#3073,#3074,#3075));
#3067 = ORIENTED_EDGE('',*,*,#3068,.T.);
#3068 = EDGE_CURVE('',#1174,#2284,#3069,.T.);
#3069 = LINE('',#3070,#3071);
#3070 = CARTESIAN_POINT('',(7.465707272098,-12.28429240645,0.));
#3071 = VECTOR('',#3072,1.);
#3072 = DIRECTION('',(0.,0.,1.));
#3073 = ORIENTED_EDGE('',*,*,#2290,.T.);
#3074 = ORIENTED_EDGE('',*,*,#2992,.F.);
#3075 = ORIENTED_EDGE('',*,*,#1180,.F.);
#3076 = SURFACE_OF_LINEAR_EXTRUSION('',#3077,#3080);
#3077 = B_SPLINE_CURVE_WITH_KNOTS('',1,(#3078,#3079),.UNSPECIFIED.,.F.,
  .F.,(2,2),(0.,2.069620863753),.PIECEWISE_BEZIER_KNOTS.);
#3078 = CARTESIAN_POINT('',(7.465707272098,-12.28429240645,0.));
#3079 = CARTESIAN_POINT('',(8.540572213525,-14.05290651851,0.));
#3080 = VECTOR('',#3081,1.);
#3081 = DIRECTION('',(-0.,-0.,-1.));
#3082 = ADVANCED_FACE('',(#3083),#3094,.F.);
#3083 = FACE_BOUND('',#3084,.F.);
#3084 = EDGE_LOOP('',(#3085,#3086,#3087,#3093));
#3085 = ORIENTED_EDGE('',*,*,#3032,.T.);
#3086 = ORIENTED_EDGE('',*,*,#1538,.T.);
#3087 = ORIENTED_EDGE('',*,*,#3088,.F.);
#3088 = EDGE_CURVE('',#429,#1539,#3089,.T.);
#3089 = LINE('',#3090,#3091);
#3090 = CARTESIAN_POINT('',(7.465707272098,12.284292406457,0.));
#3091 = VECTOR('',#3092,1.);
#3092 = DIRECTION('',(0.,0.,1.));
#3093 = ORIENTED_EDGE('',*,*,#428,.F.);
#3094 = SURFACE_OF_LINEAR_EXTRUSION('',#3095,#3098);
#3095 = B_SPLINE_CURVE_WITH_KNOTS('',1,(#3096,#3097),.UNSPECIFIED.,.F.,
  .F.,(2,2),(0.,2.069620863753),.PIECEWISE_BEZIER_KNOTS.);
#3096 = CARTESIAN_POINT('',(8.540572213525,14.052906518517,0.));
#3097 = CARTESIAN_POINT('',(7.465707272098,12.284292406457,0.));
#3098 = VECTOR('',#3099,1.);
#3099 = DIRECTION('',(-0.,-0.,-1.));
#3100 = ADVANCED_FACE('',(#3101),#3112,.F.);
#3101 = FACE_BOUND('',#3102,.F.);
#3102 = EDGE_LOOP('',(#3103,#3109,#3110,#3111));
#3103 = ORIENTED_EDGE('',*,*,#3104,.T.);
#3104 = EDGE_CURVE('',#1167,#2277,#3105,.T.);
#3105 = LINE('',#3106,#3107);
#3106 = CARTESIAN_POINT('',(4.949454195396,-13.49605602269,0.));
#3107 = VECTOR('',#3108,1.);
#3108 = DIRECTION('',(0.,0.,1.));
#3109 = ORIENTED_EDGE('',*,*,#2283,.T.);
#3110 = ORIENTED_EDGE('',*,*,#3068,.F.);
#3111 = ORIENTED_EDGE('',*,*,#1173,.F.);
#3112 = SURFACE_OF_LINEAR_EXTRUSION('',#3113,#3116);
#3113 = B_SPLINE_CURVE_WITH_KNOTS('',1,(#3114,#3115),.UNSPECIFIED.,.F.,
  .F.,(2,2),(0.,2.792830214612),.PIECEWISE_BEZIER_KNOTS.);
#3114 = CARTESIAN_POINT('',(4.949454195396,-13.49605602269,0.));
#3115 = CARTESIAN_POINT('',(7.465707272098,-12.28429240645,0.));
#3116 = VECTOR('',#3117,1.);
#3117 = DIRECTION('',(-0.,-0.,-1.));
#3118 = ADVANCED_FACE('',(#3119),#3130,.F.);
#3119 = FACE_BOUND('',#3120,.F.);
#3120 = EDGE_LOOP('',(#3121,#3122,#3123,#3129));
#3121 = ORIENTED_EDGE('',*,*,#3088,.T.);
#3122 = ORIENTED_EDGE('',*,*,#1545,.T.);
#3123 = ORIENTED_EDGE('',*,*,#3124,.F.);
#3124 = EDGE_CURVE('',#436,#1546,#3125,.T.);
#3125 = LINE('',#3126,#3127);
#3126 = CARTESIAN_POINT('',(4.949454195396,13.496056022693,0.));
#3127 = VECTOR('',#3128,1.);
#3128 = DIRECTION('',(0.,0.,1.));
#3129 = ORIENTED_EDGE('',*,*,#435,.F.);
#3130 = SURFACE_OF_LINEAR_EXTRUSION('',#3131,#3134);
#3131 = B_SPLINE_CURVE_WITH_KNOTS('',1,(#3132,#3133),.UNSPECIFIED.,.F.,
  .F.,(2,2),(0.,2.792830214612),.PIECEWISE_BEZIER_KNOTS.);
#3132 = CARTESIAN_POINT('',(7.465707272098,12.284292406457,0.));
#3133 = CARTESIAN_POINT('',(4.949454195396,13.496056022693,0.));
#3134 = VECTOR('',#3135,1.);
#3135 = DIRECTION('',(-0.,-0.,-1.));
#3136 = ADVANCED_FACE('',(#3137),#3148,.F.);
#3137 = FACE_BOUND('',#3138,.F.);
#3138 = EDGE_LOOP('',(#3139,#3145,#3146,#3147));
#3139 = ORIENTED_EDGE('',*,*,#3140,.T.);
#3140 = EDGE_CURVE('',#1140,#2250,#3141,.T.);
#3141 = LINE('',#3142,#3143);
#3142 = CARTESIAN_POINT('',(5.662045059186,-15.43913213559,0.));
#3143 = VECTOR('',#3144,1.);
#3144 = DIRECTION('',(0.,0.,1.));
#3145 = ORIENTED_EDGE('',*,*,#2276,.T.);
#3146 = ORIENTED_EDGE('',*,*,#3104,.F.);
#3147 = ORIENTED_EDGE('',*,*,#1166,.F.);
#3148 = SURFACE_OF_LINEAR_EXTRUSION('',#3149,#3152);
#3149 = B_SPLINE_CURVE_WITH_KNOTS('',1,(#3150,#3151),.UNSPECIFIED.,.F.,
  .F.,(2,2),(0.,2.069620863753),.PIECEWISE_BEZIER_KNOTS.);
#3150 = CARTESIAN_POINT('',(5.662045059186,-15.43913213559,0.));
#3151 = CARTESIAN_POINT('',(4.949454195396,-13.49605602269,0.));
#3152 = VECTOR('',#3153,1.);
#3153 = DIRECTION('',(-0.,-0.,-1.));
#3154 = ADVANCED_FACE('',(#3155),#3166,.F.);
#3155 = FACE_BOUND('',#3156,.F.);
#3156 = EDGE_LOOP('',(#3157,#3158,#3159,#3165));
#3157 = ORIENTED_EDGE('',*,*,#3124,.T.);
#3158 = ORIENTED_EDGE('',*,*,#1552,.T.);
#3159 = ORIENTED_EDGE('',*,*,#3160,.F.);
#3160 = EDGE_CURVE('',#443,#1553,#3161,.T.);
#3161 = LINE('',#3162,#3163);
#3162 = CARTESIAN_POINT('',(5.662045059186,15.439132135594,0.));
#3163 = VECTOR('',#3164,1.);
#3164 = DIRECTION('',(0.,0.,1.));
#3165 = ORIENTED_EDGE('',*,*,#442,.F.);
#3166 = SURFACE_OF_LINEAR_EXTRUSION('',#3167,#3170);
#3167 = B_SPLINE_CURVE_WITH_KNOTS('',1,(#3168,#3169),.UNSPECIFIED.,.F.,
  .F.,(2,2),(0.,2.069620863753),.PIECEWISE_BEZIER_KNOTS.);
#3168 = CARTESIAN_POINT('',(4.949454195396,13.496056022693,0.));
#3169 = CARTESIAN_POINT('',(5.662045059186,15.439132135594,0.));
#3170 = VECTOR('',#3171,1.);
#3171 = DIRECTION('',(-0.,-0.,-1.));
#3172 = ADVANCED_FACE('',(#3173),#3184,.F.);
#3173 = FACE_BOUND('',#3174,.F.);
#3174 = EDGE_LOOP('',(#3175,#3181,#3182,#3183));
#3175 = ORIENTED_EDGE('',*,*,#3176,.T.);
#3176 = EDGE_CURVE('',#1133,#2243,#3177,.T.);
#3177 = LINE('',#3178,#3179);
#3178 = CARTESIAN_POINT('',(5.233809092197,-19.30303712855,0.));
#3179 = VECTOR('',#3180,1.);
#3180 = DIRECTION('',(0.,0.,1.));
#3181 = ORIENTED_EDGE('',*,*,#2249,.T.);
#3182 = ORIENTED_EDGE('',*,*,#3140,.F.);
#3183 = ORIENTED_EDGE('',*,*,#1139,.F.);
#3184 = SURFACE_OF_LINEAR_EXTRUSION('',#3185,#3208);
#3185 = B_SPLINE_CURVE_WITH_KNOTS('',3,(#3186,#3187,#3188,#3189,#3190,
    #3191,#3192,#3193,#3194,#3195,#3196,#3197,#3198,#3199,#3200,#3201,
    #3202,#3203,#3204,#3205,#3206,#3207),.UNSPECIFIED.,.F.,.F.,(4,1,1,1,
    1,1,1,1,1,1,1,1,1,1,1,1,1,1,1,4),(0.,0.403771819651,0.785718136142,
    1.14583894951,1.484134259801,1.800604067068,2.095248371378,
    2.368067172813,2.619060471477,2.848228267502,3.055570561065,
    3.241087352403,3.404778641848,3.546644429885,3.666684717265,
    3.764899505238,3.841288796126,3.89585259504,3.928590917306,
    3.93950387022),.UNSPECIFIED.);
#3186 = CARTESIAN_POINT('',(5.233809092197,-19.30303712855,0.));
#3187 = CARTESIAN_POINT('',(5.278772858571,-19.17618020922,0.));
#3188 = CARTESIAN_POINT('',(5.361935895919,-18.92775496926,0.));
#3189 = CARTESIAN_POINT('',(5.469917355143,-18.56130679781,0.));
#3190 = CARTESIAN_POINT('',(5.559094934874,-18.21231913832,0.));
#3191 = CARTESIAN_POINT('',(5.630880948662,-17.88165177339,0.));
#3192 = CARTESIAN_POINT('',(5.686736935691,-17.57007910004,0.));
#3193 = CARTESIAN_POINT('',(5.728153655178,-17.27829448303,0.));
#3194 = CARTESIAN_POINT('',(5.756650935565,-17.00690754147,0.));
#3195 = CARTESIAN_POINT('',(5.773772625087,-16.75644338772,0.));
#3196 = CARTESIAN_POINT('',(5.781082646336,-16.52734163807,0.));
#3197 = CARTESIAN_POINT('',(5.780160835226,-16.3199556791,0.));
#3198 = CARTESIAN_POINT('',(5.772598491313,-16.13455222343,0.));
#3199 = CARTESIAN_POINT('',(5.759994932468,-15.97131067957,0.));
#3200 = CARTESIAN_POINT('',(5.743950805141,-15.83032391162,0.));
#3201 = CARTESIAN_POINT('',(5.726071135148,-15.71159558753,0.));
#3202 = CARTESIAN_POINT('',(5.707939807684,-15.61504829386,0.));
#3203 = CARTESIAN_POINT('',(5.691173376121,-15.54050249556,0.));
#3204 = CARTESIAN_POINT('',(5.677267482742,-15.48773242548,0.));
#3205 = CARTESIAN_POINT('',(5.667922431559,-15.45634484905,0.));
#3206 = CARTESIAN_POINT('',(5.663247800719,-15.44256572696,0.));
#3207 = CARTESIAN_POINT('',(5.662045059186,-15.43913213559,0.));
#3208 = VECTOR('',#3209,1.);
#3209 = DIRECTION('',(-0.,-0.,-1.));
#3210 = ADVANCED_FACE('',(#3211),#3222,.F.);
#3211 = FACE_BOUND('',#3212,.F.);
#3212 = EDGE_LOOP('',(#3213,#3214,#3215,#3221));
#3213 = ORIENTED_EDGE('',*,*,#3160,.T.);
#3214 = ORIENTED_EDGE('',*,*,#1559,.T.);
#3215 = ORIENTED_EDGE('',*,*,#3216,.F.);
#3216 = EDGE_CURVE('',#450,#1560,#3217,.T.);
#3217 = LINE('',#3218,#3219);
#3218 = CARTESIAN_POINT('',(5.233809092197,19.303037128557,0.));
#3219 = VECTOR('',#3220,1.);
#3220 = DIRECTION('',(0.,0.,1.));
#3221 = ORIENTED_EDGE('',*,*,#449,.F.);
#3222 = SURFACE_OF_LINEAR_EXTRUSION('',#3223,#3246);
#3223 = B_SPLINE_CURVE_WITH_KNOTS('',3,(#3224,#3225,#3226,#3227,#3228,
    #3229,#3230,#3231,#3232,#3233,#3234,#3235,#3236,#3237,#3238,#3239,
    #3240,#3241,#3242,#3243,#3244,#3245),.UNSPECIFIED.,.F.,.F.,(4,1,1,1,
    1,1,1,1,1,1,1,1,1,1,1,1,1,1,1,4),(0.,1.091295291394E-02,
    4.36512751805E-02,9.821507409409E-02,0.174604364983,0.272819152956,
    0.392859440335,0.534725228372,0.698416517817,0.883933309155,
    1.091275602718,1.320443398744,1.571436697408,1.844255498843,
    2.138899803152,2.45536961042,2.79366492071,3.153785734078,
    3.535732050569,3.93950387022),.UNSPECIFIED.);
#3224 = CARTESIAN_POINT('',(5.662045059186,15.439132135594,0.));
#3225 = CARTESIAN_POINT('',(5.663247800719,15.442565726963,0.));
#3226 = CARTESIAN_POINT('',(5.667922431559,15.45634484905,0.));
#3227 = CARTESIAN_POINT('',(5.677267482742,15.487732425487,0.));
#3228 = CARTESIAN_POINT('',(5.691173376121,15.540502495562,0.));
#3229 = CARTESIAN_POINT('',(5.707939807684,15.615048293864,0.));
#3230 = CARTESIAN_POINT('',(5.726071135148,15.711595587534,0.));
#3231 = CARTESIAN_POINT('',(5.743950805141,15.830323911621,0.));
#3232 = CARTESIAN_POINT('',(5.759994932468,15.971310679579,0.));
#3233 = CARTESIAN_POINT('',(5.772598491313,16.134552223439,0.));
#3234 = CARTESIAN_POINT('',(5.780160835226,16.3199556791,0.));
#3235 = CARTESIAN_POINT('',(5.781082646336,16.52734163807,0.));
#3236 = CARTESIAN_POINT('',(5.773772625087,16.756443387729,0.));
#3237 = CARTESIAN_POINT('',(5.756650935565,17.006907541471,0.));
#3238 = CARTESIAN_POINT('',(5.728153655178,17.278294483037,0.));
#3239 = CARTESIAN_POINT('',(5.686736935691,17.57007910004,0.));
#3240 = CARTESIAN_POINT('',(5.630880948662,17.881651773391,0.));
#3241 = CARTESIAN_POINT('',(5.559094934874,18.212319138326,0.));
#3242 = CARTESIAN_POINT('',(5.469917355143,18.56130679781,0.));
#3243 = CARTESIAN_POINT('',(5.361935895919,18.927754969267,0.));
#3244 = CARTESIAN_POINT('',(5.278772858571,19.176180209228,0.));
#3245 = CARTESIAN_POINT('',(5.233809092197,19.303037128557,0.));
#3246 = VECTOR('',#3247,1.);
#3247 = DIRECTION('',(-0.,-0.,-1.));
#3248 = ADVANCED_FACE('',(#3249),#3260,.F.);
#3249 = FACE_BOUND('',#3250,.F.);
#3250 = EDGE_LOOP('',(#3251,#3257,#3258,#3259));
#3251 = ORIENTED_EDGE('',*,*,#3252,.T.);
#3252 = EDGE_CURVE('',#1106,#2216,#3253,.T.);
#3253 = LINE('',#3254,#3255);
#3254 = CARTESIAN_POINT('',(3.659774873049,-19.66230016754,0.));
#3255 = VECTOR('',#3256,1.);
#3256 = DIRECTION('',(0.,0.,1.));
#3257 = ORIENTED_EDGE('',*,*,#2242,.T.);
#3258 = ORIENTED_EDGE('',*,*,#3176,.F.);
#3259 = ORIENTED_EDGE('',*,*,#1132,.F.);
#3260 = SURFACE_OF_LINEAR_EXTRUSION('',#3261,#3264);
#3261 = B_SPLINE_CURVE_WITH_KNOTS('',1,(#3262,#3263),.UNSPECIFIED.,.F.,
  .F.,(2,2),(0.,1.614513441948),.PIECEWISE_BEZIER_KNOTS.);
#3262 = CARTESIAN_POINT('',(3.659774873049,-19.66230016754,0.));
#3263 = CARTESIAN_POINT('',(5.233809092197,-19.30303712855,0.));
#3264 = VECTOR('',#3265,1.);
#3265 = DIRECTION('',(-0.,-0.,-1.));
#3266 = ADVANCED_FACE('',(#3267),#3278,.F.);
#3267 = FACE_BOUND('',#3268,.F.);
#3268 = EDGE_LOOP('',(#3269,#3270,#3271,#3277));
#3269 = ORIENTED_EDGE('',*,*,#3216,.T.);
#3270 = ORIENTED_EDGE('',*,*,#1586,.T.);
#3271 = ORIENTED_EDGE('',*,*,#3272,.F.);
#3272 = EDGE_CURVE('',#477,#1587,#3273,.T.);
#3273 = LINE('',#3274,#3275);
#3274 = CARTESIAN_POINT('',(3.659774873049,19.662300167544,0.));
#3275 = VECTOR('',#3276,1.);
#3276 = DIRECTION('',(0.,0.,1.));
#3277 = ORIENTED_EDGE('',*,*,#476,.F.);
#3278 = SURFACE_OF_LINEAR_EXTRUSION('',#3279,#3282);
#3279 = B_SPLINE_CURVE_WITH_KNOTS('',1,(#3280,#3281),.UNSPECIFIED.,.F.,
  .F.,(2,2),(0.,1.614513441948),.PIECEWISE_BEZIER_KNOTS.);
#3280 = CARTESIAN_POINT('',(5.233809092197,19.303037128557,0.));
#3281 = CARTESIAN_POINT('',(3.659774873049,19.662300167544,0.));
#3282 = VECTOR('',#3283,1.);
#3283 = DIRECTION('',(-0.,-0.,-1.));
#3284 = ADVANCED_FACE('',(#3285),#3296,.F.);
#3285 = FACE_BOUND('',#3286,.F.);
#3286 = EDGE_LOOP('',(#3287,#3293,#3294,#3295));
#3287 = ORIENTED_EDGE('',*,*,#3288,.T.);
#3288 = EDGE_CURVE('',#1099,#2209,#3289,.T.);
#3289 = LINE('',#3290,#3291);
#3290 = CARTESIAN_POINT('',(1.597462052735,-16.36684668293,0.));
#3291 = VECTOR('',#3292,1.);
#3292 = DIRECTION('',(0.,0.,1.));
#3293 = ORIENTED_EDGE('',*,*,#2215,.T.);
#3294 = ORIENTED_EDGE('',*,*,#3252,.F.);
#3295 = ORIENTED_EDGE('',*,*,#1105,.F.);
#3296 = SURFACE_OF_LINEAR_EXTRUSION('',#3297,#3320);
#3297 = B_SPLINE_CURVE_WITH_KNOTS('',3,(#3298,#3299,#3300,#3301,#3302,
    #3303,#3304,#3305,#3306,#3307,#3308,#3309,#3310,#3311,#3312,#3313,
    #3314,#3315,#3316,#3317,#3318,#3319),.UNSPECIFIED.,.F.,.F.,(4,1,1,1,
    1,1,1,1,1,1,1,1,1,1,1,1,1,1,1,4),(0.,1.091295291394E-02,
    4.36512751805E-02,9.821507409409E-02,0.174604364983,0.272819152956,
    0.392859440335,0.534725228372,0.698416517817,0.883933309155,
    1.091275602718,1.320443398744,1.571436697408,1.844255498843,
    2.138899803152,2.45536961042,2.79366492071,3.153785734078,
    3.535732050569,3.93950387022),.UNSPECIFIED.);
#3298 = CARTESIAN_POINT('',(1.597462052735,-16.36684668293,0.));
#3299 = CARTESIAN_POINT('',(1.597868199519,-16.37046209185,0.));
#3300 = CARTESIAN_POINT('',(1.599635039676,-16.38490489819,0.));
#3301 = CARTESIAN_POINT('',(1.604833998517,-16.41723879315,0.));
#3302 = CARTESIAN_POINT('',(1.61520129682,-16.47081652445,0.));
#3303 = CARTESIAN_POINT('',(1.632439473659,-16.54525464998,0.));
#3304 = CARTESIAN_POINT('',(1.657994012859,-16.64010764401,0.));
#3305 = CARTESIAN_POINT('',(1.693399276021,-16.75483586582,0.));
#3306 = CARTESIAN_POINT('',(1.740115882834,-16.88882184049,0.));
#3307 = CARTESIAN_POINT('',(1.79958832012,-17.0413658687,0.));
#3308 = CARTESIAN_POINT('',(1.873218428273,-17.2116897883,0.));
#3309 = CARTESIAN_POINT('',(1.962369300479,-17.39893803982,0.));
#3310 = CARTESIAN_POINT('',(2.068358925829,-17.6021798845,0.));
#3311 = CARTESIAN_POINT('',(2.192457358594,-17.82041146687,0.));
#3312 = CARTESIAN_POINT('',(2.335882901998,-18.05255814581,0.));
#3313 = CARTESIAN_POINT('',(2.499798677508,-18.29747696075,0.));
#3314 = CARTESIAN_POINT('',(2.685309499428,-18.55395923502,0.));
#3315 = CARTESIAN_POINT('',(2.893457655704,-18.82073345238,0.));
#3316 = CARTESIAN_POINT('',(3.125223949359,-19.09646776712,0.));
#3317 = CARTESIAN_POINT('',(3.381507785255,-19.37977476202,0.));
#3318 = CARTESIAN_POINT('',(3.564222764871,-19.56751507963,0.));
#3319 = CARTESIAN_POINT('',(3.659774873049,-19.66230016754,0.));
#3320 = VECTOR('',#3321,1.);
#3321 = DIRECTION('',(-0.,-0.,-1.));
#3322 = ADVANCED_FACE('',(#3323),#3334,.F.);
#3323 = FACE_BOUND('',#3324,.F.);
#3324 = EDGE_LOOP('',(#3325,#3326,#3327,#3333));
#3325 = ORIENTED_EDGE('',*,*,#3272,.T.);
#3326 = ORIENTED_EDGE('',*,*,#1593,.T.);
#3327 = ORIENTED_EDGE('',*,*,#3328,.F.);
#3328 = EDGE_CURVE('',#484,#1594,#3329,.T.);
#3329 = LINE('',#3330,#3331);
#3330 = CARTESIAN_POINT('',(1.597462052735,16.366846682934,0.));
#3331 = VECTOR('',#3332,1.);
#3332 = DIRECTION('',(0.,0.,1.));
#3333 = ORIENTED_EDGE('',*,*,#483,.F.);
#3334 = SURFACE_OF_LINEAR_EXTRUSION('',#3335,#3358);
#3335 = B_SPLINE_CURVE_WITH_KNOTS('',3,(#3336,#3337,#3338,#3339,#3340,
    #3341,#3342,#3343,#3344,#3345,#3346,#3347,#3348,#3349,#3350,#3351,
    #3352,#3353,#3354,#3355,#3356,#3357),.UNSPECIFIED.,.F.,.F.,(4,1,1,1,
    1,1,1,1,1,1,1,1,1,1,1,1,1,1,1,4),(0.,0.403771819651,0.785718136142,
    1.14583894951,1.484134259801,1.800604067068,2.095248371378,
    2.368067172813,2.619060471477,2.848228267502,3.055570561065,
    3.241087352403,3.404778641848,3.546644429885,3.666684717265,
    3.764899505238,3.841288796126,3.89585259504,3.928590917306,
    3.93950387022),.UNSPECIFIED.);
#3336 = CARTESIAN_POINT('',(3.659774873049,19.662300167544,0.));
#3337 = CARTESIAN_POINT('',(3.564222764871,19.56751507963,0.));
#3338 = CARTESIAN_POINT('',(3.381507785255,19.379774762025,0.));
#3339 = CARTESIAN_POINT('',(3.125223949359,19.096467767126,0.));
#3340 = CARTESIAN_POINT('',(2.893457655704,18.820733452387,0.));
#3341 = CARTESIAN_POINT('',(2.685309499428,18.553959235028,0.));
#3342 = CARTESIAN_POINT('',(2.499798677508,18.297476960754,0.));
#3343 = CARTESIAN_POINT('',(2.335882901998,18.052558145814,0.));
#3344 = CARTESIAN_POINT('',(2.192457358594,17.820411466878,0.));
#3345 = CARTESIAN_POINT('',(2.068358925829,17.6021798845,0.));
#3346 = CARTESIAN_POINT('',(1.962369300479,17.398938039828,0.));
#3347 = CARTESIAN_POINT('',(1.873218428273,17.211689788305,0.));
#3348 = CARTESIAN_POINT('',(1.79958832012,17.0413658687,0.));
#3349 = CARTESIAN_POINT('',(1.740115882834,16.888821840496,0.));
#3350 = CARTESIAN_POINT('',(1.693399276021,16.754835865823,0.));
#3351 = CARTESIAN_POINT('',(1.657994012859,16.640107644012,0.));
#3352 = CARTESIAN_POINT('',(1.632439473659,16.54525464998,0.));
#3353 = CARTESIAN_POINT('',(1.61520129682,16.470816524459,0.));
#3354 = CARTESIAN_POINT('',(1.604833998517,16.41723879315,0.));
#3355 = CARTESIAN_POINT('',(1.599635039676,16.384904898191,0.));
#3356 = CARTESIAN_POINT('',(1.597868199519,16.370462091855,0.));
#3357 = CARTESIAN_POINT('',(1.597462052735,16.366846682934,0.));
#3358 = VECTOR('',#3359,1.);
#3359 = DIRECTION('',(-0.,-0.,-1.));
#3360 = ADVANCED_FACE('',(#3361),#3372,.F.);
#3361 = FACE_BOUND('',#3362,.F.);
#3362 = EDGE_LOOP('',(#3363,#3369,#3370,#3371));
#3363 = ORIENTED_EDGE('',*,*,#3364,.T.);
#3364 = EDGE_CURVE('',#1092,#2202,#3365,.T.);
#3365 = LINE('',#3366,#3367);
#3366 = CARTESIAN_POINT('',(1.396415107306,-14.3070140088,0.));
#3367 = VECTOR('',#3368,1.);
#3368 = DIRECTION('',(0.,0.,1.));
#3369 = ORIENTED_EDGE('',*,*,#2208,.T.);
#3370 = ORIENTED_EDGE('',*,*,#3288,.F.);
#3371 = ORIENTED_EDGE('',*,*,#1098,.F.);
#3372 = SURFACE_OF_LINEAR_EXTRUSION('',#3373,#3376);
#3373 = B_SPLINE_CURVE_WITH_KNOTS('',1,(#3374,#3375),.UNSPECIFIED.,.F.,
  .F.,(2,2),(0.,2.069620863753),.PIECEWISE_BEZIER_KNOTS.);
#3374 = CARTESIAN_POINT('',(1.396415107306,-14.3070140088,0.));
#3375 = CARTESIAN_POINT('',(1.597462052735,-16.36684668293,0.));
#3376 = VECTOR('',#3377,1.);
#3377 = DIRECTION('',(-0.,-0.,-1.));
#3378 = ADVANCED_FACE('',(#3379),#3390,.F.);
#3379 = FACE_BOUND('',#3380,.F.);
#3380 = EDGE_LOOP('',(#3381,#3382,#3383,#3389));
#3381 = ORIENTED_EDGE('',*,*,#3328,.T.);
#3382 = ORIENTED_EDGE('',*,*,#1620,.T.);
#3383 = ORIENTED_EDGE('',*,*,#3384,.F.);
#3384 = EDGE_CURVE('',#511,#1621,#3385,.T.);
#3385 = LINE('',#3386,#3387);
#3386 = CARTESIAN_POINT('',(1.396415107306,14.307014008803,0.));
#3387 = VECTOR('',#3388,1.);
#3388 = DIRECTION('',(0.,0.,1.));
#3389 = ORIENTED_EDGE('',*,*,#510,.F.);
#3390 = SURFACE_OF_LINEAR_EXTRUSION('',#3391,#3394);
#3391 = B_SPLINE_CURVE_WITH_KNOTS('',1,(#3392,#3393),.UNSPECIFIED.,.F.,
  .F.,(2,2),(0.,2.069620863753),.PIECEWISE_BEZIER_KNOTS.);
#3392 = CARTESIAN_POINT('',(1.597462052735,16.366846682934,0.));
#3393 = CARTESIAN_POINT('',(1.396415107306,14.307014008803,0.));
#3394 = VECTOR('',#3395,1.);
#3395 = DIRECTION('',(-0.,-0.,-1.));
#3396 = ADVANCED_FACE('',(#3397),#3408,.F.);
#3397 = FACE_BOUND('',#3398,.F.);
#3398 = EDGE_LOOP('',(#3399,#3405,#3406,#3407));
#3399 = ORIENTED_EDGE('',*,*,#3400,.T.);
#3400 = EDGE_CURVE('',#1085,#2195,#3401,.T.);
#3401 = LINE('',#3402,#3403);
#3402 = CARTESIAN_POINT('',(-1.396415107306,-14.3070140088,0.));
#3403 = VECTOR('',#3404,1.);
#3404 = DIRECTION('',(0.,0.,1.));
#3405 = ORIENTED_EDGE('',*,*,#2201,.T.);
#3406 = ORIENTED_EDGE('',*,*,#3364,.F.);
#3407 = ORIENTED_EDGE('',*,*,#1091,.F.);
#3408 = SURFACE_OF_LINEAR_EXTRUSION('',#3409,#3412);
#3409 = B_SPLINE_CURVE_WITH_KNOTS('',1,(#3410,#3411),.UNSPECIFIED.,.F.,
  .F.,(2,2),(0.,2.792830214612),.PIECEWISE_BEZIER_KNOTS.);
#3410 = CARTESIAN_POINT('',(-1.396415107306,-14.3070140088,0.));
#3411 = CARTESIAN_POINT('',(1.396415107306,-14.3070140088,0.));
#3412 = VECTOR('',#3413,1.);
#3413 = DIRECTION('',(-0.,-0.,-1.));
#3414 = ADVANCED_FACE('',(#3415),#3426,.F.);
#3415 = FACE_BOUND('',#3416,.F.);
#3416 = EDGE_LOOP('',(#3417,#3418,#3419,#3425));
#3417 = ORIENTED_EDGE('',*,*,#3384,.T.);
#3418 = ORIENTED_EDGE('',*,*,#1627,.T.);
#3419 = ORIENTED_EDGE('',*,*,#3420,.F.);
#3420 = EDGE_CURVE('',#518,#1628,#3421,.T.);
#3421 = LINE('',#3422,#3423);
#3422 = CARTESIAN_POINT('',(-1.396415107306,14.307014008803,0.));
#3423 = VECTOR('',#3424,1.);
#3424 = DIRECTION('',(0.,0.,1.));
#3425 = ORIENTED_EDGE('',*,*,#517,.F.);
#3426 = SURFACE_OF_LINEAR_EXTRUSION('',#3427,#3430);
#3427 = B_SPLINE_CURVE_WITH_KNOTS('',1,(#3428,#3429),.UNSPECIFIED.,.F.,
  .F.,(2,2),(0.,2.792830214612),.PIECEWISE_BEZIER_KNOTS.);
#3428 = CARTESIAN_POINT('',(1.396415107306,14.307014008803,0.));
#3429 = CARTESIAN_POINT('',(-1.396415107306,14.307014008803,0.));
#3430 = VECTOR('',#3431,1.);
#3431 = DIRECTION('',(-0.,-0.,-1.));
#3432 = ADVANCED_FACE('',(#3433),#3444,.F.);
#3433 = FACE_BOUND('',#3434,.F.);
#3434 = EDGE_LOOP('',(#3435,#3441,#3442,#3443));
#3435 = ORIENTED_EDGE('',*,*,#3436,.T.);
#3436 = EDGE_CURVE('',#1058,#2168,#3437,.T.);
#3437 = LINE('',#3438,#3439);
#3438 = CARTESIAN_POINT('',(-1.597462052735,-16.36684668293,0.));
#3439 = VECTOR('',#3440,1.);
#3440 = DIRECTION('',(0.,0.,1.));
#3441 = ORIENTED_EDGE('',*,*,#2194,.T.);
#3442 = ORIENTED_EDGE('',*,*,#3400,.F.);
#3443 = ORIENTED_EDGE('',*,*,#1084,.F.);
#3444 = SURFACE_OF_LINEAR_EXTRUSION('',#3445,#3448);
#3445 = B_SPLINE_CURVE_WITH_KNOTS('',1,(#3446,#3447),.UNSPECIFIED.,.F.,
  .F.,(2,2),(0.,2.069620863753),.PIECEWISE_BEZIER_KNOTS.);
#3446 = CARTESIAN_POINT('',(-1.597462052735,-16.36684668293,0.));
#3447 = CARTESIAN_POINT('',(-1.396415107306,-14.3070140088,0.));
#3448 = VECTOR('',#3449,1.);
#3449 = DIRECTION('',(-0.,-0.,-1.));
#3450 = ADVANCED_FACE('',(#3451),#3462,.F.);
#3451 = FACE_BOUND('',#3452,.F.);
#3452 = EDGE_LOOP('',(#3453,#3454,#3455,#3461));
#3453 = ORIENTED_EDGE('',*,*,#3420,.T.);
#3454 = ORIENTED_EDGE('',*,*,#1634,.T.);
#3455 = ORIENTED_EDGE('',*,*,#3456,.F.);
#3456 = EDGE_CURVE('',#525,#1635,#3457,.T.);
#3457 = LINE('',#3458,#3459);
#3458 = CARTESIAN_POINT('',(-1.597462052735,16.366846682934,0.));
#3459 = VECTOR('',#3460,1.);
#3460 = DIRECTION('',(0.,0.,1.));
#3461 = ORIENTED_EDGE('',*,*,#524,.F.);
#3462 = SURFACE_OF_LINEAR_EXTRUSION('',#3463,#3466);
#3463 = B_SPLINE_CURVE_WITH_KNOTS('',1,(#3464,#3465),.UNSPECIFIED.,.F.,
  .F.,(2,2),(0.,2.069620863753),.PIECEWISE_BEZIER_KNOTS.);
#3464 = CARTESIAN_POINT('',(-1.396415107306,14.307014008803,0.));
#3465 = CARTESIAN_POINT('',(-1.597462052735,16.366846682934,0.));
#3466 = VECTOR('',#3467,1.);
#3467 = DIRECTION('',(-0.,-0.,-1.));
#3468 = ADVANCED_FACE('',(#3469),#3480,.F.);
#3469 = FACE_BOUND('',#3470,.F.);
#3470 = EDGE_LOOP('',(#3471,#3477,#3478,#3479));
#3471 = ORIENTED_EDGE('',*,*,#3472,.T.);
#3472 = EDGE_CURVE('',#1051,#2161,#3473,.T.);
#3473 = LINE('',#3474,#3475);
#3474 = CARTESIAN_POINT('',(-3.659774873049,-19.66230016754,0.));
#3475 = VECTOR('',#3476,1.);
#3476 = DIRECTION('',(0.,0.,1.));
#3477 = ORIENTED_EDGE('',*,*,#2167,.T.);
#3478 = ORIENTED_EDGE('',*,*,#3436,.F.);
#3479 = ORIENTED_EDGE('',*,*,#1057,.F.);
#3480 = SURFACE_OF_LINEAR_EXTRUSION('',#3481,#3504);
#3481 = B_SPLINE_CURVE_WITH_KNOTS('',3,(#3482,#3483,#3484,#3485,#3486,
    #3487,#3488,#3489,#3490,#3491,#3492,#3493,#3494,#3495,#3496,#3497,
    #3498,#3499,#3500,#3501,#3502,#3503),.UNSPECIFIED.,.F.,.F.,(4,1,1,1,
    1,1,1,1,1,1,1,1,1,1,1,1,1,1,1,4),(0.,0.403771819651,0.785718136142,
    1.14583894951,1.484134259801,1.800604067068,2.095248371378,
    2.368067172813,2.619060471477,2.848228267502,3.055570561065,
    3.241087352403,3.404778641848,3.546644429885,3.666684717265,
    3.764899505238,3.841288796126,3.89585259504,3.928590917306,
    3.93950387022),.UNSPECIFIED.);
#3482 = CARTESIAN_POINT('',(-3.659774873049,-19.66230016754,0.));
#3483 = CARTESIAN_POINT('',(-3.564222764871,-19.56751507963,0.));
#3484 = CARTESIAN_POINT('',(-3.381507785255,-19.37977476202,0.));
#3485 = CARTESIAN_POINT('',(-3.125223949359,-19.09646776712,0.));
#3486 = CARTESIAN_POINT('',(-2.893457655704,-18.82073345238,0.));
#3487 = CARTESIAN_POINT('',(-2.685309499428,-18.55395923502,0.));
#3488 = CARTESIAN_POINT('',(-2.499798677508,-18.29747696075,0.));
#3489 = CARTESIAN_POINT('',(-2.335882901998,-18.05255814581,0.));
#3490 = CARTESIAN_POINT('',(-2.192457358594,-17.82041146687,0.));
#3491 = CARTESIAN_POINT('',(-2.068358925829,-17.6021798845,0.));
#3492 = CARTESIAN_POINT('',(-1.962369300479,-17.39893803982,0.));
#3493 = CARTESIAN_POINT('',(-1.873218428273,-17.2116897883,0.));
#3494 = CARTESIAN_POINT('',(-1.79958832012,-17.0413658687,0.));
#3495 = CARTESIAN_POINT('',(-1.740115882834,-16.88882184049,0.));
#3496 = CARTESIAN_POINT('',(-1.693399276021,-16.75483586582,0.));
#3497 = CARTESIAN_POINT('',(-1.657994012859,-16.64010764401,0.));
#3498 = CARTESIAN_POINT('',(-1.632439473659,-16.54525464998,0.));
#3499 = CARTESIAN_POINT('',(-1.61520129682,-16.47081652445,0.));
#3500 = CARTESIAN_POINT('',(-1.604833998517,-16.41723879315,0.));
#3501 = CARTESIAN_POINT('',(-1.599635039676,-16.38490489819,0.));
#3502 = CARTESIAN_POINT('',(-1.597868199519,-16.37046209185,0.));
#3503 = CARTESIAN_POINT('',(-1.597462052735,-16.36684668293,0.));
#3504 = VECTOR('',#3505,1.);
#3505 = DIRECTION('',(-0.,-0.,-1.));
#3506 = ADVANCED_FACE('',(#3507),#3518,.F.);
#3507 = FACE_BOUND('',#3508,.F.);
#3508 = EDGE_LOOP('',(#3509,#3510,#3511,#3517));
#3509 = ORIENTED_EDGE('',*,*,#3456,.T.);
#3510 = ORIENTED_EDGE('',*,*,#1641,.T.);
#3511 = ORIENTED_EDGE('',*,*,#3512,.F.);
#3512 = EDGE_CURVE('',#532,#1642,#3513,.T.);
#3513 = LINE('',#3514,#3515);
#3514 = CARTESIAN_POINT('',(-3.659774873049,19.662300167544,0.));
#3515 = VECTOR('',#3516,1.);
#3516 = DIRECTION('',(0.,0.,1.));
#3517 = ORIENTED_EDGE('',*,*,#531,.F.);
#3518 = SURFACE_OF_LINEAR_EXTRUSION('',#3519,#3542);
#3519 = B_SPLINE_CURVE_WITH_KNOTS('',3,(#3520,#3521,#3522,#3523,#3524,
    #3525,#3526,#3527,#3528,#3529,#3530,#3531,#3532,#3533,#3534,#3535,
    #3536,#3537,#3538,#3539,#3540,#3541),.UNSPECIFIED.,.F.,.F.,(4,1,1,1,
    1,1,1,1,1,1,1,1,1,1,1,1,1,1,1,4),(0.,1.091295291394E-02,
    4.36512751805E-02,9.821507409409E-02,0.174604364983,0.272819152956,
    0.392859440335,0.534725228372,0.698416517817,0.883933309155,
    1.091275602718,1.320443398744,1.571436697408,1.844255498843,
    2.138899803152,2.45536961042,2.79366492071,3.153785734078,
    3.535732050569,3.93950387022),.UNSPECIFIED.);
#3520 = CARTESIAN_POINT('',(-1.597462052735,16.366846682934,0.));
#3521 = CARTESIAN_POINT('',(-1.597868199519,16.370462091855,0.));
#3522 = CARTESIAN_POINT('',(-1.599635039676,16.384904898191,0.));
#3523 = CARTESIAN_POINT('',(-1.604833998517,16.41723879315,0.));
#3524 = CARTESIAN_POINT('',(-1.61520129682,16.470816524459,0.));
#3525 = CARTESIAN_POINT('',(-1.632439473659,16.54525464998,0.));
#3526 = CARTESIAN_POINT('',(-1.657994012859,16.640107644012,0.));
#3527 = CARTESIAN_POINT('',(-1.693399276021,16.754835865823,0.));
#3528 = CARTESIAN_POINT('',(-1.740115882834,16.888821840496,0.));
#3529 = CARTESIAN_POINT('',(-1.79958832012,17.0413658687,0.));
#3530 = CARTESIAN_POINT('',(-1.873218428273,17.211689788305,0.));
#3531 = CARTESIAN_POINT('',(-1.962369300479,17.398938039828,0.));
#3532 = CARTESIAN_POINT('',(-2.068358925829,17.6021798845,0.));
#3533 = CARTESIAN_POINT('',(-2.192457358594,17.820411466878,0.));
#3534 = CARTESIAN_POINT('',(-2.335882901998,18.052558145814,0.));
#3535 = CARTESIAN_POINT('',(-2.499798677508,18.297476960754,0.));
#3536 = CARTESIAN_POINT('',(-2.685309499428,18.553959235028,0.));
#3537 = CARTESIAN_POINT('',(-2.893457655704,18.820733452387,0.));
#3538 = CARTESIAN_POINT('',(-3.125223949359,19.096467767126,0.));
#3539 = CARTESIAN_POINT('',(-3.381507785255,19.379774762025,0.));
#3540 = CARTESIAN_POINT('',(-3.564222764871,19.56751507963,0.));
#3541 = CARTESIAN_POINT('',(-3.659774873049,19.662300167544,0.));
#3542 = VECTOR('',#3543,1.);
#3543 = DIRECTION('',(-0.,-0.,-1.));
#3544 = ADVANCED_FACE('',(#3545),#3556,.F.);
#3545 = FACE_BOUND('',#3546,.F.);
#3546 = EDGE_LOOP('',(#3547,#3553,#3554,#3555));
#3547 = ORIENTED_EDGE('',*,*,#3548,.T.);
#3548 = EDGE_CURVE('',#1024,#2134,#3549,.T.);
#3549 = LINE('',#3550,#3551);
#3550 = CARTESIAN_POINT('',(-5.233809092197,-19.30303712855,0.));
#3551 = VECTOR('',#3552,1.);
#3552 = DIRECTION('',(0.,0.,1.));
#3553 = ORIENTED_EDGE('',*,*,#2160,.T.);
#3554 = ORIENTED_EDGE('',*,*,#3472,.F.);
#3555 = ORIENTED_EDGE('',*,*,#1050,.F.);
#3556 = SURFACE_OF_LINEAR_EXTRUSION('',#3557,#3560);
#3557 = B_SPLINE_CURVE_WITH_KNOTS('',1,(#3558,#3559),.UNSPECIFIED.,.F.,
  .F.,(2,2),(0.,1.614513441948),.PIECEWISE_BEZIER_KNOTS.);
#3558 = CARTESIAN_POINT('',(-5.233809092197,-19.30303712855,0.));
#3559 = CARTESIAN_POINT('',(-3.659774873049,-19.66230016754,0.));
#3560 = VECTOR('',#3561,1.);
#3561 = DIRECTION('',(-0.,-0.,-1.));
#3562 = ADVANCED_FACE('',(#3563),#3574,.F.);
#3563 = FACE_BOUND('',#3564,.F.);
#3564 = EDGE_LOOP('',(#3565,#3566,#3567,#3573));
#3565 = ORIENTED_EDGE('',*,*,#3512,.T.);
#3566 = ORIENTED_EDGE('',*,*,#1668,.T.);
#3567 = ORIENTED_EDGE('',*,*,#3568,.F.);
#3568 = EDGE_CURVE('',#559,#1669,#3569,.T.);
#3569 = LINE('',#3570,#3571);
#3570 = CARTESIAN_POINT('',(-5.233809092197,19.303037128557,0.));
#3571 = VECTOR('',#3572,1.);
#3572 = DIRECTION('',(0.,0.,1.));
#3573 = ORIENTED_EDGE('',*,*,#558,.F.);
#3574 = SURFACE_OF_LINEAR_EXTRUSION('',#3575,#3578);
#3575 = B_SPLINE_CURVE_WITH_KNOTS('',1,(#3576,#3577),.UNSPECIFIED.,.F.,
  .F.,(2,2),(0.,1.614513441948),.PIECEWISE_BEZIER_KNOTS.);
#3576 = CARTESIAN_POINT('',(-3.659774873049,19.662300167544,0.));
#3577 = CARTESIAN_POINT('',(-5.233809092197,19.303037128557,0.));
#3578 = VECTOR('',#3579,1.);
#3579 = DIRECTION('',(-0.,-0.,-1.));
#3580 = ADVANCED_FACE('',(#3581),#3592,.F.);
#3581 = FACE_BOUND('',#3582,.F.);
#3582 = EDGE_LOOP('',(#3583,#3589,#3590,#3591));
#3583 = ORIENTED_EDGE('',*,*,#3584,.T.);
#3584 = EDGE_CURVE('',#1017,#2127,#3585,.T.);
#3585 = LINE('',#3586,#3587);
#3586 = CARTESIAN_POINT('',(-5.662045059186,-15.43913213559,0.));
#3587 = VECTOR('',#3588,1.);
#3588 = DIRECTION('',(0.,0.,1.));
#3589 = ORIENTED_EDGE('',*,*,#2133,.T.);
#3590 = ORIENTED_EDGE('',*,*,#3548,.F.);
#3591 = ORIENTED_EDGE('',*,*,#1023,.F.);
#3592 = SURFACE_OF_LINEAR_EXTRUSION('',#3593,#3616);
#3593 = B_SPLINE_CURVE_WITH_KNOTS('',3,(#3594,#3595,#3596,#3597,#3598,
    #3599,#3600,#3601,#3602,#3603,#3604,#3605,#3606,#3607,#3608,#3609,
    #3610,#3611,#3612,#3613,#3614,#3615),.UNSPECIFIED.,.F.,.F.,(4,1,1,1,
    1,1,1,1,1,1,1,1,1,1,1,1,1,1,1,4),(0.,1.091295291394E-02,
    4.36512751805E-02,9.821507409409E-02,0.174604364983,0.272819152956,
    0.392859440335,0.534725228372,0.698416517817,0.883933309155,
    1.091275602718,1.320443398744,1.571436697408,1.844255498843,
    2.138899803152,2.45536961042,2.79366492071,3.153785734078,
    3.535732050569,3.93950387022),.UNSPECIFIED.);
#3594 = CARTESIAN_POINT('',(-5.662045059186,-15.43913213559,0.));
#3595 = CARTESIAN_POINT('',(-5.663247800719,-15.44256572696,0.));
#3596 = CARTESIAN_POINT('',(-5.667922431559,-15.45634484905,0.));
#3597 = CARTESIAN_POINT('',(-5.677267482742,-15.48773242548,0.));
#3598 = CARTESIAN_POINT('',(-5.691173376121,-15.54050249556,0.));
#3599 = CARTESIAN_POINT('',(-5.707939807684,-15.61504829386,0.));
#3600 = CARTESIAN_POINT('',(-5.726071135148,-15.71159558753,0.));
#3601 = CARTESIAN_POINT('',(-5.743950805141,-15.83032391162,0.));
#3602 = CARTESIAN_POINT('',(-5.759994932468,-15.97131067957,0.));
#3603 = CARTESIAN_POINT('',(-5.772598491313,-16.13455222343,0.));
#3604 = CARTESIAN_POINT('',(-5.780160835226,-16.3199556791,0.));
#3605 = CARTESIAN_POINT('',(-5.781082646336,-16.52734163807,0.));
#3606 = CARTESIAN_POINT('',(-5.773772625087,-16.75644338772,0.));
#3607 = CARTESIAN_POINT('',(-5.756650935565,-17.00690754147,0.));
#3608 = CARTESIAN_POINT('',(-5.728153655178,-17.27829448303,0.));
#3609 = CARTESIAN_POINT('',(-5.686736935691,-17.57007910004,0.));
#3610 = CARTESIAN_POINT('',(-5.630880948662,-17.88165177339,0.));
#3611 = CARTESIAN_POINT('',(-5.559094934874,-18.21231913832,0.));
#3612 = CARTESIAN_POINT('',(-5.469917355143,-18.56130679781,0.));
#3613 = CARTESIAN_POINT('',(-5.361935895919,-18.92775496926,0.));
#3614 = CARTESIAN_POINT('',(-5.278772858571,-19.17618020922,0.));
#3615 = CARTESIAN_POINT('',(-5.233809092197,-19.30303712855,0.));
#3616 = VECTOR('',#3617,1.);
#3617 = DIRECTION('',(-0.,-0.,-1.));
#3618 = ADVANCED_FACE('',(#3619),#3630,.F.);
#3619 = FACE_BOUND('',#3620,.F.);
#3620 = EDGE_LOOP('',(#3621,#3622,#3623,#3629));
#3621 = ORIENTED_EDGE('',*,*,#3568,.T.);
#3622 = ORIENTED_EDGE('',*,*,#1675,.T.);
#3623 = ORIENTED_EDGE('',*,*,#3624,.F.);
#3624 = EDGE_CURVE('',#566,#1676,#3625,.T.);
#3625 = LINE('',#3626,#3627);
#3626 = CARTESIAN_POINT('',(-5.662045059186,15.439132135594,0.));
#3627 = VECTOR('',#3628,1.);
#3628 = DIRECTION('',(0.,0.,1.));
#3629 = ORIENTED_EDGE('',*,*,#565,.F.);
#3630 = SURFACE_OF_LINEAR_EXTRUSION('',#3631,#3654);
#3631 = B_SPLINE_CURVE_WITH_KNOTS('',3,(#3632,#3633,#3634,#3635,#3636,
    #3637,#3638,#3639,#3640,#3641,#3642,#3643,#3644,#3645,#3646,#3647,
    #3648,#3649,#3650,#3651,#3652,#3653),.UNSPECIFIED.,.F.,.F.,(4,1,1,1,
    1,1,1,1,1,1,1,1,1,1,1,1,1,1,1,4),(0.,0.403771819651,0.785718136142,
    1.14583894951,1.484134259801,1.800604067068,2.095248371378,
    2.368067172813,2.619060471477,2.848228267502,3.055570561065,
    3.241087352403,3.404778641848,3.546644429885,3.666684717265,
    3.764899505238,3.841288796126,3.89585259504,3.928590917306,
    3.93950387022),.UNSPECIFIED.);
#3632 = CARTESIAN_POINT('',(-5.233809092197,19.303037128557,0.));
#3633 = CARTESIAN_POINT('',(-5.278772858571,19.176180209228,0.));
#3634 = CARTESIAN_POINT('',(-5.361935895919,18.927754969267,0.));
#3635 = CARTESIAN_POINT('',(-5.469917355143,18.56130679781,0.));
#3636 = CARTESIAN_POINT('',(-5.559094934874,18.212319138326,0.));
#3637 = CARTESIAN_POINT('',(-5.630880948662,17.881651773391,0.));
#3638 = CARTESIAN_POINT('',(-5.686736935691,17.57007910004,0.));
#3639 = CARTESIAN_POINT('',(-5.728153655178,17.278294483037,0.));
#3640 = CARTESIAN_POINT('',(-5.756650935565,17.006907541471,0.));
#3641 = CARTESIAN_POINT('',(-5.773772625087,16.756443387729,0.));
#3642 = CARTESIAN_POINT('',(-5.781082646336,16.52734163807,0.));
#3643 = CARTESIAN_POINT('',(-5.780160835226,16.3199556791,0.));
#3644 = CARTESIAN_POINT('',(-5.772598491313,16.134552223439,0.));
#3645 = CARTESIAN_POINT('',(-5.759994932468,15.971310679579,0.));
#3646 = CARTESIAN_POINT('',(-5.743950805141,15.830323911621,0.));
#3647 = CARTESIAN_POINT('',(-5.726071135148,15.711595587534,0.));
#3648 = CARTESIAN_POINT('',(-5.707939807684,15.615048293864,0.));
#3649 = CARTESIAN_POINT('',(-5.691173376121,15.540502495562,0.));
#3650 = CARTESIAN_POINT('',(-5.677267482742,15.487732425487,0.));
#3651 = CARTESIAN_POINT('',(-5.667922431559,15.45634484905,0.));
#3652 = CARTESIAN_POINT('',(-5.663247800719,15.442565726963,0.));
#3653 = CARTESIAN_POINT('',(-5.662045059186,15.439132135594,0.));
#3654 = VECTOR('',#3655,1.);
#3655 = DIRECTION('',(-0.,-0.,-1.));
#3656 = ADVANCED_FACE('',(#3657),#3668,.F.);
#3657 = FACE_BOUND('',#3658,.F.);
#3658 = EDGE_LOOP('',(#3659,#3665,#3666,#3667));
#3659 = ORIENTED_EDGE('',*,*,#3660,.T.);
#3660 = EDGE_CURVE('',#1010,#2120,#3661,.T.);
#3661 = LINE('',#3662,#3663);
#3662 = CARTESIAN_POINT('',(-4.949454195396,-13.49605602269,0.));
#3663 = VECTOR('',#3664,1.);
#3664 = DIRECTION('',(0.,0.,1.));
#3665 = ORIENTED_EDGE('',*,*,#2126,.T.);
#3666 = ORIENTED_EDGE('',*,*,#3584,.F.);
#3667 = ORIENTED_EDGE('',*,*,#1016,.F.);
#3668 = SURFACE_OF_LINEAR_EXTRUSION('',#3669,#3672);
#3669 = B_SPLINE_CURVE_WITH_KNOTS('',1,(#3670,#3671),.UNSPECIFIED.,.F.,
  .F.,(2,2),(0.,2.069620863753),.PIECEWISE_BEZIER_KNOTS.);
#3670 = CARTESIAN_POINT('',(-4.949454195396,-13.49605602269,0.));
#3671 = CARTESIAN_POINT('',(-5.662045059186,-15.43913213559,0.));
#3672 = VECTOR('',#3673,1.);
#3673 = DIRECTION('',(-0.,-0.,-1.));
#3674 = ADVANCED_FACE('',(#3675),#3686,.F.);
#3675 = FACE_BOUND('',#3676,.F.);
#3676 = EDGE_LOOP('',(#3677,#3678,#3679,#3685));
#3677 = ORIENTED_EDGE('',*,*,#3624,.T.);
#3678 = ORIENTED_EDGE('',*,*,#1702,.T.);
#3679 = ORIENTED_EDGE('',*,*,#3680,.F.);
#3680 = EDGE_CURVE('',#593,#1703,#3681,.T.);
#3681 = LINE('',#3682,#3683);
#3682 = CARTESIAN_POINT('',(-4.949454195396,13.496056022693,0.));
#3683 = VECTOR('',#3684,1.);
#3684 = DIRECTION('',(0.,0.,1.));
#3685 = ORIENTED_EDGE('',*,*,#592,.F.);
#3686 = SURFACE_OF_LINEAR_EXTRUSION('',#3687,#3690);
#3687 = B_SPLINE_CURVE_WITH_KNOTS('',1,(#3688,#3689),.UNSPECIFIED.,.F.,
  .F.,(2,2),(0.,2.069620863753),.PIECEWISE_BEZIER_KNOTS.);
#3688 = CARTESIAN_POINT('',(-5.662045059186,15.439132135594,0.));
#3689 = CARTESIAN_POINT('',(-4.949454195396,13.496056022693,0.));
#3690 = VECTOR('',#3691,1.);
#3691 = DIRECTION('',(-0.,-0.,-1.));
#3692 = ADVANCED_FACE('',(#3693),#3704,.F.);
#3693 = FACE_BOUND('',#3694,.F.);
#3694 = EDGE_LOOP('',(#3695,#3701,#3702,#3703));
#3695 = ORIENTED_EDGE('',*,*,#3696,.T.);
#3696 = EDGE_CURVE('',#1003,#2113,#3697,.T.);
#3697 = LINE('',#3698,#3699);
#3698 = CARTESIAN_POINT('',(-7.465707272098,-12.28429240645,0.));
#3699 = VECTOR('',#3700,1.);
#3700 = DIRECTION('',(0.,0.,1.));
#3701 = ORIENTED_EDGE('',*,*,#2119,.T.);
#3702 = ORIENTED_EDGE('',*,*,#3660,.F.);
#3703 = ORIENTED_EDGE('',*,*,#1009,.F.);
#3704 = SURFACE_OF_LINEAR_EXTRUSION('',#3705,#3708);
#3705 = B_SPLINE_CURVE_WITH_KNOTS('',1,(#3706,#3707),.UNSPECIFIED.,.F.,
  .F.,(2,2),(0.,2.792830214612),.PIECEWISE_BEZIER_KNOTS.);
#3706 = CARTESIAN_POINT('',(-7.465707272098,-12.28429240645,0.));
#3707 = CARTESIAN_POINT('',(-4.949454195396,-13.49605602269,0.));
#3708 = VECTOR('',#3709,1.);
#3709 = DIRECTION('',(-0.,-0.,-1.));
#3710 = ADVANCED_FACE('',(#3711),#3722,.F.);
#3711 = FACE_BOUND('',#3712,.F.);
#3712 = EDGE_LOOP('',(#3713,#3714,#3715,#3721));
#3713 = ORIENTED_EDGE('',*,*,#3680,.T.);
#3714 = ORIENTED_EDGE('',*,*,#1709,.T.);
#3715 = ORIENTED_EDGE('',*,*,#3716,.F.);
#3716 = EDGE_CURVE('',#600,#1710,#3717,.T.);
#3717 = LINE('',#3718,#3719);
#3718 = CARTESIAN_POINT('',(-7.465707272098,12.284292406457,0.));
#3719 = VECTOR('',#3720,1.);
#3720 = DIRECTION('',(0.,0.,1.));
#3721 = ORIENTED_EDGE('',*,*,#599,.F.);
#3722 = SURFACE_OF_LINEAR_EXTRUSION('',#3723,#3726);
#3723 = B_SPLINE_CURVE_WITH_KNOTS('',1,(#3724,#3725),.UNSPECIFIED.,.F.,
  .F.,(2,2),(0.,2.792830214612),.PIECEWISE_BEZIER_KNOTS.);
#3724 = CARTESIAN_POINT('',(-4.949454195396,13.496056022693,0.));
#3725 = CARTESIAN_POINT('',(-7.465707272098,12.284292406457,0.));
#3726 = VECTOR('',#3727,1.);
#3727 = DIRECTION('',(-0.,-0.,-1.));
#3728 = ADVANCED_FACE('',(#3729),#3740,.F.);
#3729 = FACE_BOUND('',#3730,.F.);
#3730 = EDGE_LOOP('',(#3731,#3737,#3738,#3739));
#3731 = ORIENTED_EDGE('',*,*,#3732,.T.);
#3732 = EDGE_CURVE('',#976,#2086,#3733,.T.);
#3733 = LINE('',#3734,#3735);
#3734 = CARTESIAN_POINT('',(-8.540572213525,-14.05290651851,0.));
#3735 = VECTOR('',#3736,1.);
#3736 = DIRECTION('',(0.,0.,1.));
#3737 = ORIENTED_EDGE('',*,*,#2112,.T.);
#3738 = ORIENTED_EDGE('',*,*,#3696,.F.);
#3739 = ORIENTED_EDGE('',*,*,#1002,.F.);
#3740 = SURFACE_OF_LINEAR_EXTRUSION('',#3741,#3744);
#3741 = B_SPLINE_CURVE_WITH_KNOTS('',1,(#3742,#3743),.UNSPECIFIED.,.F.,
  .F.,(2,2),(0.,2.069620863753),.PIECEWISE_BEZIER_KNOTS.);
#3742 = CARTESIAN_POINT('',(-8.540572213525,-14.05290651851,0.));
#3743 = CARTESIAN_POINT('',(-7.465707272098,-12.28429240645,0.));
#3744 = VECTOR('',#3745,1.);
#3745 = DIRECTION('',(-0.,-0.,-1.));
#3746 = ADVANCED_FACE('',(#3747),#3758,.F.);
#3747 = FACE_BOUND('',#3748,.F.);
#3748 = EDGE_LOOP('',(#3749,#3750,#3751,#3757));
#3749 = ORIENTED_EDGE('',*,*,#3716,.T.);
#3750 = ORIENTED_EDGE('',*,*,#1716,.T.);
#3751 = ORIENTED_EDGE('',*,*,#3752,.F.);
#3752 = EDGE_CURVE('',#607,#1717,#3753,.T.);
#3753 = LINE('',#3754,#3755);
#3754 = CARTESIAN_POINT('',(-8.540572213525,14.052906518517,0.));
#3755 = VECTOR('',#3756,1.);
#3756 = DIRECTION('',(0.,0.,1.));
#3757 = ORIENTED_EDGE('',*,*,#606,.F.);
#3758 = SURFACE_OF_LINEAR_EXTRUSION('',#3759,#3762);
#3759 = B_SPLINE_CURVE_WITH_KNOTS('',1,(#3760,#3761),.UNSPECIFIED.,.F.,
  .F.,(2,2),(0.,2.069620863753),.PIECEWISE_BEZIER_KNOTS.);
#3760 = CARTESIAN_POINT('',(-7.465707272098,12.284292406457,0.));
#3761 = CARTESIAN_POINT('',(-8.540572213525,14.052906518517,0.));
#3762 = VECTOR('',#3763,1.);
#3763 = DIRECTION('',(-0.,-0.,-1.));
#3764 = ADVANCED_FACE('',(#3765),#3776,.F.);
#3765 = FACE_BOUND('',#3766,.F.);
#3766 = EDGE_LOOP('',(#3767,#3773,#3774,#3775));
#3767 = ORIENTED_EDGE('',*,*,#3768,.T.);
#3768 = EDGE_CURVE('',#969,#2079,#3769,.T.);
#3769 = LINE('',#3770,#3771);
#3770 = CARTESIAN_POINT('',(-11.82849554049,-16.12720351606,0.));
#3771 = VECTOR('',#3772,1.);
#3772 = DIRECTION('',(0.,0.,1.));
#3773 = ORIENTED_EDGE('',*,*,#2085,.T.);
#3774 = ORIENTED_EDGE('',*,*,#3732,.F.);
#3775 = ORIENTED_EDGE('',*,*,#975,.F.);
#3776 = SURFACE_OF_LINEAR_EXTRUSION('',#3777,#3800);
#3777 = B_SPLINE_CURVE_WITH_KNOTS('',3,(#3778,#3779,#3780,#3781,#3782,
    #3783,#3784,#3785,#3786,#3787,#3788,#3789,#3790,#3791,#3792,#3793,
    #3794,#3795,#3796,#3797,#3798,#3799),.UNSPECIFIED.,.F.,.F.,(4,1,1,1,
    1,1,1,1,1,1,1,1,1,1,1,1,1,1,1,4),(0.,0.403771819651,0.785718136142,
    1.14583894951,1.484134259801,1.800604067068,2.095248371378,
    2.368067172813,2.619060471477,2.848228267502,3.055570561065,
    3.241087352403,3.404778641848,3.546644429885,3.666684717265,
    3.764899505238,3.841288796126,3.89585259504,3.928590917306,
    3.93950387022),.UNSPECIFIED.);
#3778 = CARTESIAN_POINT('',(-11.82849554049,-16.12720351606,0.));
#3779 = CARTESIAN_POINT('',(-11.7012803574,-16.08326360868,0.));
#3780 = CARTESIAN_POINT('',(-11.45520237808,-15.99339248582,0.));
#3781 = CARTESIAN_POINT('',(-11.10137632233,-15.84933909235,0.));
#3782 = CARTESIAN_POINT('',(-10.77292547164,-15.70147068505,0.));
#3783 = CARTESIAN_POINT('',(-10.46964146799,-15.55142752079,0.));
#3784 = CARTESIAN_POINT('',(-10.1912185046,-15.40083510556,0.));
#3785 = CARTESIAN_POINT('',(-9.937269202709,-15.25129126771,0.));
#3786 = CARTESIAN_POINT('',(-9.70732258416,-15.10436434826,0.));
#3787 = CARTESIAN_POINT('',(-9.500826624726,-14.96158877857,0.));
#3788 = CARTESIAN_POINT('',(-9.317149940454,-14.82446137882,0.));
#3789 = CARTESIAN_POINT('',(-9.155583808536,-14.69443764741,0.));
#3790 = CARTESIAN_POINT('',(-9.01534459425,-14.57292800502,0.));
#3791 = CARTESIAN_POINT('',(-8.895575406421,-14.46129470809,0.));
#3792 = CARTESIAN_POINT('',(-8.795350862388,-14.36084709222,0.));
#3793 = CARTESIAN_POINT('',(-8.713673112657,-14.27284230406,0.));
#3794 = CARTESIAN_POINT('',(-8.649494096687,-14.19847040843,0.));
#3795 = CARTESIAN_POINT('',(-8.601665543782,-14.13888333937,0.));
#3796 = CARTESIAN_POINT('',(-8.569078424373,-14.0951096736,0.));
#3797 = CARTESIAN_POINT('',(-8.550365173067,-14.06823358457,0.));
#3798 = CARTESIAN_POINT('',(-8.542506806274,-14.05598766891,0.));
#3799 = CARTESIAN_POINT('',(-8.540572213525,-14.05290651851,0.));
#3800 = VECTOR('',#3801,1.);
#3801 = DIRECTION('',(-0.,-0.,-1.));
#3802 = ADVANCED_FACE('',(#3803),#3814,.F.);
#3803 = FACE_BOUND('',#3804,.F.);
#3804 = EDGE_LOOP('',(#3805,#3806,#3807,#3813));
#3805 = ORIENTED_EDGE('',*,*,#3752,.T.);
#3806 = ORIENTED_EDGE('',*,*,#1723,.T.);
#3807 = ORIENTED_EDGE('',*,*,#3808,.F.);
#3808 = EDGE_CURVE('',#614,#1724,#3809,.T.);
#3809 = LINE('',#3810,#3811);
#3810 = CARTESIAN_POINT('',(-11.82849554049,16.127203516062,0.));
#3811 = VECTOR('',#3812,1.);
#3812 = DIRECTION('',(0.,0.,1.));
#3813 = ORIENTED_EDGE('',*,*,#613,.F.);
#3814 = SURFACE_OF_LINEAR_EXTRUSION('',#3815,#3838);
#3815 = B_SPLINE_CURVE_WITH_KNOTS('',3,(#3816,#3817,#3818,#3819,#3820,
    #3821,#3822,#3823,#3824,#3825,#3826,#3827,#3828,#3829,#3830,#3831,
    #3832,#3833,#3834,#3835,#3836,#3837),.UNSPECIFIED.,.F.,.F.,(4,1,1,1,
    1,1,1,1,1,1,1,1,1,1,1,1,1,1,1,4),(0.,1.091295291394E-02,
    4.36512751805E-02,9.821507409409E-02,0.174604364983,0.272819152956,
    0.392859440335,0.534725228372,0.698416517817,0.883933309155,
    1.091275602718,1.320443398744,1.571436697408,1.844255498843,
    2.138899803152,2.45536961042,2.79366492071,3.153785734078,
    3.535732050569,3.93950387022),.UNSPECIFIED.);
#3816 = CARTESIAN_POINT('',(-8.540572213525,14.052906518517,0.));
#3817 = CARTESIAN_POINT('',(-8.542506806274,14.055987668914,0.));
#3818 = CARTESIAN_POINT('',(-8.550365173067,14.068233584574,0.));
#3819 = CARTESIAN_POINT('',(-8.569078424373,14.095109673608,0.));
#3820 = CARTESIAN_POINT('',(-8.601665543782,14.138883339379,0.));
#3821 = CARTESIAN_POINT('',(-8.649494096687,14.198470408435,0.));
#3822 = CARTESIAN_POINT('',(-8.713673112657,14.272842304066,0.));
#3823 = CARTESIAN_POINT('',(-8.795350862388,14.360847092223,0.));
#3824 = CARTESIAN_POINT('',(-8.895575406421,14.461294708095,0.));
#3825 = CARTESIAN_POINT('',(-9.01534459425,14.572928005027,0.));
#3826 = CARTESIAN_POINT('',(-9.155583808536,14.694437647414,0.));
#3827 = CARTESIAN_POINT('',(-9.317149940454,14.824461378827,0.));
#3828 = CARTESIAN_POINT('',(-9.500826624726,14.961588778577,0.));
#3829 = CARTESIAN_POINT('',(-9.70732258416,15.104364348266,0.));
#3830 = CARTESIAN_POINT('',(-9.937269202709,15.251291267717,0.));
#3831 = CARTESIAN_POINT('',(-10.1912185046,15.400835105563,0.));
#3832 = CARTESIAN_POINT('',(-10.46964146799,15.551427520791,0.));
#3833 = CARTESIAN_POINT('',(-10.77292547164,15.701470685056,0.));
#3834 = CARTESIAN_POINT('',(-11.10137632233,15.849339092355,0.));
#3835 = CARTESIAN_POINT('',(-11.45520237808,15.993392485823,0.));
#3836 = CARTESIAN_POINT('',(-11.7012803574,16.083263608688,0.));
#3837 = CARTESIAN_POINT('',(-11.82849554049,16.127203516062,0.));
#3838 = VECTOR('',#3839,1.);
#3839 = DIRECTION('',(-0.,-0.,-1.));
#3840 = ADVANCED_FACE('',(#3841),#3852,.F.);
#3841 = FACE_BOUND('',#3842,.F.);
#3842 = EDGE_LOOP('',(#3843,#3849,#3850,#3851));
#3843 = ORIENTED_EDGE('',*,*,#3844,.T.);
#3844 = EDGE_CURVE('',#942,#2052,#3845,.T.);
#3845 = LINE('',#3846,#3847);
#3846 = CARTESIAN_POINT('',(-13.09077297827,-15.12057085004,0.));
#3847 = VECTOR('',#3848,1.);
#3848 = DIRECTION('',(0.,0.,1.));
#3849 = ORIENTED_EDGE('',*,*,#2078,.T.);
#3850 = ORIENTED_EDGE('',*,*,#3768,.F.);
#3851 = ORIENTED_EDGE('',*,*,#968,.F.);
#3852 = SURFACE_OF_LINEAR_EXTRUSION('',#3853,#3856);
#3853 = B_SPLINE_CURVE_WITH_KNOTS('',1,(#3854,#3855),.UNSPECIFIED.,.F.,
  .F.,(2,2),(0.,1.614513441948),.PIECEWISE_BEZIER_KNOTS.);
#3854 = CARTESIAN_POINT('',(-13.09077297827,-15.12057085004,0.));
#3855 = CARTESIAN_POINT('',(-11.82849554049,-16.12720351606,0.));
#3856 = VECTOR('',#3857,1.);
#3857 = DIRECTION('',(-0.,-0.,-1.));
#3858 = ADVANCED_FACE('',(#3859),#3870,.F.);
#3859 = FACE_BOUND('',#3860,.F.);
#3860 = EDGE_LOOP('',(#3861,#3862,#3863,#3869));
#3861 = ORIENTED_EDGE('',*,*,#3808,.T.);
#3862 = ORIENTED_EDGE('',*,*,#1750,.T.);
#3863 = ORIENTED_EDGE('',*,*,#3864,.F.);
#3864 = EDGE_CURVE('',#641,#1751,#3865,.T.);
#3865 = LINE('',#3866,#3867);
#3866 = CARTESIAN_POINT('',(-13.09077297827,15.120570850044,0.));
#3867 = VECTOR('',#3868,1.);
#3868 = DIRECTION('',(0.,0.,1.));
#3869 = ORIENTED_EDGE('',*,*,#640,.F.);
#3870 = SURFACE_OF_LINEAR_EXTRUSION('',#3871,#3874);
#3871 = B_SPLINE_CURVE_WITH_KNOTS('',1,(#3872,#3873),.UNSPECIFIED.,.F.,
  .F.,(2,2),(0.,1.614513441948),.PIECEWISE_BEZIER_KNOTS.);
#3872 = CARTESIAN_POINT('',(-11.82849554049,16.127203516062,0.));
#3873 = CARTESIAN_POINT('',(-13.09077297827,15.120570850044,0.));
#3874 = VECTOR('',#3875,1.);
#3875 = DIRECTION('',(-0.,-0.,-1.));
#3876 = ADVANCED_FACE('',(#3877),#3888,.F.);
#3877 = FACE_BOUND('',#3878,.F.);
#3878 = EDGE_LOOP('',(#3879,#3885,#3886,#3887));
#3879 = ORIENTED_EDGE('',*,*,#3880,.T.);
#3880 = EDGE_CURVE('',#935,#2045,#3881,.T.);
#3881 = LINE('',#3882,#3883);
#3882 = CARTESIAN_POINT('',(-11.8001147067,-11.45350812027,0.));
#3883 = VECTOR('',#3884,1.);
#3884 = DIRECTION('',(0.,0.,1.));
#3885 = ORIENTED_EDGE('',*,*,#2051,.T.);
#3886 = ORIENTED_EDGE('',*,*,#3844,.F.);
#3887 = ORIENTED_EDGE('',*,*,#941,.F.);
#3888 = SURFACE_OF_LINEAR_EXTRUSION('',#3889,#3912);
#3889 = B_SPLINE_CURVE_WITH_KNOTS('',3,(#3890,#3891,#3892,#3893,#3894,
    #3895,#3896,#3897,#3898,#3899,#3900,#3901,#3902,#3903,#3904,#3905,
    #3906,#3907,#3908,#3909,#3910,#3911),.UNSPECIFIED.,.F.,.F.,(4,1,1,1,
    1,1,1,1,1,1,1,1,1,1,1,1,1,1,1,4),(0.,1.091295291394E-02,
    4.36512751805E-02,9.821507409409E-02,0.174604364983,0.272819152956,
    0.392859440335,0.534725228372,0.698416517817,0.883933309155,
    1.091275602718,1.320443398744,1.571436697408,1.844255498843,
    2.138899803152,2.45536961042,2.79366492071,3.153785734078,
    3.535732050569,3.93950387022),.UNSPECIFIED.);
#3890 = CARTESIAN_POINT('',(-11.8001147067,-11.45350812027,0.));
#3891 = CARTESIAN_POINT('',(-11.80268811884,-11.4560798292,0.));
#3892 = CARTESIAN_POINT('',(-11.81287835271,-11.46646614292,0.));
#3893 = CARTESIAN_POINT('',(-11.83491651192,-11.49069070638,0.));
#3894 = CARTESIAN_POINT('',(-11.87034136426,-11.53220135566,0.));
#3895 = CARTESIAN_POINT('',(-11.91779160682,-11.59209011714,0.));
#3896 = CARTESIAN_POINT('',(-11.97601766918,-11.67120933487,0.));
#3897 = CARTESIAN_POINT('',(-12.04364098441,-11.77042216054,0.));
#3898 = CARTESIAN_POINT('',(-12.11926810969,-11.8904855633,0.));
#3899 = CARTESIAN_POINT('',(-12.20145137526,-12.03209263302,0.));
#3900 = CARTESIAN_POINT('',(-12.28870835628,-12.19585419652,0.));
#3901 = CARTESIAN_POINT('',(-12.37952027471,-12.38230253034,0.));
#3902 = CARTESIAN_POINT('',(-12.47233769693,-12.59188777372,0.));
#3903 = CARTESIAN_POINT('',(-12.56558391124,-12.82497700144,0.));
#3904 = CARTESIAN_POINT('',(-12.65765912975,-13.08185269351,0.));
#3905 = CARTESIAN_POINT('',(-12.74694455552,-13.36271159068,0.));
#3906 = CARTESIAN_POINT('',(-12.83180636664,-13.66766387396,0.));
#3907 = CARTESIAN_POINT('',(-12.91060059577,-13.99673165948,0.));
#3908 = CARTESIAN_POINT('',(-12.98167444332,-14.34985137769,0.));
#3909 = CARTESIAN_POINT('',(-13.04338241307,-14.72686117116,0.));
#3910 = CARTESIAN_POINT('',(-13.07624277747,-14.98676766797,0.));
#3911 = CARTESIAN_POINT('',(-13.09077297827,-15.12057085004,0.));
#3912 = VECTOR('',#3913,1.);
#3913 = DIRECTION('',(-0.,-0.,-1.));
#3914 = ADVANCED_FACE('',(#3915),#3926,.F.);
#3915 = FACE_BOUND('',#3916,.F.);
#3916 = EDGE_LOOP('',(#3917,#3918,#3919,#3925));
#3917 = ORIENTED_EDGE('',*,*,#3864,.T.);
#3918 = ORIENTED_EDGE('',*,*,#1757,.T.);
#3919 = ORIENTED_EDGE('',*,*,#3920,.F.);
#3920 = EDGE_CURVE('',#648,#1758,#3921,.T.);
#3921 = LINE('',#3922,#3923);
#3922 = CARTESIAN_POINT('',(-11.8001147067,11.453508120271,0.));
#3923 = VECTOR('',#3924,1.);
#3924 = DIRECTION('',(0.,0.,1.));
#3925 = ORIENTED_EDGE('',*,*,#647,.F.);
#3926 = SURFACE_OF_LINEAR_EXTRUSION('',#3927,#3950);
#3927 = B_SPLINE_CURVE_WITH_KNOTS('',3,(#3928,#3929,#3930,#3931,#3932,
    #3933,#3934,#3935,#3936,#3937,#3938,#3939,#3940,#3941,#3942,#3943,
    #3944,#3945,#3946,#3947,#3948,#3949),.UNSPECIFIED.,.F.,.F.,(4,1,1,1,
    1,1,1,1,1,1,1,1,1,1,1,1,1,1,1,4),(0.,0.403771819651,0.785718136142,
    1.14583894951,1.484134259801,1.800604067068,2.095248371378,
    2.368067172813,2.619060471477,2.848228267502,3.055570561065,
    3.241087352403,3.404778641848,3.546644429885,3.666684717265,
    3.764899505238,3.841288796126,3.89585259504,3.928590917306,
    3.93950387022),.UNSPECIFIED.);
#3928 = CARTESIAN_POINT('',(-13.09077297827,15.120570850044,0.));
#3929 = CARTESIAN_POINT('',(-13.07624277747,14.986767667972,0.));
#3930 = CARTESIAN_POINT('',(-13.04338241307,14.726861171165,0.));
#3931 = CARTESIAN_POINT('',(-12.98167444332,14.349851377699,0.));
#3932 = CARTESIAN_POINT('',(-12.91060059577,13.996731659482,0.));
#3933 = CARTESIAN_POINT('',(-12.83180636664,13.667663873966,0.));
#3934 = CARTESIAN_POINT('',(-12.74694455552,13.362711590683,0.));
#3935 = CARTESIAN_POINT('',(-12.65765912975,13.081852693518,0.));
#3936 = CARTESIAN_POINT('',(-12.56558391124,12.824977001443,0.));
#3937 = CARTESIAN_POINT('',(-12.47233769693,12.591887773725,0.));
#3938 = CARTESIAN_POINT('',(-12.37952027471,12.382302530348,0.));
#3939 = CARTESIAN_POINT('',(-12.28870835628,12.195854196527,0.));
#3940 = CARTESIAN_POINT('',(-12.20145137526,12.032092633029,0.));
#3941 = CARTESIAN_POINT('',(-12.11926810969,11.890485563301,0.));
#3942 = CARTESIAN_POINT('',(-12.04364098441,11.77042216054,0.));
#3943 = CARTESIAN_POINT('',(-11.97601766918,11.67120933487,0.));
#3944 = CARTESIAN_POINT('',(-11.91779160682,11.592090117148,0.));
#3945 = CARTESIAN_POINT('',(-11.87034136426,11.532201355663,0.));
#3946 = CARTESIAN_POINT('',(-11.83491651192,11.490690706384,0.));
#3947 = CARTESIAN_POINT('',(-11.81287835271,11.466466142925,0.));
#3948 = CARTESIAN_POINT('',(-11.80268811884,11.456079829205,0.));
#3949 = CARTESIAN_POINT('',(-11.8001147067,11.453508120271,0.));
#3950 = VECTOR('',#3951,1.);
#3951 = DIRECTION('',(-0.,-0.,-1.));
#3952 = ADVANCED_FACE('',(#3953),#3964,.F.);
#3953 = FACE_BOUND('',#3954,.F.);
#3954 = EDGE_LOOP('',(#3955,#3961,#3962,#3963));
#3955 = ORIENTED_EDGE('',*,*,#3956,.T.);
#3956 = EDGE_CURVE('',#928,#2038,#3957,.T.);
#3957 = LINE('',#3958,#3959);
#3958 = CARTESIAN_POINT('',(-10.31502339362,-10.01203862302,0.));
#3959 = VECTOR('',#3960,1.);
#3960 = DIRECTION('',(0.,0.,1.));
#3961 = ORIENTED_EDGE('',*,*,#2044,.T.);
#3962 = ORIENTED_EDGE('',*,*,#3880,.F.);
#3963 = ORIENTED_EDGE('',*,*,#934,.F.);
#3964 = SURFACE_OF_LINEAR_EXTRUSION('',#3965,#3968);
#3965 = B_SPLINE_CURVE_WITH_KNOTS('',1,(#3966,#3967),.UNSPECIFIED.,.F.,
  .F.,(2,2),(0.,2.069620863753),.PIECEWISE_BEZIER_KNOTS.);
#3966 = CARTESIAN_POINT('',(-10.31502339362,-10.01203862302,0.));
#3967 = CARTESIAN_POINT('',(-11.8001147067,-11.45350812027,0.));
#3968 = VECTOR('',#3969,1.);
#3969 = DIRECTION('',(-0.,-0.,-1.));
#3970 = ADVANCED_FACE('',(#3971),#3982,.F.);
#3971 = FACE_BOUND('',#3972,.F.);
#3972 = EDGE_LOOP('',(#3973,#3974,#3975,#3981));
#3973 = ORIENTED_EDGE('',*,*,#3920,.T.);
#3974 = ORIENTED_EDGE('',*,*,#1784,.T.);
#3975 = ORIENTED_EDGE('',*,*,#3976,.F.);
#3976 = EDGE_CURVE('',#675,#1785,#3977,.T.);
#3977 = LINE('',#3978,#3979);
#3978 = CARTESIAN_POINT('',(-10.31502339362,10.012038623024,0.));
#3979 = VECTOR('',#3980,1.);
#3980 = DIRECTION('',(0.,0.,1.));
#3981 = ORIENTED_EDGE('',*,*,#674,.F.);
#3982 = SURFACE_OF_LINEAR_EXTRUSION('',#3983,#3986);
#3983 = B_SPLINE_CURVE_WITH_KNOTS('',1,(#3984,#3985),.UNSPECIFIED.,.F.,
  .F.,(2,2),(0.,2.069620863753),.PIECEWISE_BEZIER_KNOTS.);
#3984 = CARTESIAN_POINT('',(-11.8001147067,11.453508120271,0.));
#3985 = CARTESIAN_POINT('',(-10.31502339362,10.012038623024,0.));
#3986 = VECTOR('',#3987,1.);
#3987 = DIRECTION('',(-0.,-0.,-1.));
#3988 = ADVANCED_FACE('',(#3989),#4000,.F.);
#3989 = FACE_BOUND('',#3990,.F.);
#3990 = EDGE_LOOP('',(#3991,#3997,#3998,#3999));
#3991 = ORIENTED_EDGE('',*,*,#3992,.T.);
#3992 = EDGE_CURVE('',#921,#2031,#3993,.T.);
#3993 = LINE('',#3994,#3995);
#3994 = CARTESIAN_POINT('',(-12.05632455076,-7.828516036053,0.));
#3995 = VECTOR('',#3996,1.);
#3996 = DIRECTION('',(0.,0.,1.));
#3997 = ORIENTED_EDGE('',*,*,#2037,.T.);
#3998 = ORIENTED_EDGE('',*,*,#3956,.F.);
#3999 = ORIENTED_EDGE('',*,*,#927,.F.);
#4000 = SURFACE_OF_LINEAR_EXTRUSION('',#4001,#4004);
#4001 = B_SPLINE_CURVE_WITH_KNOTS('',1,(#4002,#4003),.UNSPECIFIED.,.F.,
  .F.,(2,2),(0.,2.792830214612),.PIECEWISE_BEZIER_KNOTS.);
#4002 = CARTESIAN_POINT('',(-12.05632455076,-7.828516036053,0.));
#4003 = CARTESIAN_POINT('',(-10.31502339362,-10.01203862302,0.));
#4004 = VECTOR('',#4005,1.);
#4005 = DIRECTION('',(-0.,-0.,-1.));
#4006 = ADVANCED_FACE('',(#4007),#4018,.F.);
#4007 = FACE_BOUND('',#4008,.F.);
#4008 = EDGE_LOOP('',(#4009,#4010,#4011,#4017));
#4009 = ORIENTED_EDGE('',*,*,#3976,.T.);
#4010 = ORIENTED_EDGE('',*,*,#1791,.T.);
#4011 = ORIENTED_EDGE('',*,*,#4012,.F.);
#4012 = EDGE_CURVE('',#682,#1792,#4013,.T.);
#4013 = LINE('',#4014,#4015);
#4014 = CARTESIAN_POINT('',(-12.05632455076,7.828516036053,0.));
#4015 = VECTOR('',#4016,1.);
#4016 = DIRECTION('',(0.,0.,1.));
#4017 = ORIENTED_EDGE('',*,*,#681,.F.);
#4018 = SURFACE_OF_LINEAR_EXTRUSION('',#4019,#4022);
#4019 = B_SPLINE_CURVE_WITH_KNOTS('',1,(#4020,#4021),.UNSPECIFIED.,.F.,
  .F.,(2,2),(0.,2.792830214612),.PIECEWISE_BEZIER_KNOTS.);
#4020 = CARTESIAN_POINT('',(-10.31502339362,10.012038623024,0.));
#4021 = CARTESIAN_POINT('',(-12.05632455076,7.828516036053,0.));
#4022 = VECTOR('',#4023,1.);
#4023 = DIRECTION('',(-0.,-0.,-1.));
#4024 = ADVANCED_FACE('',(#4025),#4036,.F.);
#4025 = FACE_BOUND('',#4026,.F.);
#4026 = EDGE_LOOP('',(#4027,#4033,#4034,#4035));
#4027 = ORIENTED_EDGE('',*,*,#4028,.T.);
#4028 = EDGE_CURVE('',#894,#2004,#4029,.T.);
#4029 = LINE('',#4030,#4031);
#4030 = CARTESIAN_POINT('',(-13.79211730418,-8.955615870519,0.));
#4031 = VECTOR('',#4032,1.);
#4032 = DIRECTION('',(0.,0.,1.));
#4033 = ORIENTED_EDGE('',*,*,#2030,.T.);
#4034 = ORIENTED_EDGE('',*,*,#3992,.F.);
#4035 = ORIENTED_EDGE('',*,*,#920,.F.);
#4036 = SURFACE_OF_LINEAR_EXTRUSION('',#4037,#4040);
#4037 = B_SPLINE_CURVE_WITH_KNOTS('',1,(#4038,#4039),.UNSPECIFIED.,.F.,
  .F.,(2,2),(0.,2.069620863753),.PIECEWISE_BEZIER_KNOTS.);
#4038 = CARTESIAN_POINT('',(-13.79211730418,-8.955615870519,0.));
#4039 = CARTESIAN_POINT('',(-12.05632455076,-7.828516036053,0.));
#4040 = VECTOR('',#4041,1.);
#4041 = DIRECTION('',(-0.,-0.,-1.));
#4042 = ADVANCED_FACE('',(#4043),#4054,.F.);
#4043 = FACE_BOUND('',#4044,.F.);
#4044 = EDGE_LOOP('',(#4045,#4046,#4047,#4053));
#4045 = ORIENTED_EDGE('',*,*,#4012,.T.);
#4046 = ORIENTED_EDGE('',*,*,#1798,.T.);
#4047 = ORIENTED_EDGE('',*,*,#4048,.F.);
#4048 = EDGE_CURVE('',#689,#1799,#4049,.T.);
#4049 = LINE('',#4050,#4051);
#4050 = CARTESIAN_POINT('',(-13.79211730418,8.955615870519,0.));
#4051 = VECTOR('',#4052,1.);
#4052 = DIRECTION('',(0.,0.,1.));
#4053 = ORIENTED_EDGE('',*,*,#688,.F.);
#4054 = SURFACE_OF_LINEAR_EXTRUSION('',#4055,#4058);
#4055 = B_SPLINE_CURVE_WITH_KNOTS('',1,(#4056,#4057),.UNSPECIFIED.,.F.,
  .F.,(2,2),(0.,2.069620863753),.PIECEWISE_BEZIER_KNOTS.);
#4056 = CARTESIAN_POINT('',(-12.05632455076,7.828516036053,0.));
#4057 = CARTESIAN_POINT('',(-13.79211730418,8.955615870519,0.));
#4058 = VECTOR('',#4059,1.);
#4059 = DIRECTION('',(-0.,-0.,-1.));
#4060 = ADVANCED_FACE('',(#4061),#4072,.F.);
#4061 = FACE_BOUND('',#4062,.F.);
#4062 = EDGE_LOOP('',(#4063,#4069,#4070,#4071));
#4063 = ORIENTED_EDGE('',*,*,#4064,.T.);
#4064 = EDGE_CURVE('',#887,#1997,#4065,.T.);
#4065 = LINE('',#4066,#4067);
#4066 = CARTESIAN_POINT('',(-17.65443759916,-9.397916421054,0.));
#4067 = VECTOR('',#4068,1.);
#4068 = DIRECTION('',(0.,0.,1.));
#4069 = ORIENTED_EDGE('',*,*,#2003,.T.);
#4070 = ORIENTED_EDGE('',*,*,#4028,.F.);
#4071 = ORIENTED_EDGE('',*,*,#893,.F.);
#4072 = SURFACE_OF_LINEAR_EXTRUSION('',#4073,#4096);
#4073 = B_SPLINE_CURVE_WITH_KNOTS('',3,(#4074,#4075,#4076,#4077,#4078,
    #4079,#4080,#4081,#4082,#4083,#4084,#4085,#4086,#4087,#4088,#4089,
    #4090,#4091,#4092,#4093,#4094,#4095),.UNSPECIFIED.,.F.,.F.,(4,1,1,1,
    1,1,1,1,1,1,1,1,1,1,1,1,1,1,1,4),(0.,0.403771819651,0.785718136142,
    1.14583894951,1.484134259801,1.800604067068,2.095248371378,
    2.368067172813,2.619060471477,2.848228267502,3.055570561065,
    3.241087352403,3.404778641848,3.546644429885,3.666684717265,
    3.764899505238,3.841288796126,3.89585259504,3.928590917306,
    3.93950387022),.UNSPECIFIED.);
#4074 = CARTESIAN_POINT('',(-17.65443759916,-9.397916421054,0.));
#4075 = CARTESIAN_POINT('',(-17.52075586837,-9.413524531761,0.));
#4076 = CARTESIAN_POINT('',(-17.2600536511,-9.439322681718,0.));
#4077 = CARTESIAN_POINT('',(-16.87876496522,-9.463054430955,0.));
#4078 = CARTESIAN_POINT('',(-16.51868327665,-9.472339082648,0.));
#4079 = CARTESIAN_POINT('',(-16.1803325421,-9.46874486032,0.));
#4080 = CARTESIAN_POINT('',(-15.86414251977,-9.453868978868,0.));
#4081 = CARTESIAN_POINT('',(-15.57045746521,-9.429319109236,0.));
#4082 = CARTESIAN_POINT('',(-15.29953351943,-9.396712627607,0.));
#4083 = CARTESIAN_POINT('',(-15.0515390906,-9.357671523212,0.));
#4084 = CARTESIAN_POINT('',(-14.82655476737,-9.313818331662,0.));
#4085 = CARTESIAN_POINT('',(-14.62457352965,-9.266771915001,0.));
#4086 = CARTESIAN_POINT('',(-14.44550130554,-9.218143024726,0.));
#4087 = CARTESIAN_POINT('',(-14.28915712369,-9.169530802616,0.));
#4088 = CARTESIAN_POINT('',(-14.15527534255,-9.122516427776,0.));
#4089 = CARTESIAN_POINT('',(-14.0435023863,-9.078665500877,0.));
#4090 = CARTESIAN_POINT('',(-13.95341033478,-9.039504969688,0.));
#4091 = CARTESIAN_POINT('',(-13.88446443729,-9.00657090691,0.));
#4092 = CARTESIAN_POINT('',(-13.83611177543,-8.981271218033,0.));
#4093 = CARTESIAN_POINT('',(-13.80759062058,-8.965176073969,0.));
#4094 = CARTESIAN_POINT('',(-13.79519717307,-8.957552502769,0.));
#4095 = CARTESIAN_POINT('',(-13.79211730418,-8.955615870519,0.));
#4096 = VECTOR('',#4097,1.);
#4097 = DIRECTION('',(-0.,-0.,-1.));
#4098 = ADVANCED_FACE('',(#4099),#4110,.F.);
#4099 = FACE_BOUND('',#4100,.F.);
#4100 = EDGE_LOOP('',(#4101,#4102,#4103,#4109));
#4101 = ORIENTED_EDGE('',*,*,#4048,.T.);
#4102 = ORIENTED_EDGE('',*,*,#1805,.T.);
#4103 = ORIENTED_EDGE('',*,*,#4104,.F.);
#4104 = EDGE_CURVE('',#696,#1806,#4105,.T.);
#4105 = LINE('',#4106,#4107);
#4106 = CARTESIAN_POINT('',(-17.65443759916,9.397916421054,0.));
#4107 = VECTOR('',#4108,1.);
#4108 = DIRECTION('',(0.,0.,1.));
#4109 = ORIENTED_EDGE('',*,*,#695,.F.);
#4110 = SURFACE_OF_LINEAR_EXTRUSION('',#4111,#4134);
#4111 = B_SPLINE_CURVE_WITH_KNOTS('',3,(#4112,#4113,#4114,#4115,#4116,
    #4117,#4118,#4119,#4120,#4121,#4122,#4123,#4124,#4125,#4126,#4127,
    #4128,#4129,#4130,#4131,#4132,#4133),.UNSPECIFIED.,.F.,.F.,(4,1,1,1,
    1,1,1,1,1,1,1,1,1,1,1,1,1,1,1,4),(0.,1.091295291394E-02,
    4.36512751805E-02,9.821507409409E-02,0.174604364983,0.272819152956,
    0.392859440335,0.534725228372,0.698416517817,0.883933309155,
    1.091275602718,1.320443398744,1.571436697408,1.844255498843,
    2.138899803152,2.45536961042,2.79366492071,3.153785734078,
    3.535732050569,3.93950387022),.UNSPECIFIED.);
#4112 = CARTESIAN_POINT('',(-13.79211730418,8.955615870519,0.));
#4113 = CARTESIAN_POINT('',(-13.79519717307,8.957552502769,0.));
#4114 = CARTESIAN_POINT('',(-13.80759062058,8.965176073969,0.));
#4115 = CARTESIAN_POINT('',(-13.83611177543,8.981271218033,0.));
#4116 = CARTESIAN_POINT('',(-13.88446443729,9.00657090691,0.));
#4117 = CARTESIAN_POINT('',(-13.95341033478,9.039504969688,0.));
#4118 = CARTESIAN_POINT('',(-14.0435023863,9.078665500877,0.));
#4119 = CARTESIAN_POINT('',(-14.15527534255,9.122516427776,0.));
#4120 = CARTESIAN_POINT('',(-14.28915712369,9.169530802616,0.));
#4121 = CARTESIAN_POINT('',(-14.44550130554,9.218143024727,0.));
#4122 = CARTESIAN_POINT('',(-14.62457352965,9.266771915001,0.));
#4123 = CARTESIAN_POINT('',(-14.82655476737,9.313818331662,0.));
#4124 = CARTESIAN_POINT('',(-15.0515390906,9.357671523212,0.));
#4125 = CARTESIAN_POINT('',(-15.29953351943,9.396712627607,0.));
#4126 = CARTESIAN_POINT('',(-15.57045746521,9.429319109236,0.));
#4127 = CARTESIAN_POINT('',(-15.86414251977,9.453868978868,0.));
#4128 = CARTESIAN_POINT('',(-16.1803325421,9.46874486032,0.));
#4129 = CARTESIAN_POINT('',(-16.51868327665,9.472339082648,0.));
#4130 = CARTESIAN_POINT('',(-16.87876496522,9.463054430955,0.));
#4131 = CARTESIAN_POINT('',(-17.2600536511,9.439322681718,0.));
#4132 = CARTESIAN_POINT('',(-17.52075586837,9.413524531761,0.));
#4133 = CARTESIAN_POINT('',(-17.65443759916,9.397916421054,0.));
#4134 = VECTOR('',#4135,1.);
#4135 = DIRECTION('',(-0.,-0.,-1.));
#4136 = ADVANCED_FACE('',(#4137),#4148,.F.);
#4137 = FACE_BOUND('',#4138,.F.);
#4138 = EDGE_LOOP('',(#4139,#4145,#4146,#4147));
#4139 = ORIENTED_EDGE('',*,*,#4140,.T.);
#4140 = EDGE_CURVE('',#860,#1970,#4141,.T.);
#4141 = LINE('',#4142,#4143);
#4142 = CARTESIAN_POINT('',(-18.35494872821,-7.943290073049,0.));
#4143 = VECTOR('',#4144,1.);
#4144 = DIRECTION('',(0.,0.,1.));
#4145 = ORIENTED_EDGE('',*,*,#1996,.T.);
#4146 = ORIENTED_EDGE('',*,*,#4064,.F.);
#4147 = ORIENTED_EDGE('',*,*,#886,.F.);
#4148 = SURFACE_OF_LINEAR_EXTRUSION('',#4149,#4152);
#4149 = B_SPLINE_CURVE_WITH_KNOTS('',1,(#4150,#4151),.UNSPECIFIED.,.F.,
  .F.,(2,2),(0.,1.614513441948),.PIECEWISE_BEZIER_KNOTS.);
#4150 = CARTESIAN_POINT('',(-18.35494872821,-7.943290073049,0.));
#4151 = CARTESIAN_POINT('',(-17.65443759916,-9.397916421054,0.));
#4152 = VECTOR('',#4153,1.);
#4153 = DIRECTION('',(-0.,-0.,-1.));
#4154 = ADVANCED_FACE('',(#4155),#4166,.F.);
#4155 = FACE_BOUND('',#4156,.F.);
#4156 = EDGE_LOOP('',(#4157,#4158,#4159,#4165));
#4157 = ORIENTED_EDGE('',*,*,#4104,.T.);
#4158 = ORIENTED_EDGE('',*,*,#1832,.T.);
#4159 = ORIENTED_EDGE('',*,*,#4160,.F.);
#4160 = EDGE_CURVE('',#723,#1833,#4161,.T.);
#4161 = LINE('',#4162,#4163);
#4162 = CARTESIAN_POINT('',(-18.35494872821,7.943290073049,0.));
#4163 = VECTOR('',#4164,1.);
#4164 = DIRECTION('',(0.,0.,1.));
#4165 = ORIENTED_EDGE('',*,*,#722,.F.);
#4166 = SURFACE_OF_LINEAR_EXTRUSION('',#4167,#4170);
#4167 = B_SPLINE_CURVE_WITH_KNOTS('',1,(#4168,#4169),.UNSPECIFIED.,.F.,
  .F.,(2,2),(0.,1.614513441948),.PIECEWISE_BEZIER_KNOTS.);
#4168 = CARTESIAN_POINT('',(-17.65443759916,9.397916421054,0.));
#4169 = CARTESIAN_POINT('',(-18.35494872821,7.943290073049,0.));
#4170 = VECTOR('',#4171,1.);
#4171 = DIRECTION('',(-0.,-0.,-1.));
#4172 = ADVANCED_FACE('',(#4173),#4184,.F.);
#4173 = FACE_BOUND('',#4174,.F.);
#4174 = EDGE_LOOP('',(#4175,#4181,#4182,#4183));
#4175 = ORIENTED_EDGE('',*,*,#4176,.T.);
#4176 = EDGE_CURVE('',#853,#1963,#4177,.T.);
#4177 = LINE('',#4178,#4179);
#4178 = CARTESIAN_POINT('',(-15.60102691765,-5.199376353669,0.));
#4179 = VECTOR('',#4180,1.);
#4180 = DIRECTION('',(0.,0.,1.));
#4181 = ORIENTED_EDGE('',*,*,#1969,.T.);
#4182 = ORIENTED_EDGE('',*,*,#4140,.F.);
#4183 = ORIENTED_EDGE('',*,*,#859,.F.);
#4184 = SURFACE_OF_LINEAR_EXTRUSION('',#4185,#4208);
#4185 = B_SPLINE_CURVE_WITH_KNOTS('',3,(#4186,#4187,#4188,#4189,#4190,
    #4191,#4192,#4193,#4194,#4195,#4196,#4197,#4198,#4199,#4200,#4201,
    #4202,#4203,#4204,#4205,#4206,#4207),.UNSPECIFIED.,.F.,.F.,(4,1,1,1,
    1,1,1,1,1,1,1,1,1,1,1,1,1,1,1,4),(0.,1.091295291394E-02,
    4.36512751805E-02,9.821507409409E-02,0.174604364983,0.272819152956,
    0.392859440335,0.534725228372,0.698416517817,0.883933309155,
    1.091275602718,1.320443398744,1.571436697408,1.844255498843,
    2.138899803152,2.45536961042,2.79366492071,3.153785734078,
    3.535732050569,3.93950387022),.UNSPECIFIED.);
#4186 = CARTESIAN_POINT('',(-15.60102691765,-5.199376353669,0.));
#4187 = CARTESIAN_POINT('',(-15.60446130456,-5.200576821675,0.));
#4188 = CARTESIAN_POINT('',(-15.61814884067,-5.205513190215,0.));
#4189 = CARTESIAN_POINT('',(-15.6485151802,-5.217776768808,0.));
#4190 = CARTESIAN_POINT('',(-15.69844266502,-5.239806304108,0.));
#4191 = CARTESIAN_POINT('',(-15.76717861611,-5.273176325076,0.));
#4192 = CARTESIAN_POINT('',(-15.85396702762,-5.319196935446,0.));
#4193 = CARTESIAN_POINT('',(-15.95794036115,-5.379243945809,0.));
#4194 = CARTESIAN_POINT('',(-16.07817160472,-5.454603953975,0.));
#4195 = CARTESIAN_POINT('',(-16.21365717336,-5.546529532715,0.));
#4196 = CARTESIAN_POINT('',(-16.36332647627,-5.656214217997,0.));
#4197 = CARTESIAN_POINT('',(-16.52604208784,-5.784796547516,0.));
#4198 = CARTESIAN_POINT('',(-16.70060332471,-5.933354356767,0.));
#4199 = CARTESIAN_POINT('',(-16.88574888653,-6.102902478258,0.));
#4200 = CARTESIAN_POINT('',(-17.08015997767,-6.294389539653,0.));
#4201 = CARTESIAN_POINT('',(-17.28246347512,-6.508695167889,0.));
#4202 = CARTESIAN_POINT('',(-17.49123516193,-6.746627521405,0.));
#4203 = CARTESIAN_POINT('',(-17.70500347055,-7.00891981683,0.));
#4204 = CARTESIAN_POINT('',(-17.92225169821,-7.296231902857,0.));
#4205 = CARTESIAN_POINT('',(-18.14142707673,-7.609131905014,0.));
#4206 = CARTESIAN_POINT('',(-18.2838024447,-7.829041989431,0.));
#4207 = CARTESIAN_POINT('',(-18.35494872821,-7.943290073049,0.));
#4208 = VECTOR('',#4209,1.);
#4209 = DIRECTION('',(-0.,-0.,-1.));
#4210 = ADVANCED_FACE('',(#4211),#4222,.F.);
#4211 = FACE_BOUND('',#4212,.F.);
#4212 = EDGE_LOOP('',(#4213,#4214,#4215,#4221));
#4213 = ORIENTED_EDGE('',*,*,#4160,.T.);
#4214 = ORIENTED_EDGE('',*,*,#1839,.T.);
#4215 = ORIENTED_EDGE('',*,*,#4216,.F.);
#4216 = EDGE_CURVE('',#730,#1840,#4217,.T.);
#4217 = LINE('',#4218,#4219);
#4218 = CARTESIAN_POINT('',(-15.60102691765,5.199376353669,0.));
#4219 = VECTOR('',#4220,1.);
#4220 = DIRECTION('',(0.,0.,1.));
#4221 = ORIENTED_EDGE('',*,*,#729,.F.);
#4222 = SURFACE_OF_LINEAR_EXTRUSION('',#4223,#4246);
#4223 = B_SPLINE_CURVE_WITH_KNOTS('',3,(#4224,#4225,#4226,#4227,#4228,
    #4229,#4230,#4231,#4232,#4233,#4234,#4235,#4236,#4237,#4238,#4239,
    #4240,#4241,#4242,#4243,#4244,#4245),.UNSPECIFIED.,.F.,.F.,(4,1,1,1,
    1,1,1,1,1,1,1,1,1,1,1,1,1,1,1,4),(0.,0.403771819651,0.785718136142,
    1.14583894951,1.484134259801,1.800604067068,2.095248371378,
    2.368067172813,2.619060471477,2.848228267502,3.055570561065,
    3.241087352403,3.404778641848,3.546644429885,3.666684717265,
    3.764899505238,3.841288796126,3.89585259504,3.928590917306,
    3.93950387022),.UNSPECIFIED.);
#4224 = CARTESIAN_POINT('',(-18.35494872821,7.943290073049,0.));
#4225 = CARTESIAN_POINT('',(-18.2838024447,7.829041989431,0.));
#4226 = CARTESIAN_POINT('',(-18.14142707673,7.609131905014,0.));
#4227 = CARTESIAN_POINT('',(-17.92225169821,7.296231902857,0.));
#4228 = CARTESIAN_POINT('',(-17.70500347055,7.00891981683,0.));
#4229 = CARTESIAN_POINT('',(-17.49123516193,6.746627521405,0.));
#4230 = CARTESIAN_POINT('',(-17.28246347512,6.508695167889,0.));
#4231 = CARTESIAN_POINT('',(-17.08015997767,6.294389539653,0.));
#4232 = CARTESIAN_POINT('',(-16.88574888653,6.102902478258,0.));
#4233 = CARTESIAN_POINT('',(-16.70060332471,5.933354356767,0.));
#4234 = CARTESIAN_POINT('',(-16.52604208784,5.784796547516,0.));
#4235 = CARTESIAN_POINT('',(-16.36332647627,5.656214217997,0.));
#4236 = CARTESIAN_POINT('',(-16.21365717336,5.546529532715,0.));
#4237 = CARTESIAN_POINT('',(-16.07817160472,5.454603953975,0.));
#4238 = CARTESIAN_POINT('',(-15.95794036115,5.379243945809,0.));
#4239 = CARTESIAN_POINT('',(-15.85396702762,5.319196935446,0.));
#4240 = CARTESIAN_POINT('',(-15.76717861611,5.273176325076,0.));
#4241 = CARTESIAN_POINT('',(-15.69844266502,5.239806304108,0.));
#4242 = CARTESIAN_POINT('',(-15.6485151802,5.217776768808,0.));
#4243 = CARTESIAN_POINT('',(-15.61814884067,5.205513190215,0.));
#4244 = CARTESIAN_POINT('',(-15.60446130456,5.200576821675,0.));
#4245 = CARTESIAN_POINT('',(-15.60102691765,5.199376353669,0.));
#4246 = VECTOR('',#4247,1.);
#4247 = DIRECTION('',(-0.,-0.,-1.));
#4248 = ADVANCED_FACE('',(#4249),#4260,.F.);
#4249 = FACE_BOUND('',#4250,.F.);
#4250 = EDGE_LOOP('',(#4251,#4257,#4258,#4259));
#4251 = ORIENTED_EDGE('',*,*,#4252,.T.);
#4252 = EDGE_CURVE('',#846,#1956,#4253,.T.);
#4253 = LINE('',#4254,#4255);
#4254 = CARTESIAN_POINT('',(-13.63757570329,-4.54501418447,0.));
#4255 = VECTOR('',#4256,1.);
#4256 = DIRECTION('',(0.,0.,1.));
#4257 = ORIENTED_EDGE('',*,*,#1962,.T.);
#4258 = ORIENTED_EDGE('',*,*,#4176,.F.);
#4259 = ORIENTED_EDGE('',*,*,#852,.F.);
#4260 = SURFACE_OF_LINEAR_EXTRUSION('',#4261,#4264);
#4261 = B_SPLINE_CURVE_WITH_KNOTS('',1,(#4262,#4263),.UNSPECIFIED.,.F.,
  .F.,(2,2),(0.,2.069620863753),.PIECEWISE_BEZIER_KNOTS.);
#4262 = CARTESIAN_POINT('',(-13.63757570329,-4.54501418447,0.));
#4263 = CARTESIAN_POINT('',(-15.60102691765,-5.199376353669,0.));
#4264 = VECTOR('',#4265,1.);
#4265 = DIRECTION('',(-0.,-0.,-1.));
#4266 = ADVANCED_FACE('',(#4267),#4278,.F.);
#4267 = FACE_BOUND('',#4268,.F.);
#4268 = EDGE_LOOP('',(#4269,#4270,#4271,#4277));
#4269 = ORIENTED_EDGE('',*,*,#4216,.T.);
#4270 = ORIENTED_EDGE('',*,*,#1866,.T.);
#4271 = ORIENTED_EDGE('',*,*,#4272,.F.);
#4272 = EDGE_CURVE('',#757,#1867,#4273,.T.);
#4273 = LINE('',#4274,#4275);
#4274 = CARTESIAN_POINT('',(-13.63757570329,4.54501418447,0.));
#4275 = VECTOR('',#4276,1.);
#4276 = DIRECTION('',(0.,0.,1.));
#4277 = ORIENTED_EDGE('',*,*,#756,.F.);
#4278 = SURFACE_OF_LINEAR_EXTRUSION('',#4279,#4282);
#4279 = B_SPLINE_CURVE_WITH_KNOTS('',1,(#4280,#4281),.UNSPECIFIED.,.F.,
  .F.,(2,2),(0.,2.069620863753),.PIECEWISE_BEZIER_KNOTS.);
#4280 = CARTESIAN_POINT('',(-15.60102691765,5.199376353669,0.));
#4281 = CARTESIAN_POINT('',(-13.63757570329,4.54501418447,0.));
#4282 = VECTOR('',#4283,1.);
#4283 = DIRECTION('',(-0.,-0.,-1.));
#4284 = ADVANCED_FACE('',(#4285),#4296,.F.);
#4285 = FACE_BOUND('',#4286,.F.);
#4286 = EDGE_LOOP('',(#4287,#4293,#4294,#4295));
#4287 = ORIENTED_EDGE('',*,*,#4288,.T.);
#4288 = EDGE_CURVE('',#839,#1949,#4289,.T.);
#4289 = LINE('',#4290,#4291);
#4290 = CARTESIAN_POINT('',(-14.25903889102,-1.82220605426,0.));
#4291 = VECTOR('',#4292,1.);
#4292 = DIRECTION('',(0.,0.,1.));
#4293 = ORIENTED_EDGE('',*,*,#1955,.T.);
#4294 = ORIENTED_EDGE('',*,*,#4252,.F.);
#4295 = ORIENTED_EDGE('',*,*,#845,.F.);
#4296 = SURFACE_OF_LINEAR_EXTRUSION('',#4297,#4300);
#4297 = B_SPLINE_CURVE_WITH_KNOTS('',1,(#4298,#4299),.UNSPECIFIED.,.F.,
  .F.,(2,2),(0.,2.792830214612),.PIECEWISE_BEZIER_KNOTS.);
#4298 = CARTESIAN_POINT('',(-14.25903889102,-1.82220605426,0.));
#4299 = CARTESIAN_POINT('',(-13.63757570329,-4.54501418447,0.));
#4300 = VECTOR('',#4301,1.);
#4301 = DIRECTION('',(-0.,-0.,-1.));
#4302 = ADVANCED_FACE('',(#4303),#4314,.F.);
#4303 = FACE_BOUND('',#4304,.F.);
#4304 = EDGE_LOOP('',(#4305,#4306,#4307,#4313));
#4305 = ORIENTED_EDGE('',*,*,#4272,.T.);
#4306 = ORIENTED_EDGE('',*,*,#1873,.T.);
#4307 = ORIENTED_EDGE('',*,*,#4308,.F.);
#4308 = EDGE_CURVE('',#764,#1874,#4309,.T.);
#4309 = LINE('',#4310,#4311);
#4310 = CARTESIAN_POINT('',(-14.25903889102,1.82220605426,0.));
#4311 = VECTOR('',#4312,1.);
#4312 = DIRECTION('',(0.,0.,1.));
#4313 = ORIENTED_EDGE('',*,*,#763,.F.);
#4314 = SURFACE_OF_LINEAR_EXTRUSION('',#4315,#4318);
#4315 = B_SPLINE_CURVE_WITH_KNOTS('',1,(#4316,#4317),.UNSPECIFIED.,.F.,
  .F.,(2,2),(0.,2.792830214612),.PIECEWISE_BEZIER_KNOTS.);
#4316 = CARTESIAN_POINT('',(-13.63757570329,4.54501418447,0.));
#4317 = CARTESIAN_POINT('',(-14.25903889102,1.82220605426,0.));
#4318 = VECTOR('',#4319,1.);
#4319 = DIRECTION('',(-0.,-0.,-1.));
#4320 = ADVANCED_FACE('',(#4321),#4332,.F.);
#4321 = FACE_BOUND('',#4322,.F.);
#4322 = EDGE_LOOP('',(#4323,#4329,#4330,#4331));
#4323 = ORIENTED_EDGE('',*,*,#4324,.T.);
#4324 = EDGE_CURVE('',#812,#1922,#4325,.T.);
#4325 = LINE('',#4326,#4327);
#4326 = CARTESIAN_POINT('',(-16.31196441352,-2.084555665944,0.));
#4327 = VECTOR('',#4328,1.);
#4328 = DIRECTION('',(0.,0.,1.));
#4329 = ORIENTED_EDGE('',*,*,#1948,.T.);
#4330 = ORIENTED_EDGE('',*,*,#4288,.F.);
#4331 = ORIENTED_EDGE('',*,*,#838,.F.);
#4332 = SURFACE_OF_LINEAR_EXTRUSION('',#4333,#4336);
#4333 = B_SPLINE_CURVE_WITH_KNOTS('',1,(#4334,#4335),.UNSPECIFIED.,.F.,
  .F.,(2,2),(0.,2.069620863753),.PIECEWISE_BEZIER_KNOTS.);
#4334 = CARTESIAN_POINT('',(-16.31196441352,-2.084555665944,0.));
#4335 = CARTESIAN_POINT('',(-14.25903889102,-1.82220605426,0.));
#4336 = VECTOR('',#4337,1.);
#4337 = DIRECTION('',(-0.,-0.,-1.));
#4338 = ADVANCED_FACE('',(#4339),#4350,.F.);
#4339 = FACE_BOUND('',#4340,.F.);
#4340 = EDGE_LOOP('',(#4341,#4342,#4343,#4349));
#4341 = ORIENTED_EDGE('',*,*,#4308,.T.);
#4342 = ORIENTED_EDGE('',*,*,#1880,.T.);
#4343 = ORIENTED_EDGE('',*,*,#4344,.F.);
#4344 = EDGE_CURVE('',#771,#1881,#4345,.T.);
#4345 = LINE('',#4346,#4347);
#4346 = CARTESIAN_POINT('',(-16.31196441352,2.084555665944,0.));
#4347 = VECTOR('',#4348,1.);
#4348 = DIRECTION('',(0.,0.,1.));
#4349 = ORIENTED_EDGE('',*,*,#770,.F.);
#4350 = SURFACE_OF_LINEAR_EXTRUSION('',#4351,#4354);
#4351 = B_SPLINE_CURVE_WITH_KNOTS('',1,(#4352,#4353),.UNSPECIFIED.,.F.,
  .F.,(2,2),(0.,2.069620863753),.PIECEWISE_BEZIER_KNOTS.);
#4352 = CARTESIAN_POINT('',(-14.25903889102,1.82220605426,0.));
#4353 = CARTESIAN_POINT('',(-16.31196441352,2.084555665944,0.));
#4354 = VECTOR('',#4355,1.);
#4355 = DIRECTION('',(-0.,-0.,-1.));
#4356 = ADVANCED_FACE('',(#4357),#4368,.F.);
#4357 = FACE_BOUND('',#4358,.F.);
#4358 = EDGE_LOOP('',(#4359,#4365,#4366,#4367));
#4359 = ORIENTED_EDGE('',*,*,#4360,.T.);
#4360 = EDGE_CURVE('',#805,#1915,#4361,.T.);
#4361 = LINE('',#4362,#4363);
#4362 = CARTESIAN_POINT('',(-19.98370177385,-0.807256720974,0.));
#4363 = VECTOR('',#4364,1.);
#4364 = DIRECTION('',(0.,0.,1.));
#4365 = ORIENTED_EDGE('',*,*,#1921,.T.);
#4366 = ORIENTED_EDGE('',*,*,#4324,.F.);
#4367 = ORIENTED_EDGE('',*,*,#811,.F.);
#4368 = SURFACE_OF_LINEAR_EXTRUSION('',#4369,#4392);
#4369 = B_SPLINE_CURVE_WITH_KNOTS('',3,(#4370,#4371,#4372,#4373,#4374,
    #4375,#4376,#4377,#4378,#4379,#4380,#4381,#4382,#4383,#4384,#4385,
    #4386,#4387,#4388,#4389,#4390,#4391),.UNSPECIFIED.,.F.,.F.,(4,1,1,1,
    1,1,1,1,1,1,1,1,1,1,1,1,1,1,1,4),(0.,0.403771819651,0.785718136142,
    1.14583894951,1.484134259801,1.800604067068,2.095248371378,
    2.368067172813,2.619060471477,2.848228267502,3.055570561065,
    3.241087352403,3.404778641848,3.546644429885,3.666684717265,
    3.764899505238,3.841288796126,3.89585259504,3.928590917306,
    3.93950387022),.UNSPECIFIED.);
#4370 = CARTESIAN_POINT('',(-19.98370177385,-0.807256720974,0.));
#4371 = CARTESIAN_POINT('',(-19.87003080163,-0.879321472017,0.));
#4372 = CARTESIAN_POINT('',(-19.64633961785,-1.015679254803,0.));
#4373 = CARTESIAN_POINT('',(-19.31310720228,-1.202495782758,0.));
#4374 = CARTESIAN_POINT('',(-18.99271327037,-1.367094554306,0.));
#4375 = CARTESIAN_POINT('',(-18.68631031748,-1.510661153726,0.));
#4376 = CARTESIAN_POINT('',(-18.39497854796,-1.634448156813,0.));
#4377 = CARTESIAN_POINT('',(-18.1197256676,-1.739754658161,0.));
#4378 = CARTESIAN_POINT('',(-17.86148420471,-1.827926727933,0.));
#4379 = CARTESIAN_POINT('',(-17.62110964457,-1.900352658365,0.));
#4380 = CARTESIAN_POINT('',(-17.39937858686,-1.958459337425,0.));
#4381 = CARTESIAN_POINT('',(-17.19698710459,-2.003708355323,0.));
#4382 = CARTESIAN_POINT('',(-17.01454932082,-2.037591765273,0.));
#4383 = CARTESIAN_POINT('',(-16.8525960276,-2.061628864763,0.));
#4384 = CARTESIAN_POINT('',(-16.71157393807,-2.077359504486,0.));
#4385 = CARTESIAN_POINT('',(-16.59184378009,-2.086347652713,0.));
#4386 = CARTESIAN_POINT('',(-16.49368252872,-2.090154709441,0.));
#4387 = CARTESIAN_POINT('',(-16.41727486721,-2.090396647984,0.));
#4388 = CARTESIAN_POINT('',(-16.36273350059,-2.088581849663,0.));
#4389 = CARTESIAN_POINT('',(-16.3300534067,-2.086455491246,0.));
#4390 = CARTESIAN_POINT('',(-16.31557955276,-2.084964206278,0.));
#4391 = CARTESIAN_POINT('',(-16.31196441352,-2.084555665944,0.));
#4392 = VECTOR('',#4393,1.);
#4393 = DIRECTION('',(-0.,-0.,-1.));
#4394 = ADVANCED_FACE('',(#4395),#4406,.F.);
#4395 = FACE_BOUND('',#4396,.F.);
#4396 = EDGE_LOOP('',(#4397,#4398,#4399,#4405));
#4397 = ORIENTED_EDGE('',*,*,#4344,.T.);
#4398 = ORIENTED_EDGE('',*,*,#1887,.T.);
#4399 = ORIENTED_EDGE('',*,*,#4400,.F.);
#4400 = EDGE_CURVE('',#778,#1888,#4401,.T.);
#4401 = LINE('',#4402,#4403);
#4402 = CARTESIAN_POINT('',(-19.98370177385,0.807256720974,0.));
#4403 = VECTOR('',#4404,1.);
#4404 = DIRECTION('',(0.,0.,1.));
#4405 = ORIENTED_EDGE('',*,*,#777,.F.);
#4406 = SURFACE_OF_LINEAR_EXTRUSION('',#4407,#4430);
#4407 = B_SPLINE_CURVE_WITH_KNOTS('',3,(#4408,#4409,#4410,#4411,#4412,
    #4413,#4414,#4415,#4416,#4417,#4418,#4419,#4420,#4421,#4422,#4423,
    #4424,#4425,#4426,#4427,#4428,#4429),.UNSPECIFIED.,.F.,.F.,(4,1,1,1,
    1,1,1,1,1,1,1,1,1,1,1,1,1,1,1,4),(0.,1.091295291394E-02,
    4.36512751805E-02,9.821507409409E-02,0.174604364983,0.272819152956,
    0.392859440335,0.534725228372,0.698416517817,0.883933309155,
    1.091275602718,1.320443398744,1.571436697408,1.844255498843,
    2.138899803152,2.45536961042,2.79366492071,3.153785734078,
    3.535732050569,3.93950387022),.UNSPECIFIED.);
#4408 = CARTESIAN_POINT('',(-16.31196441352,2.084555665944,0.));
#4409 = CARTESIAN_POINT('',(-16.31557955276,2.084964206278,0.));
#4410 = CARTESIAN_POINT('',(-16.3300534067,2.086455491246,0.));
#4411 = CARTESIAN_POINT('',(-16.36273350059,2.088581849663,0.));
#4412 = CARTESIAN_POINT('',(-16.41727486721,2.090396647984,0.));
#4413 = CARTESIAN_POINT('',(-16.49368252872,2.090154709441,0.));
#4414 = CARTESIAN_POINT('',(-16.59184378009,2.086347652713,0.));
#4415 = CARTESIAN_POINT('',(-16.71157393807,2.077359504486,0.));
#4416 = CARTESIAN_POINT('',(-16.8525960276,2.061628864763,0.));
#4417 = CARTESIAN_POINT('',(-17.01454932082,2.037591765273,0.));
#4418 = CARTESIAN_POINT('',(-17.19698710459,2.003708355323,0.));
#4419 = CARTESIAN_POINT('',(-17.39937858686,1.958459337425,0.));
#4420 = CARTESIAN_POINT('',(-17.62110964457,1.900352658365,0.));
#4421 = CARTESIAN_POINT('',(-17.86148420471,1.827926727933,0.));
#4422 = CARTESIAN_POINT('',(-18.1197256676,1.739754658161,0.));
#4423 = CARTESIAN_POINT('',(-18.39497854796,1.634448156813,0.));
#4424 = CARTESIAN_POINT('',(-18.68631031748,1.510661153726,0.));
#4425 = CARTESIAN_POINT('',(-18.99271327037,1.367094554306,0.));
#4426 = CARTESIAN_POINT('',(-19.31310720228,1.202495782758,0.));
#4427 = CARTESIAN_POINT('',(-19.64633961785,1.015679254803,0.));
#4428 = CARTESIAN_POINT('',(-19.87003080163,0.879321472017,0.));
#4429 = CARTESIAN_POINT('',(-19.98370177385,0.807256720974,0.));
#4430 = VECTOR('',#4431,1.);
#4431 = DIRECTION('',(-0.,-0.,-1.));
#4432 = ADVANCED_FACE('',(#4433),#4439,.F.);
#4433 = FACE_BOUND('',#4434,.F.);
#4434 = EDGE_LOOP('',(#4435,#4436,#4437,#4438));
#4435 = ORIENTED_EDGE('',*,*,#4400,.T.);
#4436 = ORIENTED_EDGE('',*,*,#1914,.T.);
#4437 = ORIENTED_EDGE('',*,*,#4360,.F.);
#4438 = ORIENTED_EDGE('',*,*,#804,.F.);
#4439 = SURFACE_OF_LINEAR_EXTRUSION('',#4440,#4443);
#4440 = B_SPLINE_CURVE_WITH_KNOTS('',1,(#4441,#4442),.UNSPECIFIED.,.F.,
  .F.,(2,2),(0.,1.614513441948),.PIECEWISE_BEZIER_KNOTS.);
#4441 = CARTESIAN_POINT('',(-19.98370177385,0.807256720974,0.));
#4442 = CARTESIAN_POINT('',(-19.98370177385,-0.807256720974,0.));
#4443 = VECTOR('',#4444,1.);
#4444 = DIRECTION('',(-0.,-0.,-1.));
#4445 = ADVANCED_FACE('',(#4446),#4457,.F.);
#4446 = FACE_BOUND('',#4447,.F.);
#4447 = EDGE_LOOP('',(#4448,#4449,#4455,#4456));
#4448 = ORIENTED_EDGE('',*,*,#2462,.F.);
#4449 = ORIENTED_EDGE('',*,*,#4450,.F.);
#4450 = EDGE_CURVE('',#1353,#2463,#4451,.T.);
#4451 = LINE('',#4452,#4453);
#4452 = CARTESIAN_POINT('',(2.5,-6.1E-16,-2.5));
#4453 = VECTOR('',#4454,1.);
#4454 = DIRECTION('',(0.,0.,1.));
#4455 = ORIENTED_EDGE('',*,*,#1352,.T.);
#4456 = ORIENTED_EDGE('',*,*,#4450,.T.);
#4457 = CYLINDRICAL_SURFACE('',#4458,2.5);
#4458 = AXIS2_PLACEMENT_3D('',#4459,#4460,#4461);
#4459 = CARTESIAN_POINT('',(0.,0.,-2.5));
#4460 = DIRECTION('',(0.,0.,1.));
#4461 = DIRECTION('',(1.,0.,0.));
#4462 = ( GEOMETRIC_REPRESENTATION_CONTEXT(3) 
GLOBAL_UNCERTAINTY_ASSIGNED_CONTEXT((#4466)) 
GLOBAL_UNIT_ASSIGNED_CONTEXT((#4463,#4464,#4465)) REPRESENTATION_CONTEXT
('Context #1','3D Context with UNIT and UNCERTAINTY') );
#4463 = ( LENGTH_UNIT() NAMED_UNIT(*) SI_UNIT(.MILLI.,.METRE.) );
#4464 = ( NAMED_UNIT(*) PLANE_ANGLE_UNIT() SI_UNIT($,.RADIAN.) );
#4465 = ( NAMED_UNIT(*) SI_UNIT($,.STERADIAN.) SOLID_ANGLE_UNIT() );
#4466 = UNCERTAINTY_MEASURE_WITH_UNIT(LENGTH_MEASURE(1.E-07),#4463,
  'distance_accuracy_value','confusion accuracy');
#4467 = CONTEXT_DEPENDENT_SHAPE_REPRESENTATION(#4468,#4470);
#4468 = ( REPRESENTATION_RELATIONSHIP('','',#32,#10) 
REPRESENTATION_RELATIONSHIP_WITH_TRANSFORMATION(#4469) 
SHAPE_REPRESENTATION_RELATIONSHIP() );
#4469 = ITEM_DEFINED_TRANSFORMATION('','',#11,#15);
#4470 = PRODUCT_DEFINITION_SHAPE('Placement','Placement of an item',
  #4471);
#4471 = NEXT_ASSEMBLY_USAGE_OCCURRENCE('2','InvoluteGear025','',#5,#27,$
  );
#4472 = PRODUCT_RELATED_PRODUCT_CATEGORY('part',$,(#29));
#4473 = MECHANICAL_DESIGN_GEOMETRIC_PRESENTATION_REPRESENTATION('',(
    #4474),#4462);
#4474 = STYLED_ITEM('color',(#4475),#33);
#4475 = PRESENTATION_STYLE_ASSIGNMENT((#4476,#4482));
#4476 = SURFACE_STYLE_USAGE(.BOTH.,#4477);
#4477 = SURFACE_SIDE_STYLE('',(#4478));
#4478 = SURFACE_STYLE_FILL_AREA(#4479);
#4479 = FILL_AREA_STYLE('',(#4480));
#4480 = FILL_AREA_STYLE_COLOUR('',#4481);
#4481 = COLOUR_RGB('',0.447058818107,0.474509808674,0.501960817233);
#4482 = CURVE_STYLE('',#4483,POSITIVE_LENGTH_MEASURE(0.1),#4484);
#4483 = DRAUGHTING_PRE_DEFINED_CURVE_FONT('continuous');
#4484 = COLOUR_RGB('',9.803921802644E-02,9.803921802644E-02,
  9.803921802644E-02);
ENDSEC;
END-ISO-10303-21;
