ISO-10303-21;
HEADER;
FILE_DESCRIPTION(('FreeCAD Model'),'2;1');
FILE_NAME('Open CASCADE Shape Model','2026-04-13T15:01:56',(''),(''),
  'Open CASCADE STEP processor 7.9','FreeCAD','Unknown');
FILE_SCHEMA(('AUTOMOTIVE_DESIGN { 1 0 10303 214 1 1 1 1 }'));
ENDSEC;
DATA;
#1 = APPLICATION_PROTOCOL_DEFINITION('international standard',
  'automotive_design',2000,#2);
#2 = APPLICATION_CONTEXT(
  'core data for automotive mechanical design processes');
#3 = SHAPE_DEFINITION_REPRESENTATION(#4,#10);
#4 = PRODUCT_DEFINITION_SHAPE('','',#5);
#5 = PRODUCT_DEFINITION('design','',#6,#9);
#6 = PRODUCT_DEFINITION_FORMATION('','',#7);
#7 = PRODUCT('Sun Gear','Sun Gear','',(#8));
#8 = PRODUCT_CONTEXT('',#2,'mechanical');
#9 = PRODUCT_DEFINITION_CONTEXT('part definition',#2,'design');
#10 = SHAPE_REPRESENTATION('',(#11,#15),#19);
#11 = AXIS2_PLACEMENT_3D('',#12,#13,#14);
#12 = CARTESIAN_POINT('',(0.,0.,0.));
#13 = DIRECTION('',(0.,0.,1.));
#14 = DIRECTION('',(1.,0.,-0.));
#15 = AXIS2_PLACEMENT_3D('',#16,#17,#18);
#16 = CARTESIAN_POINT('',(0.,0.,0.));
#17 = DIRECTION('',(0.,0.,1.));
#18 = DIRECTION('',(1.,0.,0.));
#19 = ( GEOMETRIC_REPRESENTATION_CONTEXT(3) 
GLOBAL_UNCERTAINTY_ASSIGNED_CONTEXT((#23)) GLOBAL_UNIT_ASSIGNED_CONTEXT(
(#20,#21,#22)) REPRESENTATION_CONTEXT('Context #1',
  '3D Context with UNIT and UNCERTAINTY') );
#20 = ( LENGTH_UNIT() NAMED_UNIT(*) SI_UNIT(.MILLI.,.METRE.) );
#21 = ( NAMED_UNIT(*) PLANE_ANGLE_UNIT() SI_UNIT($,.RADIAN.) );
#22 = ( NAMED_UNIT(*) SI_UNIT($,.STERADIAN.) SOLID_ANGLE_UNIT() );
#23 = UNCERTAINTY_MEASURE_WITH_UNIT(LENGTH_MEASURE(1.E-07),#20,
  'distance_accuracy_value','confusion accuracy');
#24 = PRODUCT_RELATED_PRODUCT_CATEGORY('part',$,(#7));
#25 = SHAPE_DEFINITION_REPRESENTATION(#26,#32);
#26 = PRODUCT_DEFINITION_SHAPE('','',#27);
#27 = PRODUCT_DEFINITION('design','',#28,#31);
#28 = PRODUCT_DEFINITION_FORMATION('','',#29);
#29 = PRODUCT('InvoluteGear024','InvoluteGear024','',(#30));
#30 = PRODUCT_CONTEXT('',#2,'mechanical');
#31 = PRODUCT_DEFINITION_CONTEXT('part definition',#2,'design');
#32 = ADVANCED_BREP_SHAPE_REPRESENTATION('',(#11,#33),#8791);
#33 = MANIFOLD_SOLID_BREP('',#34);
#34 = CLOSED_SHELL('',(#35,#75,#165,#196,#227,#258,#348,#378,#468,#498,
    #528,#558,#648,#678,#768,#798,#828,#858,#948,#978,#1068,#1098,#1128,
    #1158,#1248,#1278,#1368,#1398,#1428,#1458,#1548,#1578,#1668,#1698,
    #1728,#1758,#1848,#1878,#1968,#1998,#2028,#2058,#2148,#2178,#2268,
    #2298,#2328,#2358,#2448,#2478,#2568,#2598,#2628,#2658,#2748,#2778,
    #2868,#2898,#2928,#2958,#3048,#3078,#3168,#3198,#3228,#3258,#3348,
    #3378,#3468,#3498,#3528,#3558,#3648,#3678,#3768,#3798,#3828,#3858,
    #3948,#3978,#4068,#4098,#4128,#4158,#4248,#4278,#4368,#4398,#4428,
    #4458,#4548,#4578,#4668,#4698,#4728,#4758,#4848,#4878,#4968,#4998,
    #5028,#5058,#5148,#5178,#5268,#5298,#5328,#5358,#5448,#5478,#5568,
    #5598,#5628,#5658,#5748,#5778,#5868,#5898,#5928,#5958,#6048,#6078,
    #6168,#6198,#6228,#6258,#6348,#6378,#6468,#6498,#6528,#6558,#6648,
    #6678,#6768,#6798,#6828,#6858,#6948,#6978,#7068,#7098,#7128,#7158,
    #7248,#7278,#7368,#7398,#7428,#7458,#7548,#7578,#7668,#7698,#7728,
    #7758,#7848,#7878,#7968,#7998,#8028,#8058,#8148,#8178,#8268,#8298,
    #8328,#8358,#8439,#8615));
#35 = ADVANCED_FACE('',(#36),#70,.F.);
#36 = FACE_BOUND('',#37,.F.);
#37 = EDGE_LOOP('',(#38,#48,#56,#64));
#38 = ORIENTED_EDGE('',*,*,#39,.T.);
#39 = EDGE_CURVE('',#40,#42,#44,.T.);
#40 = VERTEX_POINT('',#41);
#41 = CARTESIAN_POINT('',(37.488867286206,-0.913690099106,0.));
#42 = VERTEX_POINT('',#43);
#43 = CARTESIAN_POINT('',(37.488867286206,-0.913690099106,5.));
#44 = LINE('',#45,#46);
#45 = CARTESIAN_POINT('',(37.488867286206,-0.913690099106,0.));
#46 = VECTOR('',#47,1.);
#47 = DIRECTION('',(0.,0.,1.));
#48 = ORIENTED_EDGE('',*,*,#49,.T.);
#49 = EDGE_CURVE('',#42,#50,#52,.T.);
#50 = VERTEX_POINT('',#51);
#51 = CARTESIAN_POINT('',(37.488867286206,0.913690099106,5.));
#52 = LINE('',#53,#54);
#53 = CARTESIAN_POINT('',(37.488867286206,-0.913690099106,5.));
#54 = VECTOR('',#55,1.);
#55 = DIRECTION('',(0.,1.,0.));
#56 = ORIENTED_EDGE('',*,*,#57,.F.);
#57 = EDGE_CURVE('',#58,#50,#60,.T.);
#58 = VERTEX_POINT('',#59);
#59 = CARTESIAN_POINT('',(37.488867286206,0.913690099106,0.));
#60 = LINE('',#61,#62);
#61 = CARTESIAN_POINT('',(37.488867286206,0.913690099106,0.));
#62 = VECTOR('',#63,1.);
#63 = DIRECTION('',(0.,0.,1.));
#64 = ORIENTED_EDGE('',*,*,#65,.F.);
#65 = EDGE_CURVE('',#40,#58,#66,.T.);
#66 = LINE('',#67,#68);
#67 = CARTESIAN_POINT('',(37.488867286206,-0.913690099106,0.));
#68 = VECTOR('',#69,1.);
#69 = DIRECTION('',(0.,1.,0.));
#70 = PLANE('',#71);
#71 = AXIS2_PLACEMENT_3D('',#72,#73,#74);
#72 = CARTESIAN_POINT('',(37.488867286206,-0.913690099106,0.));
#73 = DIRECTION('',(-1.,0.,0.));
#74 = DIRECTION('',(0.,1.,0.));
#75 = ADVANCED_FACE('',(#76),#139,.F.);
#76 = FACE_BOUND('',#77,.F.);
#77 = EDGE_LOOP('',(#78,#79,#106,#114));
#78 = ORIENTED_EDGE('',*,*,#57,.T.);
#79 = ORIENTED_EDGE('',*,*,#80,.T.);
#80 = EDGE_CURVE('',#50,#81,#83,.T.);
#81 = VERTEX_POINT('',#82);
#82 = CARTESIAN_POINT('',(32.806369289124,2.333314268584,5.));
#83 = B_SPLINE_CURVE_WITH_KNOTS('',3,(#84,#85,#86,#87,#88,#89,#90,#91,
    #92,#93,#94,#95,#96,#97,#98,#99,#100,#101,#102,#103,#104,#105),
  .UNSPECIFIED.,.F.,.F.,(4,1,1,1,1,1,1,1,1,1,1,1,1,1,1,1,1,1,1,4),(0.,
    0.505678245547,0.98402253235,1.435032860437,1.858709229845,
    2.255051640615,2.6240600928,2.965734586464,3.280075121689,
    3.567081698578,3.82675431727,4.059092977951,4.264097680881,
    4.441768426441,4.592105215219,4.715108048196,4.810776927193,
    4.879111856217,4.920112847288,4.933779984548),.UNSPECIFIED.);
#84 = CARTESIAN_POINT('',(37.488867286206,0.913690099106,5.));
#85 = CARTESIAN_POINT('',(37.339099420298,0.991031196415,5.));
#86 = CARTESIAN_POINT('',(37.045543379577,1.137487853788,5.));
#87 = CARTESIAN_POINT('',(36.611469700778,1.338618335582,5.));
#88 = CARTESIAN_POINT('',(36.196907645238,1.516397979912,5.));
#89 = CARTESIAN_POINT('',(35.802823000865,1.672117203801,5.));
#90 = CARTESIAN_POINT('',(35.430121594248,1.807115191624,5.));
#91 = CARTESIAN_POINT('',(35.079649209015,1.922761197523,5.));
#92 = CARTESIAN_POINT('',(34.752190156397,2.02045616958,5.));
#93 = CARTESIAN_POINT('',(34.448466281465,2.101629377692,5.));
#94 = CARTESIAN_POINT('',(34.169135975047,2.167736176856,5.));
#95 = CARTESIAN_POINT('',(33.914793287309,2.220255555146,5.));
#96 = CARTESIAN_POINT('',(33.685967152174,2.260687372819,5.));
#97 = CARTESIAN_POINT('',(33.483120623678,2.29055065193,5.));
#98 = CARTESIAN_POINT('',(33.306650454471,2.31137843312,5.));
#99 = CARTESIAN_POINT('',(33.156886013249,2.324722876639,5.));
#100 = CARTESIAN_POINT('',(33.034090505886,2.332130232354,5.));
#101 = CARTESIAN_POINT('',(32.938456154026,2.335199369887,5.));
#102 = CARTESIAN_POINT('',(32.870115509257,2.335421743354,5.));
#103 = CARTESIAN_POINT('',(32.829115768279,2.33452621927,5.));
#104 = CARTESIAN_POINT('',(32.81091733802,2.333585070887,5.));
#105 = CARTESIAN_POINT('',(32.806369289124,2.333314268584,5.));
#106 = ORIENTED_EDGE('',*,*,#107,.F.);
#107 = EDGE_CURVE('',#108,#81,#110,.T.);
#108 = VERTEX_POINT('',#109);
#109 = CARTESIAN_POINT('',(32.806369289124,2.333314268584,0.));
#110 = LINE('',#111,#112);
#111 = CARTESIAN_POINT('',(32.806369289124,2.333314268584,0.));
#112 = VECTOR('',#113,1.);
#113 = DIRECTION('',(0.,0.,1.));
#114 = ORIENTED_EDGE('',*,*,#115,.F.);
#115 = EDGE_CURVE('',#58,#108,#116,.T.);
#116 = B_SPLINE_CURVE_WITH_KNOTS('',3,(#117,#118,#119,#120,#121,#122,
    #123,#124,#125,#126,#127,#128,#129,#130,#131,#132,#133,#134,#135,
    #136,#137,#138),.UNSPECIFIED.,.F.,.F.,(4,1,1,1,1,1,1,1,1,1,1,1,1,1,1
    ,1,1,1,1,4),(0.,0.505678245547,0.98402253235,1.435032860437,
    1.858709229845,2.255051640615,2.6240600928,2.965734586464,
    3.280075121689,3.567081698578,3.82675431727,4.059092977951,
    4.264097680881,4.441768426441,4.592105215219,4.715108048196,
    4.810776927193,4.879111856217,4.920112847288,4.933779984548),
  .UNSPECIFIED.);
#117 = CARTESIAN_POINT('',(37.488867286206,0.913690099106,0.));
#118 = CARTESIAN_POINT('',(37.339099420298,0.991031196415,0.));
#119 = CARTESIAN_POINT('',(37.045543379577,1.137487853788,0.));
#120 = CARTESIAN_POINT('',(36.611469700778,1.338618335582,0.));
#121 = CARTESIAN_POINT('',(36.196907645238,1.516397979912,0.));
#122 = CARTESIAN_POINT('',(35.802823000865,1.672117203801,0.));
#123 = CARTESIAN_POINT('',(35.430121594248,1.807115191624,0.));
#124 = CARTESIAN_POINT('',(35.079649209015,1.922761197523,0.));
#125 = CARTESIAN_POINT('',(34.752190156397,2.02045616958,0.));
#126 = CARTESIAN_POINT('',(34.448466281465,2.101629377692,0.));
#127 = CARTESIAN_POINT('',(34.169135975047,2.167736176856,0.));
#128 = CARTESIAN_POINT('',(33.914793287309,2.220255555146,0.));
#129 = CARTESIAN_POINT('',(33.685967152174,2.260687372819,0.));
#130 = CARTESIAN_POINT('',(33.483120623678,2.29055065193,0.));
#131 = CARTESIAN_POINT('',(33.306650454471,2.31137843312,0.));
#132 = CARTESIAN_POINT('',(33.156886013249,2.324722876639,0.));
#133 = CARTESIAN_POINT('',(33.034090505886,2.332130232354,0.));
#134 = CARTESIAN_POINT('',(32.938456154026,2.335199369887,0.));
#135 = CARTESIAN_POINT('',(32.870115509257,2.335421743354,0.));
#136 = CARTESIAN_POINT('',(32.829115768279,2.33452621927,0.));
#137 = CARTESIAN_POINT('',(32.81091733802,2.333585070887,-0.));
#138 = CARTESIAN_POINT('',(32.806369289124,2.333314268584,0.));
#139 = SURFACE_OF_LINEAR_EXTRUSION('',#140,#163);
#140 = B_SPLINE_CURVE_WITH_KNOTS('',3,(#141,#142,#143,#144,#145,#146,
    #147,#148,#149,#150,#151,#152,#153,#154,#155,#156,#157,#158,#159,
    #160,#161,#162),.UNSPECIFIED.,.F.,.F.,(4,1,1,1,1,1,1,1,1,1,1,1,1,1,1
    ,1,1,1,1,4),(0.,0.505678245547,0.98402253235,1.435032860437,
    1.858709229845,2.255051640615,2.6240600928,2.965734586464,
    3.280075121689,3.567081698578,3.82675431727,4.059092977951,
    4.264097680881,4.441768426441,4.592105215219,4.715108048196,
    4.810776927193,4.879111856217,4.920112847288,4.933779984548),
  .UNSPECIFIED.);
#141 = CARTESIAN_POINT('',(37.488867286206,0.913690099106,0.));
#142 = CARTESIAN_POINT('',(37.339099420298,0.991031196415,0.));
#143 = CARTESIAN_POINT('',(37.045543379577,1.137487853788,0.));
#144 = CARTESIAN_POINT('',(36.611469700778,1.338618335582,0.));
#145 = CARTESIAN_POINT('',(36.196907645238,1.516397979912,0.));
#146 = CARTESIAN_POINT('',(35.802823000865,1.672117203801,0.));
#147 = CARTESIAN_POINT('',(35.430121594248,1.807115191624,0.));
#148 = CARTESIAN_POINT('',(35.079649209015,1.922761197523,0.));
#149 = CARTESIAN_POINT('',(34.752190156397,2.02045616958,0.));
#150 = CARTESIAN_POINT('',(34.448466281465,2.101629377692,0.));
#151 = CARTESIAN_POINT('',(34.169135975047,2.167736176856,0.));
#152 = CARTESIAN_POINT('',(33.914793287309,2.220255555146,0.));
#153 = CARTESIAN_POINT('',(33.685967152174,2.260687372819,0.));
#154 = CARTESIAN_POINT('',(33.483120623678,2.29055065193,0.));
#155 = CARTESIAN_POINT('',(33.306650454471,2.31137843312,0.));
#156 = CARTESIAN_POINT('',(33.156886013249,2.324722876639,0.));
#157 = CARTESIAN_POINT('',(33.034090505886,2.332130232354,0.));
#158 = CARTESIAN_POINT('',(32.938456154026,2.335199369887,0.));
#159 = CARTESIAN_POINT('',(32.870115509257,2.335421743354,0.));
#160 = CARTESIAN_POINT('',(32.829115768279,2.33452621927,0.));
#161 = CARTESIAN_POINT('',(32.81091733802,2.333585070887,-0.));
#162 = CARTESIAN_POINT('',(32.806369289124,2.333314268584,0.));
#163 = VECTOR('',#164,1.);
#164 = DIRECTION('',(-0.,-0.,-1.));
#165 = ADVANCED_FACE('',(#166),#191,.F.);
#166 = FACE_BOUND('',#167,.F.);
#167 = EDGE_LOOP('',(#168,#169,#177,#185));
#168 = ORIENTED_EDGE('',*,*,#107,.T.);
#169 = ORIENTED_EDGE('',*,*,#170,.T.);
#170 = EDGE_CURVE('',#81,#171,#173,.T.);
#171 = VERTEX_POINT('',#172);
#172 = CARTESIAN_POINT('',(31.794683190165,2.261359289683,5.));
#173 = LINE('',#174,#175);
#174 = CARTESIAN_POINT('',(32.806369289124,2.333314268584,5.));
#175 = VECTOR('',#176,1.);
#176 = DIRECTION('',(-0.997480256946,-7.094460516652E-02,0.));
#177 = ORIENTED_EDGE('',*,*,#178,.F.);
#178 = EDGE_CURVE('',#179,#171,#181,.T.);
#179 = VERTEX_POINT('',#180);
#180 = CARTESIAN_POINT('',(31.794683190165,2.261359289683,0.));
#181 = LINE('',#182,#183);
#182 = CARTESIAN_POINT('',(31.794683190165,2.261359289683,0.));
#183 = VECTOR('',#184,1.);
#184 = DIRECTION('',(0.,0.,1.));
#185 = ORIENTED_EDGE('',*,*,#186,.F.);
#186 = EDGE_CURVE('',#108,#179,#187,.T.);
#187 = LINE('',#188,#189);
#188 = CARTESIAN_POINT('',(32.806369289124,2.333314268584,0.));
#189 = VECTOR('',#190,1.);
#190 = DIRECTION('',(-0.997480256946,-7.094460516652E-02,0.));
#191 = PLANE('',#192);
#192 = AXIS2_PLACEMENT_3D('',#193,#194,#195);
#193 = CARTESIAN_POINT('',(32.806369289124,2.333314268584,0.));
#194 = DIRECTION('',(7.094460516652E-02,-0.997480256946,0.));
#195 = DIRECTION('',(-0.997480256946,-7.094460516652E-02,0.));
#196 = ADVANCED_FACE('',(#197),#222,.F.);
#197 = FACE_BOUND('',#198,.F.);
#198 = EDGE_LOOP('',(#199,#200,#208,#216));
#199 = ORIENTED_EDGE('',*,*,#178,.T.);
#200 = ORIENTED_EDGE('',*,*,#201,.T.);
#201 = EDGE_CURVE('',#171,#202,#204,.T.);
#202 = VERTEX_POINT('',#203);
#203 = CARTESIAN_POINT('',(31.500723882221,4.870320307337,5.));
#204 = LINE('',#205,#206);
#205 = CARTESIAN_POINT('',(31.794683190165,2.261359289683,5.));
#206 = VECTOR('',#207,1.);
#207 = DIRECTION('',(-0.111964476103,0.993712209893,0.));
#208 = ORIENTED_EDGE('',*,*,#209,.F.);
#209 = EDGE_CURVE('',#210,#202,#212,.T.);
#210 = VERTEX_POINT('',#211);
#211 = CARTESIAN_POINT('',(31.500723882221,4.870320307337,0.));
#212 = LINE('',#213,#214);
#213 = CARTESIAN_POINT('',(31.500723882221,4.870320307337,0.));
#214 = VECTOR('',#215,1.);
#215 = DIRECTION('',(0.,0.,1.));
#216 = ORIENTED_EDGE('',*,*,#217,.F.);
#217 = EDGE_CURVE('',#179,#210,#218,.T.);
#218 = LINE('',#219,#220);
#219 = CARTESIAN_POINT('',(31.794683190165,2.261359289683,0.));
#220 = VECTOR('',#221,1.);
#221 = DIRECTION('',(-0.111964476103,0.993712209893,0.));
#222 = PLANE('',#223);
#223 = AXIS2_PLACEMENT_3D('',#224,#225,#226);
#224 = CARTESIAN_POINT('',(31.794683190165,2.261359289683,0.));
#225 = DIRECTION('',(-0.993712209893,-0.111964476103,0.));
#226 = DIRECTION('',(-0.111964476103,0.993712209893,0.));
#227 = ADVANCED_FACE('',(#228),#253,.F.);
#228 = FACE_BOUND('',#229,.F.);
#229 = EDGE_LOOP('',(#230,#231,#239,#247));
#230 = ORIENTED_EDGE('',*,*,#209,.T.);
#231 = ORIENTED_EDGE('',*,*,#232,.T.);
#232 = EDGE_CURVE('',#202,#233,#235,.T.);
#233 = VERTEX_POINT('',#234);
#234 = CARTESIAN_POINT('',(32.503056387571,5.025290725597,5.));
#235 = LINE('',#236,#237);
#236 = CARTESIAN_POINT('',(31.500723882221,4.870320307337,5.));
#237 = VECTOR('',#238,1.);
#238 = DIRECTION('',(0.988258004148,0.152794362583,0.));
#239 = ORIENTED_EDGE('',*,*,#240,.F.);
#240 = EDGE_CURVE('',#241,#233,#243,.T.);
#241 = VERTEX_POINT('',#242);
#242 = CARTESIAN_POINT('',(32.503056387571,5.025290725597,0.));
#243 = LINE('',#244,#245);
#244 = CARTESIAN_POINT('',(32.503056387571,5.025290725597,0.));
#245 = VECTOR('',#246,1.);
#246 = DIRECTION('',(0.,0.,1.));
#247 = ORIENTED_EDGE('',*,*,#248,.F.);
#248 = EDGE_CURVE('',#210,#241,#249,.T.);
#249 = LINE('',#250,#251);
#250 = CARTESIAN_POINT('',(31.500723882221,4.870320307337,0.));
#251 = VECTOR('',#252,1.);
#252 = DIRECTION('',(0.988258004148,0.152794362583,0.));
#253 = PLANE('',#254);
#254 = AXIS2_PLACEMENT_3D('',#255,#256,#257);
#255 = CARTESIAN_POINT('',(31.500723882221,4.870320307337,0.));
#256 = DIRECTION('',(-0.152794362583,0.988258004148,0.));
#257 = DIRECTION('',(0.988258004148,0.152794362583,0.));
#258 = ADVANCED_FACE('',(#259),#322,.F.);
#259 = FACE_BOUND('',#260,.F.);
#260 = EDGE_LOOP('',(#261,#262,#289,#297));
#261 = ORIENTED_EDGE('',*,*,#240,.T.);
#262 = ORIENTED_EDGE('',*,*,#263,.T.);
#263 = EDGE_CURVE('',#233,#264,#266,.T.);
#264 = VERTEX_POINT('',#265);
#265 = CARTESIAN_POINT('',(36.752258287602,7.451275780788,5.));
#266 = B_SPLINE_CURVE_WITH_KNOTS('',3,(#267,#268,#269,#270,#271,#272,
    #273,#274,#275,#276,#277,#278,#279,#280,#281,#282,#283,#284,#285,
    #286,#287,#288),.UNSPECIFIED.,.F.,.F.,(4,1,1,1,1,1,1,1,1,1,1,1,1,1,1
    ,1,1,1,1,4),(0.,1.366713726009E-02,5.466812833143E-02,0.123003057355
    ,0.218671936353,0.341674769329,0.492011558107,0.669682303667,
    0.874687006597,1.107025667278,1.36669828597,1.65370486286,
    1.968045398084,2.309719891748,2.678728343933,3.075070754704,
    3.498747124111,3.949757452199,4.428101739001,4.933779984548),
  .UNSPECIFIED.);
#267 = CARTESIAN_POINT('',(32.503056387571,5.025290725597,5.));
#268 = CARTESIAN_POINT('',(32.507550666566,5.026038748961,5.));
#269 = CARTESIAN_POINT('',(32.525502249401,5.029170728831,5.));
#270 = CARTESIAN_POINT('',(32.565673314128,5.03742095806,5.));
#271 = CARTESIAN_POINT('',(32.632251033499,5.052844980261,5.));
#272 = CARTESIAN_POINT('',(32.72480468514,5.077117813402,5.));
#273 = CARTESIAN_POINT('',(32.842873161047,5.111664022229,5.));
#274 = CARTESIAN_POINT('',(32.985913277012,5.157999616022,5.));
#275 = CARTESIAN_POINT('',(33.153324353316,5.21757350812,5.));
#276 = CARTESIAN_POINT('',(33.344439891077,5.291825651445,5.));
#277 = CARTESIAN_POINT('',(33.558531951427,5.382162364339,5.));
#278 = CARTESIAN_POINT('',(33.794811075854,5.489961544584,5.));
#279 = CARTESIAN_POINT('',(34.052427841608,5.616567748941,5.));
#280 = CARTESIAN_POINT('',(34.330473986795,5.763290695566,5.));
#281 = CARTESIAN_POINT('',(34.627983780864,5.931402744925,5.));
#282 = CARTESIAN_POINT('',(34.943935434435,6.122136706496,5.));
#283 = CARTESIAN_POINT('',(35.277252560323,6.336683878001,5.));
#284 = CARTESIAN_POINT('',(35.62680589275,6.576190978956,5.));
#285 = CARTESIAN_POINT('',(35.991414319532,6.841762052213,5.));
#286 = CARTESIAN_POINT('',(36.369849122281,7.134440253317,5.));
#287 = CARTESIAN_POINT('',(36.623455427986,7.342547300864,5.));
#288 = CARTESIAN_POINT('',(36.752258287602,7.451275780788,5.));
#289 = ORIENTED_EDGE('',*,*,#290,.F.);
#290 = EDGE_CURVE('',#291,#264,#293,.T.);
#291 = VERTEX_POINT('',#292);
#292 = CARTESIAN_POINT('',(36.752258287602,7.451275780788,0.));
#293 = LINE('',#294,#295);
#294 = CARTESIAN_POINT('',(36.752258287602,7.451275780788,0.));
#295 = VECTOR('',#296,1.);
#296 = DIRECTION('',(0.,0.,1.));
#297 = ORIENTED_EDGE('',*,*,#298,.F.);
#298 = EDGE_CURVE('',#241,#291,#299,.T.);
#299 = B_SPLINE_CURVE_WITH_KNOTS('',3,(#300,#301,#302,#303,#304,#305,
    #306,#307,#308,#309,#310,#311,#312,#313,#314,#315,#316,#317,#318,
    #319,#320,#321),.UNSPECIFIED.,.F.,.F.,(4,1,1,1,1,1,1,1,1,1,1,1,1,1,1
    ,1,1,1,1,4),(0.,1.366713726009E-02,5.466812833143E-02,0.123003057355
    ,0.218671936353,0.341674769329,0.492011558107,0.669682303667,
    0.874687006597,1.107025667278,1.36669828597,1.65370486286,
    1.968045398084,2.309719891748,2.678728343933,3.075070754704,
    3.498747124111,3.949757452199,4.428101739001,4.933779984548),
  .UNSPECIFIED.);
#300 = CARTESIAN_POINT('',(32.503056387571,5.025290725597,0.));
#301 = CARTESIAN_POINT('',(32.507550666566,5.026038748961,0.));
#302 = CARTESIAN_POINT('',(32.525502249401,5.029170728831,0.));
#303 = CARTESIAN_POINT('',(32.565673314128,5.03742095806,0.));
#304 = CARTESIAN_POINT('',(32.632251033499,5.052844980261,0.));
#305 = CARTESIAN_POINT('',(32.72480468514,5.077117813402,0.));
#306 = CARTESIAN_POINT('',(32.842873161047,5.111664022229,0.));
#307 = CARTESIAN_POINT('',(32.985913277012,5.157999616022,0.));
#308 = CARTESIAN_POINT('',(33.153324353316,5.21757350812,0.));
#309 = CARTESIAN_POINT('',(33.344439891077,5.291825651445,0.));
#310 = CARTESIAN_POINT('',(33.558531951427,5.382162364339,0.));
#311 = CARTESIAN_POINT('',(33.794811075854,5.489961544584,0.));
#312 = CARTESIAN_POINT('',(34.052427841608,5.616567748941,0.));
#313 = CARTESIAN_POINT('',(34.330473986795,5.763290695566,0.));
#314 = CARTESIAN_POINT('',(34.627983780864,5.931402744925,0.));
#315 = CARTESIAN_POINT('',(34.943935434435,6.122136706496,0.));
#316 = CARTESIAN_POINT('',(35.277252560323,6.336683878001,0.));
#317 = CARTESIAN_POINT('',(35.62680589275,6.576190978956,0.));
#318 = CARTESIAN_POINT('',(35.991414319532,6.841762052213,0.));
#319 = CARTESIAN_POINT('',(36.369849122281,7.134440253317,0.));
#320 = CARTESIAN_POINT('',(36.623455427986,7.342547300864,-0.));
#321 = CARTESIAN_POINT('',(36.752258287602,7.451275780788,0.));
#322 = SURFACE_OF_LINEAR_EXTRUSION('',#323,#346);
#323 = B_SPLINE_CURVE_WITH_KNOTS('',3,(#324,#325,#326,#327,#328,#329,
    #330,#331,#332,#333,#334,#335,#336,#337,#338,#339,#340,#341,#342,
    #343,#344,#345),.UNSPECIFIED.,.F.,.F.,(4,1,1,1,1,1,1,1,1,1,1,1,1,1,1
    ,1,1,1,1,4),(0.,1.366713726009E-02,5.466812833143E-02,0.123003057355
    ,0.218671936353,0.341674769329,0.492011558107,0.669682303667,
    0.874687006597,1.107025667278,1.36669828597,1.65370486286,
    1.968045398084,2.309719891748,2.678728343933,3.075070754704,
    3.498747124111,3.949757452199,4.428101739001,4.933779984548),
  .UNSPECIFIED.);
#324 = CARTESIAN_POINT('',(32.503056387571,5.025290725597,0.));
#325 = CARTESIAN_POINT('',(32.507550666566,5.026038748961,0.));
#326 = CARTESIAN_POINT('',(32.525502249401,5.029170728831,0.));
#327 = CARTESIAN_POINT('',(32.565673314128,5.03742095806,0.));
#328 = CARTESIAN_POINT('',(32.632251033499,5.052844980261,0.));
#329 = CARTESIAN_POINT('',(32.72480468514,5.077117813402,0.));
#330 = CARTESIAN_POINT('',(32.842873161047,5.111664022229,0.));
#331 = CARTESIAN_POINT('',(32.985913277012,5.157999616022,0.));
#332 = CARTESIAN_POINT('',(33.153324353316,5.21757350812,0.));
#333 = CARTESIAN_POINT('',(33.344439891077,5.291825651445,0.));
#334 = CARTESIAN_POINT('',(33.558531951427,5.382162364339,0.));
#335 = CARTESIAN_POINT('',(33.794811075854,5.489961544584,0.));
#336 = CARTESIAN_POINT('',(34.052427841608,5.616567748941,0.));
#337 = CARTESIAN_POINT('',(34.330473986795,5.763290695566,0.));
#338 = CARTESIAN_POINT('',(34.627983780864,5.931402744925,0.));
#339 = CARTESIAN_POINT('',(34.943935434435,6.122136706496,0.));
#340 = CARTESIAN_POINT('',(35.277252560323,6.336683878001,0.));
#341 = CARTESIAN_POINT('',(35.62680589275,6.576190978956,0.));
#342 = CARTESIAN_POINT('',(35.991414319532,6.841762052213,0.));
#343 = CARTESIAN_POINT('',(36.369849122281,7.134440253317,0.));
#344 = CARTESIAN_POINT('',(36.623455427986,7.342547300864,-0.));
#345 = CARTESIAN_POINT('',(36.752258287602,7.451275780788,0.));
#346 = VECTOR('',#347,1.);
#347 = DIRECTION('',(-0.,-0.,-1.));
#348 = ADVANCED_FACE('',(#349),#372,.F.);
#349 = FACE_BOUND('',#350,.F.);
#350 = EDGE_LOOP('',(#351,#352,#359,#367));
#351 = ORIENTED_EDGE('',*,*,#290,.T.);
#352 = ORIENTED_EDGE('',*,*,#353,.T.);
#353 = EDGE_CURVE('',#264,#354,#356,.T.);
#354 = VERTEX_POINT('',#355);
#355 = CARTESIAN_POINT('',(36.345627939203,9.232839742194,5.));
#356 = B_SPLINE_CURVE_WITH_KNOTS('',1,(#357,#358),.UNSPECIFIED.,.F.,.F.,
  (2,2),(0.,1.827380198213),.PIECEWISE_BEZIER_KNOTS.);
#357 = CARTESIAN_POINT('',(36.752258287602,7.451275780788,5.));
#358 = CARTESIAN_POINT('',(36.345627939203,9.232839742194,5.));
#359 = ORIENTED_EDGE('',*,*,#360,.F.);
#360 = EDGE_CURVE('',#361,#354,#363,.T.);
#361 = VERTEX_POINT('',#362);
#362 = CARTESIAN_POINT('',(36.345627939203,9.232839742194,0.));
#363 = LINE('',#364,#365);
#364 = CARTESIAN_POINT('',(36.345627939203,9.232839742194,0.));
#365 = VECTOR('',#366,1.);
#366 = DIRECTION('',(0.,0.,1.));
#367 = ORIENTED_EDGE('',*,*,#368,.F.);
#368 = EDGE_CURVE('',#291,#361,#369,.T.);
#369 = B_SPLINE_CURVE_WITH_KNOTS('',1,(#370,#371),.UNSPECIFIED.,.F.,.F.,
  (2,2),(0.,1.827380198213),.PIECEWISE_BEZIER_KNOTS.);
#370 = CARTESIAN_POINT('',(36.752258287602,7.451275780788,0.));
#371 = CARTESIAN_POINT('',(36.345627939203,9.232839742194,0.));
#372 = SURFACE_OF_LINEAR_EXTRUSION('',#373,#376);
#373 = B_SPLINE_CURVE_WITH_KNOTS('',1,(#374,#375),.UNSPECIFIED.,.F.,.F.,
  (2,2),(0.,1.827380198213),.PIECEWISE_BEZIER_KNOTS.);
#374 = CARTESIAN_POINT('',(36.752258287602,7.451275780788,0.));
#375 = CARTESIAN_POINT('',(36.345627939203,9.232839742194,0.));
#376 = VECTOR('',#377,1.);
#377 = DIRECTION('',(-0.,-0.,-1.));
#378 = ADVANCED_FACE('',(#379),#442,.F.);
#379 = FACE_BOUND('',#380,.F.);
#380 = EDGE_LOOP('',(#381,#382,#409,#417));
#381 = ORIENTED_EDGE('',*,*,#360,.T.);
#382 = ORIENTED_EDGE('',*,*,#383,.T.);
#383 = EDGE_CURVE('',#354,#384,#386,.T.);
#384 = VERTEX_POINT('',#385);
#385 = CARTESIAN_POINT('',(31.464633847053,9.574917142267,5.));
#386 = B_SPLINE_CURVE_WITH_KNOTS('',3,(#387,#388,#389,#390,#391,#392,
    #393,#394,#395,#396,#397,#398,#399,#400,#401,#402,#403,#404,#405,
    #406,#407,#408),.UNSPECIFIED.,.F.,.F.,(4,1,1,1,1,1,1,1,1,1,1,1,1,1,1
    ,1,1,1,1,4),(0.,0.505678245547,0.98402253235,1.435032860437,
    1.858709229845,2.255051640615,2.6240600928,2.965734586464,
    3.280075121689,3.567081698578,3.82675431727,4.059092977951,
    4.264097680881,4.441768426441,4.592105215219,4.715108048196,
    4.810776927193,4.879111856217,4.920112847288,4.933779984548),
  .UNSPECIFIED.);
#387 = CARTESIAN_POINT('',(36.345627939203,9.232839742194,5.));
#388 = CARTESIAN_POINT('',(36.182405053174,9.27491525132,5.));
#389 = CARTESIAN_POINT('',(35.863619403103,9.352377570169,5.));
#390 = CARTESIAN_POINT('',(35.395673115042,9.451874810447,5.));
#391 = CARTESIAN_POINT('',(34.95194530327,9.532948412142,5.));
#392 = CARTESIAN_POINT('',(34.533090396575,9.59707134685,5.));
#393 = CARTESIAN_POINT('',(34.139693514021,9.64575078818,5.));
#394 = CARTESIAN_POINT('',(33.772274545968,9.680509864775,5.));
#395 = CARTESIAN_POINT('',(33.43128639905,9.702888925692,5.));
#396 = CARTESIAN_POINT('',(33.1171147777,9.714442031687,5.));
#397 = CARTESIAN_POINT('',(32.830077718564,9.716734554711,5.));
#398 = CARTESIAN_POINT('',(32.570425271921,9.711340590116,5.));
#399 = CARTESIAN_POINT('',(32.338339359911,9.699840092402,5.));
#400 = CARTESIAN_POINT('',(32.133933412633,9.683817037785,5.));
#401 = CARTESIAN_POINT('',(31.957253101683,9.664854316149,5.));
#402 = CARTESIAN_POINT('',(31.808274149648,9.644538463274,5.));
#403 = CARTESIAN_POINT('',(31.686909090318,9.624435530132,5.));
#404 = CARTESIAN_POINT('',(31.592989543976,9.606147072685,5.));
#405 = CARTESIAN_POINT('',(31.526312859102,9.591156646683,5.));
#406 = CARTESIAN_POINT('',(31.486540340086,9.581160274604,5.));
#407 = CARTESIAN_POINT('',(31.469007607686,9.576193191078,5.));
#408 = CARTESIAN_POINT('',(31.464633847053,9.574917142267,5.));
#409 = ORIENTED_EDGE('',*,*,#410,.F.);
#410 = EDGE_CURVE('',#411,#384,#413,.T.);
#411 = VERTEX_POINT('',#412);
#412 = CARTESIAN_POINT('',(31.464633847053,9.574917142267,0.));
#413 = LINE('',#414,#415);
#414 = CARTESIAN_POINT('',(31.464633847053,9.574917142267,0.));
#415 = VECTOR('',#416,1.);
#416 = DIRECTION('',(0.,0.,1.));
#417 = ORIENTED_EDGE('',*,*,#418,.F.);
#418 = EDGE_CURVE('',#361,#411,#419,.T.);
#419 = B_SPLINE_CURVE_WITH_KNOTS('',3,(#420,#421,#422,#423,#424,#425,
    #426,#427,#428,#429,#430,#431,#432,#433,#434,#435,#436,#437,#438,
    #439,#440,#441),.UNSPECIFIED.,.F.,.F.,(4,1,1,1,1,1,1,1,1,1,1,1,1,1,1
    ,1,1,1,1,4),(0.,0.505678245547,0.98402253235,1.435032860437,
    1.858709229845,2.255051640615,2.6240600928,2.965734586464,
    3.280075121689,3.567081698578,3.82675431727,4.059092977951,
    4.264097680881,4.441768426441,4.592105215219,4.715108048196,
    4.810776927193,4.879111856217,4.920112847288,4.933779984548),
  .UNSPECIFIED.);
#420 = CARTESIAN_POINT('',(36.345627939203,9.232839742194,0.));
#421 = CARTESIAN_POINT('',(36.182405053174,9.27491525132,0.));
#422 = CARTESIAN_POINT('',(35.863619403103,9.352377570169,0.));
#423 = CARTESIAN_POINT('',(35.395673115042,9.451874810447,0.));
#424 = CARTESIAN_POINT('',(34.95194530327,9.532948412142,0.));
#425 = CARTESIAN_POINT('',(34.533090396575,9.59707134685,0.));
#426 = CARTESIAN_POINT('',(34.139693514021,9.64575078818,0.));
#427 = CARTESIAN_POINT('',(33.772274545968,9.680509864775,0.));
#428 = CARTESIAN_POINT('',(33.43128639905,9.702888925692,0.));
#429 = CARTESIAN_POINT('',(33.1171147777,9.714442031687,0.));
#430 = CARTESIAN_POINT('',(32.830077718564,9.716734554711,0.));
#431 = CARTESIAN_POINT('',(32.570425271921,9.711340590116,0.));
#432 = CARTESIAN_POINT('',(32.338339359911,9.699840092402,0.));
#433 = CARTESIAN_POINT('',(32.133933412633,9.683817037785,0.));
#434 = CARTESIAN_POINT('',(31.957253101683,9.664854316149,0.));
#435 = CARTESIAN_POINT('',(31.808274149648,9.644538463274,0.));
#436 = CARTESIAN_POINT('',(31.686909090318,9.624435530132,0.));
#437 = CARTESIAN_POINT('',(31.592989543976,9.606147072685,0.));
#438 = CARTESIAN_POINT('',(31.526312859102,9.591156646683,0.));
#439 = CARTESIAN_POINT('',(31.486540340086,9.581160274604,0.));
#440 = CARTESIAN_POINT('',(31.469007607686,9.576193191078,0.));
#441 = CARTESIAN_POINT('',(31.464633847053,9.574917142267,0.));
#442 = SURFACE_OF_LINEAR_EXTRUSION('',#443,#466);
#443 = B_SPLINE_CURVE_WITH_KNOTS('',3,(#444,#445,#446,#447,#448,#449,
    #450,#451,#452,#453,#454,#455,#456,#457,#458,#459,#460,#461,#462,
    #463,#464,#465),.UNSPECIFIED.,.F.,.F.,(4,1,1,1,1,1,1,1,1,1,1,1,1,1,1
    ,1,1,1,1,4),(0.,0.505678245547,0.98402253235,1.435032860437,
    1.858709229845,2.255051640615,2.6240600928,2.965734586464,
    3.280075121689,3.567081698578,3.82675431727,4.059092977951,
    4.264097680881,4.441768426441,4.592105215219,4.715108048196,
    4.810776927193,4.879111856217,4.920112847288,4.933779984548),
  .UNSPECIFIED.);
#444 = CARTESIAN_POINT('',(36.345627939203,9.232839742194,0.));
#445 = CARTESIAN_POINT('',(36.182405053174,9.27491525132,0.));
#446 = CARTESIAN_POINT('',(35.863619403103,9.352377570169,0.));
#447 = CARTESIAN_POINT('',(35.395673115042,9.451874810447,0.));
#448 = CARTESIAN_POINT('',(34.95194530327,9.532948412142,0.));
#449 = CARTESIAN_POINT('',(34.533090396575,9.59707134685,0.));
#450 = CARTESIAN_POINT('',(34.139693514021,9.64575078818,0.));
#451 = CARTESIAN_POINT('',(33.772274545968,9.680509864775,0.));
#452 = CARTESIAN_POINT('',(33.43128639905,9.702888925692,0.));
#453 = CARTESIAN_POINT('',(33.1171147777,9.714442031687,0.));
#454 = CARTESIAN_POINT('',(32.830077718564,9.716734554711,0.));
#455 = CARTESIAN_POINT('',(32.570425271921,9.711340590116,0.));
#456 = CARTESIAN_POINT('',(32.338339359911,9.699840092402,0.));
#457 = CARTESIAN_POINT('',(32.133933412633,9.683817037785,0.));
#458 = CARTESIAN_POINT('',(31.957253101683,9.664854316149,0.));
#459 = CARTESIAN_POINT('',(31.808274149648,9.644538463274,0.));
#460 = CARTESIAN_POINT('',(31.686909090318,9.624435530132,0.));
#461 = CARTESIAN_POINT('',(31.592989543976,9.606147072685,0.));
#462 = CARTESIAN_POINT('',(31.526312859102,9.591156646683,0.));
#463 = CARTESIAN_POINT('',(31.486540340086,9.581160274604,0.));
#464 = CARTESIAN_POINT('',(31.469007607686,9.576193191078,0.));
#465 = CARTESIAN_POINT('',(31.464633847053,9.574917142267,0.));
#466 = VECTOR('',#467,1.);
#467 = DIRECTION('',(-0.,-0.,-1.));
#468 = ADVANCED_FACE('',(#469),#492,.F.);
#469 = FACE_BOUND('',#470,.F.);
#470 = EDGE_LOOP('',(#471,#472,#479,#487));
#471 = ORIENTED_EDGE('',*,*,#410,.T.);
#472 = ORIENTED_EDGE('',*,*,#473,.T.);
#473 = EDGE_CURVE('',#384,#474,#476,.T.);
#474 = VERTEX_POINT('',#475);
#475 = CARTESIAN_POINT('',(30.494324319919,9.279644889304,5.));
#476 = B_SPLINE_CURVE_WITH_KNOTS('',1,(#477,#478),.UNSPECIFIED.,.F.,.F.,
  (2,2),(0.,1.014241727507),.PIECEWISE_BEZIER_KNOTS.);
#477 = CARTESIAN_POINT('',(31.464633847053,9.574917142267,5.));
#478 = CARTESIAN_POINT('',(30.494324319919,9.279644889304,5.));
#479 = ORIENTED_EDGE('',*,*,#480,.F.);
#480 = EDGE_CURVE('',#481,#474,#483,.T.);
#481 = VERTEX_POINT('',#482);
#482 = CARTESIAN_POINT('',(30.494324319919,9.279644889304,0.));
#483 = LINE('',#484,#485);
#484 = CARTESIAN_POINT('',(30.494324319919,9.279644889304,0.));
#485 = VECTOR('',#486,1.);
#486 = DIRECTION('',(0.,0.,1.));
#487 = ORIENTED_EDGE('',*,*,#488,.F.);
#488 = EDGE_CURVE('',#411,#481,#489,.T.);
#489 = B_SPLINE_CURVE_WITH_KNOTS('',1,(#490,#491),.UNSPECIFIED.,.F.,.F.,
  (2,2),(0.,1.014241727507),.PIECEWISE_BEZIER_KNOTS.);
#490 = CARTESIAN_POINT('',(31.464633847053,9.574917142267,0.));
#491 = CARTESIAN_POINT('',(30.494324319919,9.279644889304,0.));
#492 = SURFACE_OF_LINEAR_EXTRUSION('',#493,#496);
#493 = B_SPLINE_CURVE_WITH_KNOTS('',1,(#494,#495),.UNSPECIFIED.,.F.,.F.,
  (2,2),(0.,1.014241727507),.PIECEWISE_BEZIER_KNOTS.);
#494 = CARTESIAN_POINT('',(31.464633847053,9.574917142267,0.));
#495 = CARTESIAN_POINT('',(30.494324319919,9.279644889304,0.));
#496 = VECTOR('',#497,1.);
#497 = DIRECTION('',(-0.,-0.,-1.));
#498 = ADVANCED_FACE('',(#499),#522,.F.);
#499 = FACE_BOUND('',#500,.F.);
#500 = EDGE_LOOP('',(#501,#502,#509,#517));
#501 = ORIENTED_EDGE('',*,*,#480,.T.);
#502 = ORIENTED_EDGE('',*,*,#503,.T.);
#503 = EDGE_CURVE('',#474,#504,#506,.T.);
#504 = VERTEX_POINT('',#505);
#505 = CARTESIAN_POINT('',(29.627186743255,11.757781707461,5.));
#506 = B_SPLINE_CURVE_WITH_KNOTS('',1,(#507,#508),.UNSPECIFIED.,.F.,.F.,
  (2,2),(0.,2.625469418288),.PIECEWISE_BEZIER_KNOTS.);
#507 = CARTESIAN_POINT('',(30.494324319919,9.279644889304,5.));
#508 = CARTESIAN_POINT('',(29.627186743255,11.757781707461,5.));
#509 = ORIENTED_EDGE('',*,*,#510,.F.);
#510 = EDGE_CURVE('',#511,#504,#513,.T.);
#511 = VERTEX_POINT('',#512);
#512 = CARTESIAN_POINT('',(29.627186743255,11.757781707461,0.));
#513 = LINE('',#514,#515);
#514 = CARTESIAN_POINT('',(29.627186743255,11.757781707461,0.));
#515 = VECTOR('',#516,1.);
#516 = DIRECTION('',(0.,0.,1.));
#517 = ORIENTED_EDGE('',*,*,#518,.F.);
#518 = EDGE_CURVE('',#481,#511,#519,.T.);
#519 = B_SPLINE_CURVE_WITH_KNOTS('',1,(#520,#521),.UNSPECIFIED.,.F.,.F.,
  (2,2),(0.,2.625469418288),.PIECEWISE_BEZIER_KNOTS.);
#520 = CARTESIAN_POINT('',(30.494324319919,9.279644889304,0.));
#521 = CARTESIAN_POINT('',(29.627186743255,11.757781707461,0.));
#522 = SURFACE_OF_LINEAR_EXTRUSION('',#523,#526);
#523 = B_SPLINE_CURVE_WITH_KNOTS('',1,(#524,#525),.UNSPECIFIED.,.F.,.F.,
  (2,2),(0.,2.625469418288),.PIECEWISE_BEZIER_KNOTS.);
#524 = CARTESIAN_POINT('',(30.494324319919,9.279644889304,0.));
#525 = CARTESIAN_POINT('',(29.627186743255,11.757781707461,0.));
#526 = VECTOR('',#527,1.);
#527 = DIRECTION('',(-0.,-0.,-1.));
#528 = ADVANCED_FACE('',(#529),#552,.F.);
#529 = FACE_BOUND('',#530,.F.);
#530 = EDGE_LOOP('',(#531,#532,#539,#547));
#531 = ORIENTED_EDGE('',*,*,#510,.T.);
#532 = ORIENTED_EDGE('',*,*,#533,.T.);
#533 = EDGE_CURVE('',#504,#534,#536,.T.);
#534 = VERTEX_POINT('',#535);
#535 = CARTESIAN_POINT('',(30.569904517801,12.13190665901,5.));
#536 = B_SPLINE_CURVE_WITH_KNOTS('',1,(#537,#538),.UNSPECIFIED.,.F.,.F.,
  (2,2),(0.,1.014241727507),.PIECEWISE_BEZIER_KNOTS.);
#537 = CARTESIAN_POINT('',(29.627186743255,11.757781707461,5.));
#538 = CARTESIAN_POINT('',(30.569904517801,12.13190665901,5.));
#539 = ORIENTED_EDGE('',*,*,#540,.F.);
#540 = EDGE_CURVE('',#541,#534,#543,.T.);
#541 = VERTEX_POINT('',#542);
#542 = CARTESIAN_POINT('',(30.569904517801,12.13190665901,0.));
#543 = LINE('',#544,#545);
#544 = CARTESIAN_POINT('',(30.569904517801,12.13190665901,0.));
#545 = VECTOR('',#546,1.);
#546 = DIRECTION('',(0.,0.,1.));
#547 = ORIENTED_EDGE('',*,*,#548,.F.);
#548 = EDGE_CURVE('',#511,#541,#549,.T.);
#549 = B_SPLINE_CURVE_WITH_KNOTS('',1,(#550,#551),.UNSPECIFIED.,.F.,.F.,
  (2,2),(0.,1.014241727507),.PIECEWISE_BEZIER_KNOTS.);
#550 = CARTESIAN_POINT('',(29.627186743255,11.757781707461,0.));
#551 = CARTESIAN_POINT('',(30.569904517801,12.13190665901,0.));
#552 = SURFACE_OF_LINEAR_EXTRUSION('',#553,#556);
#553 = B_SPLINE_CURVE_WITH_KNOTS('',1,(#554,#555),.UNSPECIFIED.,.F.,.F.,
  (2,2),(0.,1.014241727507),.PIECEWISE_BEZIER_KNOTS.);
#554 = CARTESIAN_POINT('',(29.627186743255,11.757781707461,0.));
#555 = CARTESIAN_POINT('',(30.569904517801,12.13190665901,0.));
#556 = VECTOR('',#557,1.);
#557 = DIRECTION('',(-0.,-0.,-1.));
#558 = ADVANCED_FACE('',(#559),#622,.F.);
#559 = FACE_BOUND('',#560,.F.);
#560 = EDGE_LOOP('',(#561,#562,#589,#597));
#561 = ORIENTED_EDGE('',*,*,#540,.T.);
#562 = ORIENTED_EDGE('',*,*,#563,.T.);
#563 = EDGE_CURVE('',#534,#564,#566,.T.);
#564 = VERTEX_POINT('',#565);
#565 = CARTESIAN_POINT('',(34.172737594392,15.442603579215,5.));
#566 = B_SPLINE_CURVE_WITH_KNOTS('',3,(#567,#568,#569,#570,#571,#572,
    #573,#574,#575,#576,#577,#578,#579,#580,#581,#582,#583,#584,#585,
    #586,#587,#588),.UNSPECIFIED.,.F.,.F.,(4,1,1,1,1,1,1,1,1,1,1,1,1,1,1
    ,1,1,1,1,4),(0.,1.366713726009E-02,5.466812833143E-02,0.123003057355
    ,0.218671936353,0.341674769329,0.492011558107,0.669682303667,
    0.874687006597,1.107025667278,1.36669828597,1.65370486286,
    1.968045398084,2.309719891748,2.678728343933,3.075070754704,
    3.498747124111,3.949757452199,4.428101739001,4.933779984548),
  .UNSPECIFIED.);
#567 = CARTESIAN_POINT('',(30.569904517801,12.13190665901,5.));
#568 = CARTESIAN_POINT('',(30.574119664981,12.133635999026,5.));
#569 = CARTESIAN_POINT('',(30.590924233069,12.1406840566,5.));
#570 = CARTESIAN_POINT('',(30.628252276619,12.157666338198,5.));
#571 = CARTESIAN_POINT('',(30.689728585738,12.187518584255,5.));
#572 = CARTESIAN_POINT('',(30.774560510597,12.231777971796,5.));
#573 = CARTESIAN_POINT('',(30.881981508655,12.291730742571,5.));
#574 = CARTESIAN_POINT('',(31.011124670665,12.368734026485,5.));
#575 = CARTESIAN_POINT('',(31.161081963653,12.464066745783,5.));
#576 = CARTESIAN_POINT('',(31.330883179587,12.578984440806,5.));
#577 = CARTESIAN_POINT('',(31.519505695274,12.714696188923,5.));
#578 = CARTESIAN_POINT('',(31.725873234477,12.872369670096,5.));
#579 = CARTESIAN_POINT('',(31.948858479218,13.053126715898,5.));
#580 = CARTESIAN_POINT('',(32.187284499919,13.25804209983,5.));
#581 = CARTESIAN_POINT('',(32.439926652072,13.488141386361,5.));
#582 = CARTESIAN_POINT('',(32.705514438772,13.744399106335,5.));
#583 = CARTESIAN_POINT('',(32.982733371428,14.027737170471,5.));
#584 = CARTESIAN_POINT('',(33.270227328213,14.339022262357,5.));
#585 = CARTESIAN_POINT('',(33.566599137247,14.679067922,5.));
#586 = CARTESIAN_POINT('',(33.87041876273,15.048617735292,5.));
#587 = CARTESIAN_POINT('',(34.071358454284,15.307939816671,5.));
#588 = CARTESIAN_POINT('',(34.172737594392,15.442603579215,5.));
#589 = ORIENTED_EDGE('',*,*,#590,.F.);
#590 = EDGE_CURVE('',#591,#564,#593,.T.);
#591 = VERTEX_POINT('',#592);
#592 = CARTESIAN_POINT('',(34.172737594392,15.442603579215,0.));
#593 = LINE('',#594,#595);
#594 = CARTESIAN_POINT('',(34.172737594392,15.442603579215,0.));
#595 = VECTOR('',#596,1.);
#596 = DIRECTION('',(0.,0.,1.));
#597 = ORIENTED_EDGE('',*,*,#598,.F.);
#598 = EDGE_CURVE('',#541,#591,#599,.T.);
#599 = B_SPLINE_CURVE_WITH_KNOTS('',3,(#600,#601,#602,#603,#604,#605,
    #606,#607,#608,#609,#610,#611,#612,#613,#614,#615,#616,#617,#618,
    #619,#620,#621),.UNSPECIFIED.,.F.,.F.,(4,1,1,1,1,1,1,1,1,1,1,1,1,1,1
    ,1,1,1,1,4),(0.,1.366713726009E-02,5.466812833143E-02,0.123003057355
    ,0.218671936353,0.341674769329,0.492011558107,0.669682303667,
    0.874687006597,1.107025667278,1.36669828597,1.65370486286,
    1.968045398084,2.309719891748,2.678728343933,3.075070754704,
    3.498747124111,3.949757452199,4.428101739001,4.933779984548),
  .UNSPECIFIED.);
#600 = CARTESIAN_POINT('',(30.569904517801,12.13190665901,0.));
#601 = CARTESIAN_POINT('',(30.574119664981,12.133635999026,0.));
#602 = CARTESIAN_POINT('',(30.590924233069,12.1406840566,0.));
#603 = CARTESIAN_POINT('',(30.628252276619,12.157666338198,0.));
#604 = CARTESIAN_POINT('',(30.689728585738,12.187518584255,0.));
#605 = CARTESIAN_POINT('',(30.774560510597,12.231777971796,0.));
#606 = CARTESIAN_POINT('',(30.881981508655,12.291730742571,0.));
#607 = CARTESIAN_POINT('',(31.011124670665,12.368734026485,0.));
#608 = CARTESIAN_POINT('',(31.161081963653,12.464066745783,0.));
#609 = CARTESIAN_POINT('',(31.330883179587,12.578984440806,0.));
#610 = CARTESIAN_POINT('',(31.519505695274,12.714696188923,0.));
#611 = CARTESIAN_POINT('',(31.725873234477,12.872369670096,0.));
#612 = CARTESIAN_POINT('',(31.948858479218,13.053126715898,0.));
#613 = CARTESIAN_POINT('',(32.187284499919,13.25804209983,0.));
#614 = CARTESIAN_POINT('',(32.439926652072,13.488141386361,0.));
#615 = CARTESIAN_POINT('',(32.705514438772,13.744399106335,0.));
#616 = CARTESIAN_POINT('',(32.982733371428,14.027737170471,0.));
#617 = CARTESIAN_POINT('',(33.270227328213,14.339022262357,0.));
#618 = CARTESIAN_POINT('',(33.566599137247,14.679067922,0.));
#619 = CARTESIAN_POINT('',(33.87041876273,15.048617735292,0.));
#620 = CARTESIAN_POINT('',(34.071358454284,15.307939816671,0.));
#621 = CARTESIAN_POINT('',(34.172737594392,15.442603579215,0.));
#622 = SURFACE_OF_LINEAR_EXTRUSION('',#623,#646);
#623 = B_SPLINE_CURVE_WITH_KNOTS('',3,(#624,#625,#626,#627,#628,#629,
    #630,#631,#632,#633,#634,#635,#636,#637,#638,#639,#640,#641,#642,
    #643,#644,#645),.UNSPECIFIED.,.F.,.F.,(4,1,1,1,1,1,1,1,1,1,1,1,1,1,1
    ,1,1,1,1,4),(0.,1.366713726009E-02,5.466812833143E-02,0.123003057355
    ,0.218671936353,0.341674769329,0.492011558107,0.669682303667,
    0.874687006597,1.107025667278,1.36669828597,1.65370486286,
    1.968045398084,2.309719891748,2.678728343933,3.075070754704,
    3.498747124111,3.949757452199,4.428101739001,4.933779984548),
  .UNSPECIFIED.);
#624 = CARTESIAN_POINT('',(30.569904517801,12.13190665901,0.));
#625 = CARTESIAN_POINT('',(30.574119664981,12.133635999026,0.));
#626 = CARTESIAN_POINT('',(30.590924233069,12.1406840566,0.));
#627 = CARTESIAN_POINT('',(30.628252276619,12.157666338198,0.));
#628 = CARTESIAN_POINT('',(30.689728585738,12.187518584255,0.));
#629 = CARTESIAN_POINT('',(30.774560510597,12.231777971796,0.));
#630 = CARTESIAN_POINT('',(30.881981508655,12.291730742571,0.));
#631 = CARTESIAN_POINT('',(31.011124670665,12.368734026485,0.));
#632 = CARTESIAN_POINT('',(31.161081963653,12.464066745783,0.));
#633 = CARTESIAN_POINT('',(31.330883179587,12.578984440806,0.));
#634 = CARTESIAN_POINT('',(31.519505695274,12.714696188923,0.));
#635 = CARTESIAN_POINT('',(31.725873234477,12.872369670096,0.));
#636 = CARTESIAN_POINT('',(31.948858479218,13.053126715898,0.));
#637 = CARTESIAN_POINT('',(32.187284499919,13.25804209983,0.));
#638 = CARTESIAN_POINT('',(32.439926652072,13.488141386361,0.));
#639 = CARTESIAN_POINT('',(32.705514438772,13.744399106335,0.));
#640 = CARTESIAN_POINT('',(32.982733371428,14.027737170471,0.));
#641 = CARTESIAN_POINT('',(33.270227328213,14.339022262357,0.));
#642 = CARTESIAN_POINT('',(33.566599137247,14.679067922,0.));
#643 = CARTESIAN_POINT('',(33.87041876273,15.048617735292,0.));
#644 = CARTESIAN_POINT('',(34.071358454284,15.307939816671,0.));
#645 = CARTESIAN_POINT('',(34.172737594392,15.442603579215,0.));
#646 = VECTOR('',#647,1.);
#647 = DIRECTION('',(-0.,-0.,-1.));
#648 = ADVANCED_FACE('',(#649),#672,.F.);
#649 = FACE_BOUND('',#650,.F.);
#650 = EDGE_LOOP('',(#651,#652,#659,#667));
#651 = ORIENTED_EDGE('',*,*,#590,.T.);
#652 = ORIENTED_EDGE('',*,*,#653,.T.);
#653 = EDGE_CURVE('',#564,#654,#656,.T.);
#654 = VERTEX_POINT('',#655);
#655 = CARTESIAN_POINT('',(33.379867041202,17.089016247627,5.));
#656 = B_SPLINE_CURVE_WITH_KNOTS('',1,(#657,#658),.UNSPECIFIED.,.F.,.F.,
  (2,2),(0.,1.827380198213),.PIECEWISE_BEZIER_KNOTS.);
#657 = CARTESIAN_POINT('',(34.172737594392,15.442603579215,5.));
#658 = CARTESIAN_POINT('',(33.379867041202,17.089016247627,5.));
#659 = ORIENTED_EDGE('',*,*,#660,.F.);
#660 = EDGE_CURVE('',#661,#654,#663,.T.);
#661 = VERTEX_POINT('',#662);
#662 = CARTESIAN_POINT('',(33.379867041202,17.089016247627,0.));
#663 = LINE('',#664,#665);
#664 = CARTESIAN_POINT('',(33.379867041202,17.089016247627,0.));
#665 = VECTOR('',#666,1.);
#666 = DIRECTION('',(0.,0.,1.));
#667 = ORIENTED_EDGE('',*,*,#668,.F.);
#668 = EDGE_CURVE('',#591,#661,#669,.T.);
#669 = B_SPLINE_CURVE_WITH_KNOTS('',1,(#670,#671),.UNSPECIFIED.,.F.,.F.,
  (2,2),(0.,1.827380198213),.PIECEWISE_BEZIER_KNOTS.);
#670 = CARTESIAN_POINT('',(34.172737594392,15.442603579215,0.));
#671 = CARTESIAN_POINT('',(33.379867041202,17.089016247627,0.));
#672 = SURFACE_OF_LINEAR_EXTRUSION('',#673,#676);
#673 = B_SPLINE_CURVE_WITH_KNOTS('',1,(#674,#675),.UNSPECIFIED.,.F.,.F.,
  (2,2),(0.,1.827380198213),.PIECEWISE_BEZIER_KNOTS.);
#674 = CARTESIAN_POINT('',(34.172737594392,15.442603579215,0.));
#675 = CARTESIAN_POINT('',(33.379867041202,17.089016247627,0.));
#676 = VECTOR('',#677,1.);
#677 = DIRECTION('',(-0.,-0.,-1.));
#678 = ADVANCED_FACE('',(#679),#742,.F.);
#679 = FACE_BOUND('',#680,.F.);
#680 = EDGE_LOOP('',(#681,#682,#709,#717));
#681 = ORIENTED_EDGE('',*,*,#660,.T.);
#682 = ORIENTED_EDGE('',*,*,#683,.T.);
#683 = EDGE_CURVE('',#654,#684,#686,.T.);
#684 = VERTEX_POINT('',#685);
#685 = CARTESIAN_POINT('',(28.545130279021,16.336393689064,5.));
#686 = B_SPLINE_CURVE_WITH_KNOTS('',3,(#687,#688,#689,#690,#691,#692,
    #693,#694,#695,#696,#697,#698,#699,#700,#701,#702,#703,#704,#705,
    #706,#707,#708),.UNSPECIFIED.,.F.,.F.,(4,1,1,1,1,1,1,1,1,1,1,1,1,1,1
    ,1,1,1,1,4),(0.,0.505678245547,0.98402253235,1.435032860437,
    1.858709229845,2.255051640615,2.6240600928,2.965734586464,
    3.280075121689,3.567081698578,3.82675431727,4.059092977951,
    4.264097680881,4.441768426441,4.592105215219,4.715108048196,
    4.810776927193,4.879111856217,4.920112847288,4.933779984548),
  .UNSPECIFIED.);
#687 = CARTESIAN_POINT('',(33.379867041202,17.089016247627,5.));
#688 = CARTESIAN_POINT('',(33.211373812119,17.093716326851,5.));
#689 = CARTESIAN_POINT('',(32.883343796325,17.098300023053,5.));
#690 = CARTESIAN_POINT('',(32.40498967986,17.091174814725,5.));
#691 = CARTESIAN_POINT('',(31.954346477184,17.07147700486,5.));
#692 = CARTESIAN_POINT('',(31.531724442173,17.040788258688,5.));
#693 = CARTESIAN_POINT('',(31.137358646057,17.000708163068,5.));
#694 = CARTESIAN_POINT('',(30.771417016449,16.952837345118,5.));
#695 = CARTESIAN_POINT('',(30.433998344759,16.898778315335,5.));
#696 = CARTESIAN_POINT('',(30.125132853954,16.840131998236,5.));
#697 = CARTESIAN_POINT('',(29.844782278807,16.778495288443,5.));
#698 = CARTESIAN_POINT('',(29.592840131148,16.71545845687,5.));
#699 = CARTESIAN_POINT('',(29.369132198997,16.652602326746,5.));
#700 = CARTESIAN_POINT('',(29.173416600658,16.591496401268,5.));
#701 = CARTESIAN_POINT('',(29.005385636509,16.53369404685,5.));
#702 = CARTESIAN_POINT('',(28.864662600398,16.480736619275,5.));
#703 = CARTESIAN_POINT('',(28.750813739951,16.434131442287,5.));
#704 = CARTESIAN_POINT('',(28.663318517355,16.395402449482,5.));
#705 = CARTESIAN_POINT('',(28.601649239774,16.365950906566,5.));
#706 = CARTESIAN_POINT('',(28.565098302899,16.347354946328,5.));
#707 = CARTESIAN_POINT('',(28.54911043277,16.338610997968,5.));
#708 = CARTESIAN_POINT('',(28.545130279021,16.336393689064,5.));
#709 = ORIENTED_EDGE('',*,*,#710,.F.);
#710 = EDGE_CURVE('',#711,#684,#713,.T.);
#711 = VERTEX_POINT('',#712);
#712 = CARTESIAN_POINT('',(28.545130279021,16.336393689064,0.));
#713 = LINE('',#714,#715);
#714 = CARTESIAN_POINT('',(28.545130279021,16.336393689064,0.));
#715 = VECTOR('',#716,1.);
#716 = DIRECTION('',(0.,0.,1.));
#717 = ORIENTED_EDGE('',*,*,#718,.F.);
#718 = EDGE_CURVE('',#661,#711,#719,.T.);
#719 = B_SPLINE_CURVE_WITH_KNOTS('',3,(#720,#721,#722,#723,#724,#725,
    #726,#727,#728,#729,#730,#731,#732,#733,#734,#735,#736,#737,#738,
    #739,#740,#741),.UNSPECIFIED.,.F.,.F.,(4,1,1,1,1,1,1,1,1,1,1,1,1,1,1
    ,1,1,1,1,4),(0.,0.505678245547,0.98402253235,1.435032860437,
    1.858709229845,2.255051640615,2.6240600928,2.965734586464,
    3.280075121689,3.567081698578,3.82675431727,4.059092977951,
    4.264097680881,4.441768426441,4.592105215219,4.715108048196,
    4.810776927193,4.879111856217,4.920112847288,4.933779984548),
  .UNSPECIFIED.);
#720 = CARTESIAN_POINT('',(33.379867041202,17.089016247627,0.));
#721 = CARTESIAN_POINT('',(33.211373812119,17.093716326851,0.));
#722 = CARTESIAN_POINT('',(32.883343796325,17.098300023053,0.));
#723 = CARTESIAN_POINT('',(32.40498967986,17.091174814725,0.));
#724 = CARTESIAN_POINT('',(31.954346477184,17.07147700486,0.));
#725 = CARTESIAN_POINT('',(31.531724442173,17.040788258688,0.));
#726 = CARTESIAN_POINT('',(31.137358646057,17.000708163068,0.));
#727 = CARTESIAN_POINT('',(30.771417016449,16.952837345118,0.));
#728 = CARTESIAN_POINT('',(30.433998344759,16.898778315335,0.));
#729 = CARTESIAN_POINT('',(30.125132853954,16.840131998236,0.));
#730 = CARTESIAN_POINT('',(29.844782278807,16.778495288443,0.));
#731 = CARTESIAN_POINT('',(29.592840131148,16.71545845687,0.));
#732 = CARTESIAN_POINT('',(29.369132198997,16.652602326746,0.));
#733 = CARTESIAN_POINT('',(29.173416600658,16.591496401268,0.));
#734 = CARTESIAN_POINT('',(29.005385636509,16.53369404685,0.));
#735 = CARTESIAN_POINT('',(28.864662600398,16.480736619275,0.));
#736 = CARTESIAN_POINT('',(28.750813739951,16.434131442287,0.));
#737 = CARTESIAN_POINT('',(28.663318517355,16.395402449482,0.));
#738 = CARTESIAN_POINT('',(28.601649239774,16.365950906566,0.));
#739 = CARTESIAN_POINT('',(28.565098302899,16.347354946328,0.));
#740 = CARTESIAN_POINT('',(28.54911043277,16.338610997968,0.));
#741 = CARTESIAN_POINT('',(28.545130279021,16.336393689064,0.));
#742 = SURFACE_OF_LINEAR_EXTRUSION('',#743,#766);
#743 = B_SPLINE_CURVE_WITH_KNOTS('',3,(#744,#745,#746,#747,#748,#749,
    #750,#751,#752,#753,#754,#755,#756,#757,#758,#759,#760,#761,#762,
    #763,#764,#765),.UNSPECIFIED.,.F.,.F.,(4,1,1,1,1,1,1,1,1,1,1,1,1,1,1
    ,1,1,1,1,4),(0.,0.505678245547,0.98402253235,1.435032860437,
    1.858709229845,2.255051640615,2.6240600928,2.965734586464,
    3.280075121689,3.567081698578,3.82675431727,4.059092977951,
    4.264097680881,4.441768426441,4.592105215219,4.715108048196,
    4.810776927193,4.879111856217,4.920112847288,4.933779984548),
  .UNSPECIFIED.);
#744 = CARTESIAN_POINT('',(33.379867041202,17.089016247627,0.));
#745 = CARTESIAN_POINT('',(33.211373812119,17.093716326851,0.));
#746 = CARTESIAN_POINT('',(32.883343796325,17.098300023053,0.));
#747 = CARTESIAN_POINT('',(32.40498967986,17.091174814725,0.));
#748 = CARTESIAN_POINT('',(31.954346477184,17.07147700486,0.));
#749 = CARTESIAN_POINT('',(31.531724442173,17.040788258688,0.));
#750 = CARTESIAN_POINT('',(31.137358646057,17.000708163068,0.));
#751 = CARTESIAN_POINT('',(30.771417016449,16.952837345118,0.));
#752 = CARTESIAN_POINT('',(30.433998344759,16.898778315335,0.));
#753 = CARTESIAN_POINT('',(30.125132853954,16.840131998236,0.));
#754 = CARTESIAN_POINT('',(29.844782278807,16.778495288443,0.));
#755 = CARTESIAN_POINT('',(29.592840131148,16.71545845687,0.));
#756 = CARTESIAN_POINT('',(29.369132198997,16.652602326746,0.));
#757 = CARTESIAN_POINT('',(29.173416600658,16.591496401268,0.));
#758 = CARTESIAN_POINT('',(29.005385636509,16.53369404685,0.));
#759 = CARTESIAN_POINT('',(28.864662600398,16.480736619275,0.));
#760 = CARTESIAN_POINT('',(28.750813739951,16.434131442287,0.));
#761 = CARTESIAN_POINT('',(28.663318517355,16.395402449482,0.));
#762 = CARTESIAN_POINT('',(28.601649239774,16.365950906566,0.));
#763 = CARTESIAN_POINT('',(28.565098302899,16.347354946328,0.));
#764 = CARTESIAN_POINT('',(28.54911043277,16.338610997968,0.));
#765 = CARTESIAN_POINT('',(28.545130279021,16.336393689064,0.));
#766 = VECTOR('',#767,1.);
#767 = DIRECTION('',(-0.,-0.,-1.));
#768 = ADVANCED_FACE('',(#769),#792,.F.);
#769 = FACE_BOUND('',#770,.F.);
#770 = EDGE_LOOP('',(#771,#772,#779,#787));
#771 = ORIENTED_EDGE('',*,*,#710,.T.);
#772 = ORIENTED_EDGE('',*,*,#773,.T.);
#773 = EDGE_CURVE('',#684,#774,#776,.T.);
#774 = VERTEX_POINT('',#775);
#775 = CARTESIAN_POINT('',(27.664852695063,15.832610345753,5.));
#776 = B_SPLINE_CURVE_WITH_KNOTS('',1,(#777,#778),.UNSPECIFIED.,.F.,.F.,
  (2,2),(0.,1.014241727507),.PIECEWISE_BEZIER_KNOTS.);
#777 = CARTESIAN_POINT('',(28.545130279021,16.336393689064,5.));
#778 = CARTESIAN_POINT('',(27.664852695063,15.832610345753,5.));
#779 = ORIENTED_EDGE('',*,*,#780,.F.);
#780 = EDGE_CURVE('',#781,#774,#783,.T.);
#781 = VERTEX_POINT('',#782);
#782 = CARTESIAN_POINT('',(27.664852695063,15.832610345753,0.));
#783 = LINE('',#784,#785);
#784 = CARTESIAN_POINT('',(27.664852695063,15.832610345753,0.));
#785 = VECTOR('',#786,1.);
#786 = DIRECTION('',(0.,0.,1.));
#787 = ORIENTED_EDGE('',*,*,#788,.F.);
#788 = EDGE_CURVE('',#711,#781,#789,.T.);
#789 = B_SPLINE_CURVE_WITH_KNOTS('',1,(#790,#791),.UNSPECIFIED.,.F.,.F.,
  (2,2),(0.,1.014241727507),.PIECEWISE_BEZIER_KNOTS.);
#790 = CARTESIAN_POINT('',(28.545130279021,16.336393689064,0.));
#791 = CARTESIAN_POINT('',(27.664852695063,15.832610345753,0.));
#792 = SURFACE_OF_LINEAR_EXTRUSION('',#793,#796);
#793 = B_SPLINE_CURVE_WITH_KNOTS('',1,(#794,#795),.UNSPECIFIED.,.F.,.F.,
  (2,2),(0.,1.014241727507),.PIECEWISE_BEZIER_KNOTS.);
#794 = CARTESIAN_POINT('',(28.545130279021,16.336393689064,0.));
#795 = CARTESIAN_POINT('',(27.664852695063,15.832610345753,0.));
#796 = VECTOR('',#797,1.);
#797 = DIRECTION('',(-0.,-0.,-1.));
#798 = ADVANCED_FACE('',(#799),#822,.F.);
#799 = FACE_BOUND('',#800,.F.);
#800 = EDGE_LOOP('',(#801,#802,#809,#817));
#801 = ORIENTED_EDGE('',*,*,#780,.T.);
#802 = ORIENTED_EDGE('',*,*,#803,.T.);
#803 = EDGE_CURVE('',#774,#804,#806,.T.);
#804 = VERTEX_POINT('',#805);
#805 = CARTESIAN_POINT('',(26.268018748624,18.055658836552,5.));
#806 = B_SPLINE_CURVE_WITH_KNOTS('',1,(#807,#808),.UNSPECIFIED.,.F.,.F.,
  (2,2),(0.,2.625469418288),.PIECEWISE_BEZIER_KNOTS.);
#807 = CARTESIAN_POINT('',(27.664852695063,15.832610345753,5.));
#808 = CARTESIAN_POINT('',(26.268018748624,18.055658836552,5.));
#809 = ORIENTED_EDGE('',*,*,#810,.F.);
#810 = EDGE_CURVE('',#811,#804,#813,.T.);
#811 = VERTEX_POINT('',#812);
#812 = CARTESIAN_POINT('',(26.268018748624,18.055658836552,0.));
#813 = LINE('',#814,#815);
#814 = CARTESIAN_POINT('',(26.268018748624,18.055658836552,0.));
#815 = VECTOR('',#816,1.);
#816 = DIRECTION('',(0.,0.,1.));
#817 = ORIENTED_EDGE('',*,*,#818,.F.);
#818 = EDGE_CURVE('',#781,#811,#819,.T.);
#819 = B_SPLINE_CURVE_WITH_KNOTS('',1,(#820,#821),.UNSPECIFIED.,.F.,.F.,
  (2,2),(0.,2.625469418288),.PIECEWISE_BEZIER_KNOTS.);
#820 = CARTESIAN_POINT('',(27.664852695063,15.832610345753,0.));
#821 = CARTESIAN_POINT('',(26.268018748624,18.055658836552,0.));
#822 = SURFACE_OF_LINEAR_EXTRUSION('',#823,#826);
#823 = B_SPLINE_CURVE_WITH_KNOTS('',1,(#824,#825),.UNSPECIFIED.,.F.,.F.,
  (2,2),(0.,2.625469418288),.PIECEWISE_BEZIER_KNOTS.);
#824 = CARTESIAN_POINT('',(27.664852695063,15.832610345753,0.));
#825 = CARTESIAN_POINT('',(26.268018748624,18.055658836552,0.));
#826 = VECTOR('',#827,1.);
#827 = DIRECTION('',(-0.,-0.,-1.));
#828 = ADVANCED_FACE('',(#829),#852,.F.);
#829 = FACE_BOUND('',#830,.F.);
#830 = EDGE_LOOP('',(#831,#832,#839,#847));
#831 = ORIENTED_EDGE('',*,*,#810,.T.);
#832 = ORIENTED_EDGE('',*,*,#833,.T.);
#833 = EDGE_CURVE('',#804,#834,#836,.T.);
#834 = VERTEX_POINT('',#835);
#835 = CARTESIAN_POINT('',(27.103849986703,18.630178134109,5.));
#836 = B_SPLINE_CURVE_WITH_KNOTS('',1,(#837,#838),.UNSPECIFIED.,.F.,.F.,
  (2,2),(0.,1.014241727507),.PIECEWISE_BEZIER_KNOTS.);
#837 = CARTESIAN_POINT('',(26.268018748624,18.055658836552,5.));
#838 = CARTESIAN_POINT('',(27.103849986703,18.630178134109,5.));
#839 = ORIENTED_EDGE('',*,*,#840,.F.);
#840 = EDGE_CURVE('',#841,#834,#843,.T.);
#841 = VERTEX_POINT('',#842);
#842 = CARTESIAN_POINT('',(27.103849986703,18.630178134109,0.));
#843 = LINE('',#844,#845);
#844 = CARTESIAN_POINT('',(27.103849986703,18.630178134109,0.));
#845 = VECTOR('',#846,1.);
#846 = DIRECTION('',(0.,0.,1.));
#847 = ORIENTED_EDGE('',*,*,#848,.F.);
#848 = EDGE_CURVE('',#811,#841,#849,.T.);
#849 = B_SPLINE_CURVE_WITH_KNOTS('',1,(#850,#851),.UNSPECIFIED.,.F.,.F.,
  (2,2),(0.,1.014241727507),.PIECEWISE_BEZIER_KNOTS.);
#850 = CARTESIAN_POINT('',(26.268018748624,18.055658836552,0.));
#851 = CARTESIAN_POINT('',(27.103849986703,18.630178134109,0.));
#852 = SURFACE_OF_LINEAR_EXTRUSION('',#853,#856);
#853 = B_SPLINE_CURVE_WITH_KNOTS('',1,(#854,#855),.UNSPECIFIED.,.F.,.F.,
  (2,2),(0.,1.014241727507),.PIECEWISE_BEZIER_KNOTS.);
#854 = CARTESIAN_POINT('',(26.268018748624,18.055658836552,0.));
#855 = CARTESIAN_POINT('',(27.103849986703,18.630178134109,0.));
#856 = VECTOR('',#857,1.);
#857 = DIRECTION('',(-0.,-0.,-1.));
#858 = ADVANCED_FACE('',(#859),#922,.F.);
#859 = FACE_BOUND('',#860,.F.);
#860 = EDGE_LOOP('',(#861,#862,#889,#897));
#861 = ORIENTED_EDGE('',*,*,#840,.T.);
#862 = ORIENTED_EDGE('',*,*,#863,.T.);
#863 = EDGE_CURVE('',#834,#864,#866,.T.);
#864 = VERTEX_POINT('',#865);
#865 = CARTESIAN_POINT('',(29.879653145274,22.659574751484,5.));
#866 = B_SPLINE_CURVE_WITH_KNOTS('',3,(#867,#868,#869,#870,#871,#872,
    #873,#874,#875,#876,#877,#878,#879,#880,#881,#882,#883,#884,#885,
    #886,#887,#888),.UNSPECIFIED.,.F.,.F.,(4,1,1,1,1,1,1,1,1,1,1,1,1,1,1
    ,1,1,1,1,4),(0.,1.366713726009E-02,5.466812833143E-02,0.123003057355
    ,0.218671936353,0.341674769329,0.492011558107,0.669682303667,
    0.874687006597,1.107025667278,1.36669828597,1.65370486286,
    1.968045398084,2.309719891748,2.678728343933,3.075070754704,
    3.498747124111,3.949757452199,4.428101739001,4.933779984548),
  .UNSPECIFIED.);
#867 = CARTESIAN_POINT('',(27.103849986703,18.630178134109,5.));
#868 = CARTESIAN_POINT('',(27.107574636988,18.632802074448,5.));
#869 = CARTESIAN_POINT('',(27.122389539115,18.643412790689,5.));
#870 = CARTESIAN_POINT('',(27.155002777518,18.668275562146,5.));
#871 = CARTESIAN_POINT('',(27.208294997542,18.71105911579,5.));
#872 = CARTESIAN_POINT('',(27.281151368679,18.773085707228,5.));
#873 = CARTESIAN_POINT('',(27.372538351494,18.855438757683,5.));
#874 = CARTESIAN_POINT('',(27.481308782151,18.959248465526,5.));
#875 = CARTESIAN_POINT('',(27.606292806985,19.085559631403,5.));
#876 = CARTESIAN_POINT('',(27.746265159097,19.235380425041,5.));
#877 = CARTESIAN_POINT('',(27.899959809567,19.409662054647,5.));
#878 = CARTESIAN_POINT('',(28.066067633413,19.609303430015,5.));
#879 = CARTESIAN_POINT('',(28.243239945865,19.835147404209,5.));
#880 = CARTESIAN_POINT('',(28.430090165822,20.087979912445,5.));
#881 = CARTESIAN_POINT('',(28.625196143608,20.368528297112,5.));
#882 = CARTESIAN_POINT('',(28.827102382815,20.677459943371,5.));
#883 = CARTESIAN_POINT('',(29.034322207389,21.015381146485,5.));
#884 = CARTESIAN_POINT('',(29.245340641069,21.382835094982,5.));
#885 = CARTESIAN_POINT('',(29.458614512309,21.780304031728,5.));
#886 = CARTESIAN_POINT('',(29.672584175863,22.208194686465,5.));
#887 = CARTESIAN_POINT('',(29.810781298081,22.50572830968,5.));
#888 = CARTESIAN_POINT('',(29.879653145274,22.659574751484,5.));
#889 = ORIENTED_EDGE('',*,*,#890,.F.);
#890 = EDGE_CURVE('',#891,#864,#893,.T.);
#891 = VERTEX_POINT('',#892);
#892 = CARTESIAN_POINT('',(29.879653145274,22.659574751484,0.));
#893 = LINE('',#894,#895);
#894 = CARTESIAN_POINT('',(29.879653145274,22.659574751484,0.));
#895 = VECTOR('',#896,1.);
#896 = DIRECTION('',(0.,0.,1.));
#897 = ORIENTED_EDGE('',*,*,#898,.F.);
#898 = EDGE_CURVE('',#841,#891,#899,.T.);
#899 = B_SPLINE_CURVE_WITH_KNOTS('',3,(#900,#901,#902,#903,#904,#905,
    #906,#907,#908,#909,#910,#911,#912,#913,#914,#915,#916,#917,#918,
    #919,#920,#921),.UNSPECIFIED.,.F.,.F.,(4,1,1,1,1,1,1,1,1,1,1,1,1,1,1
    ,1,1,1,1,4),(0.,1.366713726009E-02,5.466812833143E-02,0.123003057355
    ,0.218671936353,0.341674769329,0.492011558107,0.669682303667,
    0.874687006597,1.107025667278,1.36669828597,1.65370486286,
    1.968045398084,2.309719891748,2.678728343933,3.075070754704,
    3.498747124111,3.949757452199,4.428101739001,4.933779984548),
  .UNSPECIFIED.);
#900 = CARTESIAN_POINT('',(27.103849986703,18.630178134109,0.));
#901 = CARTESIAN_POINT('',(27.107574636988,18.632802074448,0.));
#902 = CARTESIAN_POINT('',(27.122389539115,18.643412790689,0.));
#903 = CARTESIAN_POINT('',(27.155002777518,18.668275562146,0.));
#904 = CARTESIAN_POINT('',(27.208294997542,18.71105911579,0.));
#905 = CARTESIAN_POINT('',(27.281151368679,18.773085707228,0.));
#906 = CARTESIAN_POINT('',(27.372538351494,18.855438757683,0.));
#907 = CARTESIAN_POINT('',(27.481308782151,18.959248465526,0.));
#908 = CARTESIAN_POINT('',(27.606292806985,19.085559631403,0.));
#909 = CARTESIAN_POINT('',(27.746265159097,19.235380425041,0.));
#910 = CARTESIAN_POINT('',(27.899959809567,19.409662054647,0.));
#911 = CARTESIAN_POINT('',(28.066067633413,19.609303430015,0.));
#912 = CARTESIAN_POINT('',(28.243239945865,19.835147404209,0.));
#913 = CARTESIAN_POINT('',(28.430090165822,20.087979912445,0.));
#914 = CARTESIAN_POINT('',(28.625196143608,20.368528297112,0.));
#915 = CARTESIAN_POINT('',(28.827102382815,20.677459943371,0.));
#916 = CARTESIAN_POINT('',(29.034322207389,21.015381146485,0.));
#917 = CARTESIAN_POINT('',(29.245340641069,21.382835094982,0.));
#918 = CARTESIAN_POINT('',(29.458614512309,21.780304031728,0.));
#919 = CARTESIAN_POINT('',(29.672584175863,22.208194686465,0.));
#920 = CARTESIAN_POINT('',(29.810781298081,22.50572830968,0.));
#921 = CARTESIAN_POINT('',(29.879653145274,22.659574751484,0.));
#922 = SURFACE_OF_LINEAR_EXTRUSION('',#923,#946);
#923 = B_SPLINE_CURVE_WITH_KNOTS('',3,(#924,#925,#926,#927,#928,#929,
    #930,#931,#932,#933,#934,#935,#936,#937,#938,#939,#940,#941,#942,
    #943,#944,#945),.UNSPECIFIED.,.F.,.F.,(4,1,1,1,1,1,1,1,1,1,1,1,1,1,1
    ,1,1,1,1,4),(0.,1.366713726009E-02,5.466812833143E-02,0.123003057355
    ,0.218671936353,0.341674769329,0.492011558107,0.669682303667,
    0.874687006597,1.107025667278,1.36669828597,1.65370486286,
    1.968045398084,2.309719891748,2.678728343933,3.075070754704,
    3.498747124111,3.949757452199,4.428101739001,4.933779984548),
  .UNSPECIFIED.);
#924 = CARTESIAN_POINT('',(27.103849986703,18.630178134109,0.));
#925 = CARTESIAN_POINT('',(27.107574636988,18.632802074448,0.));
#926 = CARTESIAN_POINT('',(27.122389539115,18.643412790689,0.));
#927 = CARTESIAN_POINT('',(27.155002777518,18.668275562146,0.));
#928 = CARTESIAN_POINT('',(27.208294997542,18.71105911579,0.));
#929 = CARTESIAN_POINT('',(27.281151368679,18.773085707228,0.));
#930 = CARTESIAN_POINT('',(27.372538351494,18.855438757683,0.));
#931 = CARTESIAN_POINT('',(27.481308782151,18.959248465526,0.));
#932 = CARTESIAN_POINT('',(27.606292806985,19.085559631403,0.));
#933 = CARTESIAN_POINT('',(27.746265159097,19.235380425041,0.));
#934 = CARTESIAN_POINT('',(27.899959809567,19.409662054647,0.));
#935 = CARTESIAN_POINT('',(28.066067633413,19.609303430015,0.));
#936 = CARTESIAN_POINT('',(28.243239945865,19.835147404209,0.));
#937 = CARTESIAN_POINT('',(28.430090165822,20.087979912445,0.));
#938 = CARTESIAN_POINT('',(28.625196143608,20.368528297112,0.));
#939 = CARTESIAN_POINT('',(28.827102382815,20.677459943371,0.));
#940 = CARTESIAN_POINT('',(29.034322207389,21.015381146485,0.));
#941 = CARTESIAN_POINT('',(29.245340641069,21.382835094982,0.));
#942 = CARTESIAN_POINT('',(29.458614512309,21.780304031728,0.));
#943 = CARTESIAN_POINT('',(29.672584175863,22.208194686465,0.));
#944 = CARTESIAN_POINT('',(29.810781298081,22.50572830968,0.));
#945 = CARTESIAN_POINT('',(29.879653145274,22.659574751484,0.));
#946 = VECTOR('',#947,1.);
#947 = DIRECTION('',(-0.,-0.,-1.));
#948 = ADVANCED_FACE('',(#949),#972,.F.);
#949 = FACE_BOUND('',#950,.F.);
#950 = EDGE_LOOP('',(#951,#952,#959,#967));
#951 = ORIENTED_EDGE('',*,*,#890,.T.);
#952 = ORIENTED_EDGE('',*,*,#953,.T.);
#953 = EDGE_CURVE('',#864,#954,#956,.T.);
#954 = VERTEX_POINT('',#955);
#955 = CARTESIAN_POINT('',(28.74030022757,24.088278120886,5.));
#956 = B_SPLINE_CURVE_WITH_KNOTS('',1,(#957,#958),.UNSPECIFIED.,.F.,.F.,
  (2,2),(0.,1.827380198213),.PIECEWISE_BEZIER_KNOTS.);
#957 = CARTESIAN_POINT('',(29.879653145274,22.659574751484,5.));
#958 = CARTESIAN_POINT('',(28.74030022757,24.088278120886,5.));
#959 = ORIENTED_EDGE('',*,*,#960,.F.);
#960 = EDGE_CURVE('',#961,#954,#963,.T.);
#961 = VERTEX_POINT('',#962);
#962 = CARTESIAN_POINT('',(28.74030022757,24.088278120886,0.));
#963 = LINE('',#964,#965);
#964 = CARTESIAN_POINT('',(28.74030022757,24.088278120886,0.));
#965 = VECTOR('',#966,1.);
#966 = DIRECTION('',(0.,0.,1.));
#967 = ORIENTED_EDGE('',*,*,#968,.F.);
#968 = EDGE_CURVE('',#891,#961,#969,.T.);
#969 = B_SPLINE_CURVE_WITH_KNOTS('',1,(#970,#971),.UNSPECIFIED.,.F.,.F.,
  (2,2),(0.,1.827380198213),.PIECEWISE_BEZIER_KNOTS.);
#970 = CARTESIAN_POINT('',(29.879653145274,22.659574751484,0.));
#971 = CARTESIAN_POINT('',(28.74030022757,24.088278120886,0.));
#972 = SURFACE_OF_LINEAR_EXTRUSION('',#973,#976);
#973 = B_SPLINE_CURVE_WITH_KNOTS('',1,(#974,#975),.UNSPECIFIED.,.F.,.F.,
  (2,2),(0.,1.827380198213),.PIECEWISE_BEZIER_KNOTS.);
#974 = CARTESIAN_POINT('',(29.879653145274,22.659574751484,0.));
#975 = CARTESIAN_POINT('',(28.74030022757,24.088278120886,0.));
#976 = VECTOR('',#977,1.);
#977 = DIRECTION('',(-0.,-0.,-1.));
#978 = ADVANCED_FACE('',(#979),#1042,.F.);
#979 = FACE_BOUND('',#980,.F.);
#980 = EDGE_LOOP('',(#981,#982,#1009,#1017));
#981 = ORIENTED_EDGE('',*,*,#960,.T.);
#982 = ORIENTED_EDGE('',*,*,#983,.T.);
#983 = EDGE_CURVE('',#954,#984,#986,.T.);
#984 = VERTEX_POINT('',#985);
#985 = CARTESIAN_POINT('',(24.194254684716,22.278695241452,5.));
#986 = B_SPLINE_CURVE_WITH_KNOTS('',3,(#987,#988,#989,#990,#991,#992,
    #993,#994,#995,#996,#997,#998,#999,#1000,#1001,#1002,#1003,#1004,
    #1005,#1006,#1007,#1008),.UNSPECIFIED.,.F.,.F.,(4,1,1,1,1,1,1,1,1,1,
    1,1,1,1,1,1,1,1,1,4),(0.,0.505678245547,0.98402253235,1.435032860437
    ,1.858709229845,2.255051640615,2.6240600928,2.965734586464,
    3.280075121689,3.567081698578,3.82675431727,4.059092977951,
    4.264097680881,4.441768426441,4.592105215219,4.715108048196,
    4.810776927193,4.879111856217,4.920112847288,4.933779984548),
  .UNSPECIFIED.);
#987 = CARTESIAN_POINT('',(28.74030022757,24.088278120886,5.));
#988 = CARTESIAN_POINT('',(28.574985609504,24.05536708861,5.));
#989 = CARTESIAN_POINT('',(28.254160022713,23.986842316498,5.));
#990 = CARTESIAN_POINT('',(27.789384750676,23.873451947262,5.));
#991 = CARTESIAN_POINT('',(27.354423289,23.753970456275,5.));
#992 = CARTESIAN_POINT('',(26.949226159225,23.630008891101,5.));
#993 = CARTESIAN_POINT('',(26.573666597292,23.503179041886,5.));
#994 = CARTESIAN_POINT('',(26.227552147478,23.375078772094,5.));
#995 = CARTESIAN_POINT('',(25.910622532152,23.247292397093,5.));
#996 = CARTESIAN_POINT('',(25.62255097731,23.121387428127,5.));
#997 = CARTESIAN_POINT('',(25.362944834633,22.998912207517,5.));
#998 = CARTESIAN_POINT('',(25.13134641726,22.881393438922,5.));
#999 = CARTESIAN_POINT('',(24.92723411481,22.770333545216,5.));
#1000 = CARTESIAN_POINT('',(24.750022862747,22.667208855135,5.));
#1001 = CARTESIAN_POINT('',(24.599067019577,22.573465319347,5.));
#1002 = CARTESIAN_POINT('',(24.47365634003,22.490521823623,5.));
#1003 = CARTESIAN_POINT('',(24.373032535721,22.419751380968,5.));
#1004 = CARTESIAN_POINT('',(24.296349012679,22.362523886224,5.));
#1005 = CARTESIAN_POINT('',(24.242779497477,22.320088049734,5.));
#1006 = CARTESIAN_POINT('',(24.211282959341,22.293824980434,5.));
#1007 = CARTESIAN_POINT('',(24.197641650052,22.281742625322,5.));
#1008 = CARTESIAN_POINT('',(24.194254684716,22.278695241452,5.));
#1009 = ORIENTED_EDGE('',*,*,#1010,.F.);
#1010 = EDGE_CURVE('',#1011,#984,#1013,.T.);
#1011 = VERTEX_POINT('',#1012);
#1012 = CARTESIAN_POINT('',(24.194254684716,22.278695241452,0.));
#1013 = LINE('',#1014,#1015);
#1014 = CARTESIAN_POINT('',(24.194254684716,22.278695241452,0.));
#1015 = VECTOR('',#1016,1.);
#1016 = DIRECTION('',(0.,0.,1.));
#1017 = ORIENTED_EDGE('',*,*,#1018,.F.);
#1018 = EDGE_CURVE('',#961,#1011,#1019,.T.);
#1019 = B_SPLINE_CURVE_WITH_KNOTS('',3,(#1020,#1021,#1022,#1023,#1024,
    #1025,#1026,#1027,#1028,#1029,#1030,#1031,#1032,#1033,#1034,#1035,
    #1036,#1037,#1038,#1039,#1040,#1041),.UNSPECIFIED.,.F.,.F.,(4,1,1,1,
    1,1,1,1,1,1,1,1,1,1,1,1,1,1,1,4),(0.,0.505678245547,0.98402253235,
    1.435032860437,1.858709229845,2.255051640615,2.6240600928,
    2.965734586464,3.280075121689,3.567081698578,3.82675431727,
    4.059092977951,4.264097680881,4.441768426441,4.592105215219,
    4.715108048196,4.810776927193,4.879111856217,4.920112847288,
    4.933779984548),.UNSPECIFIED.);
#1020 = CARTESIAN_POINT('',(28.74030022757,24.088278120886,0.));
#1021 = CARTESIAN_POINT('',(28.574985609504,24.05536708861,0.));
#1022 = CARTESIAN_POINT('',(28.254160022713,23.986842316498,0.));
#1023 = CARTESIAN_POINT('',(27.789384750676,23.873451947262,0.));
#1024 = CARTESIAN_POINT('',(27.354423289,23.753970456275,0.));
#1025 = CARTESIAN_POINT('',(26.949226159225,23.630008891101,0.));
#1026 = CARTESIAN_POINT('',(26.573666597292,23.503179041886,0.));
#1027 = CARTESIAN_POINT('',(26.227552147478,23.375078772094,0.));
#1028 = CARTESIAN_POINT('',(25.910622532152,23.247292397093,0.));
#1029 = CARTESIAN_POINT('',(25.62255097731,23.121387428127,0.));
#1030 = CARTESIAN_POINT('',(25.362944834633,22.998912207517,0.));
#1031 = CARTESIAN_POINT('',(25.13134641726,22.881393438922,0.));
#1032 = CARTESIAN_POINT('',(24.92723411481,22.770333545216,0.));
#1033 = CARTESIAN_POINT('',(24.750022862747,22.667208855135,0.));
#1034 = CARTESIAN_POINT('',(24.599067019577,22.573465319347,0.));
#1035 = CARTESIAN_POINT('',(24.47365634003,22.490521823623,0.));
#1036 = CARTESIAN_POINT('',(24.373032535721,22.419751380968,0.));
#1037 = CARTESIAN_POINT('',(24.296349012679,22.362523886224,0.));
#1038 = CARTESIAN_POINT('',(24.242779497477,22.320088049734,0.));
#1039 = CARTESIAN_POINT('',(24.211282959341,22.293824980434,0.));
#1040 = CARTESIAN_POINT('',(24.197641650052,22.281742625322,0.));
#1041 = CARTESIAN_POINT('',(24.194254684716,22.278695241452,0.));
#1042 = SURFACE_OF_LINEAR_EXTRUSION('',#1043,#1066);
#1043 = B_SPLINE_CURVE_WITH_KNOTS('',3,(#1044,#1045,#1046,#1047,#1048,
    #1049,#1050,#1051,#1052,#1053,#1054,#1055,#1056,#1057,#1058,#1059,
    #1060,#1061,#1062,#1063,#1064,#1065),.UNSPECIFIED.,.F.,.F.,(4,1,1,1,
    1,1,1,1,1,1,1,1,1,1,1,1,1,1,1,4),(0.,0.505678245547,0.98402253235,
    1.435032860437,1.858709229845,2.255051640615,2.6240600928,
    2.965734586464,3.280075121689,3.567081698578,3.82675431727,
    4.059092977951,4.264097680881,4.441768426441,4.592105215219,
    4.715108048196,4.810776927193,4.879111856217,4.920112847288,
    4.933779984548),.UNSPECIFIED.);
#1044 = CARTESIAN_POINT('',(28.74030022757,24.088278120886,0.));
#1045 = CARTESIAN_POINT('',(28.574985609504,24.05536708861,0.));
#1046 = CARTESIAN_POINT('',(28.254160022713,23.986842316498,0.));
#1047 = CARTESIAN_POINT('',(27.789384750676,23.873451947262,0.));
#1048 = CARTESIAN_POINT('',(27.354423289,23.753970456275,0.));
#1049 = CARTESIAN_POINT('',(26.949226159225,23.630008891101,0.));
#1050 = CARTESIAN_POINT('',(26.573666597292,23.503179041886,0.));
#1051 = CARTESIAN_POINT('',(26.227552147478,23.375078772094,0.));
#1052 = CARTESIAN_POINT('',(25.910622532152,23.247292397093,0.));
#1053 = CARTESIAN_POINT('',(25.62255097731,23.121387428127,0.));
#1054 = CARTESIAN_POINT('',(25.362944834633,22.998912207517,0.));
#1055 = CARTESIAN_POINT('',(25.13134641726,22.881393438922,0.));
#1056 = CARTESIAN_POINT('',(24.92723411481,22.770333545216,0.));
#1057 = CARTESIAN_POINT('',(24.750022862747,22.667208855135,0.));
#1058 = CARTESIAN_POINT('',(24.599067019577,22.573465319347,0.));
#1059 = CARTESIAN_POINT('',(24.47365634003,22.490521823623,0.));
#1060 = CARTESIAN_POINT('',(24.373032535721,22.419751380968,0.));
#1061 = CARTESIAN_POINT('',(24.296349012679,22.362523886224,0.));
#1062 = CARTESIAN_POINT('',(24.242779497477,22.320088049734,0.));
#1063 = CARTESIAN_POINT('',(24.211282959341,22.293824980434,0.));
#1064 = CARTESIAN_POINT('',(24.197641650052,22.281742625322,0.));
#1065 = CARTESIAN_POINT('',(24.194254684716,22.278695241452,0.));
#1066 = VECTOR('',#1067,1.);
#1067 = DIRECTION('',(-0.,-0.,-1.));
#1068 = ADVANCED_FACE('',(#1069),#1092,.F.);
#1069 = FACE_BOUND('',#1070,.F.);
#1070 = EDGE_LOOP('',(#1071,#1072,#1079,#1087));
#1071 = ORIENTED_EDGE('',*,*,#1010,.T.);
#1072 = ORIENTED_EDGE('',*,*,#1073,.T.);
#1073 = EDGE_CURVE('',#984,#1074,#1076,.T.);
#1074 = VERTEX_POINT('',#1075);
#1075 = CARTESIAN_POINT('',(23.448149837712,21.591662608243,5.));
#1076 = B_SPLINE_CURVE_WITH_KNOTS('',1,(#1077,#1078),.UNSPECIFIED.,.F.,
  .F.,(2,2),(0.,1.014241727507),.PIECEWISE_BEZIER_KNOTS.);
#1077 = CARTESIAN_POINT('',(24.194254684716,22.278695241452,5.));
#1078 = CARTESIAN_POINT('',(23.448149837712,21.591662608243,5.));
#1079 = ORIENTED_EDGE('',*,*,#1080,.F.);
#1080 = EDGE_CURVE('',#1081,#1074,#1083,.T.);
#1081 = VERTEX_POINT('',#1082);
#1082 = CARTESIAN_POINT('',(23.448149837712,21.591662608243,0.));
#1083 = LINE('',#1084,#1085);
#1084 = CARTESIAN_POINT('',(23.448149837712,21.591662608243,0.));
#1085 = VECTOR('',#1086,1.);
#1086 = DIRECTION('',(0.,0.,1.));
#1087 = ORIENTED_EDGE('',*,*,#1088,.F.);
#1088 = EDGE_CURVE('',#1011,#1081,#1089,.T.);
#1089 = B_SPLINE_CURVE_WITH_KNOTS('',1,(#1090,#1091),.UNSPECIFIED.,.F.,
  .F.,(2,2),(0.,1.014241727507),.PIECEWISE_BEZIER_KNOTS.);
#1090 = CARTESIAN_POINT('',(24.194254684716,22.278695241452,0.));
#1091 = CARTESIAN_POINT('',(23.448149837712,21.591662608243,0.));
#1092 = SURFACE_OF_LINEAR_EXTRUSION('',#1093,#1096);
#1093 = B_SPLINE_CURVE_WITH_KNOTS('',1,(#1094,#1095),.UNSPECIFIED.,.F.,
  .F.,(2,2),(0.,1.014241727507),.PIECEWISE_BEZIER_KNOTS.);
#1094 = CARTESIAN_POINT('',(24.194254684716,22.278695241452,0.));
#1095 = CARTESIAN_POINT('',(23.448149837712,21.591662608243,0.));
#1096 = VECTOR('',#1097,1.);
#1097 = DIRECTION('',(-0.,-0.,-1.));
#1098 = ADVANCED_FACE('',(#1099),#1122,.F.);
#1099 = FACE_BOUND('',#1100,.F.);
#1100 = EDGE_LOOP('',(#1101,#1102,#1109,#1117));
#1101 = ORIENTED_EDGE('',*,*,#1080,.T.);
#1102 = ORIENTED_EDGE('',*,*,#1103,.T.);
#1103 = EDGE_CURVE('',#1074,#1104,#1106,.T.);
#1104 = VERTEX_POINT('',#1105);
#1105 = CARTESIAN_POINT('',(21.591662608243,23.448149837712,5.));
#1106 = B_SPLINE_CURVE_WITH_KNOTS('',1,(#1107,#1108),.UNSPECIFIED.,.F.,
  .F.,(2,2),(0.,2.625469418288),.PIECEWISE_BEZIER_KNOTS.);
#1107 = CARTESIAN_POINT('',(23.448149837712,21.591662608243,5.));
#1108 = CARTESIAN_POINT('',(21.591662608243,23.448149837712,5.));
#1109 = ORIENTED_EDGE('',*,*,#1110,.F.);
#1110 = EDGE_CURVE('',#1111,#1104,#1113,.T.);
#1111 = VERTEX_POINT('',#1112);
#1112 = CARTESIAN_POINT('',(21.591662608243,23.448149837712,0.));
#1113 = LINE('',#1114,#1115);
#1114 = CARTESIAN_POINT('',(21.591662608243,23.448149837712,0.));
#1115 = VECTOR('',#1116,1.);
#1116 = DIRECTION('',(0.,0.,1.));
#1117 = ORIENTED_EDGE('',*,*,#1118,.F.);
#1118 = EDGE_CURVE('',#1081,#1111,#1119,.T.);
#1119 = B_SPLINE_CURVE_WITH_KNOTS('',1,(#1120,#1121),.UNSPECIFIED.,.F.,
  .F.,(2,2),(0.,2.625469418288),.PIECEWISE_BEZIER_KNOTS.);
#1120 = CARTESIAN_POINT('',(23.448149837712,21.591662608243,0.));
#1121 = CARTESIAN_POINT('',(21.591662608243,23.448149837712,0.));
#1122 = SURFACE_OF_LINEAR_EXTRUSION('',#1123,#1126);
#1123 = B_SPLINE_CURVE_WITH_KNOTS('',1,(#1124,#1125),.UNSPECIFIED.,.F.,
  .F.,(2,2),(0.,2.625469418288),.PIECEWISE_BEZIER_KNOTS.);
#1124 = CARTESIAN_POINT('',(23.448149837712,21.591662608243,0.));
#1125 = CARTESIAN_POINT('',(21.591662608243,23.448149837712,0.));
#1126 = VECTOR('',#1127,1.);
#1127 = DIRECTION('',(-0.,-0.,-1.));
#1128 = ADVANCED_FACE('',(#1129),#1152,.F.);
#1129 = FACE_BOUND('',#1130,.F.);
#1130 = EDGE_LOOP('',(#1131,#1132,#1139,#1147));
#1131 = ORIENTED_EDGE('',*,*,#1110,.T.);
#1132 = ORIENTED_EDGE('',*,*,#1133,.T.);
#1133 = EDGE_CURVE('',#1104,#1134,#1136,.T.);
#1134 = VERTEX_POINT('',#1135);
#1135 = CARTESIAN_POINT('',(22.278695241452,24.194254684716,5.));
#1136 = B_SPLINE_CURVE_WITH_KNOTS('',1,(#1137,#1138),.UNSPECIFIED.,.F.,
  .F.,(2,2),(0.,1.014241727507),.PIECEWISE_BEZIER_KNOTS.);
#1137 = CARTESIAN_POINT('',(21.591662608243,23.448149837712,5.));
#1138 = CARTESIAN_POINT('',(22.278695241452,24.194254684716,5.));
#1139 = ORIENTED_EDGE('',*,*,#1140,.F.);
#1140 = EDGE_CURVE('',#1141,#1134,#1143,.T.);
#1141 = VERTEX_POINT('',#1142);
#1142 = CARTESIAN_POINT('',(22.278695241452,24.194254684716,0.));
#1143 = LINE('',#1144,#1145);
#1144 = CARTESIAN_POINT('',(22.278695241452,24.194254684716,0.));
#1145 = VECTOR('',#1146,1.);
#1146 = DIRECTION('',(0.,0.,1.));
#1147 = ORIENTED_EDGE('',*,*,#1148,.F.);
#1148 = EDGE_CURVE('',#1111,#1141,#1149,.T.);
#1149 = B_SPLINE_CURVE_WITH_KNOTS('',1,(#1150,#1151),.UNSPECIFIED.,.F.,
  .F.,(2,2),(0.,1.014241727507),.PIECEWISE_BEZIER_KNOTS.);
#1150 = CARTESIAN_POINT('',(21.591662608243,23.448149837712,0.));
#1151 = CARTESIAN_POINT('',(22.278695241452,24.194254684716,0.));
#1152 = SURFACE_OF_LINEAR_EXTRUSION('',#1153,#1156);
#1153 = B_SPLINE_CURVE_WITH_KNOTS('',1,(#1154,#1155),.UNSPECIFIED.,.F.,
  .F.,(2,2),(0.,1.014241727507),.PIECEWISE_BEZIER_KNOTS.);
#1154 = CARTESIAN_POINT('',(21.591662608243,23.448149837712,0.));
#1155 = CARTESIAN_POINT('',(22.278695241452,24.194254684716,0.));
#1156 = VECTOR('',#1157,1.);
#1157 = DIRECTION('',(-0.,-0.,-1.));
#1158 = ADVANCED_FACE('',(#1159),#1222,.F.);
#1159 = FACE_BOUND('',#1160,.F.);
#1160 = EDGE_LOOP('',(#1161,#1162,#1189,#1197));
#1161 = ORIENTED_EDGE('',*,*,#1140,.T.);
#1162 = ORIENTED_EDGE('',*,*,#1163,.T.);
#1163 = EDGE_CURVE('',#1134,#1164,#1166,.T.);
#1164 = VERTEX_POINT('',#1165);
#1165 = CARTESIAN_POINT('',(24.088278120886,28.74030022757,5.));
#1166 = B_SPLINE_CURVE_WITH_KNOTS('',3,(#1167,#1168,#1169,#1170,#1171,
    #1172,#1173,#1174,#1175,#1176,#1177,#1178,#1179,#1180,#1181,#1182,
    #1183,#1184,#1185,#1186,#1187,#1188),.UNSPECIFIED.,.F.,.F.,(4,1,1,1,
    1,1,1,1,1,1,1,1,1,1,1,1,1,1,1,4),(0.,1.366713726009E-02,
    5.466812833143E-02,0.123003057355,0.218671936353,0.341674769329,
    0.492011558107,0.669682303667,0.874687006597,1.107025667278,
    1.36669828597,1.65370486286,1.968045398084,2.309719891748,
    2.678728343933,3.075070754704,3.498747124111,3.949757452199,
    4.428101739001,4.933779984548),.UNSPECIFIED.);
#1167 = CARTESIAN_POINT('',(22.278695241452,24.194254684716,5.));
#1168 = CARTESIAN_POINT('',(22.281742625322,24.197641650052,5.));
#1169 = CARTESIAN_POINT('',(22.293824980434,24.211282959341,5.));
#1170 = CARTESIAN_POINT('',(22.320088049734,24.242779497477,5.));
#1171 = CARTESIAN_POINT('',(22.362523886224,24.296349012679,5.));
#1172 = CARTESIAN_POINT('',(22.419751380968,24.373032535721,5.));
#1173 = CARTESIAN_POINT('',(22.490521823623,24.47365634003,5.));
#1174 = CARTESIAN_POINT('',(22.573465319347,24.599067019577,5.));
#1175 = CARTESIAN_POINT('',(22.667208855135,24.750022862747,5.));
#1176 = CARTESIAN_POINT('',(22.770333545216,24.92723411481,5.));
#1177 = CARTESIAN_POINT('',(22.881393438922,25.13134641726,5.));
#1178 = CARTESIAN_POINT('',(22.998912207517,25.362944834633,5.));
#1179 = CARTESIAN_POINT('',(23.121387428127,25.62255097731,5.));
#1180 = CARTESIAN_POINT('',(23.247292397093,25.910622532152,5.));
#1181 = CARTESIAN_POINT('',(23.375078772094,26.227552147478,5.));
#1182 = CARTESIAN_POINT('',(23.503179041886,26.573666597292,5.));
#1183 = CARTESIAN_POINT('',(23.630008891101,26.949226159225,5.));
#1184 = CARTESIAN_POINT('',(23.753970456275,27.354423289,5.));
#1185 = CARTESIAN_POINT('',(23.873451947262,27.789384750676,5.));
#1186 = CARTESIAN_POINT('',(23.986842316498,28.254160022713,5.));
#1187 = CARTESIAN_POINT('',(24.05536708861,28.574985609504,5.));
#1188 = CARTESIAN_POINT('',(24.088278120886,28.74030022757,5.));
#1189 = ORIENTED_EDGE('',*,*,#1190,.F.);
#1190 = EDGE_CURVE('',#1191,#1164,#1193,.T.);
#1191 = VERTEX_POINT('',#1192);
#1192 = CARTESIAN_POINT('',(24.088278120886,28.74030022757,0.));
#1193 = LINE('',#1194,#1195);
#1194 = CARTESIAN_POINT('',(24.088278120886,28.74030022757,0.));
#1195 = VECTOR('',#1196,1.);
#1196 = DIRECTION('',(0.,0.,1.));
#1197 = ORIENTED_EDGE('',*,*,#1198,.F.);
#1198 = EDGE_CURVE('',#1141,#1191,#1199,.T.);
#1199 = B_SPLINE_CURVE_WITH_KNOTS('',3,(#1200,#1201,#1202,#1203,#1204,
    #1205,#1206,#1207,#1208,#1209,#1210,#1211,#1212,#1213,#1214,#1215,
    #1216,#1217,#1218,#1219,#1220,#1221),.UNSPECIFIED.,.F.,.F.,(4,1,1,1,
    1,1,1,1,1,1,1,1,1,1,1,1,1,1,1,4),(0.,1.366713726009E-02,
    5.466812833143E-02,0.123003057355,0.218671936353,0.341674769329,
    0.492011558107,0.669682303667,0.874687006597,1.107025667278,
    1.36669828597,1.65370486286,1.968045398084,2.309719891748,
    2.678728343933,3.075070754704,3.498747124111,3.949757452199,
    4.428101739001,4.933779984548),.UNSPECIFIED.);
#1200 = CARTESIAN_POINT('',(22.278695241452,24.194254684716,0.));
#1201 = CARTESIAN_POINT('',(22.281742625322,24.197641650052,0.));
#1202 = CARTESIAN_POINT('',(22.293824980434,24.211282959341,0.));
#1203 = CARTESIAN_POINT('',(22.320088049734,24.242779497477,0.));
#1204 = CARTESIAN_POINT('',(22.362523886224,24.296349012679,0.));
#1205 = CARTESIAN_POINT('',(22.419751380968,24.373032535721,0.));
#1206 = CARTESIAN_POINT('',(22.490521823623,24.47365634003,0.));
#1207 = CARTESIAN_POINT('',(22.573465319347,24.599067019577,0.));
#1208 = CARTESIAN_POINT('',(22.667208855135,24.750022862747,0.));
#1209 = CARTESIAN_POINT('',(22.770333545216,24.92723411481,0.));
#1210 = CARTESIAN_POINT('',(22.881393438922,25.13134641726,0.));
#1211 = CARTESIAN_POINT('',(22.998912207517,25.362944834633,0.));
#1212 = CARTESIAN_POINT('',(23.121387428127,25.62255097731,0.));
#1213 = CARTESIAN_POINT('',(23.247292397093,25.910622532152,0.));
#1214 = CARTESIAN_POINT('',(23.375078772094,26.227552147478,0.));
#1215 = CARTESIAN_POINT('',(23.503179041886,26.573666597292,0.));
#1216 = CARTESIAN_POINT('',(23.630008891101,26.949226159225,0.));
#1217 = CARTESIAN_POINT('',(23.753970456275,27.354423289,0.));
#1218 = CARTESIAN_POINT('',(23.873451947262,27.789384750676,0.));
#1219 = CARTESIAN_POINT('',(23.986842316498,28.254160022713,0.));
#1220 = CARTESIAN_POINT('',(24.05536708861,28.574985609504,0.));
#1221 = CARTESIAN_POINT('',(24.088278120886,28.74030022757,0.));
#1222 = SURFACE_OF_LINEAR_EXTRUSION('',#1223,#1246);
#1223 = B_SPLINE_CURVE_WITH_KNOTS('',3,(#1224,#1225,#1226,#1227,#1228,
    #1229,#1230,#1231,#1232,#1233,#1234,#1235,#1236,#1237,#1238,#1239,
    #1240,#1241,#1242,#1243,#1244,#1245),.UNSPECIFIED.,.F.,.F.,(4,1,1,1,
    1,1,1,1,1,1,1,1,1,1,1,1,1,1,1,4),(0.,1.366713726009E-02,
    5.466812833143E-02,0.123003057355,0.218671936353,0.341674769329,
    0.492011558107,0.669682303667,0.874687006597,1.107025667278,
    1.36669828597,1.65370486286,1.968045398084,2.309719891748,
    2.678728343933,3.075070754704,3.498747124111,3.949757452199,
    4.428101739001,4.933779984548),.UNSPECIFIED.);
#1224 = CARTESIAN_POINT('',(22.278695241452,24.194254684716,0.));
#1225 = CARTESIAN_POINT('',(22.281742625322,24.197641650052,0.));
#1226 = CARTESIAN_POINT('',(22.293824980434,24.211282959341,0.));
#1227 = CARTESIAN_POINT('',(22.320088049734,24.242779497477,0.));
#1228 = CARTESIAN_POINT('',(22.362523886224,24.296349012679,0.));
#1229 = CARTESIAN_POINT('',(22.419751380968,24.373032535721,0.));
#1230 = CARTESIAN_POINT('',(22.490521823623,24.47365634003,0.));
#1231 = CARTESIAN_POINT('',(22.573465319347,24.599067019577,0.));
#1232 = CARTESIAN_POINT('',(22.667208855135,24.750022862747,0.));
#1233 = CARTESIAN_POINT('',(22.770333545216,24.92723411481,0.));
#1234 = CARTESIAN_POINT('',(22.881393438922,25.13134641726,0.));
#1235 = CARTESIAN_POINT('',(22.998912207517,25.362944834633,0.));
#1236 = CARTESIAN_POINT('',(23.121387428127,25.62255097731,0.));
#1237 = CARTESIAN_POINT('',(23.247292397093,25.910622532152,0.));
#1238 = CARTESIAN_POINT('',(23.375078772094,26.227552147478,0.));
#1239 = CARTESIAN_POINT('',(23.503179041886,26.573666597292,0.));
#1240 = CARTESIAN_POINT('',(23.630008891101,26.949226159225,0.));
#1241 = CARTESIAN_POINT('',(23.753970456275,27.354423289,0.));
#1242 = CARTESIAN_POINT('',(23.873451947262,27.789384750676,0.));
#1243 = CARTESIAN_POINT('',(23.986842316498,28.254160022713,0.));
#1244 = CARTESIAN_POINT('',(24.05536708861,28.574985609504,0.));
#1245 = CARTESIAN_POINT('',(24.088278120886,28.74030022757,0.));
#1246 = VECTOR('',#1247,1.);
#1247 = DIRECTION('',(-0.,-0.,-1.));
#1248 = ADVANCED_FACE('',(#1249),#1272,.F.);
#1249 = FACE_BOUND('',#1250,.F.);
#1250 = EDGE_LOOP('',(#1251,#1252,#1259,#1267));
#1251 = ORIENTED_EDGE('',*,*,#1190,.T.);
#1252 = ORIENTED_EDGE('',*,*,#1253,.T.);
#1253 = EDGE_CURVE('',#1164,#1254,#1256,.T.);
#1254 = VERTEX_POINT('',#1255);
#1255 = CARTESIAN_POINT('',(22.659574751484,29.879653145274,5.));
#1256 = B_SPLINE_CURVE_WITH_KNOTS('',1,(#1257,#1258),.UNSPECIFIED.,.F.,
  .F.,(2,2),(0.,1.827380198213),.PIECEWISE_BEZIER_KNOTS.);
#1257 = CARTESIAN_POINT('',(24.088278120886,28.74030022757,5.));
#1258 = CARTESIAN_POINT('',(22.659574751484,29.879653145274,5.));
#1259 = ORIENTED_EDGE('',*,*,#1260,.F.);
#1260 = EDGE_CURVE('',#1261,#1254,#1263,.T.);
#1261 = VERTEX_POINT('',#1262);
#1262 = CARTESIAN_POINT('',(22.659574751484,29.879653145274,0.));
#1263 = LINE('',#1264,#1265);
#1264 = CARTESIAN_POINT('',(22.659574751484,29.879653145274,0.));
#1265 = VECTOR('',#1266,1.);
#1266 = DIRECTION('',(0.,0.,1.));
#1267 = ORIENTED_EDGE('',*,*,#1268,.F.);
#1268 = EDGE_CURVE('',#1191,#1261,#1269,.T.);
#1269 = B_SPLINE_CURVE_WITH_KNOTS('',1,(#1270,#1271),.UNSPECIFIED.,.F.,
  .F.,(2,2),(0.,1.827380198213),.PIECEWISE_BEZIER_KNOTS.);
#1270 = CARTESIAN_POINT('',(24.088278120886,28.74030022757,0.));
#1271 = CARTESIAN_POINT('',(22.659574751484,29.879653145274,0.));
#1272 = SURFACE_OF_LINEAR_EXTRUSION('',#1273,#1276);
#1273 = B_SPLINE_CURVE_WITH_KNOTS('',1,(#1274,#1275),.UNSPECIFIED.,.F.,
  .F.,(2,2),(0.,1.827380198213),.PIECEWISE_BEZIER_KNOTS.);
#1274 = CARTESIAN_POINT('',(24.088278120886,28.74030022757,0.));
#1275 = CARTESIAN_POINT('',(22.659574751484,29.879653145274,0.));
#1276 = VECTOR('',#1277,1.);
#1277 = DIRECTION('',(-0.,-0.,-1.));
#1278 = ADVANCED_FACE('',(#1279),#1342,.F.);
#1279 = FACE_BOUND('',#1280,.F.);
#1280 = EDGE_LOOP('',(#1281,#1282,#1309,#1317));
#1281 = ORIENTED_EDGE('',*,*,#1260,.T.);
#1282 = ORIENTED_EDGE('',*,*,#1283,.T.);
#1283 = EDGE_CURVE('',#1254,#1284,#1286,.T.);
#1284 = VERTEX_POINT('',#1285);
#1285 = CARTESIAN_POINT('',(18.630178134109,27.103849986703,5.));
#1286 = B_SPLINE_CURVE_WITH_KNOTS('',3,(#1287,#1288,#1289,#1290,#1291,
    #1292,#1293,#1294,#1295,#1296,#1297,#1298,#1299,#1300,#1301,#1302,
    #1303,#1304,#1305,#1306,#1307,#1308),.UNSPECIFIED.,.F.,.F.,(4,1,1,1,
    1,1,1,1,1,1,1,1,1,1,1,1,1,1,1,4),(0.,0.505678245547,0.98402253235,
    1.435032860437,1.858709229845,2.255051640615,2.6240600928,
    2.965734586464,3.280075121689,3.567081698578,3.82675431727,
    4.059092977951,4.264097680881,4.441768426441,4.592105215219,
    4.715108048196,4.810776927193,4.879111856217,4.920112847288,
    4.933779984548),.UNSPECIFIED.);
#1287 = CARTESIAN_POINT('',(22.659574751484,29.879653145274,5.));
#1288 = CARTESIAN_POINT('',(22.50572830968,29.810781298081,5.));
#1289 = CARTESIAN_POINT('',(22.208194686465,29.672584175863,5.));
#1290 = CARTESIAN_POINT('',(21.780304031728,29.458614512309,5.));
#1291 = CARTESIAN_POINT('',(21.382835094982,29.245340641069,5.));
#1292 = CARTESIAN_POINT('',(21.015381146485,29.034322207389,5.));
#1293 = CARTESIAN_POINT('',(20.677459943371,28.827102382815,5.));
#1294 = CARTESIAN_POINT('',(20.368528297112,28.625196143608,5.));
#1295 = CARTESIAN_POINT('',(20.087979912445,28.430090165822,5.));
#1296 = CARTESIAN_POINT('',(19.835147404209,28.243239945865,5.));
#1297 = CARTESIAN_POINT('',(19.609303430015,28.066067633413,5.));
#1298 = CARTESIAN_POINT('',(19.409662054647,27.899959809567,5.));
#1299 = CARTESIAN_POINT('',(19.235380425041,27.746265159097,5.));
#1300 = CARTESIAN_POINT('',(19.085559631403,27.606292806985,5.));
#1301 = CARTESIAN_POINT('',(18.959248465526,27.481308782151,5.));
#1302 = CARTESIAN_POINT('',(18.855438757683,27.372538351494,5.));
#1303 = CARTESIAN_POINT('',(18.773085707228,27.281151368679,5.));
#1304 = CARTESIAN_POINT('',(18.71105911579,27.208294997542,5.));
#1305 = CARTESIAN_POINT('',(18.668275562146,27.155002777518,5.));
#1306 = CARTESIAN_POINT('',(18.643412790689,27.122389539115,5.));
#1307 = CARTESIAN_POINT('',(18.632802074448,27.107574636988,5.));
#1308 = CARTESIAN_POINT('',(18.630178134109,27.103849986703,5.));
#1309 = ORIENTED_EDGE('',*,*,#1310,.F.);
#1310 = EDGE_CURVE('',#1311,#1284,#1313,.T.);
#1311 = VERTEX_POINT('',#1312);
#1312 = CARTESIAN_POINT('',(18.630178134109,27.103849986703,0.));
#1313 = LINE('',#1314,#1315);
#1314 = CARTESIAN_POINT('',(18.630178134109,27.103849986703,0.));
#1315 = VECTOR('',#1316,1.);
#1316 = DIRECTION('',(0.,0.,1.));
#1317 = ORIENTED_EDGE('',*,*,#1318,.F.);
#1318 = EDGE_CURVE('',#1261,#1311,#1319,.T.);
#1319 = B_SPLINE_CURVE_WITH_KNOTS('',3,(#1320,#1321,#1322,#1323,#1324,
    #1325,#1326,#1327,#1328,#1329,#1330,#1331,#1332,#1333,#1334,#1335,
    #1336,#1337,#1338,#1339,#1340,#1341),.UNSPECIFIED.,.F.,.F.,(4,1,1,1,
    1,1,1,1,1,1,1,1,1,1,1,1,1,1,1,4),(0.,0.505678245547,0.98402253235,
    1.435032860437,1.858709229845,2.255051640615,2.6240600928,
    2.965734586464,3.280075121689,3.567081698578,3.82675431727,
    4.059092977951,4.264097680881,4.441768426441,4.592105215219,
    4.715108048196,4.810776927193,4.879111856217,4.920112847288,
    4.933779984548),.UNSPECIFIED.);
#1320 = CARTESIAN_POINT('',(22.659574751484,29.879653145274,0.));
#1321 = CARTESIAN_POINT('',(22.50572830968,29.810781298081,0.));
#1322 = CARTESIAN_POINT('',(22.208194686465,29.672584175863,0.));
#1323 = CARTESIAN_POINT('',(21.780304031728,29.458614512309,0.));
#1324 = CARTESIAN_POINT('',(21.382835094982,29.245340641069,0.));
#1325 = CARTESIAN_POINT('',(21.015381146485,29.034322207389,0.));
#1326 = CARTESIAN_POINT('',(20.677459943371,28.827102382815,0.));
#1327 = CARTESIAN_POINT('',(20.368528297112,28.625196143608,0.));
#1328 = CARTESIAN_POINT('',(20.087979912445,28.430090165822,0.));
#1329 = CARTESIAN_POINT('',(19.835147404209,28.243239945865,0.));
#1330 = CARTESIAN_POINT('',(19.609303430015,28.066067633413,0.));
#1331 = CARTESIAN_POINT('',(19.409662054647,27.899959809567,0.));
#1332 = CARTESIAN_POINT('',(19.235380425041,27.746265159097,0.));
#1333 = CARTESIAN_POINT('',(19.085559631403,27.606292806985,0.));
#1334 = CARTESIAN_POINT('',(18.959248465526,27.481308782151,0.));
#1335 = CARTESIAN_POINT('',(18.855438757683,27.372538351494,0.));
#1336 = CARTESIAN_POINT('',(18.773085707228,27.281151368679,0.));
#1337 = CARTESIAN_POINT('',(18.71105911579,27.208294997542,0.));
#1338 = CARTESIAN_POINT('',(18.668275562146,27.155002777518,0.));
#1339 = CARTESIAN_POINT('',(18.643412790689,27.122389539115,0.));
#1340 = CARTESIAN_POINT('',(18.632802074448,27.107574636988,0.));
#1341 = CARTESIAN_POINT('',(18.630178134109,27.103849986703,0.));
#1342 = SURFACE_OF_LINEAR_EXTRUSION('',#1343,#1366);
#1343 = B_SPLINE_CURVE_WITH_KNOTS('',3,(#1344,#1345,#1346,#1347,#1348,
    #1349,#1350,#1351,#1352,#1353,#1354,#1355,#1356,#1357,#1358,#1359,
    #1360,#1361,#1362,#1363,#1364,#1365),.UNSPECIFIED.,.F.,.F.,(4,1,1,1,
    1,1,1,1,1,1,1,1,1,1,1,1,1,1,1,4),(0.,0.505678245547,0.98402253235,
    1.435032860437,1.858709229845,2.255051640615,2.6240600928,
    2.965734586464,3.280075121689,3.567081698578,3.82675431727,
    4.059092977951,4.264097680881,4.441768426441,4.592105215219,
    4.715108048196,4.810776927193,4.879111856217,4.920112847288,
    4.933779984548),.UNSPECIFIED.);
#1344 = CARTESIAN_POINT('',(22.659574751484,29.879653145274,0.));
#1345 = CARTESIAN_POINT('',(22.50572830968,29.810781298081,0.));
#1346 = CARTESIAN_POINT('',(22.208194686465,29.672584175863,0.));
#1347 = CARTESIAN_POINT('',(21.780304031728,29.458614512309,0.));
#1348 = CARTESIAN_POINT('',(21.382835094982,29.245340641069,0.));
#1349 = CARTESIAN_POINT('',(21.015381146485,29.034322207389,0.));
#1350 = CARTESIAN_POINT('',(20.677459943371,28.827102382815,0.));
#1351 = CARTESIAN_POINT('',(20.368528297112,28.625196143608,0.));
#1352 = CARTESIAN_POINT('',(20.087979912445,28.430090165822,0.));
#1353 = CARTESIAN_POINT('',(19.835147404209,28.243239945865,0.));
#1354 = CARTESIAN_POINT('',(19.609303430015,28.066067633413,0.));
#1355 = CARTESIAN_POINT('',(19.409662054647,27.899959809567,0.));
#1356 = CARTESIAN_POINT('',(19.235380425041,27.746265159097,0.));
#1357 = CARTESIAN_POINT('',(19.085559631403,27.606292806985,0.));
#1358 = CARTESIAN_POINT('',(18.959248465526,27.481308782151,0.));
#1359 = CARTESIAN_POINT('',(18.855438757683,27.372538351494,0.));
#1360 = CARTESIAN_POINT('',(18.773085707228,27.281151368679,0.));
#1361 = CARTESIAN_POINT('',(18.71105911579,27.208294997542,0.));
#1362 = CARTESIAN_POINT('',(18.668275562146,27.155002777518,0.));
#1363 = CARTESIAN_POINT('',(18.643412790689,27.122389539115,0.));
#1364 = CARTESIAN_POINT('',(18.632802074448,27.107574636988,0.));
#1365 = CARTESIAN_POINT('',(18.630178134109,27.103849986703,0.));
#1366 = VECTOR('',#1367,1.);
#1367 = DIRECTION('',(-0.,-0.,-1.));
#1368 = ADVANCED_FACE('',(#1369),#1392,.F.);
#1369 = FACE_BOUND('',#1370,.F.);
#1370 = EDGE_LOOP('',(#1371,#1372,#1379,#1387));
#1371 = ORIENTED_EDGE('',*,*,#1310,.T.);
#1372 = ORIENTED_EDGE('',*,*,#1373,.T.);
#1373 = EDGE_CURVE('',#1284,#1374,#1376,.T.);
#1374 = VERTEX_POINT('',#1375);
#1375 = CARTESIAN_POINT('',(18.055658836552,26.268018748624,5.));
#1376 = B_SPLINE_CURVE_WITH_KNOTS('',1,(#1377,#1378),.UNSPECIFIED.,.F.,
  .F.,(2,2),(0.,1.014241727507),.PIECEWISE_BEZIER_KNOTS.);
#1377 = CARTESIAN_POINT('',(18.630178134109,27.103849986703,5.));
#1378 = CARTESIAN_POINT('',(18.055658836552,26.268018748624,5.));
#1379 = ORIENTED_EDGE('',*,*,#1380,.F.);
#1380 = EDGE_CURVE('',#1381,#1374,#1383,.T.);
#1381 = VERTEX_POINT('',#1382);
#1382 = CARTESIAN_POINT('',(18.055658836552,26.268018748624,0.));
#1383 = LINE('',#1384,#1385);
#1384 = CARTESIAN_POINT('',(18.055658836552,26.268018748624,0.));
#1385 = VECTOR('',#1386,1.);
#1386 = DIRECTION('',(0.,0.,1.));
#1387 = ORIENTED_EDGE('',*,*,#1388,.F.);
#1388 = EDGE_CURVE('',#1311,#1381,#1389,.T.);
#1389 = B_SPLINE_CURVE_WITH_KNOTS('',1,(#1390,#1391),.UNSPECIFIED.,.F.,
  .F.,(2,2),(0.,1.014241727507),.PIECEWISE_BEZIER_KNOTS.);
#1390 = CARTESIAN_POINT('',(18.630178134109,27.103849986703,0.));
#1391 = CARTESIAN_POINT('',(18.055658836552,26.268018748624,0.));
#1392 = SURFACE_OF_LINEAR_EXTRUSION('',#1393,#1396);
#1393 = B_SPLINE_CURVE_WITH_KNOTS('',1,(#1394,#1395),.UNSPECIFIED.,.F.,
  .F.,(2,2),(0.,1.014241727507),.PIECEWISE_BEZIER_KNOTS.);
#1394 = CARTESIAN_POINT('',(18.630178134109,27.103849986703,0.));
#1395 = CARTESIAN_POINT('',(18.055658836552,26.268018748624,0.));
#1396 = VECTOR('',#1397,1.);
#1397 = DIRECTION('',(-0.,-0.,-1.));
#1398 = ADVANCED_FACE('',(#1399),#1422,.F.);
#1399 = FACE_BOUND('',#1400,.F.);
#1400 = EDGE_LOOP('',(#1401,#1402,#1409,#1417));
#1401 = ORIENTED_EDGE('',*,*,#1380,.T.);
#1402 = ORIENTED_EDGE('',*,*,#1403,.T.);
#1403 = EDGE_CURVE('',#1374,#1404,#1406,.T.);
#1404 = VERTEX_POINT('',#1405);
#1405 = CARTESIAN_POINT('',(15.832610345753,27.664852695063,5.));
#1406 = B_SPLINE_CURVE_WITH_KNOTS('',1,(#1407,#1408),.UNSPECIFIED.,.F.,
  .F.,(2,2),(0.,2.625469418288),.PIECEWISE_BEZIER_KNOTS.);
#1407 = CARTESIAN_POINT('',(18.055658836552,26.268018748624,5.));
#1408 = CARTESIAN_POINT('',(15.832610345753,27.664852695063,5.));
#1409 = ORIENTED_EDGE('',*,*,#1410,.F.);
#1410 = EDGE_CURVE('',#1411,#1404,#1413,.T.);
#1411 = VERTEX_POINT('',#1412);
#1412 = CARTESIAN_POINT('',(15.832610345753,27.664852695063,0.));
#1413 = LINE('',#1414,#1415);
#1414 = CARTESIAN_POINT('',(15.832610345753,27.664852695063,0.));
#1415 = VECTOR('',#1416,1.);
#1416 = DIRECTION('',(0.,0.,1.));
#1417 = ORIENTED_EDGE('',*,*,#1418,.F.);
#1418 = EDGE_CURVE('',#1381,#1411,#1419,.T.);
#1419 = B_SPLINE_CURVE_WITH_KNOTS('',1,(#1420,#1421),.UNSPECIFIED.,.F.,
  .F.,(2,2),(0.,2.625469418288),.PIECEWISE_BEZIER_KNOTS.);
#1420 = CARTESIAN_POINT('',(18.055658836552,26.268018748624,0.));
#1421 = CARTESIAN_POINT('',(15.832610345753,27.664852695063,0.));
#1422 = SURFACE_OF_LINEAR_EXTRUSION('',#1423,#1426);
#1423 = B_SPLINE_CURVE_WITH_KNOTS('',1,(#1424,#1425),.UNSPECIFIED.,.F.,
  .F.,(2,2),(0.,2.625469418288),.PIECEWISE_BEZIER_KNOTS.);
#1424 = CARTESIAN_POINT('',(18.055658836552,26.268018748624,0.));
#1425 = CARTESIAN_POINT('',(15.832610345753,27.664852695063,0.));
#1426 = VECTOR('',#1427,1.);
#1427 = DIRECTION('',(-0.,-0.,-1.));
#1428 = ADVANCED_FACE('',(#1429),#1452,.F.);
#1429 = FACE_BOUND('',#1430,.F.);
#1430 = EDGE_LOOP('',(#1431,#1432,#1439,#1447));
#1431 = ORIENTED_EDGE('',*,*,#1410,.T.);
#1432 = ORIENTED_EDGE('',*,*,#1433,.T.);
#1433 = EDGE_CURVE('',#1404,#1434,#1436,.T.);
#1434 = VERTEX_POINT('',#1435);
#1435 = CARTESIAN_POINT('',(16.336393689064,28.545130279021,5.));
#1436 = B_SPLINE_CURVE_WITH_KNOTS('',1,(#1437,#1438),.UNSPECIFIED.,.F.,
  .F.,(2,2),(0.,1.014241727507),.PIECEWISE_BEZIER_KNOTS.);
#1437 = CARTESIAN_POINT('',(15.832610345753,27.664852695063,5.));
#1438 = CARTESIAN_POINT('',(16.336393689064,28.545130279021,5.));
#1439 = ORIENTED_EDGE('',*,*,#1440,.F.);
#1440 = EDGE_CURVE('',#1441,#1434,#1443,.T.);
#1441 = VERTEX_POINT('',#1442);
#1442 = CARTESIAN_POINT('',(16.336393689064,28.545130279021,0.));
#1443 = LINE('',#1444,#1445);
#1444 = CARTESIAN_POINT('',(16.336393689064,28.545130279021,0.));
#1445 = VECTOR('',#1446,1.);
#1446 = DIRECTION('',(0.,0.,1.));
#1447 = ORIENTED_EDGE('',*,*,#1448,.F.);
#1448 = EDGE_CURVE('',#1411,#1441,#1449,.T.);
#1449 = B_SPLINE_CURVE_WITH_KNOTS('',1,(#1450,#1451),.UNSPECIFIED.,.F.,
  .F.,(2,2),(0.,1.014241727507),.PIECEWISE_BEZIER_KNOTS.);
#1450 = CARTESIAN_POINT('',(15.832610345753,27.664852695063,0.));
#1451 = CARTESIAN_POINT('',(16.336393689064,28.545130279021,0.));
#1452 = SURFACE_OF_LINEAR_EXTRUSION('',#1453,#1456);
#1453 = B_SPLINE_CURVE_WITH_KNOTS('',1,(#1454,#1455),.UNSPECIFIED.,.F.,
  .F.,(2,2),(0.,1.014241727507),.PIECEWISE_BEZIER_KNOTS.);
#1454 = CARTESIAN_POINT('',(15.832610345753,27.664852695063,0.));
#1455 = CARTESIAN_POINT('',(16.336393689064,28.545130279021,0.));
#1456 = VECTOR('',#1457,1.);
#1457 = DIRECTION('',(-0.,-0.,-1.));
#1458 = ADVANCED_FACE('',(#1459),#1522,.F.);
#1459 = FACE_BOUND('',#1460,.F.);
#1460 = EDGE_LOOP('',(#1461,#1462,#1489,#1497));
#1461 = ORIENTED_EDGE('',*,*,#1440,.T.);
#1462 = ORIENTED_EDGE('',*,*,#1463,.T.);
#1463 = EDGE_CURVE('',#1434,#1464,#1466,.T.);
#1464 = VERTEX_POINT('',#1465);
#1465 = CARTESIAN_POINT('',(17.089016247627,33.379867041202,5.));
#1466 = B_SPLINE_CURVE_WITH_KNOTS('',3,(#1467,#1468,#1469,#1470,#1471,
    #1472,#1473,#1474,#1475,#1476,#1477,#1478,#1479,#1480,#1481,#1482,
    #1483,#1484,#1485,#1486,#1487,#1488),.UNSPECIFIED.,.F.,.F.,(4,1,1,1,
    1,1,1,1,1,1,1,1,1,1,1,1,1,1,1,4),(0.,1.366713726009E-02,
    5.466812833143E-02,0.123003057355,0.218671936353,0.341674769329,
    0.492011558107,0.669682303667,0.874687006597,1.107025667278,
    1.36669828597,1.65370486286,1.968045398084,2.309719891748,
    2.678728343933,3.075070754704,3.498747124111,3.949757452199,
    4.428101739001,4.933779984548),.UNSPECIFIED.);
#1467 = CARTESIAN_POINT('',(16.336393689064,28.545130279021,5.));
#1468 = CARTESIAN_POINT('',(16.338610997968,28.54911043277,5.));
#1469 = CARTESIAN_POINT('',(16.347354946328,28.565098302899,5.));
#1470 = CARTESIAN_POINT('',(16.365950906566,28.601649239774,5.));
#1471 = CARTESIAN_POINT('',(16.395402449482,28.663318517355,5.));
#1472 = CARTESIAN_POINT('',(16.434131442287,28.750813739951,5.));
#1473 = CARTESIAN_POINT('',(16.480736619275,28.864662600398,5.));
#1474 = CARTESIAN_POINT('',(16.53369404685,29.005385636509,5.));
#1475 = CARTESIAN_POINT('',(16.591496401268,29.173416600658,5.));
#1476 = CARTESIAN_POINT('',(16.652602326746,29.369132198997,5.));
#1477 = CARTESIAN_POINT('',(16.71545845687,29.592840131148,5.));
#1478 = CARTESIAN_POINT('',(16.778495288443,29.844782278807,5.));
#1479 = CARTESIAN_POINT('',(16.840131998236,30.125132853954,5.));
#1480 = CARTESIAN_POINT('',(16.898778315335,30.433998344759,5.));
#1481 = CARTESIAN_POINT('',(16.952837345118,30.771417016449,5.));
#1482 = CARTESIAN_POINT('',(17.000708163068,31.137358646057,5.));
#1483 = CARTESIAN_POINT('',(17.040788258688,31.531724442173,5.));
#1484 = CARTESIAN_POINT('',(17.07147700486,31.954346477184,5.));
#1485 = CARTESIAN_POINT('',(17.091174814725,32.40498967986,5.));
#1486 = CARTESIAN_POINT('',(17.098300023053,32.883343796325,5.));
#1487 = CARTESIAN_POINT('',(17.093716326851,33.211373812119,5.));
#1488 = CARTESIAN_POINT('',(17.089016247627,33.379867041202,5.));
#1489 = ORIENTED_EDGE('',*,*,#1490,.F.);
#1490 = EDGE_CURVE('',#1491,#1464,#1493,.T.);
#1491 = VERTEX_POINT('',#1492);
#1492 = CARTESIAN_POINT('',(17.089016247627,33.379867041202,0.));
#1493 = LINE('',#1494,#1495);
#1494 = CARTESIAN_POINT('',(17.089016247627,33.379867041202,0.));
#1495 = VECTOR('',#1496,1.);
#1496 = DIRECTION('',(0.,0.,1.));
#1497 = ORIENTED_EDGE('',*,*,#1498,.F.);
#1498 = EDGE_CURVE('',#1441,#1491,#1499,.T.);
#1499 = B_SPLINE_CURVE_WITH_KNOTS('',3,(#1500,#1501,#1502,#1503,#1504,
    #1505,#1506,#1507,#1508,#1509,#1510,#1511,#1512,#1513,#1514,#1515,
    #1516,#1517,#1518,#1519,#1520,#1521),.UNSPECIFIED.,.F.,.F.,(4,1,1,1,
    1,1,1,1,1,1,1,1,1,1,1,1,1,1,1,4),(0.,1.366713726009E-02,
    5.466812833143E-02,0.123003057355,0.218671936353,0.341674769329,
    0.492011558107,0.669682303667,0.874687006597,1.107025667278,
    1.36669828597,1.65370486286,1.968045398084,2.309719891748,
    2.678728343933,3.075070754704,3.498747124111,3.949757452199,
    4.428101739001,4.933779984548),.UNSPECIFIED.);
#1500 = CARTESIAN_POINT('',(16.336393689064,28.545130279021,0.));
#1501 = CARTESIAN_POINT('',(16.338610997968,28.54911043277,0.));
#1502 = CARTESIAN_POINT('',(16.347354946328,28.565098302899,0.));
#1503 = CARTESIAN_POINT('',(16.365950906566,28.601649239774,0.));
#1504 = CARTESIAN_POINT('',(16.395402449482,28.663318517355,0.));
#1505 = CARTESIAN_POINT('',(16.434131442287,28.750813739951,0.));
#1506 = CARTESIAN_POINT('',(16.480736619275,28.864662600398,0.));
#1507 = CARTESIAN_POINT('',(16.53369404685,29.005385636509,0.));
#1508 = CARTESIAN_POINT('',(16.591496401268,29.173416600658,0.));
#1509 = CARTESIAN_POINT('',(16.652602326746,29.369132198997,0.));
#1510 = CARTESIAN_POINT('',(16.71545845687,29.592840131148,0.));
#1511 = CARTESIAN_POINT('',(16.778495288443,29.844782278807,0.));
#1512 = CARTESIAN_POINT('',(16.840131998236,30.125132853954,0.));
#1513 = CARTESIAN_POINT('',(16.898778315335,30.433998344759,0.));
#1514 = CARTESIAN_POINT('',(16.952837345118,30.771417016449,0.));
#1515 = CARTESIAN_POINT('',(17.000708163068,31.137358646057,0.));
#1516 = CARTESIAN_POINT('',(17.040788258688,31.531724442173,0.));
#1517 = CARTESIAN_POINT('',(17.07147700486,31.954346477184,0.));
#1518 = CARTESIAN_POINT('',(17.091174814725,32.40498967986,0.));
#1519 = CARTESIAN_POINT('',(17.098300023053,32.883343796325,0.));
#1520 = CARTESIAN_POINT('',(17.093716326851,33.211373812119,0.));
#1521 = CARTESIAN_POINT('',(17.089016247627,33.379867041202,0.));
#1522 = SURFACE_OF_LINEAR_EXTRUSION('',#1523,#1546);
#1523 = B_SPLINE_CURVE_WITH_KNOTS('',3,(#1524,#1525,#1526,#1527,#1528,
    #1529,#1530,#1531,#1532,#1533,#1534,#1535,#1536,#1537,#1538,#1539,
    #1540,#1541,#1542,#1543,#1544,#1545),.UNSPECIFIED.,.F.,.F.,(4,1,1,1,
    1,1,1,1,1,1,1,1,1,1,1,1,1,1,1,4),(0.,1.366713726009E-02,
    5.466812833143E-02,0.123003057355,0.218671936353,0.341674769329,
    0.492011558107,0.669682303667,0.874687006597,1.107025667278,
    1.36669828597,1.65370486286,1.968045398084,2.309719891748,
    2.678728343933,3.075070754704,3.498747124111,3.949757452199,
    4.428101739001,4.933779984548),.UNSPECIFIED.);
#1524 = CARTESIAN_POINT('',(16.336393689064,28.545130279021,0.));
#1525 = CARTESIAN_POINT('',(16.338610997968,28.54911043277,0.));
#1526 = CARTESIAN_POINT('',(16.347354946328,28.565098302899,0.));
#1527 = CARTESIAN_POINT('',(16.365950906566,28.601649239774,0.));
#1528 = CARTESIAN_POINT('',(16.395402449482,28.663318517355,0.));
#1529 = CARTESIAN_POINT('',(16.434131442287,28.750813739951,0.));
#1530 = CARTESIAN_POINT('',(16.480736619275,28.864662600398,0.));
#1531 = CARTESIAN_POINT('',(16.53369404685,29.005385636509,0.));
#1532 = CARTESIAN_POINT('',(16.591496401268,29.173416600658,0.));
#1533 = CARTESIAN_POINT('',(16.652602326746,29.369132198997,0.));
#1534 = CARTESIAN_POINT('',(16.71545845687,29.592840131148,0.));
#1535 = CARTESIAN_POINT('',(16.778495288443,29.844782278807,0.));
#1536 = CARTESIAN_POINT('',(16.840131998236,30.125132853954,0.));
#1537 = CARTESIAN_POINT('',(16.898778315335,30.433998344759,0.));
#1538 = CARTESIAN_POINT('',(16.952837345118,30.771417016449,0.));
#1539 = CARTESIAN_POINT('',(17.000708163068,31.137358646057,0.));
#1540 = CARTESIAN_POINT('',(17.040788258688,31.531724442173,0.));
#1541 = CARTESIAN_POINT('',(17.07147700486,31.954346477184,0.));
#1542 = CARTESIAN_POINT('',(17.091174814725,32.40498967986,0.));
#1543 = CARTESIAN_POINT('',(17.098300023053,32.883343796325,0.));
#1544 = CARTESIAN_POINT('',(17.093716326851,33.211373812119,0.));
#1545 = CARTESIAN_POINT('',(17.089016247627,33.379867041202,0.));
#1546 = VECTOR('',#1547,1.);
#1547 = DIRECTION('',(-0.,-0.,-1.));
#1548 = ADVANCED_FACE('',(#1549),#1572,.F.);
#1549 = FACE_BOUND('',#1550,.F.);
#1550 = EDGE_LOOP('',(#1551,#1552,#1559,#1567));
#1551 = ORIENTED_EDGE('',*,*,#1490,.T.);
#1552 = ORIENTED_EDGE('',*,*,#1553,.T.);
#1553 = EDGE_CURVE('',#1464,#1554,#1556,.T.);
#1554 = VERTEX_POINT('',#1555);
#1555 = CARTESIAN_POINT('',(15.442603579216,34.172737594392,5.));
#1556 = B_SPLINE_CURVE_WITH_KNOTS('',1,(#1557,#1558),.UNSPECIFIED.,.F.,
  .F.,(2,2),(0.,1.827380198213),.PIECEWISE_BEZIER_KNOTS.);
#1557 = CARTESIAN_POINT('',(17.089016247627,33.379867041202,5.));
#1558 = CARTESIAN_POINT('',(15.442603579216,34.172737594392,5.));
#1559 = ORIENTED_EDGE('',*,*,#1560,.F.);
#1560 = EDGE_CURVE('',#1561,#1554,#1563,.T.);
#1561 = VERTEX_POINT('',#1562);
#1562 = CARTESIAN_POINT('',(15.442603579216,34.172737594392,0.));
#1563 = LINE('',#1564,#1565);
#1564 = CARTESIAN_POINT('',(15.442603579216,34.172737594392,0.));
#1565 = VECTOR('',#1566,1.);
#1566 = DIRECTION('',(0.,0.,1.));
#1567 = ORIENTED_EDGE('',*,*,#1568,.F.);
#1568 = EDGE_CURVE('',#1491,#1561,#1569,.T.);
#1569 = B_SPLINE_CURVE_WITH_KNOTS('',1,(#1570,#1571),.UNSPECIFIED.,.F.,
  .F.,(2,2),(0.,1.827380198213),.PIECEWISE_BEZIER_KNOTS.);
#1570 = CARTESIAN_POINT('',(17.089016247627,33.379867041202,0.));
#1571 = CARTESIAN_POINT('',(15.442603579216,34.172737594392,0.));
#1572 = SURFACE_OF_LINEAR_EXTRUSION('',#1573,#1576);
#1573 = B_SPLINE_CURVE_WITH_KNOTS('',1,(#1574,#1575),.UNSPECIFIED.,.F.,
  .F.,(2,2),(0.,1.827380198213),.PIECEWISE_BEZIER_KNOTS.);
#1574 = CARTESIAN_POINT('',(17.089016247627,33.379867041202,0.));
#1575 = CARTESIAN_POINT('',(15.442603579216,34.172737594392,0.));
#1576 = VECTOR('',#1577,1.);
#1577 = DIRECTION('',(-0.,-0.,-1.));
#1578 = ADVANCED_FACE('',(#1579),#1642,.F.);
#1579 = FACE_BOUND('',#1580,.F.);
#1580 = EDGE_LOOP('',(#1581,#1582,#1609,#1617));
#1581 = ORIENTED_EDGE('',*,*,#1560,.T.);
#1582 = ORIENTED_EDGE('',*,*,#1583,.T.);
#1583 = EDGE_CURVE('',#1554,#1584,#1586,.T.);
#1584 = VERTEX_POINT('',#1585);
#1585 = CARTESIAN_POINT('',(12.13190665901,30.569904517801,5.));
#1586 = B_SPLINE_CURVE_WITH_KNOTS('',3,(#1587,#1588,#1589,#1590,#1591,
    #1592,#1593,#1594,#1595,#1596,#1597,#1598,#1599,#1600,#1601,#1602,
    #1603,#1604,#1605,#1606,#1607,#1608),.UNSPECIFIED.,.F.,.F.,(4,1,1,1,
    1,1,1,1,1,1,1,1,1,1,1,1,1,1,1,4),(0.,0.505678245547,0.98402253235,
    1.435032860437,1.858709229845,2.255051640615,2.6240600928,
    2.965734586464,3.280075121689,3.567081698578,3.82675431727,
    4.059092977951,4.264097680881,4.441768426441,4.592105215219,
    4.715108048196,4.810776927193,4.879111856217,4.920112847288,
    4.933779984548),.UNSPECIFIED.);
#1587 = CARTESIAN_POINT('',(15.442603579216,34.172737594392,5.));
#1588 = CARTESIAN_POINT('',(15.307939816671,34.071358454284,5.));
#1589 = CARTESIAN_POINT('',(15.048617735292,33.87041876273,5.));
#1590 = CARTESIAN_POINT('',(14.679067922,33.566599137247,5.));
#1591 = CARTESIAN_POINT('',(14.339022262357,33.270227328213,5.));
#1592 = CARTESIAN_POINT('',(14.027737170471,32.982733371428,5.));
#1593 = CARTESIAN_POINT('',(13.744399106335,32.705514438772,5.));
#1594 = CARTESIAN_POINT('',(13.488141386361,32.439926652072,5.));
#1595 = CARTESIAN_POINT('',(13.25804209983,32.187284499919,5.));
#1596 = CARTESIAN_POINT('',(13.053126715898,31.948858479218,5.));
#1597 = CARTESIAN_POINT('',(12.872369670096,31.725873234477,5.));
#1598 = CARTESIAN_POINT('',(12.714696188923,31.519505695274,5.));
#1599 = CARTESIAN_POINT('',(12.578984440806,31.330883179587,5.));
#1600 = CARTESIAN_POINT('',(12.464066745783,31.161081963653,5.));
#1601 = CARTESIAN_POINT('',(12.368734026485,31.011124670665,5.));
#1602 = CARTESIAN_POINT('',(12.291730742571,30.881981508655,5.));
#1603 = CARTESIAN_POINT('',(12.231777971796,30.774560510597,5.));
#1604 = CARTESIAN_POINT('',(12.187518584255,30.689728585738,5.));
#1605 = CARTESIAN_POINT('',(12.157666338198,30.628252276619,5.));
#1606 = CARTESIAN_POINT('',(12.1406840566,30.590924233069,5.));
#1607 = CARTESIAN_POINT('',(12.133635999026,30.574119664981,5.));
#1608 = CARTESIAN_POINT('',(12.13190665901,30.569904517801,5.));
#1609 = ORIENTED_EDGE('',*,*,#1610,.F.);
#1610 = EDGE_CURVE('',#1611,#1584,#1613,.T.);
#1611 = VERTEX_POINT('',#1612);
#1612 = CARTESIAN_POINT('',(12.13190665901,30.569904517801,0.));
#1613 = LINE('',#1614,#1615);
#1614 = CARTESIAN_POINT('',(12.13190665901,30.569904517801,0.));
#1615 = VECTOR('',#1616,1.);
#1616 = DIRECTION('',(0.,0.,1.));
#1617 = ORIENTED_EDGE('',*,*,#1618,.F.);
#1618 = EDGE_CURVE('',#1561,#1611,#1619,.T.);
#1619 = B_SPLINE_CURVE_WITH_KNOTS('',3,(#1620,#1621,#1622,#1623,#1624,
    #1625,#1626,#1627,#1628,#1629,#1630,#1631,#1632,#1633,#1634,#1635,
    #1636,#1637,#1638,#1639,#1640,#1641),.UNSPECIFIED.,.F.,.F.,(4,1,1,1,
    1,1,1,1,1,1,1,1,1,1,1,1,1,1,1,4),(0.,0.505678245547,0.98402253235,
    1.435032860437,1.858709229845,2.255051640615,2.6240600928,
    2.965734586464,3.280075121689,3.567081698578,3.82675431727,
    4.059092977951,4.264097680881,4.441768426441,4.592105215219,
    4.715108048196,4.810776927193,4.879111856217,4.920112847288,
    4.933779984548),.UNSPECIFIED.);
#1620 = CARTESIAN_POINT('',(15.442603579216,34.172737594392,0.));
#1621 = CARTESIAN_POINT('',(15.307939816671,34.071358454284,0.));
#1622 = CARTESIAN_POINT('',(15.048617735292,33.87041876273,0.));
#1623 = CARTESIAN_POINT('',(14.679067922,33.566599137247,0.));
#1624 = CARTESIAN_POINT('',(14.339022262357,33.270227328213,0.));
#1625 = CARTESIAN_POINT('',(14.027737170471,32.982733371428,0.));
#1626 = CARTESIAN_POINT('',(13.744399106335,32.705514438772,0.));
#1627 = CARTESIAN_POINT('',(13.488141386361,32.439926652072,0.));
#1628 = CARTESIAN_POINT('',(13.25804209983,32.187284499919,0.));
#1629 = CARTESIAN_POINT('',(13.053126715898,31.948858479218,0.));
#1630 = CARTESIAN_POINT('',(12.872369670096,31.725873234477,0.));
#1631 = CARTESIAN_POINT('',(12.714696188923,31.519505695274,0.));
#1632 = CARTESIAN_POINT('',(12.578984440806,31.330883179587,0.));
#1633 = CARTESIAN_POINT('',(12.464066745783,31.161081963653,0.));
#1634 = CARTESIAN_POINT('',(12.368734026485,31.011124670665,0.));
#1635 = CARTESIAN_POINT('',(12.291730742571,30.881981508655,0.));
#1636 = CARTESIAN_POINT('',(12.231777971796,30.774560510597,0.));
#1637 = CARTESIAN_POINT('',(12.187518584255,30.689728585738,0.));
#1638 = CARTESIAN_POINT('',(12.157666338198,30.628252276619,0.));
#1639 = CARTESIAN_POINT('',(12.1406840566,30.590924233069,0.));
#1640 = CARTESIAN_POINT('',(12.133635999026,30.574119664981,0.));
#1641 = CARTESIAN_POINT('',(12.13190665901,30.569904517801,0.));
#1642 = SURFACE_OF_LINEAR_EXTRUSION('',#1643,#1666);
#1643 = B_SPLINE_CURVE_WITH_KNOTS('',3,(#1644,#1645,#1646,#1647,#1648,
    #1649,#1650,#1651,#1652,#1653,#1654,#1655,#1656,#1657,#1658,#1659,
    #1660,#1661,#1662,#1663,#1664,#1665),.UNSPECIFIED.,.F.,.F.,(4,1,1,1,
    1,1,1,1,1,1,1,1,1,1,1,1,1,1,1,4),(0.,0.505678245547,0.98402253235,
    1.435032860437,1.858709229845,2.255051640615,2.6240600928,
    2.965734586464,3.280075121689,3.567081698578,3.82675431727,
    4.059092977951,4.264097680881,4.441768426441,4.592105215219,
    4.715108048196,4.810776927193,4.879111856217,4.920112847288,
    4.933779984548),.UNSPECIFIED.);
#1644 = CARTESIAN_POINT('',(15.442603579216,34.172737594392,0.));
#1645 = CARTESIAN_POINT('',(15.307939816671,34.071358454284,0.));
#1646 = CARTESIAN_POINT('',(15.048617735292,33.87041876273,0.));
#1647 = CARTESIAN_POINT('',(14.679067922,33.566599137247,0.));
#1648 = CARTESIAN_POINT('',(14.339022262357,33.270227328213,0.));
#1649 = CARTESIAN_POINT('',(14.027737170471,32.982733371428,0.));
#1650 = CARTESIAN_POINT('',(13.744399106335,32.705514438772,0.));
#1651 = CARTESIAN_POINT('',(13.488141386361,32.439926652072,0.));
#1652 = CARTESIAN_POINT('',(13.25804209983,32.187284499919,0.));
#1653 = CARTESIAN_POINT('',(13.053126715898,31.948858479218,0.));
#1654 = CARTESIAN_POINT('',(12.872369670096,31.725873234477,0.));
#1655 = CARTESIAN_POINT('',(12.714696188923,31.519505695274,0.));
#1656 = CARTESIAN_POINT('',(12.578984440806,31.330883179587,0.));
#1657 = CARTESIAN_POINT('',(12.464066745783,31.161081963653,0.));
#1658 = CARTESIAN_POINT('',(12.368734026485,31.011124670665,0.));
#1659 = CARTESIAN_POINT('',(12.291730742571,30.881981508655,0.));
#1660 = CARTESIAN_POINT('',(12.231777971796,30.774560510597,0.));
#1661 = CARTESIAN_POINT('',(12.187518584255,30.689728585738,0.));
#1662 = CARTESIAN_POINT('',(12.157666338198,30.628252276619,0.));
#1663 = CARTESIAN_POINT('',(12.1406840566,30.590924233069,0.));
#1664 = CARTESIAN_POINT('',(12.133635999026,30.574119664981,0.));
#1665 = CARTESIAN_POINT('',(12.13190665901,30.569904517801,0.));
#1666 = VECTOR('',#1667,1.);
#1667 = DIRECTION('',(-0.,-0.,-1.));
#1668 = ADVANCED_FACE('',(#1669),#1692,.F.);
#1669 = FACE_BOUND('',#1670,.F.);
#1670 = EDGE_LOOP('',(#1671,#1672,#1679,#1687));
#1671 = ORIENTED_EDGE('',*,*,#1610,.T.);
#1672 = ORIENTED_EDGE('',*,*,#1673,.T.);
#1673 = EDGE_CURVE('',#1584,#1674,#1676,.T.);
#1674 = VERTEX_POINT('',#1675);
#1675 = CARTESIAN_POINT('',(11.757781707461,29.627186743255,5.));
#1676 = B_SPLINE_CURVE_WITH_KNOTS('',1,(#1677,#1678),.UNSPECIFIED.,.F.,
  .F.,(2,2),(0.,1.014241727507),.PIECEWISE_BEZIER_KNOTS.);
#1677 = CARTESIAN_POINT('',(12.13190665901,30.569904517801,5.));
#1678 = CARTESIAN_POINT('',(11.757781707461,29.627186743255,5.));
#1679 = ORIENTED_EDGE('',*,*,#1680,.F.);
#1680 = EDGE_CURVE('',#1681,#1674,#1683,.T.);
#1681 = VERTEX_POINT('',#1682);
#1682 = CARTESIAN_POINT('',(11.757781707461,29.627186743255,0.));
#1683 = LINE('',#1684,#1685);
#1684 = CARTESIAN_POINT('',(11.757781707461,29.627186743255,0.));
#1685 = VECTOR('',#1686,1.);
#1686 = DIRECTION('',(0.,0.,1.));
#1687 = ORIENTED_EDGE('',*,*,#1688,.F.);
#1688 = EDGE_CURVE('',#1611,#1681,#1689,.T.);
#1689 = B_SPLINE_CURVE_WITH_KNOTS('',1,(#1690,#1691),.UNSPECIFIED.,.F.,
  .F.,(2,2),(0.,1.014241727507),.PIECEWISE_BEZIER_KNOTS.);
#1690 = CARTESIAN_POINT('',(12.13190665901,30.569904517801,0.));
#1691 = CARTESIAN_POINT('',(11.757781707461,29.627186743255,0.));
#1692 = SURFACE_OF_LINEAR_EXTRUSION('',#1693,#1696);
#1693 = B_SPLINE_CURVE_WITH_KNOTS('',1,(#1694,#1695),.UNSPECIFIED.,.F.,
  .F.,(2,2),(0.,1.014241727507),.PIECEWISE_BEZIER_KNOTS.);
#1694 = CARTESIAN_POINT('',(12.13190665901,30.569904517801,0.));
#1695 = CARTESIAN_POINT('',(11.757781707461,29.627186743255,0.));
#1696 = VECTOR('',#1697,1.);
#1697 = DIRECTION('',(-0.,-0.,-1.));
#1698 = ADVANCED_FACE('',(#1699),#1722,.F.);
#1699 = FACE_BOUND('',#1700,.F.);
#1700 = EDGE_LOOP('',(#1701,#1702,#1709,#1717));
#1701 = ORIENTED_EDGE('',*,*,#1680,.T.);
#1702 = ORIENTED_EDGE('',*,*,#1703,.T.);
#1703 = EDGE_CURVE('',#1674,#1704,#1706,.T.);
#1704 = VERTEX_POINT('',#1705);
#1705 = CARTESIAN_POINT('',(9.279644889304,30.494324319919,5.));
#1706 = B_SPLINE_CURVE_WITH_KNOTS('',1,(#1707,#1708),.UNSPECIFIED.,.F.,
  .F.,(2,2),(0.,2.625469418288),.PIECEWISE_BEZIER_KNOTS.);
#1707 = CARTESIAN_POINT('',(11.757781707461,29.627186743255,5.));
#1708 = CARTESIAN_POINT('',(9.279644889304,30.494324319919,5.));
#1709 = ORIENTED_EDGE('',*,*,#1710,.F.);
#1710 = EDGE_CURVE('',#1711,#1704,#1713,.T.);
#1711 = VERTEX_POINT('',#1712);
#1712 = CARTESIAN_POINT('',(9.279644889304,30.494324319919,0.));
#1713 = LINE('',#1714,#1715);
#1714 = CARTESIAN_POINT('',(9.279644889304,30.494324319919,0.));
#1715 = VECTOR('',#1716,1.);
#1716 = DIRECTION('',(0.,0.,1.));
#1717 = ORIENTED_EDGE('',*,*,#1718,.F.);
#1718 = EDGE_CURVE('',#1681,#1711,#1719,.T.);
#1719 = B_SPLINE_CURVE_WITH_KNOTS('',1,(#1720,#1721),.UNSPECIFIED.,.F.,
  .F.,(2,2),(0.,2.625469418288),.PIECEWISE_BEZIER_KNOTS.);
#1720 = CARTESIAN_POINT('',(11.757781707461,29.627186743255,0.));
#1721 = CARTESIAN_POINT('',(9.279644889304,30.494324319919,0.));
#1722 = SURFACE_OF_LINEAR_EXTRUSION('',#1723,#1726);
#1723 = B_SPLINE_CURVE_WITH_KNOTS('',1,(#1724,#1725),.UNSPECIFIED.,.F.,
  .F.,(2,2),(0.,2.625469418288),.PIECEWISE_BEZIER_KNOTS.);
#1724 = CARTESIAN_POINT('',(11.757781707461,29.627186743255,0.));
#1725 = CARTESIAN_POINT('',(9.279644889304,30.494324319919,0.));
#1726 = VECTOR('',#1727,1.);
#1727 = DIRECTION('',(-0.,-0.,-1.));
#1728 = ADVANCED_FACE('',(#1729),#1752,.F.);
#1729 = FACE_BOUND('',#1730,.F.);
#1730 = EDGE_LOOP('',(#1731,#1732,#1739,#1747));
#1731 = ORIENTED_EDGE('',*,*,#1710,.T.);
#1732 = ORIENTED_EDGE('',*,*,#1733,.T.);
#1733 = EDGE_CURVE('',#1704,#1734,#1736,.T.);
#1734 = VERTEX_POINT('',#1735);
#1735 = CARTESIAN_POINT('',(9.574917142267,31.464633847053,5.));
#1736 = B_SPLINE_CURVE_WITH_KNOTS('',1,(#1737,#1738),.UNSPECIFIED.,.F.,
  .F.,(2,2),(0.,1.014241727507),.PIECEWISE_BEZIER_KNOTS.);
#1737 = CARTESIAN_POINT('',(9.279644889304,30.494324319919,5.));
#1738 = CARTESIAN_POINT('',(9.574917142267,31.464633847053,5.));
#1739 = ORIENTED_EDGE('',*,*,#1740,.F.);
#1740 = EDGE_CURVE('',#1741,#1734,#1743,.T.);
#1741 = VERTEX_POINT('',#1742);
#1742 = CARTESIAN_POINT('',(9.574917142267,31.464633847053,0.));
#1743 = LINE('',#1744,#1745);
#1744 = CARTESIAN_POINT('',(9.574917142267,31.464633847053,0.));
#1745 = VECTOR('',#1746,1.);
#1746 = DIRECTION('',(0.,0.,1.));
#1747 = ORIENTED_EDGE('',*,*,#1748,.F.);
#1748 = EDGE_CURVE('',#1711,#1741,#1749,.T.);
#1749 = B_SPLINE_CURVE_WITH_KNOTS('',1,(#1750,#1751),.UNSPECIFIED.,.F.,
  .F.,(2,2),(0.,1.014241727507),.PIECEWISE_BEZIER_KNOTS.);
#1750 = CARTESIAN_POINT('',(9.279644889304,30.494324319919,0.));
#1751 = CARTESIAN_POINT('',(9.574917142267,31.464633847053,0.));
#1752 = SURFACE_OF_LINEAR_EXTRUSION('',#1753,#1756);
#1753 = B_SPLINE_CURVE_WITH_KNOTS('',1,(#1754,#1755),.UNSPECIFIED.,.F.,
  .F.,(2,2),(0.,1.014241727507),.PIECEWISE_BEZIER_KNOTS.);
#1754 = CARTESIAN_POINT('',(9.279644889304,30.494324319919,0.));
#1755 = CARTESIAN_POINT('',(9.574917142267,31.464633847053,0.));
#1756 = VECTOR('',#1757,1.);
#1757 = DIRECTION('',(-0.,-0.,-1.));
#1758 = ADVANCED_FACE('',(#1759),#1822,.F.);
#1759 = FACE_BOUND('',#1760,.F.);
#1760 = EDGE_LOOP('',(#1761,#1762,#1789,#1797));
#1761 = ORIENTED_EDGE('',*,*,#1740,.T.);
#1762 = ORIENTED_EDGE('',*,*,#1763,.T.);
#1763 = EDGE_CURVE('',#1734,#1764,#1766,.T.);
#1764 = VERTEX_POINT('',#1765);
#1765 = CARTESIAN_POINT('',(9.232839742194,36.345627939203,5.));
#1766 = B_SPLINE_CURVE_WITH_KNOTS('',3,(#1767,#1768,#1769,#1770,#1771,
    #1772,#1773,#1774,#1775,#1776,#1777,#1778,#1779,#1780,#1781,#1782,
    #1783,#1784,#1785,#1786,#1787,#1788),.UNSPECIFIED.,.F.,.F.,(4,1,1,1,
    1,1,1,1,1,1,1,1,1,1,1,1,1,1,1,4),(0.,1.366713726009E-02,
    5.466812833143E-02,0.123003057355,0.218671936353,0.341674769329,
    0.492011558107,0.669682303667,0.874687006597,1.107025667278,
    1.36669828597,1.65370486286,1.968045398084,2.309719891748,
    2.678728343933,3.075070754704,3.498747124111,3.949757452199,
    4.428101739001,4.933779984548),.UNSPECIFIED.);
#1767 = CARTESIAN_POINT('',(9.574917142267,31.464633847053,5.));
#1768 = CARTESIAN_POINT('',(9.576193191078,31.469007607686,5.));
#1769 = CARTESIAN_POINT('',(9.581160274604,31.486540340086,5.));
#1770 = CARTESIAN_POINT('',(9.591156646683,31.526312859102,5.));
#1771 = CARTESIAN_POINT('',(9.606147072685,31.592989543976,5.));
#1772 = CARTESIAN_POINT('',(9.624435530132,31.686909090318,5.));
#1773 = CARTESIAN_POINT('',(9.644538463274,31.808274149648,5.));
#1774 = CARTESIAN_POINT('',(9.664854316149,31.957253101683,5.));
#1775 = CARTESIAN_POINT('',(9.683817037785,32.133933412633,5.));
#1776 = CARTESIAN_POINT('',(9.699840092402,32.338339359911,5.));
#1777 = CARTESIAN_POINT('',(9.711340590116,32.570425271921,5.));
#1778 = CARTESIAN_POINT('',(9.716734554711,32.830077718564,5.));
#1779 = CARTESIAN_POINT('',(9.714442031687,33.1171147777,5.));
#1780 = CARTESIAN_POINT('',(9.702888925692,33.43128639905,5.));
#1781 = CARTESIAN_POINT('',(9.680509864775,33.772274545968,5.));
#1782 = CARTESIAN_POINT('',(9.64575078818,34.139693514021,5.));
#1783 = CARTESIAN_POINT('',(9.59707134685,34.533090396575,5.));
#1784 = CARTESIAN_POINT('',(9.532948412142,34.95194530327,5.));
#1785 = CARTESIAN_POINT('',(9.451874810447,35.395673115042,5.));
#1786 = CARTESIAN_POINT('',(9.352377570169,35.863619403103,5.));
#1787 = CARTESIAN_POINT('',(9.27491525132,36.182405053174,5.));
#1788 = CARTESIAN_POINT('',(9.232839742194,36.345627939203,5.));
#1789 = ORIENTED_EDGE('',*,*,#1790,.F.);
#1790 = EDGE_CURVE('',#1791,#1764,#1793,.T.);
#1791 = VERTEX_POINT('',#1792);
#1792 = CARTESIAN_POINT('',(9.232839742194,36.345627939203,0.));
#1793 = LINE('',#1794,#1795);
#1794 = CARTESIAN_POINT('',(9.232839742194,36.345627939203,0.));
#1795 = VECTOR('',#1796,1.);
#1796 = DIRECTION('',(0.,0.,1.));
#1797 = ORIENTED_EDGE('',*,*,#1798,.F.);
#1798 = EDGE_CURVE('',#1741,#1791,#1799,.T.);
#1799 = B_SPLINE_CURVE_WITH_KNOTS('',3,(#1800,#1801,#1802,#1803,#1804,
    #1805,#1806,#1807,#1808,#1809,#1810,#1811,#1812,#1813,#1814,#1815,
    #1816,#1817,#1818,#1819,#1820,#1821),.UNSPECIFIED.,.F.,.F.,(4,1,1,1,
    1,1,1,1,1,1,1,1,1,1,1,1,1,1,1,4),(0.,1.366713726009E-02,
    5.466812833143E-02,0.123003057355,0.218671936353,0.341674769329,
    0.492011558107,0.669682303667,0.874687006597,1.107025667278,
    1.36669828597,1.65370486286,1.968045398084,2.309719891748,
    2.678728343933,3.075070754704,3.498747124111,3.949757452199,
    4.428101739001,4.933779984548),.UNSPECIFIED.);
#1800 = CARTESIAN_POINT('',(9.574917142267,31.464633847053,0.));
#1801 = CARTESIAN_POINT('',(9.576193191078,31.469007607686,0.));
#1802 = CARTESIAN_POINT('',(9.581160274604,31.486540340086,0.));
#1803 = CARTESIAN_POINT('',(9.591156646683,31.526312859102,0.));
#1804 = CARTESIAN_POINT('',(9.606147072685,31.592989543976,0.));
#1805 = CARTESIAN_POINT('',(9.624435530132,31.686909090318,0.));
#1806 = CARTESIAN_POINT('',(9.644538463274,31.808274149648,0.));
#1807 = CARTESIAN_POINT('',(9.664854316149,31.957253101683,0.));
#1808 = CARTESIAN_POINT('',(9.683817037785,32.133933412633,0.));
#1809 = CARTESIAN_POINT('',(9.699840092402,32.338339359911,0.));
#1810 = CARTESIAN_POINT('',(9.711340590116,32.570425271921,0.));
#1811 = CARTESIAN_POINT('',(9.716734554711,32.830077718564,0.));
#1812 = CARTESIAN_POINT('',(9.714442031687,33.1171147777,0.));
#1813 = CARTESIAN_POINT('',(9.702888925692,33.43128639905,0.));
#1814 = CARTESIAN_POINT('',(9.680509864775,33.772274545968,0.));
#1815 = CARTESIAN_POINT('',(9.64575078818,34.139693514021,0.));
#1816 = CARTESIAN_POINT('',(9.59707134685,34.533090396575,0.));
#1817 = CARTESIAN_POINT('',(9.532948412142,34.95194530327,0.));
#1818 = CARTESIAN_POINT('',(9.451874810447,35.395673115042,0.));
#1819 = CARTESIAN_POINT('',(9.352377570169,35.863619403103,0.));
#1820 = CARTESIAN_POINT('',(9.27491525132,36.182405053174,0.));
#1821 = CARTESIAN_POINT('',(9.232839742194,36.345627939203,0.));
#1822 = SURFACE_OF_LINEAR_EXTRUSION('',#1823,#1846);
#1823 = B_SPLINE_CURVE_WITH_KNOTS('',3,(#1824,#1825,#1826,#1827,#1828,
    #1829,#1830,#1831,#1832,#1833,#1834,#1835,#1836,#1837,#1838,#1839,
    #1840,#1841,#1842,#1843,#1844,#1845),.UNSPECIFIED.,.F.,.F.,(4,1,1,1,
    1,1,1,1,1,1,1,1,1,1,1,1,1,1,1,4),(0.,1.366713726009E-02,
    5.466812833143E-02,0.123003057355,0.218671936353,0.341674769329,
    0.492011558107,0.669682303667,0.874687006597,1.107025667278,
    1.36669828597,1.65370486286,1.968045398084,2.309719891748,
    2.678728343933,3.075070754704,3.498747124111,3.949757452199,
    4.428101739001,4.933779984548),.UNSPECIFIED.);
#1824 = CARTESIAN_POINT('',(9.574917142267,31.464633847053,0.));
#1825 = CARTESIAN_POINT('',(9.576193191078,31.469007607686,0.));
#1826 = CARTESIAN_POINT('',(9.581160274604,31.486540340086,0.));
#1827 = CARTESIAN_POINT('',(9.591156646683,31.526312859102,0.));
#1828 = CARTESIAN_POINT('',(9.606147072685,31.592989543976,0.));
#1829 = CARTESIAN_POINT('',(9.624435530132,31.686909090318,0.));
#1830 = CARTESIAN_POINT('',(9.644538463274,31.808274149648,0.));
#1831 = CARTESIAN_POINT('',(9.664854316149,31.957253101683,0.));
#1832 = CARTESIAN_POINT('',(9.683817037785,32.133933412633,0.));
#1833 = CARTESIAN_POINT('',(9.699840092402,32.338339359911,0.));
#1834 = CARTESIAN_POINT('',(9.711340590116,32.570425271921,0.));
#1835 = CARTESIAN_POINT('',(9.716734554711,32.830077718564,0.));
#1836 = CARTESIAN_POINT('',(9.714442031687,33.1171147777,0.));
#1837 = CARTESIAN_POINT('',(9.702888925692,33.43128639905,0.));
#1838 = CARTESIAN_POINT('',(9.680509864775,33.772274545968,0.));
#1839 = CARTESIAN_POINT('',(9.64575078818,34.139693514021,0.));
#1840 = CARTESIAN_POINT('',(9.59707134685,34.533090396575,0.));
#1841 = CARTESIAN_POINT('',(9.532948412142,34.95194530327,0.));
#1842 = CARTESIAN_POINT('',(9.451874810447,35.395673115042,0.));
#1843 = CARTESIAN_POINT('',(9.352377570169,35.863619403103,0.));
#1844 = CARTESIAN_POINT('',(9.27491525132,36.182405053174,0.));
#1845 = CARTESIAN_POINT('',(9.232839742194,36.345627939203,0.));
#1846 = VECTOR('',#1847,1.);
#1847 = DIRECTION('',(-0.,-0.,-1.));
#1848 = ADVANCED_FACE('',(#1849),#1872,.F.);
#1849 = FACE_BOUND('',#1850,.F.);
#1850 = EDGE_LOOP('',(#1851,#1852,#1859,#1867));
#1851 = ORIENTED_EDGE('',*,*,#1790,.T.);
#1852 = ORIENTED_EDGE('',*,*,#1853,.T.);
#1853 = EDGE_CURVE('',#1764,#1854,#1856,.T.);
#1854 = VERTEX_POINT('',#1855);
#1855 = CARTESIAN_POINT('',(7.451275780788,36.752258287602,5.));
#1856 = B_SPLINE_CURVE_WITH_KNOTS('',1,(#1857,#1858),.UNSPECIFIED.,.F.,
  .F.,(2,2),(0.,1.827380198213),.PIECEWISE_BEZIER_KNOTS.);
#1857 = CARTESIAN_POINT('',(9.232839742194,36.345627939203,5.));
#1858 = CARTESIAN_POINT('',(7.451275780788,36.752258287602,5.));
#1859 = ORIENTED_EDGE('',*,*,#1860,.F.);
#1860 = EDGE_CURVE('',#1861,#1854,#1863,.T.);
#1861 = VERTEX_POINT('',#1862);
#1862 = CARTESIAN_POINT('',(7.451275780788,36.752258287602,0.));
#1863 = LINE('',#1864,#1865);
#1864 = CARTESIAN_POINT('',(7.451275780788,36.752258287602,0.));
#1865 = VECTOR('',#1866,1.);
#1866 = DIRECTION('',(0.,0.,1.));
#1867 = ORIENTED_EDGE('',*,*,#1868,.F.);
#1868 = EDGE_CURVE('',#1791,#1861,#1869,.T.);
#1869 = B_SPLINE_CURVE_WITH_KNOTS('',1,(#1870,#1871),.UNSPECIFIED.,.F.,
  .F.,(2,2),(0.,1.827380198213),.PIECEWISE_BEZIER_KNOTS.);
#1870 = CARTESIAN_POINT('',(9.232839742194,36.345627939203,0.));
#1871 = CARTESIAN_POINT('',(7.451275780788,36.752258287602,0.));
#1872 = SURFACE_OF_LINEAR_EXTRUSION('',#1873,#1876);
#1873 = B_SPLINE_CURVE_WITH_KNOTS('',1,(#1874,#1875),.UNSPECIFIED.,.F.,
  .F.,(2,2),(0.,1.827380198213),.PIECEWISE_BEZIER_KNOTS.);
#1874 = CARTESIAN_POINT('',(9.232839742194,36.345627939203,0.));
#1875 = CARTESIAN_POINT('',(7.451275780788,36.752258287602,0.));
#1876 = VECTOR('',#1877,1.);
#1877 = DIRECTION('',(-0.,-0.,-1.));
#1878 = ADVANCED_FACE('',(#1879),#1942,.F.);
#1879 = FACE_BOUND('',#1880,.F.);
#1880 = EDGE_LOOP('',(#1881,#1882,#1909,#1917));
#1881 = ORIENTED_EDGE('',*,*,#1860,.T.);
#1882 = ORIENTED_EDGE('',*,*,#1883,.T.);
#1883 = EDGE_CURVE('',#1854,#1884,#1886,.T.);
#1884 = VERTEX_POINT('',#1885);
#1885 = CARTESIAN_POINT('',(5.025290725597,32.503056387571,5.));
#1886 = B_SPLINE_CURVE_WITH_KNOTS('',3,(#1887,#1888,#1889,#1890,#1891,
    #1892,#1893,#1894,#1895,#1896,#1897,#1898,#1899,#1900,#1901,#1902,
    #1903,#1904,#1905,#1906,#1907,#1908),.UNSPECIFIED.,.F.,.F.,(4,1,1,1,
    1,1,1,1,1,1,1,1,1,1,1,1,1,1,1,4),(0.,0.505678245547,0.98402253235,
    1.435032860437,1.858709229845,2.255051640615,2.6240600928,
    2.965734586464,3.280075121689,3.567081698578,3.82675431727,
    4.059092977951,4.264097680881,4.441768426441,4.592105215219,
    4.715108048196,4.810776927193,4.879111856217,4.920112847288,
    4.933779984548),.UNSPECIFIED.);
#1887 = CARTESIAN_POINT('',(7.451275780788,36.752258287602,5.));
#1888 = CARTESIAN_POINT('',(7.342547300864,36.623455427986,5.));
#1889 = CARTESIAN_POINT('',(7.134440253317,36.369849122281,5.));
#1890 = CARTESIAN_POINT('',(6.841762052213,35.991414319532,5.));
#1891 = CARTESIAN_POINT('',(6.576190978956,35.62680589275,5.));
#1892 = CARTESIAN_POINT('',(6.336683878001,35.277252560323,5.));
#1893 = CARTESIAN_POINT('',(6.122136706496,34.943935434435,5.));
#1894 = CARTESIAN_POINT('',(5.931402744925,34.627983780864,5.));
#1895 = CARTESIAN_POINT('',(5.763290695566,34.330473986795,5.));
#1896 = CARTESIAN_POINT('',(5.616567748941,34.052427841608,5.));
#1897 = CARTESIAN_POINT('',(5.489961544584,33.794811075854,5.));
#1898 = CARTESIAN_POINT('',(5.382162364339,33.558531951427,5.));
#1899 = CARTESIAN_POINT('',(5.291825651445,33.344439891077,5.));
#1900 = CARTESIAN_POINT('',(5.21757350812,33.153324353316,5.));
#1901 = CARTESIAN_POINT('',(5.157999616022,32.985913277012,5.));
#1902 = CARTESIAN_POINT('',(5.111664022229,32.842873161047,5.));
#1903 = CARTESIAN_POINT('',(5.077117813402,32.72480468514,5.));
#1904 = CARTESIAN_POINT('',(5.052844980261,32.632251033499,5.));
#1905 = CARTESIAN_POINT('',(5.03742095806,32.565673314128,5.));
#1906 = CARTESIAN_POINT('',(5.029170728831,32.525502249401,5.));
#1907 = CARTESIAN_POINT('',(5.026038748961,32.507550666566,5.));
#1908 = CARTESIAN_POINT('',(5.025290725597,32.503056387571,5.));
#1909 = ORIENTED_EDGE('',*,*,#1910,.F.);
#1910 = EDGE_CURVE('',#1911,#1884,#1913,.T.);
#1911 = VERTEX_POINT('',#1912);
#1912 = CARTESIAN_POINT('',(5.025290725597,32.503056387571,0.));
#1913 = LINE('',#1914,#1915);
#1914 = CARTESIAN_POINT('',(5.025290725597,32.503056387571,0.));
#1915 = VECTOR('',#1916,1.);
#1916 = DIRECTION('',(0.,0.,1.));
#1917 = ORIENTED_EDGE('',*,*,#1918,.F.);
#1918 = EDGE_CURVE('',#1861,#1911,#1919,.T.);
#1919 = B_SPLINE_CURVE_WITH_KNOTS('',3,(#1920,#1921,#1922,#1923,#1924,
    #1925,#1926,#1927,#1928,#1929,#1930,#1931,#1932,#1933,#1934,#1935,
    #1936,#1937,#1938,#1939,#1940,#1941),.UNSPECIFIED.,.F.,.F.,(4,1,1,1,
    1,1,1,1,1,1,1,1,1,1,1,1,1,1,1,4),(0.,0.505678245547,0.98402253235,
    1.435032860437,1.858709229845,2.255051640615,2.6240600928,
    2.965734586464,3.280075121689,3.567081698578,3.82675431727,
    4.059092977951,4.264097680881,4.441768426441,4.592105215219,
    4.715108048196,4.810776927193,4.879111856217,4.920112847288,
    4.933779984548),.UNSPECIFIED.);
#1920 = CARTESIAN_POINT('',(7.451275780788,36.752258287602,0.));
#1921 = CARTESIAN_POINT('',(7.342547300864,36.623455427986,0.));
#1922 = CARTESIAN_POINT('',(7.134440253317,36.369849122281,0.));
#1923 = CARTESIAN_POINT('',(6.841762052213,35.991414319532,0.));
#1924 = CARTESIAN_POINT('',(6.576190978956,35.62680589275,0.));
#1925 = CARTESIAN_POINT('',(6.336683878001,35.277252560323,0.));
#1926 = CARTESIAN_POINT('',(6.122136706496,34.943935434435,0.));
#1927 = CARTESIAN_POINT('',(5.931402744925,34.627983780864,0.));
#1928 = CARTESIAN_POINT('',(5.763290695566,34.330473986795,0.));
#1929 = CARTESIAN_POINT('',(5.616567748941,34.052427841608,0.));
#1930 = CARTESIAN_POINT('',(5.489961544584,33.794811075854,0.));
#1931 = CARTESIAN_POINT('',(5.382162364339,33.558531951427,0.));
#1932 = CARTESIAN_POINT('',(5.291825651445,33.344439891077,0.));
#1933 = CARTESIAN_POINT('',(5.21757350812,33.153324353316,0.));
#1934 = CARTESIAN_POINT('',(5.157999616022,32.985913277012,0.));
#1935 = CARTESIAN_POINT('',(5.111664022229,32.842873161047,0.));
#1936 = CARTESIAN_POINT('',(5.077117813402,32.72480468514,0.));
#1937 = CARTESIAN_POINT('',(5.052844980261,32.632251033499,0.));
#1938 = CARTESIAN_POINT('',(5.03742095806,32.565673314128,0.));
#1939 = CARTESIAN_POINT('',(5.029170728831,32.525502249401,0.));
#1940 = CARTESIAN_POINT('',(5.026038748961,32.507550666566,0.));
#1941 = CARTESIAN_POINT('',(5.025290725597,32.503056387571,0.));
#1942 = SURFACE_OF_LINEAR_EXTRUSION('',#1943,#1966);
#1943 = B_SPLINE_CURVE_WITH_KNOTS('',3,(#1944,#1945,#1946,#1947,#1948,
    #1949,#1950,#1951,#1952,#1953,#1954,#1955,#1956,#1957,#1958,#1959,
    #1960,#1961,#1962,#1963,#1964,#1965),.UNSPECIFIED.,.F.,.F.,(4,1,1,1,
    1,1,1,1,1,1,1,1,1,1,1,1,1,1,1,4),(0.,0.505678245547,0.98402253235,
    1.435032860437,1.858709229845,2.255051640615,2.6240600928,
    2.965734586464,3.280075121689,3.567081698578,3.82675431727,
    4.059092977951,4.264097680881,4.441768426441,4.592105215219,
    4.715108048196,4.810776927193,4.879111856217,4.920112847288,
    4.933779984548),.UNSPECIFIED.);
#1944 = CARTESIAN_POINT('',(7.451275780788,36.752258287602,0.));
#1945 = CARTESIAN_POINT('',(7.342547300864,36.623455427986,0.));
#1946 = CARTESIAN_POINT('',(7.134440253317,36.369849122281,0.));
#1947 = CARTESIAN_POINT('',(6.841762052213,35.991414319532,0.));
#1948 = CARTESIAN_POINT('',(6.576190978956,35.62680589275,0.));
#1949 = CARTESIAN_POINT('',(6.336683878001,35.277252560323,0.));
#1950 = CARTESIAN_POINT('',(6.122136706496,34.943935434435,0.));
#1951 = CARTESIAN_POINT('',(5.931402744925,34.627983780864,0.));
#1952 = CARTESIAN_POINT('',(5.763290695566,34.330473986795,0.));
#1953 = CARTESIAN_POINT('',(5.616567748941,34.052427841608,0.));
#1954 = CARTESIAN_POINT('',(5.489961544584,33.794811075854,0.));
#1955 = CARTESIAN_POINT('',(5.382162364339,33.558531951427,0.));
#1956 = CARTESIAN_POINT('',(5.291825651445,33.344439891077,0.));
#1957 = CARTESIAN_POINT('',(5.21757350812,33.153324353316,0.));
#1958 = CARTESIAN_POINT('',(5.157999616022,32.985913277012,0.));
#1959 = CARTESIAN_POINT('',(5.111664022229,32.842873161047,0.));
#1960 = CARTESIAN_POINT('',(5.077117813402,32.72480468514,0.));
#1961 = CARTESIAN_POINT('',(5.052844980261,32.632251033499,0.));
#1962 = CARTESIAN_POINT('',(5.03742095806,32.565673314128,0.));
#1963 = CARTESIAN_POINT('',(5.029170728831,32.525502249401,0.));
#1964 = CARTESIAN_POINT('',(5.026038748961,32.507550666566,0.));
#1965 = CARTESIAN_POINT('',(5.025290725597,32.503056387571,0.));
#1966 = VECTOR('',#1967,1.);
#1967 = DIRECTION('',(-0.,-0.,-1.));
#1968 = ADVANCED_FACE('',(#1969),#1992,.F.);
#1969 = FACE_BOUND('',#1970,.F.);
#1970 = EDGE_LOOP('',(#1971,#1972,#1979,#1987));
#1971 = ORIENTED_EDGE('',*,*,#1910,.T.);
#1972 = ORIENTED_EDGE('',*,*,#1973,.T.);
#1973 = EDGE_CURVE('',#1884,#1974,#1976,.T.);
#1974 = VERTEX_POINT('',#1975);
#1975 = CARTESIAN_POINT('',(4.870320307337,31.500723882221,5.));
#1976 = B_SPLINE_CURVE_WITH_KNOTS('',1,(#1977,#1978),.UNSPECIFIED.,.F.,
  .F.,(2,2),(0.,1.014241727507),.PIECEWISE_BEZIER_KNOTS.);
#1977 = CARTESIAN_POINT('',(5.025290725597,32.503056387571,5.));
#1978 = CARTESIAN_POINT('',(4.870320307337,31.500723882221,5.));
#1979 = ORIENTED_EDGE('',*,*,#1980,.F.);
#1980 = EDGE_CURVE('',#1981,#1974,#1983,.T.);
#1981 = VERTEX_POINT('',#1982);
#1982 = CARTESIAN_POINT('',(4.870320307337,31.500723882221,0.));
#1983 = LINE('',#1984,#1985);
#1984 = CARTESIAN_POINT('',(4.870320307337,31.500723882221,0.));
#1985 = VECTOR('',#1986,1.);
#1986 = DIRECTION('',(0.,0.,1.));
#1987 = ORIENTED_EDGE('',*,*,#1988,.F.);
#1988 = EDGE_CURVE('',#1911,#1981,#1989,.T.);
#1989 = B_SPLINE_CURVE_WITH_KNOTS('',1,(#1990,#1991),.UNSPECIFIED.,.F.,
  .F.,(2,2),(0.,1.014241727507),.PIECEWISE_BEZIER_KNOTS.);
#1990 = CARTESIAN_POINT('',(5.025290725597,32.503056387571,0.));
#1991 = CARTESIAN_POINT('',(4.870320307337,31.500723882221,0.));
#1992 = SURFACE_OF_LINEAR_EXTRUSION('',#1993,#1996);
#1993 = B_SPLINE_CURVE_WITH_KNOTS('',1,(#1994,#1995),.UNSPECIFIED.,.F.,
  .F.,(2,2),(0.,1.014241727507),.PIECEWISE_BEZIER_KNOTS.);
#1994 = CARTESIAN_POINT('',(5.025290725597,32.503056387571,0.));
#1995 = CARTESIAN_POINT('',(4.870320307337,31.500723882221,0.));
#1996 = VECTOR('',#1997,1.);
#1997 = DIRECTION('',(-0.,-0.,-1.));
#1998 = ADVANCED_FACE('',(#1999),#2022,.F.);
#1999 = FACE_BOUND('',#2000,.F.);
#2000 = EDGE_LOOP('',(#2001,#2002,#2009,#2017));
#2001 = ORIENTED_EDGE('',*,*,#1980,.T.);
#2002 = ORIENTED_EDGE('',*,*,#2003,.T.);
#2003 = EDGE_CURVE('',#1974,#2004,#2006,.T.);
#2004 = VERTEX_POINT('',#2005);
#2005 = CARTESIAN_POINT('',(2.261359289683,31.794683190165,5.));
#2006 = B_SPLINE_CURVE_WITH_KNOTS('',1,(#2007,#2008),.UNSPECIFIED.,.F.,
  .F.,(2,2),(0.,2.625469418288),.PIECEWISE_BEZIER_KNOTS.);
#2007 = CARTESIAN_POINT('',(4.870320307337,31.500723882221,5.));
#2008 = CARTESIAN_POINT('',(2.261359289683,31.794683190165,5.));
#2009 = ORIENTED_EDGE('',*,*,#2010,.F.);
#2010 = EDGE_CURVE('',#2011,#2004,#2013,.T.);
#2011 = VERTEX_POINT('',#2012);
#2012 = CARTESIAN_POINT('',(2.261359289683,31.794683190165,0.));
#2013 = LINE('',#2014,#2015);
#2014 = CARTESIAN_POINT('',(2.261359289683,31.794683190165,0.));
#2015 = VECTOR('',#2016,1.);
#2016 = DIRECTION('',(0.,0.,1.));
#2017 = ORIENTED_EDGE('',*,*,#2018,.F.);
#2018 = EDGE_CURVE('',#1981,#2011,#2019,.T.);
#2019 = B_SPLINE_CURVE_WITH_KNOTS('',1,(#2020,#2021),.UNSPECIFIED.,.F.,
  .F.,(2,2),(0.,2.625469418288),.PIECEWISE_BEZIER_KNOTS.);
#2020 = CARTESIAN_POINT('',(4.870320307337,31.500723882221,0.));
#2021 = CARTESIAN_POINT('',(2.261359289683,31.794683190165,0.));
#2022 = SURFACE_OF_LINEAR_EXTRUSION('',#2023,#2026);
#2023 = B_SPLINE_CURVE_WITH_KNOTS('',1,(#2024,#2025),.UNSPECIFIED.,.F.,
  .F.,(2,2),(0.,2.625469418288),.PIECEWISE_BEZIER_KNOTS.);
#2024 = CARTESIAN_POINT('',(4.870320307337,31.500723882221,0.));
#2025 = CARTESIAN_POINT('',(2.261359289683,31.794683190165,0.));
#2026 = VECTOR('',#2027,1.);
#2027 = DIRECTION('',(-0.,-0.,-1.));
#2028 = ADVANCED_FACE('',(#2029),#2052,.F.);
#2029 = FACE_BOUND('',#2030,.F.);
#2030 = EDGE_LOOP('',(#2031,#2032,#2039,#2047));
#2031 = ORIENTED_EDGE('',*,*,#2010,.T.);
#2032 = ORIENTED_EDGE('',*,*,#2033,.T.);
#2033 = EDGE_CURVE('',#2004,#2034,#2036,.T.);
#2034 = VERTEX_POINT('',#2035);
#2035 = CARTESIAN_POINT('',(2.333314268584,32.806369289124,5.));
#2036 = B_SPLINE_CURVE_WITH_KNOTS('',1,(#2037,#2038),.UNSPECIFIED.,.F.,
  .F.,(2,2),(0.,1.014241727507),.PIECEWISE_BEZIER_KNOTS.);
#2037 = CARTESIAN_POINT('',(2.261359289683,31.794683190165,5.));
#2038 = CARTESIAN_POINT('',(2.333314268584,32.806369289124,5.));
#2039 = ORIENTED_EDGE('',*,*,#2040,.F.);
#2040 = EDGE_CURVE('',#2041,#2034,#2043,.T.);
#2041 = VERTEX_POINT('',#2042);
#2042 = CARTESIAN_POINT('',(2.333314268584,32.806369289124,0.));
#2043 = LINE('',#2044,#2045);
#2044 = CARTESIAN_POINT('',(2.333314268584,32.806369289124,0.));
#2045 = VECTOR('',#2046,1.);
#2046 = DIRECTION('',(0.,0.,1.));
#2047 = ORIENTED_EDGE('',*,*,#2048,.F.);
#2048 = EDGE_CURVE('',#2011,#2041,#2049,.T.);
#2049 = B_SPLINE_CURVE_WITH_KNOTS('',1,(#2050,#2051),.UNSPECIFIED.,.F.,
  .F.,(2,2),(0.,1.014241727507),.PIECEWISE_BEZIER_KNOTS.);
#2050 = CARTESIAN_POINT('',(2.261359289683,31.794683190165,0.));
#2051 = CARTESIAN_POINT('',(2.333314268584,32.806369289124,0.));
#2052 = SURFACE_OF_LINEAR_EXTRUSION('',#2053,#2056);
#2053 = B_SPLINE_CURVE_WITH_KNOTS('',1,(#2054,#2055),.UNSPECIFIED.,.F.,
  .F.,(2,2),(0.,1.014241727507),.PIECEWISE_BEZIER_KNOTS.);
#2054 = CARTESIAN_POINT('',(2.261359289683,31.794683190165,0.));
#2055 = CARTESIAN_POINT('',(2.333314268584,32.806369289124,0.));
#2056 = VECTOR('',#2057,1.);
#2057 = DIRECTION('',(-0.,-0.,-1.));
#2058 = ADVANCED_FACE('',(#2059),#2122,.F.);
#2059 = FACE_BOUND('',#2060,.F.);
#2060 = EDGE_LOOP('',(#2061,#2062,#2089,#2097));
#2061 = ORIENTED_EDGE('',*,*,#2040,.T.);
#2062 = ORIENTED_EDGE('',*,*,#2063,.T.);
#2063 = EDGE_CURVE('',#2034,#2064,#2066,.T.);
#2064 = VERTEX_POINT('',#2065);
#2065 = CARTESIAN_POINT('',(0.913690099106,37.488867286206,5.));
#2066 = B_SPLINE_CURVE_WITH_KNOTS('',3,(#2067,#2068,#2069,#2070,#2071,
    #2072,#2073,#2074,#2075,#2076,#2077,#2078,#2079,#2080,#2081,#2082,
    #2083,#2084,#2085,#2086,#2087,#2088),.UNSPECIFIED.,.F.,.F.,(4,1,1,1,
    1,1,1,1,1,1,1,1,1,1,1,1,1,1,1,4),(0.,1.366713726009E-02,
    5.466812833143E-02,0.123003057355,0.218671936353,0.341674769329,
    0.492011558107,0.669682303667,0.874687006597,1.107025667278,
    1.36669828597,1.65370486286,1.968045398084,2.309719891748,
    2.678728343933,3.075070754704,3.498747124111,3.949757452199,
    4.428101739001,4.933779984548),.UNSPECIFIED.);
#2067 = CARTESIAN_POINT('',(2.333314268584,32.806369289124,5.));
#2068 = CARTESIAN_POINT('',(2.333585070887,32.81091733802,5.));
#2069 = CARTESIAN_POINT('',(2.33452621927,32.829115768279,5.));
#2070 = CARTESIAN_POINT('',(2.335421743354,32.870115509257,5.));
#2071 = CARTESIAN_POINT('',(2.335199369887,32.938456154026,5.));
#2072 = CARTESIAN_POINT('',(2.332130232354,33.034090505886,5.));
#2073 = CARTESIAN_POINT('',(2.324722876639,33.156886013249,5.));
#2074 = CARTESIAN_POINT('',(2.31137843312,33.306650454471,5.));
#2075 = CARTESIAN_POINT('',(2.29055065193,33.483120623678,5.));
#2076 = CARTESIAN_POINT('',(2.260687372819,33.685967152174,5.));
#2077 = CARTESIAN_POINT('',(2.220255555146,33.914793287309,5.));
#2078 = CARTESIAN_POINT('',(2.167736176856,34.169135975047,5.));
#2079 = CARTESIAN_POINT('',(2.101629377692,34.448466281465,5.));
#2080 = CARTESIAN_POINT('',(2.02045616958,34.752190156397,5.));
#2081 = CARTESIAN_POINT('',(1.922761197523,35.079649209015,5.));
#2082 = CARTESIAN_POINT('',(1.807115191624,35.430121594248,5.));
#2083 = CARTESIAN_POINT('',(1.672117203801,35.802823000865,5.));
#2084 = CARTESIAN_POINT('',(1.516397979912,36.196907645238,5.));
#2085 = CARTESIAN_POINT('',(1.338618335582,36.611469700778,5.));
#2086 = CARTESIAN_POINT('',(1.137487853788,37.045543379577,5.));
#2087 = CARTESIAN_POINT('',(0.991031196415,37.339099420298,5.));
#2088 = CARTESIAN_POINT('',(0.913690099106,37.488867286206,5.));
#2089 = ORIENTED_EDGE('',*,*,#2090,.F.);
#2090 = EDGE_CURVE('',#2091,#2064,#2093,.T.);
#2091 = VERTEX_POINT('',#2092);
#2092 = CARTESIAN_POINT('',(0.913690099106,37.488867286206,0.));
#2093 = LINE('',#2094,#2095);
#2094 = CARTESIAN_POINT('',(0.913690099106,37.488867286206,0.));
#2095 = VECTOR('',#2096,1.);
#2096 = DIRECTION('',(0.,0.,1.));
#2097 = ORIENTED_EDGE('',*,*,#2098,.F.);
#2098 = EDGE_CURVE('',#2041,#2091,#2099,.T.);
#2099 = B_SPLINE_CURVE_WITH_KNOTS('',3,(#2100,#2101,#2102,#2103,#2104,
    #2105,#2106,#2107,#2108,#2109,#2110,#2111,#2112,#2113,#2114,#2115,
    #2116,#2117,#2118,#2119,#2120,#2121),.UNSPECIFIED.,.F.,.F.,(4,1,1,1,
    1,1,1,1,1,1,1,1,1,1,1,1,1,1,1,4),(0.,1.366713726009E-02,
    5.466812833143E-02,0.123003057355,0.218671936353,0.341674769329,
    0.492011558107,0.669682303667,0.874687006597,1.107025667278,
    1.36669828597,1.65370486286,1.968045398084,2.309719891748,
    2.678728343933,3.075070754704,3.498747124111,3.949757452199,
    4.428101739001,4.933779984548),.UNSPECIFIED.);
#2100 = CARTESIAN_POINT('',(2.333314268584,32.806369289124,0.));
#2101 = CARTESIAN_POINT('',(2.333585070887,32.81091733802,0.));
#2102 = CARTESIAN_POINT('',(2.33452621927,32.829115768279,0.));
#2103 = CARTESIAN_POINT('',(2.335421743354,32.870115509257,0.));
#2104 = CARTESIAN_POINT('',(2.335199369887,32.938456154026,0.));
#2105 = CARTESIAN_POINT('',(2.332130232354,33.034090505886,0.));
#2106 = CARTESIAN_POINT('',(2.324722876639,33.156886013249,0.));
#2107 = CARTESIAN_POINT('',(2.31137843312,33.306650454471,0.));
#2108 = CARTESIAN_POINT('',(2.29055065193,33.483120623678,0.));
#2109 = CARTESIAN_POINT('',(2.260687372819,33.685967152174,0.));
#2110 = CARTESIAN_POINT('',(2.220255555146,33.914793287309,0.));
#2111 = CARTESIAN_POINT('',(2.167736176856,34.169135975047,0.));
#2112 = CARTESIAN_POINT('',(2.101629377692,34.448466281465,0.));
#2113 = CARTESIAN_POINT('',(2.02045616958,34.752190156397,0.));
#2114 = CARTESIAN_POINT('',(1.922761197523,35.079649209015,0.));
#2115 = CARTESIAN_POINT('',(1.807115191624,35.430121594248,0.));
#2116 = CARTESIAN_POINT('',(1.672117203801,35.802823000865,0.));
#2117 = CARTESIAN_POINT('',(1.516397979912,36.196907645238,0.));
#2118 = CARTESIAN_POINT('',(1.338618335582,36.611469700778,0.));
#2119 = CARTESIAN_POINT('',(1.137487853788,37.045543379577,0.));
#2120 = CARTESIAN_POINT('',(0.991031196415,37.339099420298,0.));
#2121 = CARTESIAN_POINT('',(0.913690099106,37.488867286206,0.));
#2122 = SURFACE_OF_LINEAR_EXTRUSION('',#2123,#2146);
#2123 = B_SPLINE_CURVE_WITH_KNOTS('',3,(#2124,#2125,#2126,#2127,#2128,
    #2129,#2130,#2131,#2132,#2133,#2134,#2135,#2136,#2137,#2138,#2139,
    #2140,#2141,#2142,#2143,#2144,#2145),.UNSPECIFIED.,.F.,.F.,(4,1,1,1,
    1,1,1,1,1,1,1,1,1,1,1,1,1,1,1,4),(0.,1.366713726009E-02,
    5.466812833143E-02,0.123003057355,0.218671936353,0.341674769329,
    0.492011558107,0.669682303667,0.874687006597,1.107025667278,
    1.36669828597,1.65370486286,1.968045398084,2.309719891748,
    2.678728343933,3.075070754704,3.498747124111,3.949757452199,
    4.428101739001,4.933779984548),.UNSPECIFIED.);
#2124 = CARTESIAN_POINT('',(2.333314268584,32.806369289124,0.));
#2125 = CARTESIAN_POINT('',(2.333585070887,32.81091733802,0.));
#2126 = CARTESIAN_POINT('',(2.33452621927,32.829115768279,0.));
#2127 = CARTESIAN_POINT('',(2.335421743354,32.870115509257,0.));
#2128 = CARTESIAN_POINT('',(2.335199369887,32.938456154026,0.));
#2129 = CARTESIAN_POINT('',(2.332130232354,33.034090505886,0.));
#2130 = CARTESIAN_POINT('',(2.324722876639,33.156886013249,0.));
#2131 = CARTESIAN_POINT('',(2.31137843312,33.306650454471,0.));
#2132 = CARTESIAN_POINT('',(2.29055065193,33.483120623678,0.));
#2133 = CARTESIAN_POINT('',(2.260687372819,33.685967152174,0.));
#2134 = CARTESIAN_POINT('',(2.220255555146,33.914793287309,0.));
#2135 = CARTESIAN_POINT('',(2.167736176856,34.169135975047,0.));
#2136 = CARTESIAN_POINT('',(2.101629377692,34.448466281465,0.));
#2137 = CARTESIAN_POINT('',(2.02045616958,34.752190156397,0.));
#2138 = CARTESIAN_POINT('',(1.922761197523,35.079649209015,0.));
#2139 = CARTESIAN_POINT('',(1.807115191624,35.430121594248,0.));
#2140 = CARTESIAN_POINT('',(1.672117203801,35.802823000865,0.));
#2141 = CARTESIAN_POINT('',(1.516397979912,36.196907645238,0.));
#2142 = CARTESIAN_POINT('',(1.338618335582,36.611469700778,0.));
#2143 = CARTESIAN_POINT('',(1.137487853788,37.045543379577,0.));
#2144 = CARTESIAN_POINT('',(0.991031196415,37.339099420298,0.));
#2145 = CARTESIAN_POINT('',(0.913690099106,37.488867286206,0.));
#2146 = VECTOR('',#2147,1.);
#2147 = DIRECTION('',(-0.,-0.,-1.));
#2148 = ADVANCED_FACE('',(#2149),#2172,.F.);
#2149 = FACE_BOUND('',#2150,.F.);
#2150 = EDGE_LOOP('',(#2151,#2152,#2159,#2167));
#2151 = ORIENTED_EDGE('',*,*,#2090,.T.);
#2152 = ORIENTED_EDGE('',*,*,#2153,.T.);
#2153 = EDGE_CURVE('',#2064,#2154,#2156,.T.);
#2154 = VERTEX_POINT('',#2155);
#2155 = CARTESIAN_POINT('',(-0.913690099106,37.488867286206,5.));
#2156 = B_SPLINE_CURVE_WITH_KNOTS('',1,(#2157,#2158),.UNSPECIFIED.,.F.,
  .F.,(2,2),(0.,1.827380198213),.PIECEWISE_BEZIER_KNOTS.);
#2157 = CARTESIAN_POINT('',(0.913690099106,37.488867286206,5.));
#2158 = CARTESIAN_POINT('',(-0.913690099106,37.488867286206,5.));
#2159 = ORIENTED_EDGE('',*,*,#2160,.F.);
#2160 = EDGE_CURVE('',#2161,#2154,#2163,.T.);
#2161 = VERTEX_POINT('',#2162);
#2162 = CARTESIAN_POINT('',(-0.913690099106,37.488867286206,0.));
#2163 = LINE('',#2164,#2165);
#2164 = CARTESIAN_POINT('',(-0.913690099106,37.488867286206,0.));
#2165 = VECTOR('',#2166,1.);
#2166 = DIRECTION('',(0.,0.,1.));
#2167 = ORIENTED_EDGE('',*,*,#2168,.F.);
#2168 = EDGE_CURVE('',#2091,#2161,#2169,.T.);
#2169 = B_SPLINE_CURVE_WITH_KNOTS('',1,(#2170,#2171),.UNSPECIFIED.,.F.,
  .F.,(2,2),(0.,1.827380198213),.PIECEWISE_BEZIER_KNOTS.);
#2170 = CARTESIAN_POINT('',(0.913690099106,37.488867286206,0.));
#2171 = CARTESIAN_POINT('',(-0.913690099106,37.488867286206,0.));
#2172 = SURFACE_OF_LINEAR_EXTRUSION('',#2173,#2176);
#2173 = B_SPLINE_CURVE_WITH_KNOTS('',1,(#2174,#2175),.UNSPECIFIED.,.F.,
  .F.,(2,2),(0.,1.827380198213),.PIECEWISE_BEZIER_KNOTS.);
#2174 = CARTESIAN_POINT('',(0.913690099106,37.488867286206,0.));
#2175 = CARTESIAN_POINT('',(-0.913690099106,37.488867286206,0.));
#2176 = VECTOR('',#2177,1.);
#2177 = DIRECTION('',(-0.,-0.,-1.));
#2178 = ADVANCED_FACE('',(#2179),#2242,.F.);
#2179 = FACE_BOUND('',#2180,.F.);
#2180 = EDGE_LOOP('',(#2181,#2182,#2209,#2217));
#2181 = ORIENTED_EDGE('',*,*,#2160,.T.);
#2182 = ORIENTED_EDGE('',*,*,#2183,.T.);
#2183 = EDGE_CURVE('',#2154,#2184,#2186,.T.);
#2184 = VERTEX_POINT('',#2185);
#2185 = CARTESIAN_POINT('',(-2.333314268584,32.806369289124,5.));
#2186 = B_SPLINE_CURVE_WITH_KNOTS('',3,(#2187,#2188,#2189,#2190,#2191,
    #2192,#2193,#2194,#2195,#2196,#2197,#2198,#2199,#2200,#2201,#2202,
    #2203,#2204,#2205,#2206,#2207,#2208),.UNSPECIFIED.,.F.,.F.,(4,1,1,1,
    1,1,1,1,1,1,1,1,1,1,1,1,1,1,1,4),(0.,0.505678245547,0.98402253235,
    1.435032860437,1.858709229845,2.255051640615,2.6240600928,
    2.965734586464,3.280075121689,3.567081698578,3.82675431727,
    4.059092977951,4.264097680881,4.441768426441,4.592105215219,
    4.715108048196,4.810776927193,4.879111856217,4.920112847288,
    4.933779984548),.UNSPECIFIED.);
#2187 = CARTESIAN_POINT('',(-0.913690099106,37.488867286206,5.));
#2188 = CARTESIAN_POINT('',(-0.991031196415,37.339099420298,5.));
#2189 = CARTESIAN_POINT('',(-1.137487853788,37.045543379577,5.));
#2190 = CARTESIAN_POINT('',(-1.338618335582,36.611469700778,5.));
#2191 = CARTESIAN_POINT('',(-1.516397979912,36.196907645238,5.));
#2192 = CARTESIAN_POINT('',(-1.672117203801,35.802823000865,5.));
#2193 = CARTESIAN_POINT('',(-1.807115191624,35.430121594248,5.));
#2194 = CARTESIAN_POINT('',(-1.922761197523,35.079649209015,5.));
#2195 = CARTESIAN_POINT('',(-2.02045616958,34.752190156397,5.));
#2196 = CARTESIAN_POINT('',(-2.101629377692,34.448466281465,5.));
#2197 = CARTESIAN_POINT('',(-2.167736176856,34.169135975047,5.));
#2198 = CARTESIAN_POINT('',(-2.220255555146,33.914793287309,5.));
#2199 = CARTESIAN_POINT('',(-2.260687372819,33.685967152174,5.));
#2200 = CARTESIAN_POINT('',(-2.29055065193,33.483120623678,5.));
#2201 = CARTESIAN_POINT('',(-2.31137843312,33.306650454471,5.));
#2202 = CARTESIAN_POINT('',(-2.324722876639,33.156886013249,5.));
#2203 = CARTESIAN_POINT('',(-2.332130232354,33.034090505886,5.));
#2204 = CARTESIAN_POINT('',(-2.335199369887,32.938456154026,5.));
#2205 = CARTESIAN_POINT('',(-2.335421743354,32.870115509257,5.));
#2206 = CARTESIAN_POINT('',(-2.33452621927,32.829115768279,5.));
#2207 = CARTESIAN_POINT('',(-2.333585070887,32.81091733802,5.));
#2208 = CARTESIAN_POINT('',(-2.333314268584,32.806369289124,5.));
#2209 = ORIENTED_EDGE('',*,*,#2210,.F.);
#2210 = EDGE_CURVE('',#2211,#2184,#2213,.T.);
#2211 = VERTEX_POINT('',#2212);
#2212 = CARTESIAN_POINT('',(-2.333314268584,32.806369289124,0.));
#2213 = LINE('',#2214,#2215);
#2214 = CARTESIAN_POINT('',(-2.333314268584,32.806369289124,0.));
#2215 = VECTOR('',#2216,1.);
#2216 = DIRECTION('',(0.,0.,1.));
#2217 = ORIENTED_EDGE('',*,*,#2218,.F.);
#2218 = EDGE_CURVE('',#2161,#2211,#2219,.T.);
#2219 = B_SPLINE_CURVE_WITH_KNOTS('',3,(#2220,#2221,#2222,#2223,#2224,
    #2225,#2226,#2227,#2228,#2229,#2230,#2231,#2232,#2233,#2234,#2235,
    #2236,#2237,#2238,#2239,#2240,#2241),.UNSPECIFIED.,.F.,.F.,(4,1,1,1,
    1,1,1,1,1,1,1,1,1,1,1,1,1,1,1,4),(0.,0.505678245547,0.98402253235,
    1.435032860437,1.858709229845,2.255051640615,2.6240600928,
    2.965734586464,3.280075121689,3.567081698578,3.82675431727,
    4.059092977951,4.264097680881,4.441768426441,4.592105215219,
    4.715108048196,4.810776927193,4.879111856217,4.920112847288,
    4.933779984548),.UNSPECIFIED.);
#2220 = CARTESIAN_POINT('',(-0.913690099106,37.488867286206,0.));
#2221 = CARTESIAN_POINT('',(-0.991031196415,37.339099420298,0.));
#2222 = CARTESIAN_POINT('',(-1.137487853788,37.045543379577,0.));
#2223 = CARTESIAN_POINT('',(-1.338618335582,36.611469700778,0.));
#2224 = CARTESIAN_POINT('',(-1.516397979912,36.196907645238,0.));
#2225 = CARTESIAN_POINT('',(-1.672117203801,35.802823000865,0.));
#2226 = CARTESIAN_POINT('',(-1.807115191624,35.430121594248,0.));
#2227 = CARTESIAN_POINT('',(-1.922761197523,35.079649209015,0.));
#2228 = CARTESIAN_POINT('',(-2.02045616958,34.752190156397,0.));
#2229 = CARTESIAN_POINT('',(-2.101629377692,34.448466281465,0.));
#2230 = CARTESIAN_POINT('',(-2.167736176856,34.169135975047,0.));
#2231 = CARTESIAN_POINT('',(-2.220255555146,33.914793287309,0.));
#2232 = CARTESIAN_POINT('',(-2.260687372819,33.685967152174,0.));
#2233 = CARTESIAN_POINT('',(-2.29055065193,33.483120623678,0.));
#2234 = CARTESIAN_POINT('',(-2.31137843312,33.306650454471,0.));
#2235 = CARTESIAN_POINT('',(-2.324722876639,33.156886013249,0.));
#2236 = CARTESIAN_POINT('',(-2.332130232354,33.034090505886,0.));
#2237 = CARTESIAN_POINT('',(-2.335199369887,32.938456154026,0.));
#2238 = CARTESIAN_POINT('',(-2.335421743354,32.870115509257,0.));
#2239 = CARTESIAN_POINT('',(-2.33452621927,32.829115768279,0.));
#2240 = CARTESIAN_POINT('',(-2.333585070887,32.81091733802,0.));
#2241 = CARTESIAN_POINT('',(-2.333314268584,32.806369289124,0.));
#2242 = SURFACE_OF_LINEAR_EXTRUSION('',#2243,#2266);
#2243 = B_SPLINE_CURVE_WITH_KNOTS('',3,(#2244,#2245,#2246,#2247,#2248,
    #2249,#2250,#2251,#2252,#2253,#2254,#2255,#2256,#2257,#2258,#2259,
    #2260,#2261,#2262,#2263,#2264,#2265),.UNSPECIFIED.,.F.,.F.,(4,1,1,1,
    1,1,1,1,1,1,1,1,1,1,1,1,1,1,1,4),(0.,0.505678245547,0.98402253235,
    1.435032860437,1.858709229845,2.255051640615,2.6240600928,
    2.965734586464,3.280075121689,3.567081698578,3.82675431727,
    4.059092977951,4.264097680881,4.441768426441,4.592105215219,
    4.715108048196,4.810776927193,4.879111856217,4.920112847288,
    4.933779984548),.UNSPECIFIED.);
#2244 = CARTESIAN_POINT('',(-0.913690099106,37.488867286206,0.));
#2245 = CARTESIAN_POINT('',(-0.991031196415,37.339099420298,0.));
#2246 = CARTESIAN_POINT('',(-1.137487853788,37.045543379577,0.));
#2247 = CARTESIAN_POINT('',(-1.338618335582,36.611469700778,0.));
#2248 = CARTESIAN_POINT('',(-1.516397979912,36.196907645238,0.));
#2249 = CARTESIAN_POINT('',(-1.672117203801,35.802823000865,0.));
#2250 = CARTESIAN_POINT('',(-1.807115191624,35.430121594248,0.));
#2251 = CARTESIAN_POINT('',(-1.922761197523,35.079649209015,0.));
#2252 = CARTESIAN_POINT('',(-2.02045616958,34.752190156397,0.));
#2253 = CARTESIAN_POINT('',(-2.101629377692,34.448466281465,0.));
#2254 = CARTESIAN_POINT('',(-2.167736176856,34.169135975047,0.));
#2255 = CARTESIAN_POINT('',(-2.220255555146,33.914793287309,0.));
#2256 = CARTESIAN_POINT('',(-2.260687372819,33.685967152174,0.));
#2257 = CARTESIAN_POINT('',(-2.29055065193,33.483120623678,0.));
#2258 = CARTESIAN_POINT('',(-2.31137843312,33.306650454471,0.));
#2259 = CARTESIAN_POINT('',(-2.324722876639,33.156886013249,0.));
#2260 = CARTESIAN_POINT('',(-2.332130232354,33.034090505886,0.));
#2261 = CARTESIAN_POINT('',(-2.335199369887,32.938456154026,0.));
#2262 = CARTESIAN_POINT('',(-2.335421743354,32.870115509257,0.));
#2263 = CARTESIAN_POINT('',(-2.33452621927,32.829115768279,0.));
#2264 = CARTESIAN_POINT('',(-2.333585070887,32.81091733802,0.));
#2265 = CARTESIAN_POINT('',(-2.333314268584,32.806369289124,0.));
#2266 = VECTOR('',#2267,1.);
#2267 = DIRECTION('',(-0.,-0.,-1.));
#2268 = ADVANCED_FACE('',(#2269),#2292,.F.);
#2269 = FACE_BOUND('',#2270,.F.);
#2270 = EDGE_LOOP('',(#2271,#2272,#2279,#2287));
#2271 = ORIENTED_EDGE('',*,*,#2210,.T.);
#2272 = ORIENTED_EDGE('',*,*,#2273,.T.);
#2273 = EDGE_CURVE('',#2184,#2274,#2276,.T.);
#2274 = VERTEX_POINT('',#2275);
#2275 = CARTESIAN_POINT('',(-2.261359289683,31.794683190165,5.));
#2276 = B_SPLINE_CURVE_WITH_KNOTS('',1,(#2277,#2278),.UNSPECIFIED.,.F.,
  .F.,(2,2),(0.,1.014241727507),.PIECEWISE_BEZIER_KNOTS.);
#2277 = CARTESIAN_POINT('',(-2.333314268584,32.806369289124,5.));
#2278 = CARTESIAN_POINT('',(-2.261359289683,31.794683190165,5.));
#2279 = ORIENTED_EDGE('',*,*,#2280,.F.);
#2280 = EDGE_CURVE('',#2281,#2274,#2283,.T.);
#2281 = VERTEX_POINT('',#2282);
#2282 = CARTESIAN_POINT('',(-2.261359289683,31.794683190165,0.));
#2283 = LINE('',#2284,#2285);
#2284 = CARTESIAN_POINT('',(-2.261359289683,31.794683190165,0.));
#2285 = VECTOR('',#2286,1.);
#2286 = DIRECTION('',(0.,0.,1.));
#2287 = ORIENTED_EDGE('',*,*,#2288,.F.);
#2288 = EDGE_CURVE('',#2211,#2281,#2289,.T.);
#2289 = B_SPLINE_CURVE_WITH_KNOTS('',1,(#2290,#2291),.UNSPECIFIED.,.F.,
  .F.,(2,2),(0.,1.014241727507),.PIECEWISE_BEZIER_KNOTS.);
#2290 = CARTESIAN_POINT('',(-2.333314268584,32.806369289124,0.));
#2291 = CARTESIAN_POINT('',(-2.261359289683,31.794683190165,0.));
#2292 = SURFACE_OF_LINEAR_EXTRUSION('',#2293,#2296);
#2293 = B_SPLINE_CURVE_WITH_KNOTS('',1,(#2294,#2295),.UNSPECIFIED.,.F.,
  .F.,(2,2),(0.,1.014241727507),.PIECEWISE_BEZIER_KNOTS.);
#2294 = CARTESIAN_POINT('',(-2.333314268584,32.806369289124,0.));
#2295 = CARTESIAN_POINT('',(-2.261359289683,31.794683190165,0.));
#2296 = VECTOR('',#2297,1.);
#2297 = DIRECTION('',(-0.,-0.,-1.));
#2298 = ADVANCED_FACE('',(#2299),#2322,.F.);
#2299 = FACE_BOUND('',#2300,.F.);
#2300 = EDGE_LOOP('',(#2301,#2302,#2309,#2317));
#2301 = ORIENTED_EDGE('',*,*,#2280,.T.);
#2302 = ORIENTED_EDGE('',*,*,#2303,.T.);
#2303 = EDGE_CURVE('',#2274,#2304,#2306,.T.);
#2304 = VERTEX_POINT('',#2305);
#2305 = CARTESIAN_POINT('',(-4.870320307337,31.500723882221,5.));
#2306 = B_SPLINE_CURVE_WITH_KNOTS('',1,(#2307,#2308),.UNSPECIFIED.,.F.,
  .F.,(2,2),(0.,2.625469418288),.PIECEWISE_BEZIER_KNOTS.);
#2307 = CARTESIAN_POINT('',(-2.261359289683,31.794683190165,5.));
#2308 = CARTESIAN_POINT('',(-4.870320307337,31.500723882221,5.));
#2309 = ORIENTED_EDGE('',*,*,#2310,.F.);
#2310 = EDGE_CURVE('',#2311,#2304,#2313,.T.);
#2311 = VERTEX_POINT('',#2312);
#2312 = CARTESIAN_POINT('',(-4.870320307337,31.500723882221,0.));
#2313 = LINE('',#2314,#2315);
#2314 = CARTESIAN_POINT('',(-4.870320307337,31.500723882221,0.));
#2315 = VECTOR('',#2316,1.);
#2316 = DIRECTION('',(0.,0.,1.));
#2317 = ORIENTED_EDGE('',*,*,#2318,.F.);
#2318 = EDGE_CURVE('',#2281,#2311,#2319,.T.);
#2319 = B_SPLINE_CURVE_WITH_KNOTS('',1,(#2320,#2321),.UNSPECIFIED.,.F.,
  .F.,(2,2),(0.,2.625469418288),.PIECEWISE_BEZIER_KNOTS.);
#2320 = CARTESIAN_POINT('',(-2.261359289683,31.794683190165,0.));
#2321 = CARTESIAN_POINT('',(-4.870320307337,31.500723882221,0.));
#2322 = SURFACE_OF_LINEAR_EXTRUSION('',#2323,#2326);
#2323 = B_SPLINE_CURVE_WITH_KNOTS('',1,(#2324,#2325),.UNSPECIFIED.,.F.,
  .F.,(2,2),(0.,2.625469418288),.PIECEWISE_BEZIER_KNOTS.);
#2324 = CARTESIAN_POINT('',(-2.261359289683,31.794683190165,0.));
#2325 = CARTESIAN_POINT('',(-4.870320307337,31.500723882221,0.));
#2326 = VECTOR('',#2327,1.);
#2327 = DIRECTION('',(-0.,-0.,-1.));
#2328 = ADVANCED_FACE('',(#2329),#2352,.F.);
#2329 = FACE_BOUND('',#2330,.F.);
#2330 = EDGE_LOOP('',(#2331,#2332,#2339,#2347));
#2331 = ORIENTED_EDGE('',*,*,#2310,.T.);
#2332 = ORIENTED_EDGE('',*,*,#2333,.T.);
#2333 = EDGE_CURVE('',#2304,#2334,#2336,.T.);
#2334 = VERTEX_POINT('',#2335);
#2335 = CARTESIAN_POINT('',(-5.025290725597,32.503056387571,5.));
#2336 = B_SPLINE_CURVE_WITH_KNOTS('',1,(#2337,#2338),.UNSPECIFIED.,.F.,
  .F.,(2,2),(0.,1.014241727507),.PIECEWISE_BEZIER_KNOTS.);
#2337 = CARTESIAN_POINT('',(-4.870320307337,31.500723882221,5.));
#2338 = CARTESIAN_POINT('',(-5.025290725597,32.503056387571,5.));
#2339 = ORIENTED_EDGE('',*,*,#2340,.F.);
#2340 = EDGE_CURVE('',#2341,#2334,#2343,.T.);
#2341 = VERTEX_POINT('',#2342);
#2342 = CARTESIAN_POINT('',(-5.025290725597,32.503056387571,0.));
#2343 = LINE('',#2344,#2345);
#2344 = CARTESIAN_POINT('',(-5.025290725597,32.503056387571,0.));
#2345 = VECTOR('',#2346,1.);
#2346 = DIRECTION('',(0.,0.,1.));
#2347 = ORIENTED_EDGE('',*,*,#2348,.F.);
#2348 = EDGE_CURVE('',#2311,#2341,#2349,.T.);
#2349 = B_SPLINE_CURVE_WITH_KNOTS('',1,(#2350,#2351),.UNSPECIFIED.,.F.,
  .F.,(2,2),(0.,1.014241727507),.PIECEWISE_BEZIER_KNOTS.);
#2350 = CARTESIAN_POINT('',(-4.870320307337,31.500723882221,0.));
#2351 = CARTESIAN_POINT('',(-5.025290725597,32.503056387571,0.));
#2352 = SURFACE_OF_LINEAR_EXTRUSION('',#2353,#2356);
#2353 = B_SPLINE_CURVE_WITH_KNOTS('',1,(#2354,#2355),.UNSPECIFIED.,.F.,
  .F.,(2,2),(0.,1.014241727507),.PIECEWISE_BEZIER_KNOTS.);
#2354 = CARTESIAN_POINT('',(-4.870320307337,31.500723882221,0.));
#2355 = CARTESIAN_POINT('',(-5.025290725597,32.503056387571,0.));
#2356 = VECTOR('',#2357,1.);
#2357 = DIRECTION('',(-0.,-0.,-1.));
#2358 = ADVANCED_FACE('',(#2359),#2422,.F.);
#2359 = FACE_BOUND('',#2360,.F.);
#2360 = EDGE_LOOP('',(#2361,#2362,#2389,#2397));
#2361 = ORIENTED_EDGE('',*,*,#2340,.T.);
#2362 = ORIENTED_EDGE('',*,*,#2363,.T.);
#2363 = EDGE_CURVE('',#2334,#2364,#2366,.T.);
#2364 = VERTEX_POINT('',#2365);
#2365 = CARTESIAN_POINT('',(-7.451275780788,36.752258287602,5.));
#2366 = B_SPLINE_CURVE_WITH_KNOTS('',3,(#2367,#2368,#2369,#2370,#2371,
    #2372,#2373,#2374,#2375,#2376,#2377,#2378,#2379,#2380,#2381,#2382,
    #2383,#2384,#2385,#2386,#2387,#2388),.UNSPECIFIED.,.F.,.F.,(4,1,1,1,
    1,1,1,1,1,1,1,1,1,1,1,1,1,1,1,4),(0.,1.366713726009E-02,
    5.466812833143E-02,0.123003057355,0.218671936353,0.341674769329,
    0.492011558107,0.669682303667,0.874687006597,1.107025667278,
    1.36669828597,1.65370486286,1.968045398084,2.309719891748,
    2.678728343933,3.075070754704,3.498747124111,3.949757452199,
    4.428101739001,4.933779984548),.UNSPECIFIED.);
#2367 = CARTESIAN_POINT('',(-5.025290725597,32.503056387571,5.));
#2368 = CARTESIAN_POINT('',(-5.026038748961,32.507550666566,5.));
#2369 = CARTESIAN_POINT('',(-5.029170728831,32.525502249401,5.));
#2370 = CARTESIAN_POINT('',(-5.03742095806,32.565673314128,5.));
#2371 = CARTESIAN_POINT('',(-5.052844980261,32.632251033499,5.));
#2372 = CARTESIAN_POINT('',(-5.077117813402,32.72480468514,5.));
#2373 = CARTESIAN_POINT('',(-5.111664022229,32.842873161047,5.));
#2374 = CARTESIAN_POINT('',(-5.157999616022,32.985913277012,5.));
#2375 = CARTESIAN_POINT('',(-5.21757350812,33.153324353316,5.));
#2376 = CARTESIAN_POINT('',(-5.291825651445,33.344439891077,5.));
#2377 = CARTESIAN_POINT('',(-5.382162364339,33.558531951427,5.));
#2378 = CARTESIAN_POINT('',(-5.489961544584,33.794811075854,5.));
#2379 = CARTESIAN_POINT('',(-5.616567748941,34.052427841608,5.));
#2380 = CARTESIAN_POINT('',(-5.763290695566,34.330473986795,5.));
#2381 = CARTESIAN_POINT('',(-5.931402744925,34.627983780864,5.));
#2382 = CARTESIAN_POINT('',(-6.122136706496,34.943935434435,5.));
#2383 = CARTESIAN_POINT('',(-6.336683878001,35.277252560323,5.));
#2384 = CARTESIAN_POINT('',(-6.576190978956,35.62680589275,5.));
#2385 = CARTESIAN_POINT('',(-6.841762052213,35.991414319532,5.));
#2386 = CARTESIAN_POINT('',(-7.134440253317,36.369849122281,5.));
#2387 = CARTESIAN_POINT('',(-7.342547300864,36.623455427986,5.));
#2388 = CARTESIAN_POINT('',(-7.451275780788,36.752258287602,5.));
#2389 = ORIENTED_EDGE('',*,*,#2390,.F.);
#2390 = EDGE_CURVE('',#2391,#2364,#2393,.T.);
#2391 = VERTEX_POINT('',#2392);
#2392 = CARTESIAN_POINT('',(-7.451275780788,36.752258287602,0.));
#2393 = LINE('',#2394,#2395);
#2394 = CARTESIAN_POINT('',(-7.451275780788,36.752258287602,0.));
#2395 = VECTOR('',#2396,1.);
#2396 = DIRECTION('',(0.,0.,1.));
#2397 = ORIENTED_EDGE('',*,*,#2398,.F.);
#2398 = EDGE_CURVE('',#2341,#2391,#2399,.T.);
#2399 = B_SPLINE_CURVE_WITH_KNOTS('',3,(#2400,#2401,#2402,#2403,#2404,
    #2405,#2406,#2407,#2408,#2409,#2410,#2411,#2412,#2413,#2414,#2415,
    #2416,#2417,#2418,#2419,#2420,#2421),.UNSPECIFIED.,.F.,.F.,(4,1,1,1,
    1,1,1,1,1,1,1,1,1,1,1,1,1,1,1,4),(0.,1.366713726009E-02,
    5.466812833143E-02,0.123003057355,0.218671936353,0.341674769329,
    0.492011558107,0.669682303667,0.874687006597,1.107025667278,
    1.36669828597,1.65370486286,1.968045398084,2.309719891748,
    2.678728343933,3.075070754704,3.498747124111,3.949757452199,
    4.428101739001,4.933779984548),.UNSPECIFIED.);
#2400 = CARTESIAN_POINT('',(-5.025290725597,32.503056387571,0.));
#2401 = CARTESIAN_POINT('',(-5.026038748961,32.507550666566,0.));
#2402 = CARTESIAN_POINT('',(-5.029170728831,32.525502249401,0.));
#2403 = CARTESIAN_POINT('',(-5.03742095806,32.565673314128,0.));
#2404 = CARTESIAN_POINT('',(-5.052844980261,32.632251033499,0.));
#2405 = CARTESIAN_POINT('',(-5.077117813402,32.72480468514,0.));
#2406 = CARTESIAN_POINT('',(-5.111664022229,32.842873161047,0.));
#2407 = CARTESIAN_POINT('',(-5.157999616022,32.985913277012,0.));
#2408 = CARTESIAN_POINT('',(-5.21757350812,33.153324353316,0.));
#2409 = CARTESIAN_POINT('',(-5.291825651445,33.344439891077,0.));
#2410 = CARTESIAN_POINT('',(-5.382162364339,33.558531951427,0.));
#2411 = CARTESIAN_POINT('',(-5.489961544584,33.794811075854,0.));
#2412 = CARTESIAN_POINT('',(-5.616567748941,34.052427841608,0.));
#2413 = CARTESIAN_POINT('',(-5.763290695566,34.330473986795,0.));
#2414 = CARTESIAN_POINT('',(-5.931402744925,34.627983780864,0.));
#2415 = CARTESIAN_POINT('',(-6.122136706496,34.943935434435,0.));
#2416 = CARTESIAN_POINT('',(-6.336683878001,35.277252560323,0.));
#2417 = CARTESIAN_POINT('',(-6.576190978956,35.62680589275,0.));
#2418 = CARTESIAN_POINT('',(-6.841762052213,35.991414319532,0.));
#2419 = CARTESIAN_POINT('',(-7.134440253317,36.369849122281,0.));
#2420 = CARTESIAN_POINT('',(-7.342547300864,36.623455427986,0.));
#2421 = CARTESIAN_POINT('',(-7.451275780788,36.752258287602,0.));
#2422 = SURFACE_OF_LINEAR_EXTRUSION('',#2423,#2446);
#2423 = B_SPLINE_CURVE_WITH_KNOTS('',3,(#2424,#2425,#2426,#2427,#2428,
    #2429,#2430,#2431,#2432,#2433,#2434,#2435,#2436,#2437,#2438,#2439,
    #2440,#2441,#2442,#2443,#2444,#2445),.UNSPECIFIED.,.F.,.F.,(4,1,1,1,
    1,1,1,1,1,1,1,1,1,1,1,1,1,1,1,4),(0.,1.366713726009E-02,
    5.466812833143E-02,0.123003057355,0.218671936353,0.341674769329,
    0.492011558107,0.669682303667,0.874687006597,1.107025667278,
    1.36669828597,1.65370486286,1.968045398084,2.309719891748,
    2.678728343933,3.075070754704,3.498747124111,3.949757452199,
    4.428101739001,4.933779984548),.UNSPECIFIED.);
#2424 = CARTESIAN_POINT('',(-5.025290725597,32.503056387571,0.));
#2425 = CARTESIAN_POINT('',(-5.026038748961,32.507550666566,0.));
#2426 = CARTESIAN_POINT('',(-5.029170728831,32.525502249401,0.));
#2427 = CARTESIAN_POINT('',(-5.03742095806,32.565673314128,0.));
#2428 = CARTESIAN_POINT('',(-5.052844980261,32.632251033499,0.));
#2429 = CARTESIAN_POINT('',(-5.077117813402,32.72480468514,0.));
#2430 = CARTESIAN_POINT('',(-5.111664022229,32.842873161047,0.));
#2431 = CARTESIAN_POINT('',(-5.157999616022,32.985913277012,0.));
#2432 = CARTESIAN_POINT('',(-5.21757350812,33.153324353316,0.));
#2433 = CARTESIAN_POINT('',(-5.291825651445,33.344439891077,0.));
#2434 = CARTESIAN_POINT('',(-5.382162364339,33.558531951427,0.));
#2435 = CARTESIAN_POINT('',(-5.489961544584,33.794811075854,0.));
#2436 = CARTESIAN_POINT('',(-5.616567748941,34.052427841608,0.));
#2437 = CARTESIAN_POINT('',(-5.763290695566,34.330473986795,0.));
#2438 = CARTESIAN_POINT('',(-5.931402744925,34.627983780864,0.));
#2439 = CARTESIAN_POINT('',(-6.122136706496,34.943935434435,0.));
#2440 = CARTESIAN_POINT('',(-6.336683878001,35.277252560323,0.));
#2441 = CARTESIAN_POINT('',(-6.576190978956,35.62680589275,0.));
#2442 = CARTESIAN_POINT('',(-6.841762052213,35.991414319532,0.));
#2443 = CARTESIAN_POINT('',(-7.134440253317,36.369849122281,0.));
#2444 = CARTESIAN_POINT('',(-7.342547300864,36.623455427986,0.));
#2445 = CARTESIAN_POINT('',(-7.451275780788,36.752258287602,0.));
#2446 = VECTOR('',#2447,1.);
#2447 = DIRECTION('',(-0.,-0.,-1.));
#2448 = ADVANCED_FACE('',(#2449),#2472,.F.);
#2449 = FACE_BOUND('',#2450,.F.);
#2450 = EDGE_LOOP('',(#2451,#2452,#2459,#2467));
#2451 = ORIENTED_EDGE('',*,*,#2390,.T.);
#2452 = ORIENTED_EDGE('',*,*,#2453,.T.);
#2453 = EDGE_CURVE('',#2364,#2454,#2456,.T.);
#2454 = VERTEX_POINT('',#2455);
#2455 = CARTESIAN_POINT('',(-9.232839742194,36.345627939203,5.));
#2456 = B_SPLINE_CURVE_WITH_KNOTS('',1,(#2457,#2458),.UNSPECIFIED.,.F.,
  .F.,(2,2),(0.,1.827380198213),.PIECEWISE_BEZIER_KNOTS.);
#2457 = CARTESIAN_POINT('',(-7.451275780788,36.752258287602,5.));
#2458 = CARTESIAN_POINT('',(-9.232839742194,36.345627939203,5.));
#2459 = ORIENTED_EDGE('',*,*,#2460,.F.);
#2460 = EDGE_CURVE('',#2461,#2454,#2463,.T.);
#2461 = VERTEX_POINT('',#2462);
#2462 = CARTESIAN_POINT('',(-9.232839742194,36.345627939203,0.));
#2463 = LINE('',#2464,#2465);
#2464 = CARTESIAN_POINT('',(-9.232839742194,36.345627939203,0.));
#2465 = VECTOR('',#2466,1.);
#2466 = DIRECTION('',(0.,0.,1.));
#2467 = ORIENTED_EDGE('',*,*,#2468,.F.);
#2468 = EDGE_CURVE('',#2391,#2461,#2469,.T.);
#2469 = B_SPLINE_CURVE_WITH_KNOTS('',1,(#2470,#2471),.UNSPECIFIED.,.F.,
  .F.,(2,2),(0.,1.827380198213),.PIECEWISE_BEZIER_KNOTS.);
#2470 = CARTESIAN_POINT('',(-7.451275780788,36.752258287602,0.));
#2471 = CARTESIAN_POINT('',(-9.232839742194,36.345627939203,0.));
#2472 = SURFACE_OF_LINEAR_EXTRUSION('',#2473,#2476);
#2473 = B_SPLINE_CURVE_WITH_KNOTS('',1,(#2474,#2475),.UNSPECIFIED.,.F.,
  .F.,(2,2),(0.,1.827380198213),.PIECEWISE_BEZIER_KNOTS.);
#2474 = CARTESIAN_POINT('',(-7.451275780788,36.752258287602,0.));
#2475 = CARTESIAN_POINT('',(-9.232839742194,36.345627939203,0.));
#2476 = VECTOR('',#2477,1.);
#2477 = DIRECTION('',(-0.,-0.,-1.));
#2478 = ADVANCED_FACE('',(#2479),#2542,.F.);
#2479 = FACE_BOUND('',#2480,.F.);
#2480 = EDGE_LOOP('',(#2481,#2482,#2509,#2517));
#2481 = ORIENTED_EDGE('',*,*,#2460,.T.);
#2482 = ORIENTED_EDGE('',*,*,#2483,.T.);
#2483 = EDGE_CURVE('',#2454,#2484,#2486,.T.);
#2484 = VERTEX_POINT('',#2485);
#2485 = CARTESIAN_POINT('',(-9.574917142267,31.464633847053,5.));
#2486 = B_SPLINE_CURVE_WITH_KNOTS('',3,(#2487,#2488,#2489,#2490,#2491,
    #2492,#2493,#2494,#2495,#2496,#2497,#2498,#2499,#2500,#2501,#2502,
    #2503,#2504,#2505,#2506,#2507,#2508),.UNSPECIFIED.,.F.,.F.,(4,1,1,1,
    1,1,1,1,1,1,1,1,1,1,1,1,1,1,1,4),(0.,0.505678245547,0.98402253235,
    1.435032860437,1.858709229845,2.255051640615,2.6240600928,
    2.965734586464,3.280075121689,3.567081698578,3.82675431727,
    4.059092977951,4.264097680881,4.441768426441,4.592105215219,
    4.715108048196,4.810776927193,4.879111856217,4.920112847288,
    4.933779984548),.UNSPECIFIED.);
#2487 = CARTESIAN_POINT('',(-9.232839742194,36.345627939203,5.));
#2488 = CARTESIAN_POINT('',(-9.27491525132,36.182405053174,5.));
#2489 = CARTESIAN_POINT('',(-9.352377570169,35.863619403103,5.));
#2490 = CARTESIAN_POINT('',(-9.451874810447,35.395673115042,5.));
#2491 = CARTESIAN_POINT('',(-9.532948412142,34.95194530327,5.));
#2492 = CARTESIAN_POINT('',(-9.59707134685,34.533090396575,5.));
#2493 = CARTESIAN_POINT('',(-9.64575078818,34.139693514021,5.));
#2494 = CARTESIAN_POINT('',(-9.680509864775,33.772274545968,5.));
#2495 = CARTESIAN_POINT('',(-9.702888925692,33.43128639905,5.));
#2496 = CARTESIAN_POINT('',(-9.714442031687,33.1171147777,5.));
#2497 = CARTESIAN_POINT('',(-9.716734554711,32.830077718564,5.));
#2498 = CARTESIAN_POINT('',(-9.711340590116,32.570425271921,5.));
#2499 = CARTESIAN_POINT('',(-9.699840092402,32.338339359911,5.));
#2500 = CARTESIAN_POINT('',(-9.683817037785,32.133933412633,5.));
#2501 = CARTESIAN_POINT('',(-9.664854316149,31.957253101683,5.));
#2502 = CARTESIAN_POINT('',(-9.644538463274,31.808274149648,5.));
#2503 = CARTESIAN_POINT('',(-9.624435530132,31.686909090318,5.));
#2504 = CARTESIAN_POINT('',(-9.606147072685,31.592989543976,5.));
#2505 = CARTESIAN_POINT('',(-9.591156646683,31.526312859102,5.));
#2506 = CARTESIAN_POINT('',(-9.581160274604,31.486540340086,5.));
#2507 = CARTESIAN_POINT('',(-9.576193191078,31.469007607686,5.));
#2508 = CARTESIAN_POINT('',(-9.574917142267,31.464633847053,5.));
#2509 = ORIENTED_EDGE('',*,*,#2510,.F.);
#2510 = EDGE_CURVE('',#2511,#2484,#2513,.T.);
#2511 = VERTEX_POINT('',#2512);
#2512 = CARTESIAN_POINT('',(-9.574917142267,31.464633847053,0.));
#2513 = LINE('',#2514,#2515);
#2514 = CARTESIAN_POINT('',(-9.574917142267,31.464633847053,0.));
#2515 = VECTOR('',#2516,1.);
#2516 = DIRECTION('',(0.,0.,1.));
#2517 = ORIENTED_EDGE('',*,*,#2518,.F.);
#2518 = EDGE_CURVE('',#2461,#2511,#2519,.T.);
#2519 = B_SPLINE_CURVE_WITH_KNOTS('',3,(#2520,#2521,#2522,#2523,#2524,
    #2525,#2526,#2527,#2528,#2529,#2530,#2531,#2532,#2533,#2534,#2535,
    #2536,#2537,#2538,#2539,#2540,#2541),.UNSPECIFIED.,.F.,.F.,(4,1,1,1,
    1,1,1,1,1,1,1,1,1,1,1,1,1,1,1,4),(0.,0.505678245547,0.98402253235,
    1.435032860437,1.858709229845,2.255051640615,2.6240600928,
    2.965734586464,3.280075121689,3.567081698578,3.82675431727,
    4.059092977951,4.264097680881,4.441768426441,4.592105215219,
    4.715108048196,4.810776927193,4.879111856217,4.920112847288,
    4.933779984548),.UNSPECIFIED.);
#2520 = CARTESIAN_POINT('',(-9.232839742194,36.345627939203,0.));
#2521 = CARTESIAN_POINT('',(-9.27491525132,36.182405053174,0.));
#2522 = CARTESIAN_POINT('',(-9.352377570169,35.863619403103,0.));
#2523 = CARTESIAN_POINT('',(-9.451874810447,35.395673115042,0.));
#2524 = CARTESIAN_POINT('',(-9.532948412142,34.95194530327,0.));
#2525 = CARTESIAN_POINT('',(-9.59707134685,34.533090396575,0.));
#2526 = CARTESIAN_POINT('',(-9.64575078818,34.139693514021,0.));
#2527 = CARTESIAN_POINT('',(-9.680509864775,33.772274545968,0.));
#2528 = CARTESIAN_POINT('',(-9.702888925692,33.43128639905,0.));
#2529 = CARTESIAN_POINT('',(-9.714442031687,33.1171147777,0.));
#2530 = CARTESIAN_POINT('',(-9.716734554711,32.830077718564,0.));
#2531 = CARTESIAN_POINT('',(-9.711340590116,32.570425271921,0.));
#2532 = CARTESIAN_POINT('',(-9.699840092402,32.338339359911,0.));
#2533 = CARTESIAN_POINT('',(-9.683817037785,32.133933412633,0.));
#2534 = CARTESIAN_POINT('',(-9.664854316149,31.957253101683,0.));
#2535 = CARTESIAN_POINT('',(-9.644538463274,31.808274149648,0.));
#2536 = CARTESIAN_POINT('',(-9.624435530132,31.686909090318,0.));
#2537 = CARTESIAN_POINT('',(-9.606147072685,31.592989543976,0.));
#2538 = CARTESIAN_POINT('',(-9.591156646683,31.526312859102,0.));
#2539 = CARTESIAN_POINT('',(-9.581160274604,31.486540340086,0.));
#2540 = CARTESIAN_POINT('',(-9.576193191078,31.469007607686,0.));
#2541 = CARTESIAN_POINT('',(-9.574917142267,31.464633847053,0.));
#2542 = SURFACE_OF_LINEAR_EXTRUSION('',#2543,#2566);
#2543 = B_SPLINE_CURVE_WITH_KNOTS('',3,(#2544,#2545,#2546,#2547,#2548,
    #2549,#2550,#2551,#2552,#2553,#2554,#2555,#2556,#2557,#2558,#2559,
    #2560,#2561,#2562,#2563,#2564,#2565),.UNSPECIFIED.,.F.,.F.,(4,1,1,1,
    1,1,1,1,1,1,1,1,1,1,1,1,1,1,1,4),(0.,0.505678245547,0.98402253235,
    1.435032860437,1.858709229845,2.255051640615,2.6240600928,
    2.965734586464,3.280075121689,3.567081698578,3.82675431727,
    4.059092977951,4.264097680881,4.441768426441,4.592105215219,
    4.715108048196,4.810776927193,4.879111856217,4.920112847288,
    4.933779984548),.UNSPECIFIED.);
#2544 = CARTESIAN_POINT('',(-9.232839742194,36.345627939203,0.));
#2545 = CARTESIAN_POINT('',(-9.27491525132,36.182405053174,0.));
#2546 = CARTESIAN_POINT('',(-9.352377570169,35.863619403103,0.));
#2547 = CARTESIAN_POINT('',(-9.451874810447,35.395673115042,0.));
#2548 = CARTESIAN_POINT('',(-9.532948412142,34.95194530327,0.));
#2549 = CARTESIAN_POINT('',(-9.59707134685,34.533090396575,0.));
#2550 = CARTESIAN_POINT('',(-9.64575078818,34.139693514021,0.));
#2551 = CARTESIAN_POINT('',(-9.680509864775,33.772274545968,0.));
#2552 = CARTESIAN_POINT('',(-9.702888925692,33.43128639905,0.));
#2553 = CARTESIAN_POINT('',(-9.714442031687,33.1171147777,0.));
#2554 = CARTESIAN_POINT('',(-9.716734554711,32.830077718564,0.));
#2555 = CARTESIAN_POINT('',(-9.711340590116,32.570425271921,0.));
#2556 = CARTESIAN_POINT('',(-9.699840092402,32.338339359911,0.));
#2557 = CARTESIAN_POINT('',(-9.683817037785,32.133933412633,0.));
#2558 = CARTESIAN_POINT('',(-9.664854316149,31.957253101683,0.));
#2559 = CARTESIAN_POINT('',(-9.644538463274,31.808274149648,0.));
#2560 = CARTESIAN_POINT('',(-9.624435530132,31.686909090318,0.));
#2561 = CARTESIAN_POINT('',(-9.606147072685,31.592989543976,0.));
#2562 = CARTESIAN_POINT('',(-9.591156646683,31.526312859102,0.));
#2563 = CARTESIAN_POINT('',(-9.581160274604,31.486540340086,0.));
#2564 = CARTESIAN_POINT('',(-9.576193191078,31.469007607686,0.));
#2565 = CARTESIAN_POINT('',(-9.574917142267,31.464633847053,0.));
#2566 = VECTOR('',#2567,1.);
#2567 = DIRECTION('',(-0.,-0.,-1.));
#2568 = ADVANCED_FACE('',(#2569),#2592,.F.);
#2569 = FACE_BOUND('',#2570,.F.);
#2570 = EDGE_LOOP('',(#2571,#2572,#2579,#2587));
#2571 = ORIENTED_EDGE('',*,*,#2510,.T.);
#2572 = ORIENTED_EDGE('',*,*,#2573,.T.);
#2573 = EDGE_CURVE('',#2484,#2574,#2576,.T.);
#2574 = VERTEX_POINT('',#2575);
#2575 = CARTESIAN_POINT('',(-9.279644889304,30.494324319919,5.));
#2576 = B_SPLINE_CURVE_WITH_KNOTS('',1,(#2577,#2578),.UNSPECIFIED.,.F.,
  .F.,(2,2),(0.,1.014241727507),.PIECEWISE_BEZIER_KNOTS.);
#2577 = CARTESIAN_POINT('',(-9.574917142267,31.464633847053,5.));
#2578 = CARTESIAN_POINT('',(-9.279644889304,30.494324319919,5.));
#2579 = ORIENTED_EDGE('',*,*,#2580,.F.);
#2580 = EDGE_CURVE('',#2581,#2574,#2583,.T.);
#2581 = VERTEX_POINT('',#2582);
#2582 = CARTESIAN_POINT('',(-9.279644889304,30.494324319919,0.));
#2583 = LINE('',#2584,#2585);
#2584 = CARTESIAN_POINT('',(-9.279644889304,30.494324319919,0.));
#2585 = VECTOR('',#2586,1.);
#2586 = DIRECTION('',(0.,0.,1.));
#2587 = ORIENTED_EDGE('',*,*,#2588,.F.);
#2588 = EDGE_CURVE('',#2511,#2581,#2589,.T.);
#2589 = B_SPLINE_CURVE_WITH_KNOTS('',1,(#2590,#2591),.UNSPECIFIED.,.F.,
  .F.,(2,2),(0.,1.014241727507),.PIECEWISE_BEZIER_KNOTS.);
#2590 = CARTESIAN_POINT('',(-9.574917142267,31.464633847053,0.));
#2591 = CARTESIAN_POINT('',(-9.279644889304,30.494324319919,0.));
#2592 = SURFACE_OF_LINEAR_EXTRUSION('',#2593,#2596);
#2593 = B_SPLINE_CURVE_WITH_KNOTS('',1,(#2594,#2595),.UNSPECIFIED.,.F.,
  .F.,(2,2),(0.,1.014241727507),.PIECEWISE_BEZIER_KNOTS.);
#2594 = CARTESIAN_POINT('',(-9.574917142267,31.464633847053,0.));
#2595 = CARTESIAN_POINT('',(-9.279644889304,30.494324319919,0.));
#2596 = VECTOR('',#2597,1.);
#2597 = DIRECTION('',(-0.,-0.,-1.));
#2598 = ADVANCED_FACE('',(#2599),#2622,.F.);
#2599 = FACE_BOUND('',#2600,.F.);
#2600 = EDGE_LOOP('',(#2601,#2602,#2609,#2617));
#2601 = ORIENTED_EDGE('',*,*,#2580,.T.);
#2602 = ORIENTED_EDGE('',*,*,#2603,.T.);
#2603 = EDGE_CURVE('',#2574,#2604,#2606,.T.);
#2604 = VERTEX_POINT('',#2605);
#2605 = CARTESIAN_POINT('',(-11.75778170746,29.627186743255,5.));
#2606 = B_SPLINE_CURVE_WITH_KNOTS('',1,(#2607,#2608),.UNSPECIFIED.,.F.,
  .F.,(2,2),(0.,2.625469418288),.PIECEWISE_BEZIER_KNOTS.);
#2607 = CARTESIAN_POINT('',(-9.279644889304,30.494324319919,5.));
#2608 = CARTESIAN_POINT('',(-11.75778170746,29.627186743255,5.));
#2609 = ORIENTED_EDGE('',*,*,#2610,.F.);
#2610 = EDGE_CURVE('',#2611,#2604,#2613,.T.);
#2611 = VERTEX_POINT('',#2612);
#2612 = CARTESIAN_POINT('',(-11.75778170746,29.627186743255,0.));
#2613 = LINE('',#2614,#2615);
#2614 = CARTESIAN_POINT('',(-11.75778170746,29.627186743255,0.));
#2615 = VECTOR('',#2616,1.);
#2616 = DIRECTION('',(0.,0.,1.));
#2617 = ORIENTED_EDGE('',*,*,#2618,.F.);
#2618 = EDGE_CURVE('',#2581,#2611,#2619,.T.);
#2619 = B_SPLINE_CURVE_WITH_KNOTS('',1,(#2620,#2621),.UNSPECIFIED.,.F.,
  .F.,(2,2),(0.,2.625469418288),.PIECEWISE_BEZIER_KNOTS.);
#2620 = CARTESIAN_POINT('',(-9.279644889304,30.494324319919,0.));
#2621 = CARTESIAN_POINT('',(-11.75778170746,29.627186743255,0.));
#2622 = SURFACE_OF_LINEAR_EXTRUSION('',#2623,#2626);
#2623 = B_SPLINE_CURVE_WITH_KNOTS('',1,(#2624,#2625),.UNSPECIFIED.,.F.,
  .F.,(2,2),(0.,2.625469418288),.PIECEWISE_BEZIER_KNOTS.);
#2624 = CARTESIAN_POINT('',(-9.279644889304,30.494324319919,0.));
#2625 = CARTESIAN_POINT('',(-11.75778170746,29.627186743255,0.));
#2626 = VECTOR('',#2627,1.);
#2627 = DIRECTION('',(-0.,-0.,-1.));
#2628 = ADVANCED_FACE('',(#2629),#2652,.F.);
#2629 = FACE_BOUND('',#2630,.F.);
#2630 = EDGE_LOOP('',(#2631,#2632,#2639,#2647));
#2631 = ORIENTED_EDGE('',*,*,#2610,.T.);
#2632 = ORIENTED_EDGE('',*,*,#2633,.T.);
#2633 = EDGE_CURVE('',#2604,#2634,#2636,.T.);
#2634 = VERTEX_POINT('',#2635);
#2635 = CARTESIAN_POINT('',(-12.13190665901,30.569904517801,5.));
#2636 = B_SPLINE_CURVE_WITH_KNOTS('',1,(#2637,#2638),.UNSPECIFIED.,.F.,
  .F.,(2,2),(0.,1.014241727507),.PIECEWISE_BEZIER_KNOTS.);
#2637 = CARTESIAN_POINT('',(-11.75778170746,29.627186743255,5.));
#2638 = CARTESIAN_POINT('',(-12.13190665901,30.569904517801,5.));
#2639 = ORIENTED_EDGE('',*,*,#2640,.F.);
#2640 = EDGE_CURVE('',#2641,#2634,#2643,.T.);
#2641 = VERTEX_POINT('',#2642);
#2642 = CARTESIAN_POINT('',(-12.13190665901,30.569904517801,0.));
#2643 = LINE('',#2644,#2645);
#2644 = CARTESIAN_POINT('',(-12.13190665901,30.569904517801,0.));
#2645 = VECTOR('',#2646,1.);
#2646 = DIRECTION('',(0.,0.,1.));
#2647 = ORIENTED_EDGE('',*,*,#2648,.F.);
#2648 = EDGE_CURVE('',#2611,#2641,#2649,.T.);
#2649 = B_SPLINE_CURVE_WITH_KNOTS('',1,(#2650,#2651),.UNSPECIFIED.,.F.,
  .F.,(2,2),(0.,1.014241727507),.PIECEWISE_BEZIER_KNOTS.);
#2650 = CARTESIAN_POINT('',(-11.75778170746,29.627186743255,0.));
#2651 = CARTESIAN_POINT('',(-12.13190665901,30.569904517801,0.));
#2652 = SURFACE_OF_LINEAR_EXTRUSION('',#2653,#2656);
#2653 = B_SPLINE_CURVE_WITH_KNOTS('',1,(#2654,#2655),.UNSPECIFIED.,.F.,
  .F.,(2,2),(0.,1.014241727507),.PIECEWISE_BEZIER_KNOTS.);
#2654 = CARTESIAN_POINT('',(-11.75778170746,29.627186743255,0.));
#2655 = CARTESIAN_POINT('',(-12.13190665901,30.569904517801,0.));
#2656 = VECTOR('',#2657,1.);
#2657 = DIRECTION('',(-0.,-0.,-1.));
#2658 = ADVANCED_FACE('',(#2659),#2722,.F.);
#2659 = FACE_BOUND('',#2660,.F.);
#2660 = EDGE_LOOP('',(#2661,#2662,#2689,#2697));
#2661 = ORIENTED_EDGE('',*,*,#2640,.T.);
#2662 = ORIENTED_EDGE('',*,*,#2663,.T.);
#2663 = EDGE_CURVE('',#2634,#2664,#2666,.T.);
#2664 = VERTEX_POINT('',#2665);
#2665 = CARTESIAN_POINT('',(-15.44260357921,34.172737594392,5.));
#2666 = B_SPLINE_CURVE_WITH_KNOTS('',3,(#2667,#2668,#2669,#2670,#2671,
    #2672,#2673,#2674,#2675,#2676,#2677,#2678,#2679,#2680,#2681,#2682,
    #2683,#2684,#2685,#2686,#2687,#2688),.UNSPECIFIED.,.F.,.F.,(4,1,1,1,
    1,1,1,1,1,1,1,1,1,1,1,1,1,1,1,4),(0.,1.366713726009E-02,
    5.466812833143E-02,0.123003057355,0.218671936353,0.341674769329,
    0.492011558107,0.669682303667,0.874687006597,1.107025667278,
    1.36669828597,1.65370486286,1.968045398084,2.309719891748,
    2.678728343933,3.075070754704,3.498747124111,3.949757452199,
    4.428101739001,4.933779984548),.UNSPECIFIED.);
#2667 = CARTESIAN_POINT('',(-12.13190665901,30.569904517801,5.));
#2668 = CARTESIAN_POINT('',(-12.13363599902,30.574119664981,5.));
#2669 = CARTESIAN_POINT('',(-12.1406840566,30.590924233069,5.));
#2670 = CARTESIAN_POINT('',(-12.15766633819,30.628252276619,5.));
#2671 = CARTESIAN_POINT('',(-12.18751858425,30.689728585738,5.));
#2672 = CARTESIAN_POINT('',(-12.23177797179,30.774560510597,5.));
#2673 = CARTESIAN_POINT('',(-12.29173074257,30.881981508655,5.));
#2674 = CARTESIAN_POINT('',(-12.36873402648,31.011124670665,5.));
#2675 = CARTESIAN_POINT('',(-12.46406674578,31.161081963653,5.));
#2676 = CARTESIAN_POINT('',(-12.5789844408,31.330883179587,5.));
#2677 = CARTESIAN_POINT('',(-12.71469618892,31.519505695274,5.));
#2678 = CARTESIAN_POINT('',(-12.87236967009,31.725873234477,5.));
#2679 = CARTESIAN_POINT('',(-13.05312671589,31.948858479218,5.));
#2680 = CARTESIAN_POINT('',(-13.25804209983,32.187284499919,5.));
#2681 = CARTESIAN_POINT('',(-13.48814138636,32.439926652072,5.));
#2682 = CARTESIAN_POINT('',(-13.74439910633,32.705514438772,5.));
#2683 = CARTESIAN_POINT('',(-14.02773717047,32.982733371428,5.));
#2684 = CARTESIAN_POINT('',(-14.33902226235,33.270227328213,5.));
#2685 = CARTESIAN_POINT('',(-14.679067922,33.566599137247,5.));
#2686 = CARTESIAN_POINT('',(-15.04861773529,33.87041876273,5.));
#2687 = CARTESIAN_POINT('',(-15.30793981667,34.071358454284,5.));
#2688 = CARTESIAN_POINT('',(-15.44260357921,34.172737594392,5.));
#2689 = ORIENTED_EDGE('',*,*,#2690,.F.);
#2690 = EDGE_CURVE('',#2691,#2664,#2693,.T.);
#2691 = VERTEX_POINT('',#2692);
#2692 = CARTESIAN_POINT('',(-15.44260357921,34.172737594392,0.));
#2693 = LINE('',#2694,#2695);
#2694 = CARTESIAN_POINT('',(-15.44260357921,34.172737594392,0.));
#2695 = VECTOR('',#2696,1.);
#2696 = DIRECTION('',(0.,0.,1.));
#2697 = ORIENTED_EDGE('',*,*,#2698,.F.);
#2698 = EDGE_CURVE('',#2641,#2691,#2699,.T.);
#2699 = B_SPLINE_CURVE_WITH_KNOTS('',3,(#2700,#2701,#2702,#2703,#2704,
    #2705,#2706,#2707,#2708,#2709,#2710,#2711,#2712,#2713,#2714,#2715,
    #2716,#2717,#2718,#2719,#2720,#2721),.UNSPECIFIED.,.F.,.F.,(4,1,1,1,
    1,1,1,1,1,1,1,1,1,1,1,1,1,1,1,4),(0.,1.366713726009E-02,
    5.466812833143E-02,0.123003057355,0.218671936353,0.341674769329,
    0.492011558107,0.669682303667,0.874687006597,1.107025667278,
    1.36669828597,1.65370486286,1.968045398084,2.309719891748,
    2.678728343933,3.075070754704,3.498747124111,3.949757452199,
    4.428101739001,4.933779984548),.UNSPECIFIED.);
#2700 = CARTESIAN_POINT('',(-12.13190665901,30.569904517801,0.));
#2701 = CARTESIAN_POINT('',(-12.13363599902,30.574119664981,0.));
#2702 = CARTESIAN_POINT('',(-12.1406840566,30.590924233069,0.));
#2703 = CARTESIAN_POINT('',(-12.15766633819,30.628252276619,0.));
#2704 = CARTESIAN_POINT('',(-12.18751858425,30.689728585738,0.));
#2705 = CARTESIAN_POINT('',(-12.23177797179,30.774560510597,0.));
#2706 = CARTESIAN_POINT('',(-12.29173074257,30.881981508655,0.));
#2707 = CARTESIAN_POINT('',(-12.36873402648,31.011124670665,0.));
#2708 = CARTESIAN_POINT('',(-12.46406674578,31.161081963653,0.));
#2709 = CARTESIAN_POINT('',(-12.5789844408,31.330883179587,0.));
#2710 = CARTESIAN_POINT('',(-12.71469618892,31.519505695274,0.));
#2711 = CARTESIAN_POINT('',(-12.87236967009,31.725873234477,0.));
#2712 = CARTESIAN_POINT('',(-13.05312671589,31.948858479218,0.));
#2713 = CARTESIAN_POINT('',(-13.25804209983,32.187284499919,0.));
#2714 = CARTESIAN_POINT('',(-13.48814138636,32.439926652072,0.));
#2715 = CARTESIAN_POINT('',(-13.74439910633,32.705514438772,0.));
#2716 = CARTESIAN_POINT('',(-14.02773717047,32.982733371428,0.));
#2717 = CARTESIAN_POINT('',(-14.33902226235,33.270227328213,0.));
#2718 = CARTESIAN_POINT('',(-14.679067922,33.566599137247,0.));
#2719 = CARTESIAN_POINT('',(-15.04861773529,33.87041876273,0.));
#2720 = CARTESIAN_POINT('',(-15.30793981667,34.071358454284,0.));
#2721 = CARTESIAN_POINT('',(-15.44260357921,34.172737594392,0.));
#2722 = SURFACE_OF_LINEAR_EXTRUSION('',#2723,#2746);
#2723 = B_SPLINE_CURVE_WITH_KNOTS('',3,(#2724,#2725,#2726,#2727,#2728,
    #2729,#2730,#2731,#2732,#2733,#2734,#2735,#2736,#2737,#2738,#2739,
    #2740,#2741,#2742,#2743,#2744,#2745),.UNSPECIFIED.,.F.,.F.,(4,1,1,1,
    1,1,1,1,1,1,1,1,1,1,1,1,1,1,1,4),(0.,1.366713726009E-02,
    5.466812833143E-02,0.123003057355,0.218671936353,0.341674769329,
    0.492011558107,0.669682303667,0.874687006597,1.107025667278,
    1.36669828597,1.65370486286,1.968045398084,2.309719891748,
    2.678728343933,3.075070754704,3.498747124111,3.949757452199,
    4.428101739001,4.933779984548),.UNSPECIFIED.);
#2724 = CARTESIAN_POINT('',(-12.13190665901,30.569904517801,0.));
#2725 = CARTESIAN_POINT('',(-12.13363599902,30.574119664981,0.));
#2726 = CARTESIAN_POINT('',(-12.1406840566,30.590924233069,0.));
#2727 = CARTESIAN_POINT('',(-12.15766633819,30.628252276619,0.));
#2728 = CARTESIAN_POINT('',(-12.18751858425,30.689728585738,0.));
#2729 = CARTESIAN_POINT('',(-12.23177797179,30.774560510597,0.));
#2730 = CARTESIAN_POINT('',(-12.29173074257,30.881981508655,0.));
#2731 = CARTESIAN_POINT('',(-12.36873402648,31.011124670665,0.));
#2732 = CARTESIAN_POINT('',(-12.46406674578,31.161081963653,0.));
#2733 = CARTESIAN_POINT('',(-12.5789844408,31.330883179587,0.));
#2734 = CARTESIAN_POINT('',(-12.71469618892,31.519505695274,0.));
#2735 = CARTESIAN_POINT('',(-12.87236967009,31.725873234477,0.));
#2736 = CARTESIAN_POINT('',(-13.05312671589,31.948858479218,0.));
#2737 = CARTESIAN_POINT('',(-13.25804209983,32.187284499919,0.));
#2738 = CARTESIAN_POINT('',(-13.48814138636,32.439926652072,0.));
#2739 = CARTESIAN_POINT('',(-13.74439910633,32.705514438772,0.));
#2740 = CARTESIAN_POINT('',(-14.02773717047,32.982733371428,0.));
#2741 = CARTESIAN_POINT('',(-14.33902226235,33.270227328213,0.));
#2742 = CARTESIAN_POINT('',(-14.679067922,33.566599137247,0.));
#2743 = CARTESIAN_POINT('',(-15.04861773529,33.87041876273,0.));
#2744 = CARTESIAN_POINT('',(-15.30793981667,34.071358454284,0.));
#2745 = CARTESIAN_POINT('',(-15.44260357921,34.172737594392,0.));
#2746 = VECTOR('',#2747,1.);
#2747 = DIRECTION('',(-0.,-0.,-1.));
#2748 = ADVANCED_FACE('',(#2749),#2772,.F.);
#2749 = FACE_BOUND('',#2750,.F.);
#2750 = EDGE_LOOP('',(#2751,#2752,#2759,#2767));
#2751 = ORIENTED_EDGE('',*,*,#2690,.T.);
#2752 = ORIENTED_EDGE('',*,*,#2753,.T.);
#2753 = EDGE_CURVE('',#2664,#2754,#2756,.T.);
#2754 = VERTEX_POINT('',#2755);
#2755 = CARTESIAN_POINT('',(-17.08901624762,33.379867041202,5.));
#2756 = B_SPLINE_CURVE_WITH_KNOTS('',1,(#2757,#2758),.UNSPECIFIED.,.F.,
  .F.,(2,2),(0.,1.827380198213),.PIECEWISE_BEZIER_KNOTS.);
#2757 = CARTESIAN_POINT('',(-15.44260357921,34.172737594392,5.));
#2758 = CARTESIAN_POINT('',(-17.08901624762,33.379867041202,5.));
#2759 = ORIENTED_EDGE('',*,*,#2760,.F.);
#2760 = EDGE_CURVE('',#2761,#2754,#2763,.T.);
#2761 = VERTEX_POINT('',#2762);
#2762 = CARTESIAN_POINT('',(-17.08901624762,33.379867041202,0.));
#2763 = LINE('',#2764,#2765);
#2764 = CARTESIAN_POINT('',(-17.08901624762,33.379867041202,0.));
#2765 = VECTOR('',#2766,1.);
#2766 = DIRECTION('',(0.,0.,1.));
#2767 = ORIENTED_EDGE('',*,*,#2768,.F.);
#2768 = EDGE_CURVE('',#2691,#2761,#2769,.T.);
#2769 = B_SPLINE_CURVE_WITH_KNOTS('',1,(#2770,#2771),.UNSPECIFIED.,.F.,
  .F.,(2,2),(0.,1.827380198213),.PIECEWISE_BEZIER_KNOTS.);
#2770 = CARTESIAN_POINT('',(-15.44260357921,34.172737594392,0.));
#2771 = CARTESIAN_POINT('',(-17.08901624762,33.379867041202,0.));
#2772 = SURFACE_OF_LINEAR_EXTRUSION('',#2773,#2776);
#2773 = B_SPLINE_CURVE_WITH_KNOTS('',1,(#2774,#2775),.UNSPECIFIED.,.F.,
  .F.,(2,2),(0.,1.827380198213),.PIECEWISE_BEZIER_KNOTS.);
#2774 = CARTESIAN_POINT('',(-15.44260357921,34.172737594392,0.));
#2775 = CARTESIAN_POINT('',(-17.08901624762,33.379867041202,0.));
#2776 = VECTOR('',#2777,1.);
#2777 = DIRECTION('',(-0.,-0.,-1.));
#2778 = ADVANCED_FACE('',(#2779),#2842,.F.);
#2779 = FACE_BOUND('',#2780,.F.);
#2780 = EDGE_LOOP('',(#2781,#2782,#2809,#2817));
#2781 = ORIENTED_EDGE('',*,*,#2760,.T.);
#2782 = ORIENTED_EDGE('',*,*,#2783,.T.);
#2783 = EDGE_CURVE('',#2754,#2784,#2786,.T.);
#2784 = VERTEX_POINT('',#2785);
#2785 = CARTESIAN_POINT('',(-16.33639368906,28.545130279021,5.));
#2786 = B_SPLINE_CURVE_WITH_KNOTS('',3,(#2787,#2788,#2789,#2790,#2791,
    #2792,#2793,#2794,#2795,#2796,#2797,#2798,#2799,#2800,#2801,#2802,
    #2803,#2804,#2805,#2806,#2807,#2808),.UNSPECIFIED.,.F.,.F.,(4,1,1,1,
    1,1,1,1,1,1,1,1,1,1,1,1,1,1,1,4),(0.,0.505678245547,0.98402253235,
    1.435032860437,1.858709229845,2.255051640615,2.6240600928,
    2.965734586464,3.280075121689,3.567081698578,3.82675431727,
    4.059092977951,4.264097680881,4.441768426441,4.592105215219,
    4.715108048196,4.810776927193,4.879111856217,4.920112847288,
    4.933779984548),.UNSPECIFIED.);
#2787 = CARTESIAN_POINT('',(-17.08901624762,33.379867041202,5.));
#2788 = CARTESIAN_POINT('',(-17.09371632685,33.211373812119,5.));
#2789 = CARTESIAN_POINT('',(-17.09830002305,32.883343796325,5.));
#2790 = CARTESIAN_POINT('',(-17.09117481472,32.40498967986,5.));
#2791 = CARTESIAN_POINT('',(-17.07147700486,31.954346477184,5.));
#2792 = CARTESIAN_POINT('',(-17.04078825868,31.531724442173,5.));
#2793 = CARTESIAN_POINT('',(-17.00070816306,31.137358646057,5.));
#2794 = CARTESIAN_POINT('',(-16.95283734511,30.771417016449,5.));
#2795 = CARTESIAN_POINT('',(-16.89877831533,30.433998344759,5.));
#2796 = CARTESIAN_POINT('',(-16.84013199823,30.125132853954,5.));
#2797 = CARTESIAN_POINT('',(-16.77849528844,29.844782278807,5.));
#2798 = CARTESIAN_POINT('',(-16.71545845687,29.592840131148,5.));
#2799 = CARTESIAN_POINT('',(-16.65260232674,29.369132198997,5.));
#2800 = CARTESIAN_POINT('',(-16.59149640126,29.173416600658,5.));
#2801 = CARTESIAN_POINT('',(-16.53369404685,29.005385636509,5.));
#2802 = CARTESIAN_POINT('',(-16.48073661927,28.864662600398,5.));
#2803 = CARTESIAN_POINT('',(-16.43413144228,28.750813739951,5.));
#2804 = CARTESIAN_POINT('',(-16.39540244948,28.663318517355,5.));
#2805 = CARTESIAN_POINT('',(-16.36595090656,28.601649239774,5.));
#2806 = CARTESIAN_POINT('',(-16.34735494632,28.565098302899,5.));
#2807 = CARTESIAN_POINT('',(-16.33861099796,28.54911043277,5.));
#2808 = CARTESIAN_POINT('',(-16.33639368906,28.545130279021,5.));
#2809 = ORIENTED_EDGE('',*,*,#2810,.F.);
#2810 = EDGE_CURVE('',#2811,#2784,#2813,.T.);
#2811 = VERTEX_POINT('',#2812);
#2812 = CARTESIAN_POINT('',(-16.33639368906,28.545130279021,0.));
#2813 = LINE('',#2814,#2815);
#2814 = CARTESIAN_POINT('',(-16.33639368906,28.545130279021,0.));
#2815 = VECTOR('',#2816,1.);
#2816 = DIRECTION('',(0.,0.,1.));
#2817 = ORIENTED_EDGE('',*,*,#2818,.F.);
#2818 = EDGE_CURVE('',#2761,#2811,#2819,.T.);
#2819 = B_SPLINE_CURVE_WITH_KNOTS('',3,(#2820,#2821,#2822,#2823,#2824,
    #2825,#2826,#2827,#2828,#2829,#2830,#2831,#2832,#2833,#2834,#2835,
    #2836,#2837,#2838,#2839,#2840,#2841),.UNSPECIFIED.,.F.,.F.,(4,1,1,1,
    1,1,1,1,1,1,1,1,1,1,1,1,1,1,1,4),(0.,0.505678245547,0.98402253235,
    1.435032860437,1.858709229845,2.255051640615,2.6240600928,
    2.965734586464,3.280075121689,3.567081698578,3.82675431727,
    4.059092977951,4.264097680881,4.441768426441,4.592105215219,
    4.715108048196,4.810776927193,4.879111856217,4.920112847288,
    4.933779984548),.UNSPECIFIED.);
#2820 = CARTESIAN_POINT('',(-17.08901624762,33.379867041202,0.));
#2821 = CARTESIAN_POINT('',(-17.09371632685,33.211373812119,0.));
#2822 = CARTESIAN_POINT('',(-17.09830002305,32.883343796325,0.));
#2823 = CARTESIAN_POINT('',(-17.09117481472,32.40498967986,0.));
#2824 = CARTESIAN_POINT('',(-17.07147700486,31.954346477184,0.));
#2825 = CARTESIAN_POINT('',(-17.04078825868,31.531724442173,0.));
#2826 = CARTESIAN_POINT('',(-17.00070816306,31.137358646057,0.));
#2827 = CARTESIAN_POINT('',(-16.95283734511,30.771417016449,0.));
#2828 = CARTESIAN_POINT('',(-16.89877831533,30.433998344759,0.));
#2829 = CARTESIAN_POINT('',(-16.84013199823,30.125132853954,0.));
#2830 = CARTESIAN_POINT('',(-16.77849528844,29.844782278807,0.));
#2831 = CARTESIAN_POINT('',(-16.71545845687,29.592840131148,0.));
#2832 = CARTESIAN_POINT('',(-16.65260232674,29.369132198997,0.));
#2833 = CARTESIAN_POINT('',(-16.59149640126,29.173416600658,0.));
#2834 = CARTESIAN_POINT('',(-16.53369404685,29.005385636509,0.));
#2835 = CARTESIAN_POINT('',(-16.48073661927,28.864662600398,0.));
#2836 = CARTESIAN_POINT('',(-16.43413144228,28.750813739951,0.));
#2837 = CARTESIAN_POINT('',(-16.39540244948,28.663318517355,0.));
#2838 = CARTESIAN_POINT('',(-16.36595090656,28.601649239774,0.));
#2839 = CARTESIAN_POINT('',(-16.34735494632,28.565098302899,0.));
#2840 = CARTESIAN_POINT('',(-16.33861099796,28.54911043277,0.));
#2841 = CARTESIAN_POINT('',(-16.33639368906,28.545130279021,0.));
#2842 = SURFACE_OF_LINEAR_EXTRUSION('',#2843,#2866);
#2843 = B_SPLINE_CURVE_WITH_KNOTS('',3,(#2844,#2845,#2846,#2847,#2848,
    #2849,#2850,#2851,#2852,#2853,#2854,#2855,#2856,#2857,#2858,#2859,
    #2860,#2861,#2862,#2863,#2864,#2865),.UNSPECIFIED.,.F.,.F.,(4,1,1,1,
    1,1,1,1,1,1,1,1,1,1,1,1,1,1,1,4),(0.,0.505678245547,0.98402253235,
    1.435032860437,1.858709229845,2.255051640615,2.6240600928,
    2.965734586464,3.280075121689,3.567081698578,3.82675431727,
    4.059092977951,4.264097680881,4.441768426441,4.592105215219,
    4.715108048196,4.810776927193,4.879111856217,4.920112847288,
    4.933779984548),.UNSPECIFIED.);
#2844 = CARTESIAN_POINT('',(-17.08901624762,33.379867041202,0.));
#2845 = CARTESIAN_POINT('',(-17.09371632685,33.211373812119,0.));
#2846 = CARTESIAN_POINT('',(-17.09830002305,32.883343796325,0.));
#2847 = CARTESIAN_POINT('',(-17.09117481472,32.40498967986,0.));
#2848 = CARTESIAN_POINT('',(-17.07147700486,31.954346477184,0.));
#2849 = CARTESIAN_POINT('',(-17.04078825868,31.531724442173,0.));
#2850 = CARTESIAN_POINT('',(-17.00070816306,31.137358646057,0.));
#2851 = CARTESIAN_POINT('',(-16.95283734511,30.771417016449,0.));
#2852 = CARTESIAN_POINT('',(-16.89877831533,30.433998344759,0.));
#2853 = CARTESIAN_POINT('',(-16.84013199823,30.125132853954,0.));
#2854 = CARTESIAN_POINT('',(-16.77849528844,29.844782278807,0.));
#2855 = CARTESIAN_POINT('',(-16.71545845687,29.592840131148,0.));
#2856 = CARTESIAN_POINT('',(-16.65260232674,29.369132198997,0.));
#2857 = CARTESIAN_POINT('',(-16.59149640126,29.173416600658,0.));
#2858 = CARTESIAN_POINT('',(-16.53369404685,29.005385636509,0.));
#2859 = CARTESIAN_POINT('',(-16.48073661927,28.864662600398,0.));
#2860 = CARTESIAN_POINT('',(-16.43413144228,28.750813739951,0.));
#2861 = CARTESIAN_POINT('',(-16.39540244948,28.663318517355,0.));
#2862 = CARTESIAN_POINT('',(-16.36595090656,28.601649239774,0.));
#2863 = CARTESIAN_POINT('',(-16.34735494632,28.565098302899,0.));
#2864 = CARTESIAN_POINT('',(-16.33861099796,28.54911043277,0.));
#2865 = CARTESIAN_POINT('',(-16.33639368906,28.545130279021,0.));
#2866 = VECTOR('',#2867,1.);
#2867 = DIRECTION('',(-0.,-0.,-1.));
#2868 = ADVANCED_FACE('',(#2869),#2892,.F.);
#2869 = FACE_BOUND('',#2870,.F.);
#2870 = EDGE_LOOP('',(#2871,#2872,#2879,#2887));
#2871 = ORIENTED_EDGE('',*,*,#2810,.T.);
#2872 = ORIENTED_EDGE('',*,*,#2873,.T.);
#2873 = EDGE_CURVE('',#2784,#2874,#2876,.T.);
#2874 = VERTEX_POINT('',#2875);
#2875 = CARTESIAN_POINT('',(-15.83261034575,27.664852695063,5.));
#2876 = B_SPLINE_CURVE_WITH_KNOTS('',1,(#2877,#2878),.UNSPECIFIED.,.F.,
  .F.,(2,2),(0.,1.014241727507),.PIECEWISE_BEZIER_KNOTS.);
#2877 = CARTESIAN_POINT('',(-16.33639368906,28.545130279021,5.));
#2878 = CARTESIAN_POINT('',(-15.83261034575,27.664852695063,5.));
#2879 = ORIENTED_EDGE('',*,*,#2880,.F.);
#2880 = EDGE_CURVE('',#2881,#2874,#2883,.T.);
#2881 = VERTEX_POINT('',#2882);
#2882 = CARTESIAN_POINT('',(-15.83261034575,27.664852695063,0.));
#2883 = LINE('',#2884,#2885);
#2884 = CARTESIAN_POINT('',(-15.83261034575,27.664852695063,0.));
#2885 = VECTOR('',#2886,1.);
#2886 = DIRECTION('',(0.,0.,1.));
#2887 = ORIENTED_EDGE('',*,*,#2888,.F.);
#2888 = EDGE_CURVE('',#2811,#2881,#2889,.T.);
#2889 = B_SPLINE_CURVE_WITH_KNOTS('',1,(#2890,#2891),.UNSPECIFIED.,.F.,
  .F.,(2,2),(0.,1.014241727507),.PIECEWISE_BEZIER_KNOTS.);
#2890 = CARTESIAN_POINT('',(-16.33639368906,28.545130279021,0.));
#2891 = CARTESIAN_POINT('',(-15.83261034575,27.664852695063,0.));
#2892 = SURFACE_OF_LINEAR_EXTRUSION('',#2893,#2896);
#2893 = B_SPLINE_CURVE_WITH_KNOTS('',1,(#2894,#2895),.UNSPECIFIED.,.F.,
  .F.,(2,2),(0.,1.014241727507),.PIECEWISE_BEZIER_KNOTS.);
#2894 = CARTESIAN_POINT('',(-16.33639368906,28.545130279021,0.));
#2895 = CARTESIAN_POINT('',(-15.83261034575,27.664852695063,0.));
#2896 = VECTOR('',#2897,1.);
#2897 = DIRECTION('',(-0.,-0.,-1.));
#2898 = ADVANCED_FACE('',(#2899),#2922,.F.);
#2899 = FACE_BOUND('',#2900,.F.);
#2900 = EDGE_LOOP('',(#2901,#2902,#2909,#2917));
#2901 = ORIENTED_EDGE('',*,*,#2880,.T.);
#2902 = ORIENTED_EDGE('',*,*,#2903,.T.);
#2903 = EDGE_CURVE('',#2874,#2904,#2906,.T.);
#2904 = VERTEX_POINT('',#2905);
#2905 = CARTESIAN_POINT('',(-18.05565883655,26.268018748624,5.));
#2906 = B_SPLINE_CURVE_WITH_KNOTS('',1,(#2907,#2908),.UNSPECIFIED.,.F.,
  .F.,(2,2),(0.,2.625469418288),.PIECEWISE_BEZIER_KNOTS.);
#2907 = CARTESIAN_POINT('',(-15.83261034575,27.664852695063,5.));
#2908 = CARTESIAN_POINT('',(-18.05565883655,26.268018748624,5.));
#2909 = ORIENTED_EDGE('',*,*,#2910,.F.);
#2910 = EDGE_CURVE('',#2911,#2904,#2913,.T.);
#2911 = VERTEX_POINT('',#2912);
#2912 = CARTESIAN_POINT('',(-18.05565883655,26.268018748624,0.));
#2913 = LINE('',#2914,#2915);
#2914 = CARTESIAN_POINT('',(-18.05565883655,26.268018748624,0.));
#2915 = VECTOR('',#2916,1.);
#2916 = DIRECTION('',(0.,0.,1.));
#2917 = ORIENTED_EDGE('',*,*,#2918,.F.);
#2918 = EDGE_CURVE('',#2881,#2911,#2919,.T.);
#2919 = B_SPLINE_CURVE_WITH_KNOTS('',1,(#2920,#2921),.UNSPECIFIED.,.F.,
  .F.,(2,2),(0.,2.625469418288),.PIECEWISE_BEZIER_KNOTS.);
#2920 = CARTESIAN_POINT('',(-15.83261034575,27.664852695063,0.));
#2921 = CARTESIAN_POINT('',(-18.05565883655,26.268018748624,0.));
#2922 = SURFACE_OF_LINEAR_EXTRUSION('',#2923,#2926);
#2923 = B_SPLINE_CURVE_WITH_KNOTS('',1,(#2924,#2925),.UNSPECIFIED.,.F.,
  .F.,(2,2),(0.,2.625469418288),.PIECEWISE_BEZIER_KNOTS.);
#2924 = CARTESIAN_POINT('',(-15.83261034575,27.664852695063,0.));
#2925 = CARTESIAN_POINT('',(-18.05565883655,26.268018748624,0.));
#2926 = VECTOR('',#2927,1.);
#2927 = DIRECTION('',(-0.,-0.,-1.));
#2928 = ADVANCED_FACE('',(#2929),#2952,.F.);
#2929 = FACE_BOUND('',#2930,.F.);
#2930 = EDGE_LOOP('',(#2931,#2932,#2939,#2947));
#2931 = ORIENTED_EDGE('',*,*,#2910,.T.);
#2932 = ORIENTED_EDGE('',*,*,#2933,.T.);
#2933 = EDGE_CURVE('',#2904,#2934,#2936,.T.);
#2934 = VERTEX_POINT('',#2935);
#2935 = CARTESIAN_POINT('',(-18.6301781341,27.103849986703,5.));
#2936 = B_SPLINE_CURVE_WITH_KNOTS('',1,(#2937,#2938),.UNSPECIFIED.,.F.,
  .F.,(2,2),(0.,1.014241727507),.PIECEWISE_BEZIER_KNOTS.);
#2937 = CARTESIAN_POINT('',(-18.05565883655,26.268018748624,5.));
#2938 = CARTESIAN_POINT('',(-18.6301781341,27.103849986703,5.));
#2939 = ORIENTED_EDGE('',*,*,#2940,.F.);
#2940 = EDGE_CURVE('',#2941,#2934,#2943,.T.);
#2941 = VERTEX_POINT('',#2942);
#2942 = CARTESIAN_POINT('',(-18.6301781341,27.103849986703,0.));
#2943 = LINE('',#2944,#2945);
#2944 = CARTESIAN_POINT('',(-18.6301781341,27.103849986703,0.));
#2945 = VECTOR('',#2946,1.);
#2946 = DIRECTION('',(0.,0.,1.));
#2947 = ORIENTED_EDGE('',*,*,#2948,.F.);
#2948 = EDGE_CURVE('',#2911,#2941,#2949,.T.);
#2949 = B_SPLINE_CURVE_WITH_KNOTS('',1,(#2950,#2951),.UNSPECIFIED.,.F.,
  .F.,(2,2),(0.,1.014241727507),.PIECEWISE_BEZIER_KNOTS.);
#2950 = CARTESIAN_POINT('',(-18.05565883655,26.268018748624,0.));
#2951 = CARTESIAN_POINT('',(-18.6301781341,27.103849986703,0.));
#2952 = SURFACE_OF_LINEAR_EXTRUSION('',#2953,#2956);
#2953 = B_SPLINE_CURVE_WITH_KNOTS('',1,(#2954,#2955),.UNSPECIFIED.,.F.,
  .F.,(2,2),(0.,1.014241727507),.PIECEWISE_BEZIER_KNOTS.);
#2954 = CARTESIAN_POINT('',(-18.05565883655,26.268018748624,0.));
#2955 = CARTESIAN_POINT('',(-18.6301781341,27.103849986703,0.));
#2956 = VECTOR('',#2957,1.);
#2957 = DIRECTION('',(-0.,-0.,-1.));
#2958 = ADVANCED_FACE('',(#2959),#3022,.F.);
#2959 = FACE_BOUND('',#2960,.F.);
#2960 = EDGE_LOOP('',(#2961,#2962,#2989,#2997));
#2961 = ORIENTED_EDGE('',*,*,#2940,.T.);
#2962 = ORIENTED_EDGE('',*,*,#2963,.T.);
#2963 = EDGE_CURVE('',#2934,#2964,#2966,.T.);
#2964 = VERTEX_POINT('',#2965);
#2965 = CARTESIAN_POINT('',(-22.65957475148,29.879653145274,5.));
#2966 = B_SPLINE_CURVE_WITH_KNOTS('',3,(#2967,#2968,#2969,#2970,#2971,
    #2972,#2973,#2974,#2975,#2976,#2977,#2978,#2979,#2980,#2981,#2982,
    #2983,#2984,#2985,#2986,#2987,#2988),.UNSPECIFIED.,.F.,.F.,(4,1,1,1,
    1,1,1,1,1,1,1,1,1,1,1,1,1,1,1,4),(0.,1.366713726009E-02,
    5.466812833143E-02,0.123003057355,0.218671936353,0.341674769329,
    0.492011558107,0.669682303667,0.874687006597,1.107025667278,
    1.36669828597,1.65370486286,1.968045398084,2.309719891748,
    2.678728343933,3.075070754704,3.498747124111,3.949757452199,
    4.428101739001,4.933779984548),.UNSPECIFIED.);
#2967 = CARTESIAN_POINT('',(-18.6301781341,27.103849986703,5.));
#2968 = CARTESIAN_POINT('',(-18.63280207444,27.107574636988,5.));
#2969 = CARTESIAN_POINT('',(-18.64341279068,27.122389539115,5.));
#2970 = CARTESIAN_POINT('',(-18.66827556214,27.155002777518,5.));
#2971 = CARTESIAN_POINT('',(-18.71105911579,27.208294997542,5.));
#2972 = CARTESIAN_POINT('',(-18.77308570722,27.281151368679,5.));
#2973 = CARTESIAN_POINT('',(-18.85543875768,27.372538351494,5.));
#2974 = CARTESIAN_POINT('',(-18.95924846552,27.481308782151,5.));
#2975 = CARTESIAN_POINT('',(-19.0855596314,27.606292806985,5.));
#2976 = CARTESIAN_POINT('',(-19.23538042504,27.746265159097,5.));
#2977 = CARTESIAN_POINT('',(-19.40966205464,27.899959809567,5.));
#2978 = CARTESIAN_POINT('',(-19.60930343001,28.066067633413,5.));
#2979 = CARTESIAN_POINT('',(-19.8351474042,28.243239945865,5.));
#2980 = CARTESIAN_POINT('',(-20.08797991244,28.430090165822,5.));
#2981 = CARTESIAN_POINT('',(-20.36852829711,28.625196143608,5.));
#2982 = CARTESIAN_POINT('',(-20.67745994337,28.827102382815,5.));
#2983 = CARTESIAN_POINT('',(-21.01538114648,29.034322207389,5.));
#2984 = CARTESIAN_POINT('',(-21.38283509498,29.245340641069,5.));
#2985 = CARTESIAN_POINT('',(-21.78030403172,29.458614512309,5.));
#2986 = CARTESIAN_POINT('',(-22.20819468646,29.672584175863,5.));
#2987 = CARTESIAN_POINT('',(-22.50572830968,29.810781298081,5.));
#2988 = CARTESIAN_POINT('',(-22.65957475148,29.879653145274,5.));
#2989 = ORIENTED_EDGE('',*,*,#2990,.F.);
#2990 = EDGE_CURVE('',#2991,#2964,#2993,.T.);
#2991 = VERTEX_POINT('',#2992);
#2992 = CARTESIAN_POINT('',(-22.65957475148,29.879653145274,0.));
#2993 = LINE('',#2994,#2995);
#2994 = CARTESIAN_POINT('',(-22.65957475148,29.879653145274,0.));
#2995 = VECTOR('',#2996,1.);
#2996 = DIRECTION('',(0.,0.,1.));
#2997 = ORIENTED_EDGE('',*,*,#2998,.F.);
#2998 = EDGE_CURVE('',#2941,#2991,#2999,.T.);
#2999 = B_SPLINE_CURVE_WITH_KNOTS('',3,(#3000,#3001,#3002,#3003,#3004,
    #3005,#3006,#3007,#3008,#3009,#3010,#3011,#3012,#3013,#3014,#3015,
    #3016,#3017,#3018,#3019,#3020,#3021),.UNSPECIFIED.,.F.,.F.,(4,1,1,1,
    1,1,1,1,1,1,1,1,1,1,1,1,1,1,1,4),(0.,1.366713726009E-02,
    5.466812833143E-02,0.123003057355,0.218671936353,0.341674769329,
    0.492011558107,0.669682303667,0.874687006597,1.107025667278,
    1.36669828597,1.65370486286,1.968045398084,2.309719891748,
    2.678728343933,3.075070754704,3.498747124111,3.949757452199,
    4.428101739001,4.933779984548),.UNSPECIFIED.);
#3000 = CARTESIAN_POINT('',(-18.6301781341,27.103849986703,0.));
#3001 = CARTESIAN_POINT('',(-18.63280207444,27.107574636988,0.));
#3002 = CARTESIAN_POINT('',(-18.64341279068,27.122389539115,0.));
#3003 = CARTESIAN_POINT('',(-18.66827556214,27.155002777518,0.));
#3004 = CARTESIAN_POINT('',(-18.71105911579,27.208294997542,0.));
#3005 = CARTESIAN_POINT('',(-18.77308570722,27.281151368679,0.));
#3006 = CARTESIAN_POINT('',(-18.85543875768,27.372538351494,0.));
#3007 = CARTESIAN_POINT('',(-18.95924846552,27.481308782151,0.));
#3008 = CARTESIAN_POINT('',(-19.0855596314,27.606292806985,0.));
#3009 = CARTESIAN_POINT('',(-19.23538042504,27.746265159097,0.));
#3010 = CARTESIAN_POINT('',(-19.40966205464,27.899959809567,0.));
#3011 = CARTESIAN_POINT('',(-19.60930343001,28.066067633413,0.));
#3012 = CARTESIAN_POINT('',(-19.8351474042,28.243239945865,0.));
#3013 = CARTESIAN_POINT('',(-20.08797991244,28.430090165822,0.));
#3014 = CARTESIAN_POINT('',(-20.36852829711,28.625196143608,0.));
#3015 = CARTESIAN_POINT('',(-20.67745994337,28.827102382815,0.));
#3016 = CARTESIAN_POINT('',(-21.01538114648,29.034322207389,0.));
#3017 = CARTESIAN_POINT('',(-21.38283509498,29.245340641069,0.));
#3018 = CARTESIAN_POINT('',(-21.78030403172,29.458614512309,0.));
#3019 = CARTESIAN_POINT('',(-22.20819468646,29.672584175863,0.));
#3020 = CARTESIAN_POINT('',(-22.50572830968,29.810781298081,0.));
#3021 = CARTESIAN_POINT('',(-22.65957475148,29.879653145274,0.));
#3022 = SURFACE_OF_LINEAR_EXTRUSION('',#3023,#3046);
#3023 = B_SPLINE_CURVE_WITH_KNOTS('',3,(#3024,#3025,#3026,#3027,#3028,
    #3029,#3030,#3031,#3032,#3033,#3034,#3035,#3036,#3037,#3038,#3039,
    #3040,#3041,#3042,#3043,#3044,#3045),.UNSPECIFIED.,.F.,.F.,(4,1,1,1,
    1,1,1,1,1,1,1,1,1,1,1,1,1,1,1,4),(0.,1.366713726009E-02,
    5.466812833143E-02,0.123003057355,0.218671936353,0.341674769329,
    0.492011558107,0.669682303667,0.874687006597,1.107025667278,
    1.36669828597,1.65370486286,1.968045398084,2.309719891748,
    2.678728343933,3.075070754704,3.498747124111,3.949757452199,
    4.428101739001,4.933779984548),.UNSPECIFIED.);
#3024 = CARTESIAN_POINT('',(-18.6301781341,27.103849986703,0.));
#3025 = CARTESIAN_POINT('',(-18.63280207444,27.107574636988,0.));
#3026 = CARTESIAN_POINT('',(-18.64341279068,27.122389539115,0.));
#3027 = CARTESIAN_POINT('',(-18.66827556214,27.155002777518,0.));
#3028 = CARTESIAN_POINT('',(-18.71105911579,27.208294997542,0.));
#3029 = CARTESIAN_POINT('',(-18.77308570722,27.281151368679,0.));
#3030 = CARTESIAN_POINT('',(-18.85543875768,27.372538351494,0.));
#3031 = CARTESIAN_POINT('',(-18.95924846552,27.481308782151,0.));
#3032 = CARTESIAN_POINT('',(-19.0855596314,27.606292806985,0.));
#3033 = CARTESIAN_POINT('',(-19.23538042504,27.746265159097,0.));
#3034 = CARTESIAN_POINT('',(-19.40966205464,27.899959809567,0.));
#3035 = CARTESIAN_POINT('',(-19.60930343001,28.066067633413,0.));
#3036 = CARTESIAN_POINT('',(-19.8351474042,28.243239945865,0.));
#3037 = CARTESIAN_POINT('',(-20.08797991244,28.430090165822,0.));
#3038 = CARTESIAN_POINT('',(-20.36852829711,28.625196143608,0.));
#3039 = CARTESIAN_POINT('',(-20.67745994337,28.827102382815,0.));
#3040 = CARTESIAN_POINT('',(-21.01538114648,29.034322207389,0.));
#3041 = CARTESIAN_POINT('',(-21.38283509498,29.245340641069,0.));
#3042 = CARTESIAN_POINT('',(-21.78030403172,29.458614512309,0.));
#3043 = CARTESIAN_POINT('',(-22.20819468646,29.672584175863,0.));
#3044 = CARTESIAN_POINT('',(-22.50572830968,29.810781298081,0.));
#3045 = CARTESIAN_POINT('',(-22.65957475148,29.879653145274,0.));
#3046 = VECTOR('',#3047,1.);
#3047 = DIRECTION('',(-0.,-0.,-1.));
#3048 = ADVANCED_FACE('',(#3049),#3072,.F.);
#3049 = FACE_BOUND('',#3050,.F.);
#3050 = EDGE_LOOP('',(#3051,#3052,#3059,#3067));
#3051 = ORIENTED_EDGE('',*,*,#2990,.T.);
#3052 = ORIENTED_EDGE('',*,*,#3053,.T.);
#3053 = EDGE_CURVE('',#2964,#3054,#3056,.T.);
#3054 = VERTEX_POINT('',#3055);
#3055 = CARTESIAN_POINT('',(-24.08827812088,28.74030022757,5.));
#3056 = B_SPLINE_CURVE_WITH_KNOTS('',1,(#3057,#3058),.UNSPECIFIED.,.F.,
  .F.,(2,2),(0.,1.827380198213),.PIECEWISE_BEZIER_KNOTS.);
#3057 = CARTESIAN_POINT('',(-22.65957475148,29.879653145274,5.));
#3058 = CARTESIAN_POINT('',(-24.08827812088,28.74030022757,5.));
#3059 = ORIENTED_EDGE('',*,*,#3060,.F.);
#3060 = EDGE_CURVE('',#3061,#3054,#3063,.T.);
#3061 = VERTEX_POINT('',#3062);
#3062 = CARTESIAN_POINT('',(-24.08827812088,28.74030022757,0.));
#3063 = LINE('',#3064,#3065);
#3064 = CARTESIAN_POINT('',(-24.08827812088,28.74030022757,0.));
#3065 = VECTOR('',#3066,1.);
#3066 = DIRECTION('',(0.,0.,1.));
#3067 = ORIENTED_EDGE('',*,*,#3068,.F.);
#3068 = EDGE_CURVE('',#2991,#3061,#3069,.T.);
#3069 = B_SPLINE_CURVE_WITH_KNOTS('',1,(#3070,#3071),.UNSPECIFIED.,.F.,
  .F.,(2,2),(0.,1.827380198213),.PIECEWISE_BEZIER_KNOTS.);
#3070 = CARTESIAN_POINT('',(-22.65957475148,29.879653145274,0.));
#3071 = CARTESIAN_POINT('',(-24.08827812088,28.74030022757,0.));
#3072 = SURFACE_OF_LINEAR_EXTRUSION('',#3073,#3076);
#3073 = B_SPLINE_CURVE_WITH_KNOTS('',1,(#3074,#3075),.UNSPECIFIED.,.F.,
  .F.,(2,2),(0.,1.827380198213),.PIECEWISE_BEZIER_KNOTS.);
#3074 = CARTESIAN_POINT('',(-22.65957475148,29.879653145274,0.));
#3075 = CARTESIAN_POINT('',(-24.08827812088,28.74030022757,0.));
#3076 = VECTOR('',#3077,1.);
#3077 = DIRECTION('',(-0.,-0.,-1.));
#3078 = ADVANCED_FACE('',(#3079),#3142,.F.);
#3079 = FACE_BOUND('',#3080,.F.);
#3080 = EDGE_LOOP('',(#3081,#3082,#3109,#3117));
#3081 = ORIENTED_EDGE('',*,*,#3060,.T.);
#3082 = ORIENTED_EDGE('',*,*,#3083,.T.);
#3083 = EDGE_CURVE('',#3054,#3084,#3086,.T.);
#3084 = VERTEX_POINT('',#3085);
#3085 = CARTESIAN_POINT('',(-22.27869524145,24.194254684716,5.));
#3086 = B_SPLINE_CURVE_WITH_KNOTS('',3,(#3087,#3088,#3089,#3090,#3091,
    #3092,#3093,#3094,#3095,#3096,#3097,#3098,#3099,#3100,#3101,#3102,
    #3103,#3104,#3105,#3106,#3107,#3108),.UNSPECIFIED.,.F.,.F.,(4,1,1,1,
    1,1,1,1,1,1,1,1,1,1,1,1,1,1,1,4),(0.,0.505678245547,0.98402253235,
    1.435032860437,1.858709229845,2.255051640615,2.6240600928,
    2.965734586464,3.280075121689,3.567081698578,3.82675431727,
    4.059092977951,4.264097680881,4.441768426441,4.592105215219,
    4.715108048196,4.810776927193,4.879111856217,4.920112847288,
    4.933779984548),.UNSPECIFIED.);
#3087 = CARTESIAN_POINT('',(-24.08827812088,28.74030022757,5.));
#3088 = CARTESIAN_POINT('',(-24.05536708861,28.574985609504,5.));
#3089 = CARTESIAN_POINT('',(-23.98684231649,28.254160022713,5.));
#3090 = CARTESIAN_POINT('',(-23.87345194726,27.789384750676,5.));
#3091 = CARTESIAN_POINT('',(-23.75397045627,27.354423289,5.));
#3092 = CARTESIAN_POINT('',(-23.6300088911,26.949226159225,5.));
#3093 = CARTESIAN_POINT('',(-23.50317904188,26.573666597292,5.));
#3094 = CARTESIAN_POINT('',(-23.37507877209,26.227552147478,5.));
#3095 = CARTESIAN_POINT('',(-23.24729239709,25.910622532152,5.));
#3096 = CARTESIAN_POINT('',(-23.12138742812,25.62255097731,5.));
#3097 = CARTESIAN_POINT('',(-22.99891220751,25.362944834633,5.));
#3098 = CARTESIAN_POINT('',(-22.88139343892,25.13134641726,5.));
#3099 = CARTESIAN_POINT('',(-22.77033354521,24.92723411481,5.));
#3100 = CARTESIAN_POINT('',(-22.66720885513,24.750022862747,5.));
#3101 = CARTESIAN_POINT('',(-22.57346531934,24.599067019577,5.));
#3102 = CARTESIAN_POINT('',(-22.49052182362,24.47365634003,5.));
#3103 = CARTESIAN_POINT('',(-22.41975138096,24.373032535721,5.));
#3104 = CARTESIAN_POINT('',(-22.36252388622,24.296349012679,5.));
#3105 = CARTESIAN_POINT('',(-22.32008804973,24.242779497477,5.));
#3106 = CARTESIAN_POINT('',(-22.29382498043,24.211282959341,5.));
#3107 = CARTESIAN_POINT('',(-22.28174262532,24.197641650052,5.));
#3108 = CARTESIAN_POINT('',(-22.27869524145,24.194254684716,5.));
#3109 = ORIENTED_EDGE('',*,*,#3110,.F.);
#3110 = EDGE_CURVE('',#3111,#3084,#3113,.T.);
#3111 = VERTEX_POINT('',#3112);
#3112 = CARTESIAN_POINT('',(-22.27869524145,24.194254684716,0.));
#3113 = LINE('',#3114,#3115);
#3114 = CARTESIAN_POINT('',(-22.27869524145,24.194254684716,0.));
#3115 = VECTOR('',#3116,1.);
#3116 = DIRECTION('',(0.,0.,1.));
#3117 = ORIENTED_EDGE('',*,*,#3118,.F.);
#3118 = EDGE_CURVE('',#3061,#3111,#3119,.T.);
#3119 = B_SPLINE_CURVE_WITH_KNOTS('',3,(#3120,#3121,#3122,#3123,#3124,
    #3125,#3126,#3127,#3128,#3129,#3130,#3131,#3132,#3133,#3134,#3135,
    #3136,#3137,#3138,#3139,#3140,#3141),.UNSPECIFIED.,.F.,.F.,(4,1,1,1,
    1,1,1,1,1,1,1,1,1,1,1,1,1,1,1,4),(0.,0.505678245547,0.98402253235,
    1.435032860437,1.858709229845,2.255051640615,2.6240600928,
    2.965734586464,3.280075121689,3.567081698578,3.82675431727,
    4.059092977951,4.264097680881,4.441768426441,4.592105215219,
    4.715108048196,4.810776927193,4.879111856217,4.920112847288,
    4.933779984548),.UNSPECIFIED.);
#3120 = CARTESIAN_POINT('',(-24.08827812088,28.74030022757,0.));
#3121 = CARTESIAN_POINT('',(-24.05536708861,28.574985609504,0.));
#3122 = CARTESIAN_POINT('',(-23.98684231649,28.254160022713,0.));
#3123 = CARTESIAN_POINT('',(-23.87345194726,27.789384750676,0.));
#3124 = CARTESIAN_POINT('',(-23.75397045627,27.354423289,0.));
#3125 = CARTESIAN_POINT('',(-23.6300088911,26.949226159225,0.));
#3126 = CARTESIAN_POINT('',(-23.50317904188,26.573666597292,0.));
#3127 = CARTESIAN_POINT('',(-23.37507877209,26.227552147478,0.));
#3128 = CARTESIAN_POINT('',(-23.24729239709,25.910622532152,0.));
#3129 = CARTESIAN_POINT('',(-23.12138742812,25.62255097731,0.));
#3130 = CARTESIAN_POINT('',(-22.99891220751,25.362944834633,0.));
#3131 = CARTESIAN_POINT('',(-22.88139343892,25.13134641726,0.));
#3132 = CARTESIAN_POINT('',(-22.77033354521,24.92723411481,0.));
#3133 = CARTESIAN_POINT('',(-22.66720885513,24.750022862747,0.));
#3134 = CARTESIAN_POINT('',(-22.57346531934,24.599067019577,0.));
#3135 = CARTESIAN_POINT('',(-22.49052182362,24.47365634003,0.));
#3136 = CARTESIAN_POINT('',(-22.41975138096,24.373032535721,0.));
#3137 = CARTESIAN_POINT('',(-22.36252388622,24.296349012679,0.));
#3138 = CARTESIAN_POINT('',(-22.32008804973,24.242779497477,0.));
#3139 = CARTESIAN_POINT('',(-22.29382498043,24.211282959341,0.));
#3140 = CARTESIAN_POINT('',(-22.28174262532,24.197641650052,0.));
#3141 = CARTESIAN_POINT('',(-22.27869524145,24.194254684716,0.));
#3142 = SURFACE_OF_LINEAR_EXTRUSION('',#3143,#3166);
#3143 = B_SPLINE_CURVE_WITH_KNOTS('',3,(#3144,#3145,#3146,#3147,#3148,
    #3149,#3150,#3151,#3152,#3153,#3154,#3155,#3156,#3157,#3158,#3159,
    #3160,#3161,#3162,#3163,#3164,#3165),.UNSPECIFIED.,.F.,.F.,(4,1,1,1,
    1,1,1,1,1,1,1,1,1,1,1,1,1,1,1,4),(0.,0.505678245547,0.98402253235,
    1.435032860437,1.858709229845,2.255051640615,2.6240600928,
    2.965734586464,3.280075121689,3.567081698578,3.82675431727,
    4.059092977951,4.264097680881,4.441768426441,4.592105215219,
    4.715108048196,4.810776927193,4.879111856217,4.920112847288,
    4.933779984548),.UNSPECIFIED.);
#3144 = CARTESIAN_POINT('',(-24.08827812088,28.74030022757,0.));
#3145 = CARTESIAN_POINT('',(-24.05536708861,28.574985609504,0.));
#3146 = CARTESIAN_POINT('',(-23.98684231649,28.254160022713,0.));
#3147 = CARTESIAN_POINT('',(-23.87345194726,27.789384750676,0.));
#3148 = CARTESIAN_POINT('',(-23.75397045627,27.354423289,0.));
#3149 = CARTESIAN_POINT('',(-23.6300088911,26.949226159225,0.));
#3150 = CARTESIAN_POINT('',(-23.50317904188,26.573666597292,0.));
#3151 = CARTESIAN_POINT('',(-23.37507877209,26.227552147478,0.));
#3152 = CARTESIAN_POINT('',(-23.24729239709,25.910622532152,0.));
#3153 = CARTESIAN_POINT('',(-23.12138742812,25.62255097731,0.));
#3154 = CARTESIAN_POINT('',(-22.99891220751,25.362944834633,0.));
#3155 = CARTESIAN_POINT('',(-22.88139343892,25.13134641726,0.));
#3156 = CARTESIAN_POINT('',(-22.77033354521,24.92723411481,0.));
#3157 = CARTESIAN_POINT('',(-22.66720885513,24.750022862747,0.));
#3158 = CARTESIAN_POINT('',(-22.57346531934,24.599067019577,0.));
#3159 = CARTESIAN_POINT('',(-22.49052182362,24.47365634003,0.));
#3160 = CARTESIAN_POINT('',(-22.41975138096,24.373032535721,0.));
#3161 = CARTESIAN_POINT('',(-22.36252388622,24.296349012679,0.));
#3162 = CARTESIAN_POINT('',(-22.32008804973,24.242779497477,0.));
#3163 = CARTESIAN_POINT('',(-22.29382498043,24.211282959341,0.));
#3164 = CARTESIAN_POINT('',(-22.28174262532,24.197641650052,0.));
#3165 = CARTESIAN_POINT('',(-22.27869524145,24.194254684716,0.));
#3166 = VECTOR('',#3167,1.);
#3167 = DIRECTION('',(-0.,-0.,-1.));
#3168 = ADVANCED_FACE('',(#3169),#3192,.F.);
#3169 = FACE_BOUND('',#3170,.F.);
#3170 = EDGE_LOOP('',(#3171,#3172,#3179,#3187));
#3171 = ORIENTED_EDGE('',*,*,#3110,.T.);
#3172 = ORIENTED_EDGE('',*,*,#3173,.T.);
#3173 = EDGE_CURVE('',#3084,#3174,#3176,.T.);
#3174 = VERTEX_POINT('',#3175);
#3175 = CARTESIAN_POINT('',(-21.59166260824,23.448149837712,5.));
#3176 = B_SPLINE_CURVE_WITH_KNOTS('',1,(#3177,#3178),.UNSPECIFIED.,.F.,
  .F.,(2,2),(0.,1.014241727507),.PIECEWISE_BEZIER_KNOTS.);
#3177 = CARTESIAN_POINT('',(-22.27869524145,24.194254684716,5.));
#3178 = CARTESIAN_POINT('',(-21.59166260824,23.448149837712,5.));
#3179 = ORIENTED_EDGE('',*,*,#3180,.F.);
#3180 = EDGE_CURVE('',#3181,#3174,#3183,.T.);
#3181 = VERTEX_POINT('',#3182);
#3182 = CARTESIAN_POINT('',(-21.59166260824,23.448149837712,0.));
#3183 = LINE('',#3184,#3185);
#3184 = CARTESIAN_POINT('',(-21.59166260824,23.448149837712,0.));
#3185 = VECTOR('',#3186,1.);
#3186 = DIRECTION('',(0.,0.,1.));
#3187 = ORIENTED_EDGE('',*,*,#3188,.F.);
#3188 = EDGE_CURVE('',#3111,#3181,#3189,.T.);
#3189 = B_SPLINE_CURVE_WITH_KNOTS('',1,(#3190,#3191),.UNSPECIFIED.,.F.,
  .F.,(2,2),(0.,1.014241727507),.PIECEWISE_BEZIER_KNOTS.);
#3190 = CARTESIAN_POINT('',(-22.27869524145,24.194254684716,0.));
#3191 = CARTESIAN_POINT('',(-21.59166260824,23.448149837712,0.));
#3192 = SURFACE_OF_LINEAR_EXTRUSION('',#3193,#3196);
#3193 = B_SPLINE_CURVE_WITH_KNOTS('',1,(#3194,#3195),.UNSPECIFIED.,.F.,
  .F.,(2,2),(0.,1.014241727507),.PIECEWISE_BEZIER_KNOTS.);
#3194 = CARTESIAN_POINT('',(-22.27869524145,24.194254684716,0.));
#3195 = CARTESIAN_POINT('',(-21.59166260824,23.448149837712,0.));
#3196 = VECTOR('',#3197,1.);
#3197 = DIRECTION('',(-0.,-0.,-1.));
#3198 = ADVANCED_FACE('',(#3199),#3222,.F.);
#3199 = FACE_BOUND('',#3200,.F.);
#3200 = EDGE_LOOP('',(#3201,#3202,#3209,#3217));
#3201 = ORIENTED_EDGE('',*,*,#3180,.T.);
#3202 = ORIENTED_EDGE('',*,*,#3203,.T.);
#3203 = EDGE_CURVE('',#3174,#3204,#3206,.T.);
#3204 = VERTEX_POINT('',#3205);
#3205 = CARTESIAN_POINT('',(-23.44814983771,21.591662608243,5.));
#3206 = B_SPLINE_CURVE_WITH_KNOTS('',1,(#3207,#3208),.UNSPECIFIED.,.F.,
  .F.,(2,2),(0.,2.625469418288),.PIECEWISE_BEZIER_KNOTS.);
#3207 = CARTESIAN_POINT('',(-21.59166260824,23.448149837712,5.));
#3208 = CARTESIAN_POINT('',(-23.44814983771,21.591662608243,5.));
#3209 = ORIENTED_EDGE('',*,*,#3210,.F.);
#3210 = EDGE_CURVE('',#3211,#3204,#3213,.T.);
#3211 = VERTEX_POINT('',#3212);
#3212 = CARTESIAN_POINT('',(-23.44814983771,21.591662608243,0.));
#3213 = LINE('',#3214,#3215);
#3214 = CARTESIAN_POINT('',(-23.44814983771,21.591662608243,0.));
#3215 = VECTOR('',#3216,1.);
#3216 = DIRECTION('',(0.,0.,1.));
#3217 = ORIENTED_EDGE('',*,*,#3218,.F.);
#3218 = EDGE_CURVE('',#3181,#3211,#3219,.T.);
#3219 = B_SPLINE_CURVE_WITH_KNOTS('',1,(#3220,#3221),.UNSPECIFIED.,.F.,
  .F.,(2,2),(0.,2.625469418288),.PIECEWISE_BEZIER_KNOTS.);
#3220 = CARTESIAN_POINT('',(-21.59166260824,23.448149837712,0.));
#3221 = CARTESIAN_POINT('',(-23.44814983771,21.591662608243,0.));
#3222 = SURFACE_OF_LINEAR_EXTRUSION('',#3223,#3226);
#3223 = B_SPLINE_CURVE_WITH_KNOTS('',1,(#3224,#3225),.UNSPECIFIED.,.F.,
  .F.,(2,2),(0.,2.625469418288),.PIECEWISE_BEZIER_KNOTS.);
#3224 = CARTESIAN_POINT('',(-21.59166260824,23.448149837712,0.));
#3225 = CARTESIAN_POINT('',(-23.44814983771,21.591662608243,0.));
#3226 = VECTOR('',#3227,1.);
#3227 = DIRECTION('',(-0.,-0.,-1.));
#3228 = ADVANCED_FACE('',(#3229),#3252,.F.);
#3229 = FACE_BOUND('',#3230,.F.);
#3230 = EDGE_LOOP('',(#3231,#3232,#3239,#3247));
#3231 = ORIENTED_EDGE('',*,*,#3210,.T.);
#3232 = ORIENTED_EDGE('',*,*,#3233,.T.);
#3233 = EDGE_CURVE('',#3204,#3234,#3236,.T.);
#3234 = VERTEX_POINT('',#3235);
#3235 = CARTESIAN_POINT('',(-24.19425468471,22.278695241452,5.));
#3236 = B_SPLINE_CURVE_WITH_KNOTS('',1,(#3237,#3238),.UNSPECIFIED.,.F.,
  .F.,(2,2),(0.,1.014241727507),.PIECEWISE_BEZIER_KNOTS.);
#3237 = CARTESIAN_POINT('',(-23.44814983771,21.591662608243,5.));
#3238 = CARTESIAN_POINT('',(-24.19425468471,22.278695241452,5.));
#3239 = ORIENTED_EDGE('',*,*,#3240,.F.);
#3240 = EDGE_CURVE('',#3241,#3234,#3243,.T.);
#3241 = VERTEX_POINT('',#3242);
#3242 = CARTESIAN_POINT('',(-24.19425468471,22.278695241452,0.));
#3243 = LINE('',#3244,#3245);
#3244 = CARTESIAN_POINT('',(-24.19425468471,22.278695241452,0.));
#3245 = VECTOR('',#3246,1.);
#3246 = DIRECTION('',(0.,0.,1.));
#3247 = ORIENTED_EDGE('',*,*,#3248,.F.);
#3248 = EDGE_CURVE('',#3211,#3241,#3249,.T.);
#3249 = B_SPLINE_CURVE_WITH_KNOTS('',1,(#3250,#3251),.UNSPECIFIED.,.F.,
  .F.,(2,2),(0.,1.014241727507),.PIECEWISE_BEZIER_KNOTS.);
#3250 = CARTESIAN_POINT('',(-23.44814983771,21.591662608243,0.));
#3251 = CARTESIAN_POINT('',(-24.19425468471,22.278695241452,0.));
#3252 = SURFACE_OF_LINEAR_EXTRUSION('',#3253,#3256);
#3253 = B_SPLINE_CURVE_WITH_KNOTS('',1,(#3254,#3255),.UNSPECIFIED.,.F.,
  .F.,(2,2),(0.,1.014241727507),.PIECEWISE_BEZIER_KNOTS.);
#3254 = CARTESIAN_POINT('',(-23.44814983771,21.591662608243,0.));
#3255 = CARTESIAN_POINT('',(-24.19425468471,22.278695241452,0.));
#3256 = VECTOR('',#3257,1.);
#3257 = DIRECTION('',(-0.,-0.,-1.));
#3258 = ADVANCED_FACE('',(#3259),#3322,.F.);
#3259 = FACE_BOUND('',#3260,.F.);
#3260 = EDGE_LOOP('',(#3261,#3262,#3289,#3297));
#3261 = ORIENTED_EDGE('',*,*,#3240,.T.);
#3262 = ORIENTED_EDGE('',*,*,#3263,.T.);
#3263 = EDGE_CURVE('',#3234,#3264,#3266,.T.);
#3264 = VERTEX_POINT('',#3265);
#3265 = CARTESIAN_POINT('',(-28.74030022757,24.088278120886,5.));
#3266 = B_SPLINE_CURVE_WITH_KNOTS('',3,(#3267,#3268,#3269,#3270,#3271,
    #3272,#3273,#3274,#3275,#3276,#3277,#3278,#3279,#3280,#3281,#3282,
    #3283,#3284,#3285,#3286,#3287,#3288),.UNSPECIFIED.,.F.,.F.,(4,1,1,1,
    1,1,1,1,1,1,1,1,1,1,1,1,1,1,1,4),(0.,1.366713726009E-02,
    5.466812833143E-02,0.123003057355,0.218671936353,0.341674769329,
    0.492011558107,0.669682303667,0.874687006597,1.107025667278,
    1.36669828597,1.65370486286,1.968045398084,2.309719891748,
    2.678728343933,3.075070754704,3.498747124111,3.949757452199,
    4.428101739001,4.933779984548),.UNSPECIFIED.);
#3267 = CARTESIAN_POINT('',(-24.19425468471,22.278695241452,5.));
#3268 = CARTESIAN_POINT('',(-24.19764165005,22.281742625322,5.));
#3269 = CARTESIAN_POINT('',(-24.21128295934,22.293824980434,5.));
#3270 = CARTESIAN_POINT('',(-24.24277949747,22.320088049734,5.));
#3271 = CARTESIAN_POINT('',(-24.29634901267,22.362523886224,5.));
#3272 = CARTESIAN_POINT('',(-24.37303253572,22.419751380968,5.));
#3273 = CARTESIAN_POINT('',(-24.47365634003,22.490521823623,5.));
#3274 = CARTESIAN_POINT('',(-24.59906701957,22.573465319347,5.));
#3275 = CARTESIAN_POINT('',(-24.75002286274,22.667208855135,5.));
#3276 = CARTESIAN_POINT('',(-24.92723411481,22.770333545216,5.));
#3277 = CARTESIAN_POINT('',(-25.13134641726,22.881393438922,5.));
#3278 = CARTESIAN_POINT('',(-25.36294483463,22.998912207517,5.));
#3279 = CARTESIAN_POINT('',(-25.62255097731,23.121387428127,5.));
#3280 = CARTESIAN_POINT('',(-25.91062253215,23.247292397093,5.));
#3281 = CARTESIAN_POINT('',(-26.22755214747,23.375078772094,5.));
#3282 = CARTESIAN_POINT('',(-26.57366659729,23.503179041886,5.));
#3283 = CARTESIAN_POINT('',(-26.94922615922,23.630008891101,5.));
#3284 = CARTESIAN_POINT('',(-27.354423289,23.753970456275,5.));
#3285 = CARTESIAN_POINT('',(-27.78938475067,23.873451947262,5.));
#3286 = CARTESIAN_POINT('',(-28.25416002271,23.986842316498,5.));
#3287 = CARTESIAN_POINT('',(-28.5749856095,24.05536708861,5.));
#3288 = CARTESIAN_POINT('',(-28.74030022757,24.088278120886,5.));
#3289 = ORIENTED_EDGE('',*,*,#3290,.F.);
#3290 = EDGE_CURVE('',#3291,#3264,#3293,.T.);
#3291 = VERTEX_POINT('',#3292);
#3292 = CARTESIAN_POINT('',(-28.74030022757,24.088278120886,0.));
#3293 = LINE('',#3294,#3295);
#3294 = CARTESIAN_POINT('',(-28.74030022757,24.088278120886,0.));
#3295 = VECTOR('',#3296,1.);
#3296 = DIRECTION('',(0.,0.,1.));
#3297 = ORIENTED_EDGE('',*,*,#3298,.F.);
#3298 = EDGE_CURVE('',#3241,#3291,#3299,.T.);
#3299 = B_SPLINE_CURVE_WITH_KNOTS('',3,(#3300,#3301,#3302,#3303,#3304,
    #3305,#3306,#3307,#3308,#3309,#3310,#3311,#3312,#3313,#3314,#3315,
    #3316,#3317,#3318,#3319,#3320,#3321),.UNSPECIFIED.,.F.,.F.,(4,1,1,1,
    1,1,1,1,1,1,1,1,1,1,1,1,1,1,1,4),(0.,1.366713726009E-02,
    5.466812833143E-02,0.123003057355,0.218671936353,0.341674769329,
    0.492011558107,0.669682303667,0.874687006597,1.107025667278,
    1.36669828597,1.65370486286,1.968045398084,2.309719891748,
    2.678728343933,3.075070754704,3.498747124111,3.949757452199,
    4.428101739001,4.933779984548),.UNSPECIFIED.);
#3300 = CARTESIAN_POINT('',(-24.19425468471,22.278695241452,0.));
#3301 = CARTESIAN_POINT('',(-24.19764165005,22.281742625322,0.));
#3302 = CARTESIAN_POINT('',(-24.21128295934,22.293824980434,0.));
#3303 = CARTESIAN_POINT('',(-24.24277949747,22.320088049734,0.));
#3304 = CARTESIAN_POINT('',(-24.29634901267,22.362523886224,0.));
#3305 = CARTESIAN_POINT('',(-24.37303253572,22.419751380968,0.));
#3306 = CARTESIAN_POINT('',(-24.47365634003,22.490521823623,0.));
#3307 = CARTESIAN_POINT('',(-24.59906701957,22.573465319347,0.));
#3308 = CARTESIAN_POINT('',(-24.75002286274,22.667208855135,0.));
#3309 = CARTESIAN_POINT('',(-24.92723411481,22.770333545216,0.));
#3310 = CARTESIAN_POINT('',(-25.13134641726,22.881393438922,0.));
#3311 = CARTESIAN_POINT('',(-25.36294483463,22.998912207517,0.));
#3312 = CARTESIAN_POINT('',(-25.62255097731,23.121387428127,0.));
#3313 = CARTESIAN_POINT('',(-25.91062253215,23.247292397093,0.));
#3314 = CARTESIAN_POINT('',(-26.22755214747,23.375078772094,0.));
#3315 = CARTESIAN_POINT('',(-26.57366659729,23.503179041886,0.));
#3316 = CARTESIAN_POINT('',(-26.94922615922,23.630008891101,0.));
#3317 = CARTESIAN_POINT('',(-27.354423289,23.753970456275,0.));
#3318 = CARTESIAN_POINT('',(-27.78938475067,23.873451947262,0.));
#3319 = CARTESIAN_POINT('',(-28.25416002271,23.986842316498,0.));
#3320 = CARTESIAN_POINT('',(-28.5749856095,24.05536708861,0.));
#3321 = CARTESIAN_POINT('',(-28.74030022757,24.088278120886,0.));
#3322 = SURFACE_OF_LINEAR_EXTRUSION('',#3323,#3346);
#3323 = B_SPLINE_CURVE_WITH_KNOTS('',3,(#3324,#3325,#3326,#3327,#3328,
    #3329,#3330,#3331,#3332,#3333,#3334,#3335,#3336,#3337,#3338,#3339,
    #3340,#3341,#3342,#3343,#3344,#3345),.UNSPECIFIED.,.F.,.F.,(4,1,1,1,
    1,1,1,1,1,1,1,1,1,1,1,1,1,1,1,4),(0.,1.366713726009E-02,
    5.466812833143E-02,0.123003057355,0.218671936353,0.341674769329,
    0.492011558107,0.669682303667,0.874687006597,1.107025667278,
    1.36669828597,1.65370486286,1.968045398084,2.309719891748,
    2.678728343933,3.075070754704,3.498747124111,3.949757452199,
    4.428101739001,4.933779984548),.UNSPECIFIED.);
#3324 = CARTESIAN_POINT('',(-24.19425468471,22.278695241452,0.));
#3325 = CARTESIAN_POINT('',(-24.19764165005,22.281742625322,0.));
#3326 = CARTESIAN_POINT('',(-24.21128295934,22.293824980434,0.));
#3327 = CARTESIAN_POINT('',(-24.24277949747,22.320088049734,0.));
#3328 = CARTESIAN_POINT('',(-24.29634901267,22.362523886224,0.));
#3329 = CARTESIAN_POINT('',(-24.37303253572,22.419751380968,0.));
#3330 = CARTESIAN_POINT('',(-24.47365634003,22.490521823623,0.));
#3331 = CARTESIAN_POINT('',(-24.59906701957,22.573465319347,0.));
#3332 = CARTESIAN_POINT('',(-24.75002286274,22.667208855135,0.));
#3333 = CARTESIAN_POINT('',(-24.92723411481,22.770333545216,0.));
#3334 = CARTESIAN_POINT('',(-25.13134641726,22.881393438922,0.));
#3335 = CARTESIAN_POINT('',(-25.36294483463,22.998912207517,0.));
#3336 = CARTESIAN_POINT('',(-25.62255097731,23.121387428127,0.));
#3337 = CARTESIAN_POINT('',(-25.91062253215,23.247292397093,0.));
#3338 = CARTESIAN_POINT('',(-26.22755214747,23.375078772094,0.));
#3339 = CARTESIAN_POINT('',(-26.57366659729,23.503179041886,0.));
#3340 = CARTESIAN_POINT('',(-26.94922615922,23.630008891101,0.));
#3341 = CARTESIAN_POINT('',(-27.354423289,23.753970456275,0.));
#3342 = CARTESIAN_POINT('',(-27.78938475067,23.873451947262,0.));
#3343 = CARTESIAN_POINT('',(-28.25416002271,23.986842316498,0.));
#3344 = CARTESIAN_POINT('',(-28.5749856095,24.05536708861,0.));
#3345 = CARTESIAN_POINT('',(-28.74030022757,24.088278120886,0.));
#3346 = VECTOR('',#3347,1.);
#3347 = DIRECTION('',(-0.,-0.,-1.));
#3348 = ADVANCED_FACE('',(#3349),#3372,.F.);
#3349 = FACE_BOUND('',#3350,.F.);
#3350 = EDGE_LOOP('',(#3351,#3352,#3359,#3367));
#3351 = ORIENTED_EDGE('',*,*,#3290,.T.);
#3352 = ORIENTED_EDGE('',*,*,#3353,.T.);
#3353 = EDGE_CURVE('',#3264,#3354,#3356,.T.);
#3354 = VERTEX_POINT('',#3355);
#3355 = CARTESIAN_POINT('',(-29.87965314527,22.659574751484,5.));
#3356 = B_SPLINE_CURVE_WITH_KNOTS('',1,(#3357,#3358),.UNSPECIFIED.,.F.,
  .F.,(2,2),(0.,1.827380198213),.PIECEWISE_BEZIER_KNOTS.);
#3357 = CARTESIAN_POINT('',(-28.74030022757,24.088278120886,5.));
#3358 = CARTESIAN_POINT('',(-29.87965314527,22.659574751484,5.));
#3359 = ORIENTED_EDGE('',*,*,#3360,.F.);
#3360 = EDGE_CURVE('',#3361,#3354,#3363,.T.);
#3361 = VERTEX_POINT('',#3362);
#3362 = CARTESIAN_POINT('',(-29.87965314527,22.659574751484,0.));
#3363 = LINE('',#3364,#3365);
#3364 = CARTESIAN_POINT('',(-29.87965314527,22.659574751484,0.));
#3365 = VECTOR('',#3366,1.);
#3366 = DIRECTION('',(0.,0.,1.));
#3367 = ORIENTED_EDGE('',*,*,#3368,.F.);
#3368 = EDGE_CURVE('',#3291,#3361,#3369,.T.);
#3369 = B_SPLINE_CURVE_WITH_KNOTS('',1,(#3370,#3371),.UNSPECIFIED.,.F.,
  .F.,(2,2),(0.,1.827380198213),.PIECEWISE_BEZIER_KNOTS.);
#3370 = CARTESIAN_POINT('',(-28.74030022757,24.088278120886,0.));
#3371 = CARTESIAN_POINT('',(-29.87965314527,22.659574751484,0.));
#3372 = SURFACE_OF_LINEAR_EXTRUSION('',#3373,#3376);
#3373 = B_SPLINE_CURVE_WITH_KNOTS('',1,(#3374,#3375),.UNSPECIFIED.,.F.,
  .F.,(2,2),(0.,1.827380198213),.PIECEWISE_BEZIER_KNOTS.);
#3374 = CARTESIAN_POINT('',(-28.74030022757,24.088278120886,0.));
#3375 = CARTESIAN_POINT('',(-29.87965314527,22.659574751484,0.));
#3376 = VECTOR('',#3377,1.);
#3377 = DIRECTION('',(-0.,-0.,-1.));
#3378 = ADVANCED_FACE('',(#3379),#3442,.F.);
#3379 = FACE_BOUND('',#3380,.F.);
#3380 = EDGE_LOOP('',(#3381,#3382,#3409,#3417));
#3381 = ORIENTED_EDGE('',*,*,#3360,.T.);
#3382 = ORIENTED_EDGE('',*,*,#3383,.T.);
#3383 = EDGE_CURVE('',#3354,#3384,#3386,.T.);
#3384 = VERTEX_POINT('',#3385);
#3385 = CARTESIAN_POINT('',(-27.1038499867,18.630178134109,5.));
#3386 = B_SPLINE_CURVE_WITH_KNOTS('',3,(#3387,#3388,#3389,#3390,#3391,
    #3392,#3393,#3394,#3395,#3396,#3397,#3398,#3399,#3400,#3401,#3402,
    #3403,#3404,#3405,#3406,#3407,#3408),.UNSPECIFIED.,.F.,.F.,(4,1,1,1,
    1,1,1,1,1,1,1,1,1,1,1,1,1,1,1,4),(0.,0.505678245547,0.98402253235,
    1.435032860437,1.858709229845,2.255051640615,2.6240600928,
    2.965734586464,3.280075121689,3.567081698578,3.82675431727,
    4.059092977951,4.264097680881,4.441768426441,4.592105215219,
    4.715108048196,4.810776927193,4.879111856217,4.920112847288,
    4.933779984548),.UNSPECIFIED.);
#3387 = CARTESIAN_POINT('',(-29.87965314527,22.659574751484,5.));
#3388 = CARTESIAN_POINT('',(-29.81078129808,22.50572830968,5.));
#3389 = CARTESIAN_POINT('',(-29.67258417586,22.208194686465,5.));
#3390 = CARTESIAN_POINT('',(-29.4586145123,21.780304031728,5.));
#3391 = CARTESIAN_POINT('',(-29.24534064106,21.382835094982,5.));
#3392 = CARTESIAN_POINT('',(-29.03432220738,21.015381146485,5.));
#3393 = CARTESIAN_POINT('',(-28.82710238281,20.677459943371,5.));
#3394 = CARTESIAN_POINT('',(-28.6251961436,20.368528297112,5.));
#3395 = CARTESIAN_POINT('',(-28.43009016582,20.087979912445,5.));
#3396 = CARTESIAN_POINT('',(-28.24323994586,19.835147404209,5.));
#3397 = CARTESIAN_POINT('',(-28.06606763341,19.609303430015,5.));
#3398 = CARTESIAN_POINT('',(-27.89995980956,19.409662054647,5.));
#3399 = CARTESIAN_POINT('',(-27.74626515909,19.235380425041,5.));
#3400 = CARTESIAN_POINT('',(-27.60629280698,19.085559631403,5.));
#3401 = CARTESIAN_POINT('',(-27.48130878215,18.959248465526,5.));
#3402 = CARTESIAN_POINT('',(-27.37253835149,18.855438757683,5.));
#3403 = CARTESIAN_POINT('',(-27.28115136867,18.773085707228,5.));
#3404 = CARTESIAN_POINT('',(-27.20829499754,18.71105911579,5.));
#3405 = CARTESIAN_POINT('',(-27.15500277751,18.668275562146,5.));
#3406 = CARTESIAN_POINT('',(-27.12238953911,18.643412790689,5.));
#3407 = CARTESIAN_POINT('',(-27.10757463698,18.632802074448,5.));
#3408 = CARTESIAN_POINT('',(-27.1038499867,18.630178134109,5.));
#3409 = ORIENTED_EDGE('',*,*,#3410,.F.);
#3410 = EDGE_CURVE('',#3411,#3384,#3413,.T.);
#3411 = VERTEX_POINT('',#3412);
#3412 = CARTESIAN_POINT('',(-27.1038499867,18.630178134109,0.));
#3413 = LINE('',#3414,#3415);
#3414 = CARTESIAN_POINT('',(-27.1038499867,18.630178134109,0.));
#3415 = VECTOR('',#3416,1.);
#3416 = DIRECTION('',(0.,0.,1.));
#3417 = ORIENTED_EDGE('',*,*,#3418,.F.);
#3418 = EDGE_CURVE('',#3361,#3411,#3419,.T.);
#3419 = B_SPLINE_CURVE_WITH_KNOTS('',3,(#3420,#3421,#3422,#3423,#3424,
    #3425,#3426,#3427,#3428,#3429,#3430,#3431,#3432,#3433,#3434,#3435,
    #3436,#3437,#3438,#3439,#3440,#3441),.UNSPECIFIED.,.F.,.F.,(4,1,1,1,
    1,1,1,1,1,1,1,1,1,1,1,1,1,1,1,4),(0.,0.505678245547,0.98402253235,
    1.435032860437,1.858709229845,2.255051640615,2.6240600928,
    2.965734586464,3.280075121689,3.567081698578,3.82675431727,
    4.059092977951,4.264097680881,4.441768426441,4.592105215219,
    4.715108048196,4.810776927193,4.879111856217,4.920112847288,
    4.933779984548),.UNSPECIFIED.);
#3420 = CARTESIAN_POINT('',(-29.87965314527,22.659574751484,0.));
#3421 = CARTESIAN_POINT('',(-29.81078129808,22.50572830968,0.));
#3422 = CARTESIAN_POINT('',(-29.67258417586,22.208194686465,0.));
#3423 = CARTESIAN_POINT('',(-29.4586145123,21.780304031728,0.));
#3424 = CARTESIAN_POINT('',(-29.24534064106,21.382835094982,0.));
#3425 = CARTESIAN_POINT('',(-29.03432220738,21.015381146485,0.));
#3426 = CARTESIAN_POINT('',(-28.82710238281,20.677459943371,0.));
#3427 = CARTESIAN_POINT('',(-28.6251961436,20.368528297112,0.));
#3428 = CARTESIAN_POINT('',(-28.43009016582,20.087979912445,0.));
#3429 = CARTESIAN_POINT('',(-28.24323994586,19.835147404209,0.));
#3430 = CARTESIAN_POINT('',(-28.06606763341,19.609303430015,0.));
#3431 = CARTESIAN_POINT('',(-27.89995980956,19.409662054647,0.));
#3432 = CARTESIAN_POINT('',(-27.74626515909,19.235380425041,0.));
#3433 = CARTESIAN_POINT('',(-27.60629280698,19.085559631403,0.));
#3434 = CARTESIAN_POINT('',(-27.48130878215,18.959248465526,0.));
#3435 = CARTESIAN_POINT('',(-27.37253835149,18.855438757683,0.));
#3436 = CARTESIAN_POINT('',(-27.28115136867,18.773085707228,0.));
#3437 = CARTESIAN_POINT('',(-27.20829499754,18.71105911579,0.));
#3438 = CARTESIAN_POINT('',(-27.15500277751,18.668275562146,0.));
#3439 = CARTESIAN_POINT('',(-27.12238953911,18.643412790689,0.));
#3440 = CARTESIAN_POINT('',(-27.10757463698,18.632802074448,0.));
#3441 = CARTESIAN_POINT('',(-27.1038499867,18.630178134109,0.));
#3442 = SURFACE_OF_LINEAR_EXTRUSION('',#3443,#3466);
#3443 = B_SPLINE_CURVE_WITH_KNOTS('',3,(#3444,#3445,#3446,#3447,#3448,
    #3449,#3450,#3451,#3452,#3453,#3454,#3455,#3456,#3457,#3458,#3459,
    #3460,#3461,#3462,#3463,#3464,#3465),.UNSPECIFIED.,.F.,.F.,(4,1,1,1,
    1,1,1,1,1,1,1,1,1,1,1,1,1,1,1,4),(0.,0.505678245547,0.98402253235,
    1.435032860437,1.858709229845,2.255051640615,2.6240600928,
    2.965734586464,3.280075121689,3.567081698578,3.82675431727,
    4.059092977951,4.264097680881,4.441768426441,4.592105215219,
    4.715108048196,4.810776927193,4.879111856217,4.920112847288,
    4.933779984548),.UNSPECIFIED.);
#3444 = CARTESIAN_POINT('',(-29.87965314527,22.659574751484,0.));
#3445 = CARTESIAN_POINT('',(-29.81078129808,22.50572830968,0.));
#3446 = CARTESIAN_POINT('',(-29.67258417586,22.208194686465,0.));
#3447 = CARTESIAN_POINT('',(-29.4586145123,21.780304031728,0.));
#3448 = CARTESIAN_POINT('',(-29.24534064106,21.382835094982,0.));
#3449 = CARTESIAN_POINT('',(-29.03432220738,21.015381146485,0.));
#3450 = CARTESIAN_POINT('',(-28.82710238281,20.677459943371,0.));
#3451 = CARTESIAN_POINT('',(-28.6251961436,20.368528297112,0.));
#3452 = CARTESIAN_POINT('',(-28.43009016582,20.087979912445,0.));
#3453 = CARTESIAN_POINT('',(-28.24323994586,19.835147404209,0.));
#3454 = CARTESIAN_POINT('',(-28.06606763341,19.609303430015,0.));
#3455 = CARTESIAN_POINT('',(-27.89995980956,19.409662054647,0.));
#3456 = CARTESIAN_POINT('',(-27.74626515909,19.235380425041,0.));
#3457 = CARTESIAN_POINT('',(-27.60629280698,19.085559631403,0.));
#3458 = CARTESIAN_POINT('',(-27.48130878215,18.959248465526,0.));
#3459 = CARTESIAN_POINT('',(-27.37253835149,18.855438757683,0.));
#3460 = CARTESIAN_POINT('',(-27.28115136867,18.773085707228,0.));
#3461 = CARTESIAN_POINT('',(-27.20829499754,18.71105911579,0.));
#3462 = CARTESIAN_POINT('',(-27.15500277751,18.668275562146,0.));
#3463 = CARTESIAN_POINT('',(-27.12238953911,18.643412790689,0.));
#3464 = CARTESIAN_POINT('',(-27.10757463698,18.632802074448,0.));
#3465 = CARTESIAN_POINT('',(-27.1038499867,18.630178134109,0.));
#3466 = VECTOR('',#3467,1.);
#3467 = DIRECTION('',(-0.,-0.,-1.));
#3468 = ADVANCED_FACE('',(#3469),#3492,.F.);
#3469 = FACE_BOUND('',#3470,.F.);
#3470 = EDGE_LOOP('',(#3471,#3472,#3479,#3487));
#3471 = ORIENTED_EDGE('',*,*,#3410,.T.);
#3472 = ORIENTED_EDGE('',*,*,#3473,.T.);
#3473 = EDGE_CURVE('',#3384,#3474,#3476,.T.);
#3474 = VERTEX_POINT('',#3475);
#3475 = CARTESIAN_POINT('',(-26.26801874862,18.055658836552,5.));
#3476 = B_SPLINE_CURVE_WITH_KNOTS('',1,(#3477,#3478),.UNSPECIFIED.,.F.,
  .F.,(2,2),(0.,1.014241727507),.PIECEWISE_BEZIER_KNOTS.);
#3477 = CARTESIAN_POINT('',(-27.1038499867,18.630178134109,5.));
#3478 = CARTESIAN_POINT('',(-26.26801874862,18.055658836552,5.));
#3479 = ORIENTED_EDGE('',*,*,#3480,.F.);
#3480 = EDGE_CURVE('',#3481,#3474,#3483,.T.);
#3481 = VERTEX_POINT('',#3482);
#3482 = CARTESIAN_POINT('',(-26.26801874862,18.055658836552,0.));
#3483 = LINE('',#3484,#3485);
#3484 = CARTESIAN_POINT('',(-26.26801874862,18.055658836552,0.));
#3485 = VECTOR('',#3486,1.);
#3486 = DIRECTION('',(0.,0.,1.));
#3487 = ORIENTED_EDGE('',*,*,#3488,.F.);
#3488 = EDGE_CURVE('',#3411,#3481,#3489,.T.);
#3489 = B_SPLINE_CURVE_WITH_KNOTS('',1,(#3490,#3491),.UNSPECIFIED.,.F.,
  .F.,(2,2),(0.,1.014241727507),.PIECEWISE_BEZIER_KNOTS.);
#3490 = CARTESIAN_POINT('',(-27.1038499867,18.630178134109,0.));
#3491 = CARTESIAN_POINT('',(-26.26801874862,18.055658836552,0.));
#3492 = SURFACE_OF_LINEAR_EXTRUSION('',#3493,#3496);
#3493 = B_SPLINE_CURVE_WITH_KNOTS('',1,(#3494,#3495),.UNSPECIFIED.,.F.,
  .F.,(2,2),(0.,1.014241727507),.PIECEWISE_BEZIER_KNOTS.);
#3494 = CARTESIAN_POINT('',(-27.1038499867,18.630178134109,0.));
#3495 = CARTESIAN_POINT('',(-26.26801874862,18.055658836552,0.));
#3496 = VECTOR('',#3497,1.);
#3497 = DIRECTION('',(-0.,-0.,-1.));
#3498 = ADVANCED_FACE('',(#3499),#3522,.F.);
#3499 = FACE_BOUND('',#3500,.F.);
#3500 = EDGE_LOOP('',(#3501,#3502,#3509,#3517));
#3501 = ORIENTED_EDGE('',*,*,#3480,.T.);
#3502 = ORIENTED_EDGE('',*,*,#3503,.T.);
#3503 = EDGE_CURVE('',#3474,#3504,#3506,.T.);
#3504 = VERTEX_POINT('',#3505);
#3505 = CARTESIAN_POINT('',(-27.66485269506,15.832610345753,5.));
#3506 = B_SPLINE_CURVE_WITH_KNOTS('',1,(#3507,#3508),.UNSPECIFIED.,.F.,
  .F.,(2,2),(0.,2.625469418288),.PIECEWISE_BEZIER_KNOTS.);
#3507 = CARTESIAN_POINT('',(-26.26801874862,18.055658836552,5.));
#3508 = CARTESIAN_POINT('',(-27.66485269506,15.832610345753,5.));
#3509 = ORIENTED_EDGE('',*,*,#3510,.F.);
#3510 = EDGE_CURVE('',#3511,#3504,#3513,.T.);
#3511 = VERTEX_POINT('',#3512);
#3512 = CARTESIAN_POINT('',(-27.66485269506,15.832610345753,0.));
#3513 = LINE('',#3514,#3515);
#3514 = CARTESIAN_POINT('',(-27.66485269506,15.832610345753,0.));
#3515 = VECTOR('',#3516,1.);
#3516 = DIRECTION('',(0.,0.,1.));
#3517 = ORIENTED_EDGE('',*,*,#3518,.F.);
#3518 = EDGE_CURVE('',#3481,#3511,#3519,.T.);
#3519 = B_SPLINE_CURVE_WITH_KNOTS('',1,(#3520,#3521),.UNSPECIFIED.,.F.,
  .F.,(2,2),(0.,2.625469418288),.PIECEWISE_BEZIER_KNOTS.);
#3520 = CARTESIAN_POINT('',(-26.26801874862,18.055658836552,0.));
#3521 = CARTESIAN_POINT('',(-27.66485269506,15.832610345753,0.));
#3522 = SURFACE_OF_LINEAR_EXTRUSION('',#3523,#3526);
#3523 = B_SPLINE_CURVE_WITH_KNOTS('',1,(#3524,#3525),.UNSPECIFIED.,.F.,
  .F.,(2,2),(0.,2.625469418288),.PIECEWISE_BEZIER_KNOTS.);
#3524 = CARTESIAN_POINT('',(-26.26801874862,18.055658836552,0.));
#3525 = CARTESIAN_POINT('',(-27.66485269506,15.832610345753,0.));
#3526 = VECTOR('',#3527,1.);
#3527 = DIRECTION('',(-0.,-0.,-1.));
#3528 = ADVANCED_FACE('',(#3529),#3552,.F.);
#3529 = FACE_BOUND('',#3530,.F.);
#3530 = EDGE_LOOP('',(#3531,#3532,#3539,#3547));
#3531 = ORIENTED_EDGE('',*,*,#3510,.T.);
#3532 = ORIENTED_EDGE('',*,*,#3533,.T.);
#3533 = EDGE_CURVE('',#3504,#3534,#3536,.T.);
#3534 = VERTEX_POINT('',#3535);
#3535 = CARTESIAN_POINT('',(-28.54513027902,16.336393689064,5.));
#3536 = B_SPLINE_CURVE_WITH_KNOTS('',1,(#3537,#3538),.UNSPECIFIED.,.F.,
  .F.,(2,2),(0.,1.014241727507),.PIECEWISE_BEZIER_KNOTS.);
#3537 = CARTESIAN_POINT('',(-27.66485269506,15.832610345753,5.));
#3538 = CARTESIAN_POINT('',(-28.54513027902,16.336393689064,5.));
#3539 = ORIENTED_EDGE('',*,*,#3540,.F.);
#3540 = EDGE_CURVE('',#3541,#3534,#3543,.T.);
#3541 = VERTEX_POINT('',#3542);
#3542 = CARTESIAN_POINT('',(-28.54513027902,16.336393689064,0.));
#3543 = LINE('',#3544,#3545);
#3544 = CARTESIAN_POINT('',(-28.54513027902,16.336393689064,0.));
#3545 = VECTOR('',#3546,1.);
#3546 = DIRECTION('',(0.,0.,1.));
#3547 = ORIENTED_EDGE('',*,*,#3548,.F.);
#3548 = EDGE_CURVE('',#3511,#3541,#3549,.T.);
#3549 = B_SPLINE_CURVE_WITH_KNOTS('',1,(#3550,#3551),.UNSPECIFIED.,.F.,
  .F.,(2,2),(0.,1.014241727507),.PIECEWISE_BEZIER_KNOTS.);
#3550 = CARTESIAN_POINT('',(-27.66485269506,15.832610345753,0.));
#3551 = CARTESIAN_POINT('',(-28.54513027902,16.336393689064,0.));
#3552 = SURFACE_OF_LINEAR_EXTRUSION('',#3553,#3556);
#3553 = B_SPLINE_CURVE_WITH_KNOTS('',1,(#3554,#3555),.UNSPECIFIED.,.F.,
  .F.,(2,2),(0.,1.014241727507),.PIECEWISE_BEZIER_KNOTS.);
#3554 = CARTESIAN_POINT('',(-27.66485269506,15.832610345753,0.));
#3555 = CARTESIAN_POINT('',(-28.54513027902,16.336393689064,0.));
#3556 = VECTOR('',#3557,1.);
#3557 = DIRECTION('',(-0.,-0.,-1.));
#3558 = ADVANCED_FACE('',(#3559),#3622,.F.);
#3559 = FACE_BOUND('',#3560,.F.);
#3560 = EDGE_LOOP('',(#3561,#3562,#3589,#3597));
#3561 = ORIENTED_EDGE('',*,*,#3540,.T.);
#3562 = ORIENTED_EDGE('',*,*,#3563,.T.);
#3563 = EDGE_CURVE('',#3534,#3564,#3566,.T.);
#3564 = VERTEX_POINT('',#3565);
#3565 = CARTESIAN_POINT('',(-33.3798670412,17.089016247627,5.));
#3566 = B_SPLINE_CURVE_WITH_KNOTS('',3,(#3567,#3568,#3569,#3570,#3571,
    #3572,#3573,#3574,#3575,#3576,#3577,#3578,#3579,#3580,#3581,#3582,
    #3583,#3584,#3585,#3586,#3587,#3588),.UNSPECIFIED.,.F.,.F.,(4,1,1,1,
    1,1,1,1,1,1,1,1,1,1,1,1,1,1,1,4),(0.,1.366713726009E-02,
    5.466812833143E-02,0.123003057355,0.218671936353,0.341674769329,
    0.492011558107,0.669682303667,0.874687006597,1.107025667278,
    1.36669828597,1.65370486286,1.968045398084,2.309719891748,
    2.678728343933,3.075070754704,3.498747124111,3.949757452199,
    4.428101739001,4.933779984548),.UNSPECIFIED.);
#3567 = CARTESIAN_POINT('',(-28.54513027902,16.336393689064,5.));
#3568 = CARTESIAN_POINT('',(-28.54911043277,16.338610997968,5.));
#3569 = CARTESIAN_POINT('',(-28.56509830289,16.347354946328,5.));
#3570 = CARTESIAN_POINT('',(-28.60164923977,16.365950906566,5.));
#3571 = CARTESIAN_POINT('',(-28.66331851735,16.395402449482,5.));
#3572 = CARTESIAN_POINT('',(-28.75081373995,16.434131442287,5.));
#3573 = CARTESIAN_POINT('',(-28.86466260039,16.480736619275,5.));
#3574 = CARTESIAN_POINT('',(-29.0053856365,16.53369404685,5.));
#3575 = CARTESIAN_POINT('',(-29.17341660065,16.591496401268,5.));
#3576 = CARTESIAN_POINT('',(-29.36913219899,16.652602326746,5.));
#3577 = CARTESIAN_POINT('',(-29.59284013114,16.71545845687,5.));
#3578 = CARTESIAN_POINT('',(-29.8447822788,16.778495288443,5.));
#3579 = CARTESIAN_POINT('',(-30.12513285395,16.840131998236,5.));
#3580 = CARTESIAN_POINT('',(-30.43399834475,16.898778315335,5.));
#3581 = CARTESIAN_POINT('',(-30.77141701644,16.952837345118,5.));
#3582 = CARTESIAN_POINT('',(-31.13735864605,17.000708163068,5.));
#3583 = CARTESIAN_POINT('',(-31.53172444217,17.040788258688,5.));
#3584 = CARTESIAN_POINT('',(-31.95434647718,17.07147700486,5.));
#3585 = CARTESIAN_POINT('',(-32.40498967986,17.091174814725,5.));
#3586 = CARTESIAN_POINT('',(-32.88334379632,17.098300023053,5.));
#3587 = CARTESIAN_POINT('',(-33.21137381211,17.093716326851,5.));
#3588 = CARTESIAN_POINT('',(-33.3798670412,17.089016247627,5.));
#3589 = ORIENTED_EDGE('',*,*,#3590,.F.);
#3590 = EDGE_CURVE('',#3591,#3564,#3593,.T.);
#3591 = VERTEX_POINT('',#3592);
#3592 = CARTESIAN_POINT('',(-33.3798670412,17.089016247627,0.));
#3593 = LINE('',#3594,#3595);
#3594 = CARTESIAN_POINT('',(-33.3798670412,17.089016247627,0.));
#3595 = VECTOR('',#3596,1.);
#3596 = DIRECTION('',(0.,0.,1.));
#3597 = ORIENTED_EDGE('',*,*,#3598,.F.);
#3598 = EDGE_CURVE('',#3541,#3591,#3599,.T.);
#3599 = B_SPLINE_CURVE_WITH_KNOTS('',3,(#3600,#3601,#3602,#3603,#3604,
    #3605,#3606,#3607,#3608,#3609,#3610,#3611,#3612,#3613,#3614,#3615,
    #3616,#3617,#3618,#3619,#3620,#3621),.UNSPECIFIED.,.F.,.F.,(4,1,1,1,
    1,1,1,1,1,1,1,1,1,1,1,1,1,1,1,4),(0.,1.366713726009E-02,
    5.466812833143E-02,0.123003057355,0.218671936353,0.341674769329,
    0.492011558107,0.669682303667,0.874687006597,1.107025667278,
    1.36669828597,1.65370486286,1.968045398084,2.309719891748,
    2.678728343933,3.075070754704,3.498747124111,3.949757452199,
    4.428101739001,4.933779984548),.UNSPECIFIED.);
#3600 = CARTESIAN_POINT('',(-28.54513027902,16.336393689064,0.));
#3601 = CARTESIAN_POINT('',(-28.54911043277,16.338610997968,0.));
#3602 = CARTESIAN_POINT('',(-28.56509830289,16.347354946328,0.));
#3603 = CARTESIAN_POINT('',(-28.60164923977,16.365950906566,0.));
#3604 = CARTESIAN_POINT('',(-28.66331851735,16.395402449482,0.));
#3605 = CARTESIAN_POINT('',(-28.75081373995,16.434131442287,0.));
#3606 = CARTESIAN_POINT('',(-28.86466260039,16.480736619275,0.));
#3607 = CARTESIAN_POINT('',(-29.0053856365,16.53369404685,0.));
#3608 = CARTESIAN_POINT('',(-29.17341660065,16.591496401268,0.));
#3609 = CARTESIAN_POINT('',(-29.36913219899,16.652602326746,0.));
#3610 = CARTESIAN_POINT('',(-29.59284013114,16.71545845687,0.));
#3611 = CARTESIAN_POINT('',(-29.8447822788,16.778495288443,0.));
#3612 = CARTESIAN_POINT('',(-30.12513285395,16.840131998236,0.));
#3613 = CARTESIAN_POINT('',(-30.43399834475,16.898778315335,0.));
#3614 = CARTESIAN_POINT('',(-30.77141701644,16.952837345118,0.));
#3615 = CARTESIAN_POINT('',(-31.13735864605,17.000708163068,0.));
#3616 = CARTESIAN_POINT('',(-31.53172444217,17.040788258688,0.));
#3617 = CARTESIAN_POINT('',(-31.95434647718,17.07147700486,0.));
#3618 = CARTESIAN_POINT('',(-32.40498967986,17.091174814725,0.));
#3619 = CARTESIAN_POINT('',(-32.88334379632,17.098300023053,0.));
#3620 = CARTESIAN_POINT('',(-33.21137381211,17.093716326851,0.));
#3621 = CARTESIAN_POINT('',(-33.3798670412,17.089016247627,0.));
#3622 = SURFACE_OF_LINEAR_EXTRUSION('',#3623,#3646);
#3623 = B_SPLINE_CURVE_WITH_KNOTS('',3,(#3624,#3625,#3626,#3627,#3628,
    #3629,#3630,#3631,#3632,#3633,#3634,#3635,#3636,#3637,#3638,#3639,
    #3640,#3641,#3642,#3643,#3644,#3645),.UNSPECIFIED.,.F.,.F.,(4,1,1,1,
    1,1,1,1,1,1,1,1,1,1,1,1,1,1,1,4),(0.,1.366713726009E-02,
    5.466812833143E-02,0.123003057355,0.218671936353,0.341674769329,
    0.492011558107,0.669682303667,0.874687006597,1.107025667278,
    1.36669828597,1.65370486286,1.968045398084,2.309719891748,
    2.678728343933,3.075070754704,3.498747124111,3.949757452199,
    4.428101739001,4.933779984548),.UNSPECIFIED.);
#3624 = CARTESIAN_POINT('',(-28.54513027902,16.336393689064,0.));
#3625 = CARTESIAN_POINT('',(-28.54911043277,16.338610997968,0.));
#3626 = CARTESIAN_POINT('',(-28.56509830289,16.347354946328,0.));
#3627 = CARTESIAN_POINT('',(-28.60164923977,16.365950906566,0.));
#3628 = CARTESIAN_POINT('',(-28.66331851735,16.395402449482,0.));
#3629 = CARTESIAN_POINT('',(-28.75081373995,16.434131442287,0.));
#3630 = CARTESIAN_POINT('',(-28.86466260039,16.480736619275,0.));
#3631 = CARTESIAN_POINT('',(-29.0053856365,16.53369404685,0.));
#3632 = CARTESIAN_POINT('',(-29.17341660065,16.591496401268,0.));
#3633 = CARTESIAN_POINT('',(-29.36913219899,16.652602326746,0.));
#3634 = CARTESIAN_POINT('',(-29.59284013114,16.71545845687,0.));
#3635 = CARTESIAN_POINT('',(-29.8447822788,16.778495288443,0.));
#3636 = CARTESIAN_POINT('',(-30.12513285395,16.840131998236,0.));
#3637 = CARTESIAN_POINT('',(-30.43399834475,16.898778315335,0.));
#3638 = CARTESIAN_POINT('',(-30.77141701644,16.952837345118,0.));
#3639 = CARTESIAN_POINT('',(-31.13735864605,17.000708163068,0.));
#3640 = CARTESIAN_POINT('',(-31.53172444217,17.040788258688,0.));
#3641 = CARTESIAN_POINT('',(-31.95434647718,17.07147700486,0.));
#3642 = CARTESIAN_POINT('',(-32.40498967986,17.091174814725,0.));
#3643 = CARTESIAN_POINT('',(-32.88334379632,17.098300023053,0.));
#3644 = CARTESIAN_POINT('',(-33.21137381211,17.093716326851,0.));
#3645 = CARTESIAN_POINT('',(-33.3798670412,17.089016247627,0.));
#3646 = VECTOR('',#3647,1.);
#3647 = DIRECTION('',(-0.,-0.,-1.));
#3648 = ADVANCED_FACE('',(#3649),#3672,.F.);
#3649 = FACE_BOUND('',#3650,.F.);
#3650 = EDGE_LOOP('',(#3651,#3652,#3659,#3667));
#3651 = ORIENTED_EDGE('',*,*,#3590,.T.);
#3652 = ORIENTED_EDGE('',*,*,#3653,.T.);
#3653 = EDGE_CURVE('',#3564,#3654,#3656,.T.);
#3654 = VERTEX_POINT('',#3655);
#3655 = CARTESIAN_POINT('',(-34.17273759439,15.442603579216,5.));
#3656 = B_SPLINE_CURVE_WITH_KNOTS('',1,(#3657,#3658),.UNSPECIFIED.,.F.,
  .F.,(2,2),(0.,1.827380198213),.PIECEWISE_BEZIER_KNOTS.);
#3657 = CARTESIAN_POINT('',(-33.3798670412,17.089016247627,5.));
#3658 = CARTESIAN_POINT('',(-34.17273759439,15.442603579216,5.));
#3659 = ORIENTED_EDGE('',*,*,#3660,.F.);
#3660 = EDGE_CURVE('',#3661,#3654,#3663,.T.);
#3661 = VERTEX_POINT('',#3662);
#3662 = CARTESIAN_POINT('',(-34.17273759439,15.442603579216,0.));
#3663 = LINE('',#3664,#3665);
#3664 = CARTESIAN_POINT('',(-34.17273759439,15.442603579216,0.));
#3665 = VECTOR('',#3666,1.);
#3666 = DIRECTION('',(0.,0.,1.));
#3667 = ORIENTED_EDGE('',*,*,#3668,.F.);
#3668 = EDGE_CURVE('',#3591,#3661,#3669,.T.);
#3669 = B_SPLINE_CURVE_WITH_KNOTS('',1,(#3670,#3671),.UNSPECIFIED.,.F.,
  .F.,(2,2),(0.,1.827380198213),.PIECEWISE_BEZIER_KNOTS.);
#3670 = CARTESIAN_POINT('',(-33.3798670412,17.089016247627,0.));
#3671 = CARTESIAN_POINT('',(-34.17273759439,15.442603579216,0.));
#3672 = SURFACE_OF_LINEAR_EXTRUSION('',#3673,#3676);
#3673 = B_SPLINE_CURVE_WITH_KNOTS('',1,(#3674,#3675),.UNSPECIFIED.,.F.,
  .F.,(2,2),(0.,1.827380198213),.PIECEWISE_BEZIER_KNOTS.);
#3674 = CARTESIAN_POINT('',(-33.3798670412,17.089016247627,0.));
#3675 = CARTESIAN_POINT('',(-34.17273759439,15.442603579216,0.));
#3676 = VECTOR('',#3677,1.);
#3677 = DIRECTION('',(-0.,-0.,-1.));
#3678 = ADVANCED_FACE('',(#3679),#3742,.F.);
#3679 = FACE_BOUND('',#3680,.F.);
#3680 = EDGE_LOOP('',(#3681,#3682,#3709,#3717));
#3681 = ORIENTED_EDGE('',*,*,#3660,.T.);
#3682 = ORIENTED_EDGE('',*,*,#3683,.T.);
#3683 = EDGE_CURVE('',#3654,#3684,#3686,.T.);
#3684 = VERTEX_POINT('',#3685);
#3685 = CARTESIAN_POINT('',(-30.5699045178,12.13190665901,5.));
#3686 = B_SPLINE_CURVE_WITH_KNOTS('',3,(#3687,#3688,#3689,#3690,#3691,
    #3692,#3693,#3694,#3695,#3696,#3697,#3698,#3699,#3700,#3701,#3702,
    #3703,#3704,#3705,#3706,#3707,#3708),.UNSPECIFIED.,.F.,.F.,(4,1,1,1,
    1,1,1,1,1,1,1,1,1,1,1,1,1,1,1,4),(0.,0.505678245547,0.98402253235,
    1.435032860437,1.858709229845,2.255051640615,2.6240600928,
    2.965734586464,3.280075121689,3.567081698578,3.82675431727,
    4.059092977951,4.264097680881,4.441768426441,4.592105215219,
    4.715108048196,4.810776927193,4.879111856217,4.920112847288,
    4.933779984548),.UNSPECIFIED.);
#3687 = CARTESIAN_POINT('',(-34.17273759439,15.442603579216,5.));
#3688 = CARTESIAN_POINT('',(-34.07135845428,15.307939816671,5.));
#3689 = CARTESIAN_POINT('',(-33.87041876273,15.048617735292,5.));
#3690 = CARTESIAN_POINT('',(-33.56659913724,14.679067922,5.));
#3691 = CARTESIAN_POINT('',(-33.27022732821,14.339022262357,5.));
#3692 = CARTESIAN_POINT('',(-32.98273337142,14.027737170471,5.));
#3693 = CARTESIAN_POINT('',(-32.70551443877,13.744399106335,5.));
#3694 = CARTESIAN_POINT('',(-32.43992665207,13.488141386361,5.));
#3695 = CARTESIAN_POINT('',(-32.18728449991,13.25804209983,5.));
#3696 = CARTESIAN_POINT('',(-31.94885847921,13.053126715898,5.));
#3697 = CARTESIAN_POINT('',(-31.72587323447,12.872369670096,5.));
#3698 = CARTESIAN_POINT('',(-31.51950569527,12.714696188923,5.));
#3699 = CARTESIAN_POINT('',(-31.33088317958,12.578984440806,5.));
#3700 = CARTESIAN_POINT('',(-31.16108196365,12.464066745783,5.));
#3701 = CARTESIAN_POINT('',(-31.01112467066,12.368734026485,5.));
#3702 = CARTESIAN_POINT('',(-30.88198150865,12.291730742571,5.));
#3703 = CARTESIAN_POINT('',(-30.77456051059,12.231777971796,5.));
#3704 = CARTESIAN_POINT('',(-30.68972858573,12.187518584255,5.));
#3705 = CARTESIAN_POINT('',(-30.62825227661,12.157666338198,5.));
#3706 = CARTESIAN_POINT('',(-30.59092423306,12.1406840566,5.));
#3707 = CARTESIAN_POINT('',(-30.57411966498,12.133635999026,5.));
#3708 = CARTESIAN_POINT('',(-30.5699045178,12.13190665901,5.));
#3709 = ORIENTED_EDGE('',*,*,#3710,.F.);
#3710 = EDGE_CURVE('',#3711,#3684,#3713,.T.);
#3711 = VERTEX_POINT('',#3712);
#3712 = CARTESIAN_POINT('',(-30.5699045178,12.13190665901,0.));
#3713 = LINE('',#3714,#3715);
#3714 = CARTESIAN_POINT('',(-30.5699045178,12.13190665901,0.));
#3715 = VECTOR('',#3716,1.);
#3716 = DIRECTION('',(0.,0.,1.));
#3717 = ORIENTED_EDGE('',*,*,#3718,.F.);
#3718 = EDGE_CURVE('',#3661,#3711,#3719,.T.);
#3719 = B_SPLINE_CURVE_WITH_KNOTS('',3,(#3720,#3721,#3722,#3723,#3724,
    #3725,#3726,#3727,#3728,#3729,#3730,#3731,#3732,#3733,#3734,#3735,
    #3736,#3737,#3738,#3739,#3740,#3741),.UNSPECIFIED.,.F.,.F.,(4,1,1,1,
    1,1,1,1,1,1,1,1,1,1,1,1,1,1,1,4),(0.,0.505678245547,0.98402253235,
    1.435032860437,1.858709229845,2.255051640615,2.6240600928,
    2.965734586464,3.280075121689,3.567081698578,3.82675431727,
    4.059092977951,4.264097680881,4.441768426441,4.592105215219,
    4.715108048196,4.810776927193,4.879111856217,4.920112847288,
    4.933779984548),.UNSPECIFIED.);
#3720 = CARTESIAN_POINT('',(-34.17273759439,15.442603579216,0.));
#3721 = CARTESIAN_POINT('',(-34.07135845428,15.307939816671,0.));
#3722 = CARTESIAN_POINT('',(-33.87041876273,15.048617735292,0.));
#3723 = CARTESIAN_POINT('',(-33.56659913724,14.679067922,0.));
#3724 = CARTESIAN_POINT('',(-33.27022732821,14.339022262357,0.));
#3725 = CARTESIAN_POINT('',(-32.98273337142,14.027737170471,0.));
#3726 = CARTESIAN_POINT('',(-32.70551443877,13.744399106335,0.));
#3727 = CARTESIAN_POINT('',(-32.43992665207,13.488141386361,0.));
#3728 = CARTESIAN_POINT('',(-32.18728449991,13.25804209983,0.));
#3729 = CARTESIAN_POINT('',(-31.94885847921,13.053126715898,0.));
#3730 = CARTESIAN_POINT('',(-31.72587323447,12.872369670096,0.));
#3731 = CARTESIAN_POINT('',(-31.51950569527,12.714696188923,0.));
#3732 = CARTESIAN_POINT('',(-31.33088317958,12.578984440806,0.));
#3733 = CARTESIAN_POINT('',(-31.16108196365,12.464066745783,0.));
#3734 = CARTESIAN_POINT('',(-31.01112467066,12.368734026485,0.));
#3735 = CARTESIAN_POINT('',(-30.88198150865,12.291730742571,0.));
#3736 = CARTESIAN_POINT('',(-30.77456051059,12.231777971796,0.));
#3737 = CARTESIAN_POINT('',(-30.68972858573,12.187518584255,0.));
#3738 = CARTESIAN_POINT('',(-30.62825227661,12.157666338198,0.));
#3739 = CARTESIAN_POINT('',(-30.59092423306,12.1406840566,0.));
#3740 = CARTESIAN_POINT('',(-30.57411966498,12.133635999026,0.));
#3741 = CARTESIAN_POINT('',(-30.5699045178,12.13190665901,0.));
#3742 = SURFACE_OF_LINEAR_EXTRUSION('',#3743,#3766);
#3743 = B_SPLINE_CURVE_WITH_KNOTS('',3,(#3744,#3745,#3746,#3747,#3748,
    #3749,#3750,#3751,#3752,#3753,#3754,#3755,#3756,#3757,#3758,#3759,
    #3760,#3761,#3762,#3763,#3764,#3765),.UNSPECIFIED.,.F.,.F.,(4,1,1,1,
    1,1,1,1,1,1,1,1,1,1,1,1,1,1,1,4),(0.,0.505678245547,0.98402253235,
    1.435032860437,1.858709229845,2.255051640615,2.6240600928,
    2.965734586464,3.280075121689,3.567081698578,3.82675431727,
    4.059092977951,4.264097680881,4.441768426441,4.592105215219,
    4.715108048196,4.810776927193,4.879111856217,4.920112847288,
    4.933779984548),.UNSPECIFIED.);
#3744 = CARTESIAN_POINT('',(-34.17273759439,15.442603579216,0.));
#3745 = CARTESIAN_POINT('',(-34.07135845428,15.307939816671,0.));
#3746 = CARTESIAN_POINT('',(-33.87041876273,15.048617735292,0.));
#3747 = CARTESIAN_POINT('',(-33.56659913724,14.679067922,0.));
#3748 = CARTESIAN_POINT('',(-33.27022732821,14.339022262357,0.));
#3749 = CARTESIAN_POINT('',(-32.98273337142,14.027737170471,0.));
#3750 = CARTESIAN_POINT('',(-32.70551443877,13.744399106335,0.));
#3751 = CARTESIAN_POINT('',(-32.43992665207,13.488141386361,0.));
#3752 = CARTESIAN_POINT('',(-32.18728449991,13.25804209983,0.));
#3753 = CARTESIAN_POINT('',(-31.94885847921,13.053126715898,0.));
#3754 = CARTESIAN_POINT('',(-31.72587323447,12.872369670096,0.));
#3755 = CARTESIAN_POINT('',(-31.51950569527,12.714696188923,0.));
#3756 = CARTESIAN_POINT('',(-31.33088317958,12.578984440806,0.));
#3757 = CARTESIAN_POINT('',(-31.16108196365,12.464066745783,0.));
#3758 = CARTESIAN_POINT('',(-31.01112467066,12.368734026485,0.));
#3759 = CARTESIAN_POINT('',(-30.88198150865,12.291730742571,0.));
#3760 = CARTESIAN_POINT('',(-30.77456051059,12.231777971796,0.));
#3761 = CARTESIAN_POINT('',(-30.68972858573,12.187518584255,0.));
#3762 = CARTESIAN_POINT('',(-30.62825227661,12.157666338198,0.));
#3763 = CARTESIAN_POINT('',(-30.59092423306,12.1406840566,0.));
#3764 = CARTESIAN_POINT('',(-30.57411966498,12.133635999026,0.));
#3765 = CARTESIAN_POINT('',(-30.5699045178,12.13190665901,0.));
#3766 = VECTOR('',#3767,1.);
#3767 = DIRECTION('',(-0.,-0.,-1.));
#3768 = ADVANCED_FACE('',(#3769),#3792,.F.);
#3769 = FACE_BOUND('',#3770,.F.);
#3770 = EDGE_LOOP('',(#3771,#3772,#3779,#3787));
#3771 = ORIENTED_EDGE('',*,*,#3710,.T.);
#3772 = ORIENTED_EDGE('',*,*,#3773,.T.);
#3773 = EDGE_CURVE('',#3684,#3774,#3776,.T.);
#3774 = VERTEX_POINT('',#3775);
#3775 = CARTESIAN_POINT('',(-29.62718674325,11.757781707461,5.));
#3776 = B_SPLINE_CURVE_WITH_KNOTS('',1,(#3777,#3778),.UNSPECIFIED.,.F.,
  .F.,(2,2),(0.,1.014241727507),.PIECEWISE_BEZIER_KNOTS.);
#3777 = CARTESIAN_POINT('',(-30.5699045178,12.13190665901,5.));
#3778 = CARTESIAN_POINT('',(-29.62718674325,11.757781707461,5.));
#3779 = ORIENTED_EDGE('',*,*,#3780,.F.);
#3780 = EDGE_CURVE('',#3781,#3774,#3783,.T.);
#3781 = VERTEX_POINT('',#3782);
#3782 = CARTESIAN_POINT('',(-29.62718674325,11.757781707461,0.));
#3783 = LINE('',#3784,#3785);
#3784 = CARTESIAN_POINT('',(-29.62718674325,11.757781707461,0.));
#3785 = VECTOR('',#3786,1.);
#3786 = DIRECTION('',(0.,0.,1.));
#3787 = ORIENTED_EDGE('',*,*,#3788,.F.);
#3788 = EDGE_CURVE('',#3711,#3781,#3789,.T.);
#3789 = B_SPLINE_CURVE_WITH_KNOTS('',1,(#3790,#3791),.UNSPECIFIED.,.F.,
  .F.,(2,2),(0.,1.014241727507),.PIECEWISE_BEZIER_KNOTS.);
#3790 = CARTESIAN_POINT('',(-30.5699045178,12.13190665901,0.));
#3791 = CARTESIAN_POINT('',(-29.62718674325,11.757781707461,0.));
#3792 = SURFACE_OF_LINEAR_EXTRUSION('',#3793,#3796);
#3793 = B_SPLINE_CURVE_WITH_KNOTS('',1,(#3794,#3795),.UNSPECIFIED.,.F.,
  .F.,(2,2),(0.,1.014241727507),.PIECEWISE_BEZIER_KNOTS.);
#3794 = CARTESIAN_POINT('',(-30.5699045178,12.13190665901,0.));
#3795 = CARTESIAN_POINT('',(-29.62718674325,11.757781707461,0.));
#3796 = VECTOR('',#3797,1.);
#3797 = DIRECTION('',(-0.,-0.,-1.));
#3798 = ADVANCED_FACE('',(#3799),#3822,.F.);
#3799 = FACE_BOUND('',#3800,.F.);
#3800 = EDGE_LOOP('',(#3801,#3802,#3809,#3817));
#3801 = ORIENTED_EDGE('',*,*,#3780,.T.);
#3802 = ORIENTED_EDGE('',*,*,#3803,.T.);
#3803 = EDGE_CURVE('',#3774,#3804,#3806,.T.);
#3804 = VERTEX_POINT('',#3805);
#3805 = CARTESIAN_POINT('',(-30.49432431991,9.279644889304,5.));
#3806 = B_SPLINE_CURVE_WITH_KNOTS('',1,(#3807,#3808),.UNSPECIFIED.,.F.,
  .F.,(2,2),(0.,2.625469418288),.PIECEWISE_BEZIER_KNOTS.);
#3807 = CARTESIAN_POINT('',(-29.62718674325,11.757781707461,5.));
#3808 = CARTESIAN_POINT('',(-30.49432431991,9.279644889304,5.));
#3809 = ORIENTED_EDGE('',*,*,#3810,.F.);
#3810 = EDGE_CURVE('',#3811,#3804,#3813,.T.);
#3811 = VERTEX_POINT('',#3812);
#3812 = CARTESIAN_POINT('',(-30.49432431991,9.279644889304,0.));
#3813 = LINE('',#3814,#3815);
#3814 = CARTESIAN_POINT('',(-30.49432431991,9.279644889304,0.));
#3815 = VECTOR('',#3816,1.);
#3816 = DIRECTION('',(0.,0.,1.));
#3817 = ORIENTED_EDGE('',*,*,#3818,.F.);
#3818 = EDGE_CURVE('',#3781,#3811,#3819,.T.);
#3819 = B_SPLINE_CURVE_WITH_KNOTS('',1,(#3820,#3821),.UNSPECIFIED.,.F.,
  .F.,(2,2),(0.,2.625469418288),.PIECEWISE_BEZIER_KNOTS.);
#3820 = CARTESIAN_POINT('',(-29.62718674325,11.757781707461,0.));
#3821 = CARTESIAN_POINT('',(-30.49432431991,9.279644889304,0.));
#3822 = SURFACE_OF_LINEAR_EXTRUSION('',#3823,#3826);
#3823 = B_SPLINE_CURVE_WITH_KNOTS('',1,(#3824,#3825),.UNSPECIFIED.,.F.,
  .F.,(2,2),(0.,2.625469418288),.PIECEWISE_BEZIER_KNOTS.);
#3824 = CARTESIAN_POINT('',(-29.62718674325,11.757781707461,0.));
#3825 = CARTESIAN_POINT('',(-30.49432431991,9.279644889304,0.));
#3826 = VECTOR('',#3827,1.);
#3827 = DIRECTION('',(-0.,-0.,-1.));
#3828 = ADVANCED_FACE('',(#3829),#3852,.F.);
#3829 = FACE_BOUND('',#3830,.F.);
#3830 = EDGE_LOOP('',(#3831,#3832,#3839,#3847));
#3831 = ORIENTED_EDGE('',*,*,#3810,.T.);
#3832 = ORIENTED_EDGE('',*,*,#3833,.T.);
#3833 = EDGE_CURVE('',#3804,#3834,#3836,.T.);
#3834 = VERTEX_POINT('',#3835);
#3835 = CARTESIAN_POINT('',(-31.46463384705,9.574917142267,5.));
#3836 = B_SPLINE_CURVE_WITH_KNOTS('',1,(#3837,#3838),.UNSPECIFIED.,.F.,
  .F.,(2,2),(0.,1.014241727507),.PIECEWISE_BEZIER_KNOTS.);
#3837 = CARTESIAN_POINT('',(-30.49432431991,9.279644889304,5.));
#3838 = CARTESIAN_POINT('',(-31.46463384705,9.574917142267,5.));
#3839 = ORIENTED_EDGE('',*,*,#3840,.F.);
#3840 = EDGE_CURVE('',#3841,#3834,#3843,.T.);
#3841 = VERTEX_POINT('',#3842);
#3842 = CARTESIAN_POINT('',(-31.46463384705,9.574917142267,0.));
#3843 = LINE('',#3844,#3845);
#3844 = CARTESIAN_POINT('',(-31.46463384705,9.574917142267,0.));
#3845 = VECTOR('',#3846,1.);
#3846 = DIRECTION('',(0.,0.,1.));
#3847 = ORIENTED_EDGE('',*,*,#3848,.F.);
#3848 = EDGE_CURVE('',#3811,#3841,#3849,.T.);
#3849 = B_SPLINE_CURVE_WITH_KNOTS('',1,(#3850,#3851),.UNSPECIFIED.,.F.,
  .F.,(2,2),(0.,1.014241727507),.PIECEWISE_BEZIER_KNOTS.);
#3850 = CARTESIAN_POINT('',(-30.49432431991,9.279644889304,0.));
#3851 = CARTESIAN_POINT('',(-31.46463384705,9.574917142267,0.));
#3852 = SURFACE_OF_LINEAR_EXTRUSION('',#3853,#3856);
#3853 = B_SPLINE_CURVE_WITH_KNOTS('',1,(#3854,#3855),.UNSPECIFIED.,.F.,
  .F.,(2,2),(0.,1.014241727507),.PIECEWISE_BEZIER_KNOTS.);
#3854 = CARTESIAN_POINT('',(-30.49432431991,9.279644889304,0.));
#3855 = CARTESIAN_POINT('',(-31.46463384705,9.574917142267,0.));
#3856 = VECTOR('',#3857,1.);
#3857 = DIRECTION('',(-0.,-0.,-1.));
#3858 = ADVANCED_FACE('',(#3859),#3922,.F.);
#3859 = FACE_BOUND('',#3860,.F.);
#3860 = EDGE_LOOP('',(#3861,#3862,#3889,#3897));
#3861 = ORIENTED_EDGE('',*,*,#3840,.T.);
#3862 = ORIENTED_EDGE('',*,*,#3863,.T.);
#3863 = EDGE_CURVE('',#3834,#3864,#3866,.T.);
#3864 = VERTEX_POINT('',#3865);
#3865 = CARTESIAN_POINT('',(-36.3456279392,9.232839742194,5.));
#3866 = B_SPLINE_CURVE_WITH_KNOTS('',3,(#3867,#3868,#3869,#3870,#3871,
    #3872,#3873,#3874,#3875,#3876,#3877,#3878,#3879,#3880,#3881,#3882,
    #3883,#3884,#3885,#3886,#3887,#3888),.UNSPECIFIED.,.F.,.F.,(4,1,1,1,
    1,1,1,1,1,1,1,1,1,1,1,1,1,1,1,4),(0.,1.366713726009E-02,
    5.466812833143E-02,0.123003057355,0.218671936353,0.341674769329,
    0.492011558107,0.669682303667,0.874687006597,1.107025667278,
    1.36669828597,1.65370486286,1.968045398084,2.309719891748,
    2.678728343933,3.075070754704,3.498747124111,3.949757452199,
    4.428101739001,4.933779984548),.UNSPECIFIED.);
#3867 = CARTESIAN_POINT('',(-31.46463384705,9.574917142267,5.));
#3868 = CARTESIAN_POINT('',(-31.46900760768,9.576193191078,5.));
#3869 = CARTESIAN_POINT('',(-31.48654034008,9.581160274604,5.));
#3870 = CARTESIAN_POINT('',(-31.5263128591,9.591156646683,5.));
#3871 = CARTESIAN_POINT('',(-31.59298954397,9.606147072685,5.));
#3872 = CARTESIAN_POINT('',(-31.68690909031,9.624435530132,5.));
#3873 = CARTESIAN_POINT('',(-31.80827414964,9.644538463274,5.));
#3874 = CARTESIAN_POINT('',(-31.95725310168,9.664854316149,5.));
#3875 = CARTESIAN_POINT('',(-32.13393341263,9.683817037785,5.));
#3876 = CARTESIAN_POINT('',(-32.33833935991,9.699840092402,5.));
#3877 = CARTESIAN_POINT('',(-32.57042527192,9.711340590116,5.));
#3878 = CARTESIAN_POINT('',(-32.83007771856,9.716734554711,5.));
#3879 = CARTESIAN_POINT('',(-33.1171147777,9.714442031687,5.));
#3880 = CARTESIAN_POINT('',(-33.43128639905,9.702888925692,5.));
#3881 = CARTESIAN_POINT('',(-33.77227454596,9.680509864775,5.));
#3882 = CARTESIAN_POINT('',(-34.13969351402,9.64575078818,5.));
#3883 = CARTESIAN_POINT('',(-34.53309039657,9.59707134685,5.));
#3884 = CARTESIAN_POINT('',(-34.95194530327,9.532948412142,5.));
#3885 = CARTESIAN_POINT('',(-35.39567311504,9.451874810447,5.));
#3886 = CARTESIAN_POINT('',(-35.8636194031,9.352377570169,5.));
#3887 = CARTESIAN_POINT('',(-36.18240505317,9.27491525132,5.));
#3888 = CARTESIAN_POINT('',(-36.3456279392,9.232839742194,5.));
#3889 = ORIENTED_EDGE('',*,*,#3890,.F.);
#3890 = EDGE_CURVE('',#3891,#3864,#3893,.T.);
#3891 = VERTEX_POINT('',#3892);
#3892 = CARTESIAN_POINT('',(-36.3456279392,9.232839742194,0.));
#3893 = LINE('',#3894,#3895);
#3894 = CARTESIAN_POINT('',(-36.3456279392,9.232839742194,0.));
#3895 = VECTOR('',#3896,1.);
#3896 = DIRECTION('',(0.,0.,1.));
#3897 = ORIENTED_EDGE('',*,*,#3898,.F.);
#3898 = EDGE_CURVE('',#3841,#3891,#3899,.T.);
#3899 = B_SPLINE_CURVE_WITH_KNOTS('',3,(#3900,#3901,#3902,#3903,#3904,
    #3905,#3906,#3907,#3908,#3909,#3910,#3911,#3912,#3913,#3914,#3915,
    #3916,#3917,#3918,#3919,#3920,#3921),.UNSPECIFIED.,.F.,.F.,(4,1,1,1,
    1,1,1,1,1,1,1,1,1,1,1,1,1,1,1,4),(0.,1.366713726009E-02,
    5.466812833143E-02,0.123003057355,0.218671936353,0.341674769329,
    0.492011558107,0.669682303667,0.874687006597,1.107025667278,
    1.36669828597,1.65370486286,1.968045398084,2.309719891748,
    2.678728343933,3.075070754704,3.498747124111,3.949757452199,
    4.428101739001,4.933779984548),.UNSPECIFIED.);
#3900 = CARTESIAN_POINT('',(-31.46463384705,9.574917142267,0.));
#3901 = CARTESIAN_POINT('',(-31.46900760768,9.576193191078,0.));
#3902 = CARTESIAN_POINT('',(-31.48654034008,9.581160274604,0.));
#3903 = CARTESIAN_POINT('',(-31.5263128591,9.591156646683,0.));
#3904 = CARTESIAN_POINT('',(-31.59298954397,9.606147072685,0.));
#3905 = CARTESIAN_POINT('',(-31.68690909031,9.624435530132,0.));
#3906 = CARTESIAN_POINT('',(-31.80827414964,9.644538463274,0.));
#3907 = CARTESIAN_POINT('',(-31.95725310168,9.664854316149,0.));
#3908 = CARTESIAN_POINT('',(-32.13393341263,9.683817037785,0.));
#3909 = CARTESIAN_POINT('',(-32.33833935991,9.699840092402,0.));
#3910 = CARTESIAN_POINT('',(-32.57042527192,9.711340590116,0.));
#3911 = CARTESIAN_POINT('',(-32.83007771856,9.716734554711,0.));
#3912 = CARTESIAN_POINT('',(-33.1171147777,9.714442031687,0.));
#3913 = CARTESIAN_POINT('',(-33.43128639905,9.702888925692,0.));
#3914 = CARTESIAN_POINT('',(-33.77227454596,9.680509864775,0.));
#3915 = CARTESIAN_POINT('',(-34.13969351402,9.64575078818,0.));
#3916 = CARTESIAN_POINT('',(-34.53309039657,9.59707134685,0.));
#3917 = CARTESIAN_POINT('',(-34.95194530327,9.532948412142,0.));
#3918 = CARTESIAN_POINT('',(-35.39567311504,9.451874810447,0.));
#3919 = CARTESIAN_POINT('',(-35.8636194031,9.352377570169,0.));
#3920 = CARTESIAN_POINT('',(-36.18240505317,9.27491525132,0.));
#3921 = CARTESIAN_POINT('',(-36.3456279392,9.232839742194,0.));
#3922 = SURFACE_OF_LINEAR_EXTRUSION('',#3923,#3946);
#3923 = B_SPLINE_CURVE_WITH_KNOTS('',3,(#3924,#3925,#3926,#3927,#3928,
    #3929,#3930,#3931,#3932,#3933,#3934,#3935,#3936,#3937,#3938,#3939,
    #3940,#3941,#3942,#3943,#3944,#3945),.UNSPECIFIED.,.F.,.F.,(4,1,1,1,
    1,1,1,1,1,1,1,1,1,1,1,1,1,1,1,4),(0.,1.366713726009E-02,
    5.466812833143E-02,0.123003057355,0.218671936353,0.341674769329,
    0.492011558107,0.669682303667,0.874687006597,1.107025667278,
    1.36669828597,1.65370486286,1.968045398084,2.309719891748,
    2.678728343933,3.075070754704,3.498747124111,3.949757452199,
    4.428101739001,4.933779984548),.UNSPECIFIED.);
#3924 = CARTESIAN_POINT('',(-31.46463384705,9.574917142267,0.));
#3925 = CARTESIAN_POINT('',(-31.46900760768,9.576193191078,0.));
#3926 = CARTESIAN_POINT('',(-31.48654034008,9.581160274604,0.));
#3927 = CARTESIAN_POINT('',(-31.5263128591,9.591156646683,0.));
#3928 = CARTESIAN_POINT('',(-31.59298954397,9.606147072685,0.));
#3929 = CARTESIAN_POINT('',(-31.68690909031,9.624435530132,0.));
#3930 = CARTESIAN_POINT('',(-31.80827414964,9.644538463274,0.));
#3931 = CARTESIAN_POINT('',(-31.95725310168,9.664854316149,0.));
#3932 = CARTESIAN_POINT('',(-32.13393341263,9.683817037785,0.));
#3933 = CARTESIAN_POINT('',(-32.33833935991,9.699840092402,0.));
#3934 = CARTESIAN_POINT('',(-32.57042527192,9.711340590116,0.));
#3935 = CARTESIAN_POINT('',(-32.83007771856,9.716734554711,0.));
#3936 = CARTESIAN_POINT('',(-33.1171147777,9.714442031687,0.));
#3937 = CARTESIAN_POINT('',(-33.43128639905,9.702888925692,0.));
#3938 = CARTESIAN_POINT('',(-33.77227454596,9.680509864775,0.));
#3939 = CARTESIAN_POINT('',(-34.13969351402,9.64575078818,0.));
#3940 = CARTESIAN_POINT('',(-34.53309039657,9.59707134685,0.));
#3941 = CARTESIAN_POINT('',(-34.95194530327,9.532948412142,0.));
#3942 = CARTESIAN_POINT('',(-35.39567311504,9.451874810447,0.));
#3943 = CARTESIAN_POINT('',(-35.8636194031,9.352377570169,0.));
#3944 = CARTESIAN_POINT('',(-36.18240505317,9.27491525132,0.));
#3945 = CARTESIAN_POINT('',(-36.3456279392,9.232839742194,0.));
#3946 = VECTOR('',#3947,1.);
#3947 = DIRECTION('',(-0.,-0.,-1.));
#3948 = ADVANCED_FACE('',(#3949),#3972,.F.);
#3949 = FACE_BOUND('',#3950,.F.);
#3950 = EDGE_LOOP('',(#3951,#3952,#3959,#3967));
#3951 = ORIENTED_EDGE('',*,*,#3890,.T.);
#3952 = ORIENTED_EDGE('',*,*,#3953,.T.);
#3953 = EDGE_CURVE('',#3864,#3954,#3956,.T.);
#3954 = VERTEX_POINT('',#3955);
#3955 = CARTESIAN_POINT('',(-36.7522582876,7.451275780788,5.));
#3956 = B_SPLINE_CURVE_WITH_KNOTS('',1,(#3957,#3958),.UNSPECIFIED.,.F.,
  .F.,(2,2),(0.,1.827380198213),.PIECEWISE_BEZIER_KNOTS.);
#3957 = CARTESIAN_POINT('',(-36.3456279392,9.232839742194,5.));
#3958 = CARTESIAN_POINT('',(-36.7522582876,7.451275780788,5.));
#3959 = ORIENTED_EDGE('',*,*,#3960,.F.);
#3960 = EDGE_CURVE('',#3961,#3954,#3963,.T.);
#3961 = VERTEX_POINT('',#3962);
#3962 = CARTESIAN_POINT('',(-36.7522582876,7.451275780788,0.));
#3963 = LINE('',#3964,#3965);
#3964 = CARTESIAN_POINT('',(-36.7522582876,7.451275780788,0.));
#3965 = VECTOR('',#3966,1.);
#3966 = DIRECTION('',(0.,0.,1.));
#3967 = ORIENTED_EDGE('',*,*,#3968,.F.);
#3968 = EDGE_CURVE('',#3891,#3961,#3969,.T.);
#3969 = B_SPLINE_CURVE_WITH_KNOTS('',1,(#3970,#3971),.UNSPECIFIED.,.F.,
  .F.,(2,2),(0.,1.827380198213),.PIECEWISE_BEZIER_KNOTS.);
#3970 = CARTESIAN_POINT('',(-36.3456279392,9.232839742194,0.));
#3971 = CARTESIAN_POINT('',(-36.7522582876,7.451275780788,0.));
#3972 = SURFACE_OF_LINEAR_EXTRUSION('',#3973,#3976);
#3973 = B_SPLINE_CURVE_WITH_KNOTS('',1,(#3974,#3975),.UNSPECIFIED.,.F.,
  .F.,(2,2),(0.,1.827380198213),.PIECEWISE_BEZIER_KNOTS.);
#3974 = CARTESIAN_POINT('',(-36.3456279392,9.232839742194,0.));
#3975 = CARTESIAN_POINT('',(-36.7522582876,7.451275780788,0.));
#3976 = VECTOR('',#3977,1.);
#3977 = DIRECTION('',(-0.,-0.,-1.));
#3978 = ADVANCED_FACE('',(#3979),#4042,.F.);
#3979 = FACE_BOUND('',#3980,.F.);
#3980 = EDGE_LOOP('',(#3981,#3982,#4009,#4017));
#3981 = ORIENTED_EDGE('',*,*,#3960,.T.);
#3982 = ORIENTED_EDGE('',*,*,#3983,.T.);
#3983 = EDGE_CURVE('',#3954,#3984,#3986,.T.);
#3984 = VERTEX_POINT('',#3985);
#3985 = CARTESIAN_POINT('',(-32.50305638757,5.025290725597,5.));
#3986 = B_SPLINE_CURVE_WITH_KNOTS('',3,(#3987,#3988,#3989,#3990,#3991,
    #3992,#3993,#3994,#3995,#3996,#3997,#3998,#3999,#4000,#4001,#4002,
    #4003,#4004,#4005,#4006,#4007,#4008),.UNSPECIFIED.,.F.,.F.,(4,1,1,1,
    1,1,1,1,1,1,1,1,1,1,1,1,1,1,1,4),(0.,0.505678245547,0.98402253235,
    1.435032860437,1.858709229845,2.255051640615,2.6240600928,
    2.965734586464,3.280075121689,3.567081698578,3.82675431727,
    4.059092977951,4.264097680881,4.441768426441,4.592105215219,
    4.715108048196,4.810776927193,4.879111856217,4.920112847288,
    4.933779984548),.UNSPECIFIED.);
#3987 = CARTESIAN_POINT('',(-36.7522582876,7.451275780788,5.));
#3988 = CARTESIAN_POINT('',(-36.62345542798,7.342547300864,5.));
#3989 = CARTESIAN_POINT('',(-36.36984912228,7.134440253317,5.));
#3990 = CARTESIAN_POINT('',(-35.99141431953,6.841762052213,5.));
#3991 = CARTESIAN_POINT('',(-35.62680589275,6.576190978956,5.));
#3992 = CARTESIAN_POINT('',(-35.27725256032,6.336683878001,5.));
#3993 = CARTESIAN_POINT('',(-34.94393543443,6.122136706496,5.));
#3994 = CARTESIAN_POINT('',(-34.62798378086,5.931402744925,5.));
#3995 = CARTESIAN_POINT('',(-34.33047398679,5.763290695566,5.));
#3996 = CARTESIAN_POINT('',(-34.0524278416,5.616567748941,5.));
#3997 = CARTESIAN_POINT('',(-33.79481107585,5.489961544584,5.));
#3998 = CARTESIAN_POINT('',(-33.55853195142,5.382162364339,5.));
#3999 = CARTESIAN_POINT('',(-33.34443989107,5.291825651445,5.));
#4000 = CARTESIAN_POINT('',(-33.15332435331,5.21757350812,5.));
#4001 = CARTESIAN_POINT('',(-32.98591327701,5.157999616022,5.));
#4002 = CARTESIAN_POINT('',(-32.84287316104,5.111664022229,5.));
#4003 = CARTESIAN_POINT('',(-32.72480468514,5.077117813402,5.));
#4004 = CARTESIAN_POINT('',(-32.63225103349,5.052844980261,5.));
#4005 = CARTESIAN_POINT('',(-32.56567331412,5.03742095806,5.));
#4006 = CARTESIAN_POINT('',(-32.5255022494,5.029170728831,5.));
#4007 = CARTESIAN_POINT('',(-32.50755066656,5.026038748961,5.));
#4008 = CARTESIAN_POINT('',(-32.50305638757,5.025290725597,5.));
#4009 = ORIENTED_EDGE('',*,*,#4010,.F.);
#4010 = EDGE_CURVE('',#4011,#3984,#4013,.T.);
#4011 = VERTEX_POINT('',#4012);
#4012 = CARTESIAN_POINT('',(-32.50305638757,5.025290725597,0.));
#4013 = LINE('',#4014,#4015);
#4014 = CARTESIAN_POINT('',(-32.50305638757,5.025290725597,0.));
#4015 = VECTOR('',#4016,1.);
#4016 = DIRECTION('',(0.,0.,1.));
#4017 = ORIENTED_EDGE('',*,*,#4018,.F.);
#4018 = EDGE_CURVE('',#3961,#4011,#4019,.T.);
#4019 = B_SPLINE_CURVE_WITH_KNOTS('',3,(#4020,#4021,#4022,#4023,#4024,
    #4025,#4026,#4027,#4028,#4029,#4030,#4031,#4032,#4033,#4034,#4035,
    #4036,#4037,#4038,#4039,#4040,#4041),.UNSPECIFIED.,.F.,.F.,(4,1,1,1,
    1,1,1,1,1,1,1,1,1,1,1,1,1,1,1,4),(0.,0.505678245547,0.98402253235,
    1.435032860437,1.858709229845,2.255051640615,2.6240600928,
    2.965734586464,3.280075121689,3.567081698578,3.82675431727,
    4.059092977951,4.264097680881,4.441768426441,4.592105215219,
    4.715108048196,4.810776927193,4.879111856217,4.920112847288,
    4.933779984548),.UNSPECIFIED.);
#4020 = CARTESIAN_POINT('',(-36.7522582876,7.451275780788,0.));
#4021 = CARTESIAN_POINT('',(-36.62345542798,7.342547300864,0.));
#4022 = CARTESIAN_POINT('',(-36.36984912228,7.134440253317,0.));
#4023 = CARTESIAN_POINT('',(-35.99141431953,6.841762052213,0.));
#4024 = CARTESIAN_POINT('',(-35.62680589275,6.576190978956,0.));
#4025 = CARTESIAN_POINT('',(-35.27725256032,6.336683878001,0.));
#4026 = CARTESIAN_POINT('',(-34.94393543443,6.122136706496,0.));
#4027 = CARTESIAN_POINT('',(-34.62798378086,5.931402744925,0.));
#4028 = CARTESIAN_POINT('',(-34.33047398679,5.763290695566,0.));
#4029 = CARTESIAN_POINT('',(-34.0524278416,5.616567748941,0.));
#4030 = CARTESIAN_POINT('',(-33.79481107585,5.489961544584,0.));
#4031 = CARTESIAN_POINT('',(-33.55853195142,5.382162364339,0.));
#4032 = CARTESIAN_POINT('',(-33.34443989107,5.291825651445,0.));
#4033 = CARTESIAN_POINT('',(-33.15332435331,5.21757350812,0.));
#4034 = CARTESIAN_POINT('',(-32.98591327701,5.157999616022,0.));
#4035 = CARTESIAN_POINT('',(-32.84287316104,5.111664022229,0.));
#4036 = CARTESIAN_POINT('',(-32.72480468514,5.077117813402,0.));
#4037 = CARTESIAN_POINT('',(-32.63225103349,5.052844980261,0.));
#4038 = CARTESIAN_POINT('',(-32.56567331412,5.03742095806,0.));
#4039 = CARTESIAN_POINT('',(-32.5255022494,5.029170728831,0.));
#4040 = CARTESIAN_POINT('',(-32.50755066656,5.026038748961,0.));
#4041 = CARTESIAN_POINT('',(-32.50305638757,5.025290725597,0.));
#4042 = SURFACE_OF_LINEAR_EXTRUSION('',#4043,#4066);
#4043 = B_SPLINE_CURVE_WITH_KNOTS('',3,(#4044,#4045,#4046,#4047,#4048,
    #4049,#4050,#4051,#4052,#4053,#4054,#4055,#4056,#4057,#4058,#4059,
    #4060,#4061,#4062,#4063,#4064,#4065),.UNSPECIFIED.,.F.,.F.,(4,1,1,1,
    1,1,1,1,1,1,1,1,1,1,1,1,1,1,1,4),(0.,0.505678245547,0.98402253235,
    1.435032860437,1.858709229845,2.255051640615,2.6240600928,
    2.965734586464,3.280075121689,3.567081698578,3.82675431727,
    4.059092977951,4.264097680881,4.441768426441,4.592105215219,
    4.715108048196,4.810776927193,4.879111856217,4.920112847288,
    4.933779984548),.UNSPECIFIED.);
#4044 = CARTESIAN_POINT('',(-36.7522582876,7.451275780788,0.));
#4045 = CARTESIAN_POINT('',(-36.62345542798,7.342547300864,0.));
#4046 = CARTESIAN_POINT('',(-36.36984912228,7.134440253317,0.));
#4047 = CARTESIAN_POINT('',(-35.99141431953,6.841762052213,0.));
#4048 = CARTESIAN_POINT('',(-35.62680589275,6.576190978956,0.));
#4049 = CARTESIAN_POINT('',(-35.27725256032,6.336683878001,0.));
#4050 = CARTESIAN_POINT('',(-34.94393543443,6.122136706496,0.));
#4051 = CARTESIAN_POINT('',(-34.62798378086,5.931402744925,0.));
#4052 = CARTESIAN_POINT('',(-34.33047398679,5.763290695566,0.));
#4053 = CARTESIAN_POINT('',(-34.0524278416,5.616567748941,0.));
#4054 = CARTESIAN_POINT('',(-33.79481107585,5.489961544584,0.));
#4055 = CARTESIAN_POINT('',(-33.55853195142,5.382162364339,0.));
#4056 = CARTESIAN_POINT('',(-33.34443989107,5.291825651445,0.));
#4057 = CARTESIAN_POINT('',(-33.15332435331,5.21757350812,0.));
#4058 = CARTESIAN_POINT('',(-32.98591327701,5.157999616022,0.));
#4059 = CARTESIAN_POINT('',(-32.84287316104,5.111664022229,0.));
#4060 = CARTESIAN_POINT('',(-32.72480468514,5.077117813402,0.));
#4061 = CARTESIAN_POINT('',(-32.63225103349,5.052844980261,0.));
#4062 = CARTESIAN_POINT('',(-32.56567331412,5.03742095806,0.));
#4063 = CARTESIAN_POINT('',(-32.5255022494,5.029170728831,0.));
#4064 = CARTESIAN_POINT('',(-32.50755066656,5.026038748961,0.));
#4065 = CARTESIAN_POINT('',(-32.50305638757,5.025290725597,0.));
#4066 = VECTOR('',#4067,1.);
#4067 = DIRECTION('',(-0.,-0.,-1.));
#4068 = ADVANCED_FACE('',(#4069),#4092,.F.);
#4069 = FACE_BOUND('',#4070,.F.);
#4070 = EDGE_LOOP('',(#4071,#4072,#4079,#4087));
#4071 = ORIENTED_EDGE('',*,*,#4010,.T.);
#4072 = ORIENTED_EDGE('',*,*,#4073,.T.);
#4073 = EDGE_CURVE('',#3984,#4074,#4076,.T.);
#4074 = VERTEX_POINT('',#4075);
#4075 = CARTESIAN_POINT('',(-31.50072388222,4.870320307337,5.));
#4076 = B_SPLINE_CURVE_WITH_KNOTS('',1,(#4077,#4078),.UNSPECIFIED.,.F.,
  .F.,(2,2),(0.,1.014241727507),.PIECEWISE_BEZIER_KNOTS.);
#4077 = CARTESIAN_POINT('',(-32.50305638757,5.025290725597,5.));
#4078 = CARTESIAN_POINT('',(-31.50072388222,4.870320307337,5.));
#4079 = ORIENTED_EDGE('',*,*,#4080,.F.);
#4080 = EDGE_CURVE('',#4081,#4074,#4083,.T.);
#4081 = VERTEX_POINT('',#4082);
#4082 = CARTESIAN_POINT('',(-31.50072388222,4.870320307337,0.));
#4083 = LINE('',#4084,#4085);
#4084 = CARTESIAN_POINT('',(-31.50072388222,4.870320307337,0.));
#4085 = VECTOR('',#4086,1.);
#4086 = DIRECTION('',(0.,0.,1.));
#4087 = ORIENTED_EDGE('',*,*,#4088,.F.);
#4088 = EDGE_CURVE('',#4011,#4081,#4089,.T.);
#4089 = B_SPLINE_CURVE_WITH_KNOTS('',1,(#4090,#4091),.UNSPECIFIED.,.F.,
  .F.,(2,2),(0.,1.014241727507),.PIECEWISE_BEZIER_KNOTS.);
#4090 = CARTESIAN_POINT('',(-32.50305638757,5.025290725597,0.));
#4091 = CARTESIAN_POINT('',(-31.50072388222,4.870320307337,0.));
#4092 = SURFACE_OF_LINEAR_EXTRUSION('',#4093,#4096);
#4093 = B_SPLINE_CURVE_WITH_KNOTS('',1,(#4094,#4095),.UNSPECIFIED.,.F.,
  .F.,(2,2),(0.,1.014241727507),.PIECEWISE_BEZIER_KNOTS.);
#4094 = CARTESIAN_POINT('',(-32.50305638757,5.025290725597,0.));
#4095 = CARTESIAN_POINT('',(-31.50072388222,4.870320307337,0.));
#4096 = VECTOR('',#4097,1.);
#4097 = DIRECTION('',(-0.,-0.,-1.));
#4098 = ADVANCED_FACE('',(#4099),#4122,.F.);
#4099 = FACE_BOUND('',#4100,.F.);
#4100 = EDGE_LOOP('',(#4101,#4102,#4109,#4117));
#4101 = ORIENTED_EDGE('',*,*,#4080,.T.);
#4102 = ORIENTED_EDGE('',*,*,#4103,.T.);
#4103 = EDGE_CURVE('',#4074,#4104,#4106,.T.);
#4104 = VERTEX_POINT('',#4105);
#4105 = CARTESIAN_POINT('',(-31.79468319016,2.261359289683,5.));
#4106 = B_SPLINE_CURVE_WITH_KNOTS('',1,(#4107,#4108),.UNSPECIFIED.,.F.,
  .F.,(2,2),(0.,2.625469418288),.PIECEWISE_BEZIER_KNOTS.);
#4107 = CARTESIAN_POINT('',(-31.50072388222,4.870320307337,5.));
#4108 = CARTESIAN_POINT('',(-31.79468319016,2.261359289683,5.));
#4109 = ORIENTED_EDGE('',*,*,#4110,.F.);
#4110 = EDGE_CURVE('',#4111,#4104,#4113,.T.);
#4111 = VERTEX_POINT('',#4112);
#4112 = CARTESIAN_POINT('',(-31.79468319016,2.261359289683,0.));
#4113 = LINE('',#4114,#4115);
#4114 = CARTESIAN_POINT('',(-31.79468319016,2.261359289683,0.));
#4115 = VECTOR('',#4116,1.);
#4116 = DIRECTION('',(0.,0.,1.));
#4117 = ORIENTED_EDGE('',*,*,#4118,.F.);
#4118 = EDGE_CURVE('',#4081,#4111,#4119,.T.);
#4119 = B_SPLINE_CURVE_WITH_KNOTS('',1,(#4120,#4121),.UNSPECIFIED.,.F.,
  .F.,(2,2),(0.,2.625469418288),.PIECEWISE_BEZIER_KNOTS.);
#4120 = CARTESIAN_POINT('',(-31.50072388222,4.870320307337,0.));
#4121 = CARTESIAN_POINT('',(-31.79468319016,2.261359289683,0.));
#4122 = SURFACE_OF_LINEAR_EXTRUSION('',#4123,#4126);
#4123 = B_SPLINE_CURVE_WITH_KNOTS('',1,(#4124,#4125),.UNSPECIFIED.,.F.,
  .F.,(2,2),(0.,2.625469418288),.PIECEWISE_BEZIER_KNOTS.);
#4124 = CARTESIAN_POINT('',(-31.50072388222,4.870320307337,0.));
#4125 = CARTESIAN_POINT('',(-31.79468319016,2.261359289683,0.));
#4126 = VECTOR('',#4127,1.);
#4127 = DIRECTION('',(-0.,-0.,-1.));
#4128 = ADVANCED_FACE('',(#4129),#4152,.F.);
#4129 = FACE_BOUND('',#4130,.F.);
#4130 = EDGE_LOOP('',(#4131,#4132,#4139,#4147));
#4131 = ORIENTED_EDGE('',*,*,#4110,.T.);
#4132 = ORIENTED_EDGE('',*,*,#4133,.T.);
#4133 = EDGE_CURVE('',#4104,#4134,#4136,.T.);
#4134 = VERTEX_POINT('',#4135);
#4135 = CARTESIAN_POINT('',(-32.80636928912,2.333314268584,5.));
#4136 = B_SPLINE_CURVE_WITH_KNOTS('',1,(#4137,#4138),.UNSPECIFIED.,.F.,
  .F.,(2,2),(0.,1.014241727507),.PIECEWISE_BEZIER_KNOTS.);
#4137 = CARTESIAN_POINT('',(-31.79468319016,2.261359289683,5.));
#4138 = CARTESIAN_POINT('',(-32.80636928912,2.333314268584,5.));
#4139 = ORIENTED_EDGE('',*,*,#4140,.F.);
#4140 = EDGE_CURVE('',#4141,#4134,#4143,.T.);
#4141 = VERTEX_POINT('',#4142);
#4142 = CARTESIAN_POINT('',(-32.80636928912,2.333314268584,0.));
#4143 = LINE('',#4144,#4145);
#4144 = CARTESIAN_POINT('',(-32.80636928912,2.333314268584,0.));
#4145 = VECTOR('',#4146,1.);
#4146 = DIRECTION('',(0.,0.,1.));
#4147 = ORIENTED_EDGE('',*,*,#4148,.F.);
#4148 = EDGE_CURVE('',#4111,#4141,#4149,.T.);
#4149 = B_SPLINE_CURVE_WITH_KNOTS('',1,(#4150,#4151),.UNSPECIFIED.,.F.,
  .F.,(2,2),(0.,1.014241727507),.PIECEWISE_BEZIER_KNOTS.);
#4150 = CARTESIAN_POINT('',(-31.79468319016,2.261359289683,0.));
#4151 = CARTESIAN_POINT('',(-32.80636928912,2.333314268584,0.));
#4152 = SURFACE_OF_LINEAR_EXTRUSION('',#4153,#4156);
#4153 = B_SPLINE_CURVE_WITH_KNOTS('',1,(#4154,#4155),.UNSPECIFIED.,.F.,
  .F.,(2,2),(0.,1.014241727507),.PIECEWISE_BEZIER_KNOTS.);
#4154 = CARTESIAN_POINT('',(-31.79468319016,2.261359289683,0.));
#4155 = CARTESIAN_POINT('',(-32.80636928912,2.333314268584,0.));
#4156 = VECTOR('',#4157,1.);
#4157 = DIRECTION('',(-0.,-0.,-1.));
#4158 = ADVANCED_FACE('',(#4159),#4222,.F.);
#4159 = FACE_BOUND('',#4160,.F.);
#4160 = EDGE_LOOP('',(#4161,#4162,#4189,#4197));
#4161 = ORIENTED_EDGE('',*,*,#4140,.T.);
#4162 = ORIENTED_EDGE('',*,*,#4163,.T.);
#4163 = EDGE_CURVE('',#4134,#4164,#4166,.T.);
#4164 = VERTEX_POINT('',#4165);
#4165 = CARTESIAN_POINT('',(-37.4888672862,0.913690099106,5.));
#4166 = B_SPLINE_CURVE_WITH_KNOTS('',3,(#4167,#4168,#4169,#4170,#4171,
    #4172,#4173,#4174,#4175,#4176,#4177,#4178,#4179,#4180,#4181,#4182,
    #4183,#4184,#4185,#4186,#4187,#4188),.UNSPECIFIED.,.F.,.F.,(4,1,1,1,
    1,1,1,1,1,1,1,1,1,1,1,1,1,1,1,4),(0.,1.366713726009E-02,
    5.466812833143E-02,0.123003057355,0.218671936353,0.341674769329,
    0.492011558107,0.669682303667,0.874687006597,1.107025667278,
    1.36669828597,1.65370486286,1.968045398084,2.309719891748,
    2.678728343933,3.075070754704,3.498747124111,3.949757452199,
    4.428101739001,4.933779984548),.UNSPECIFIED.);
#4167 = CARTESIAN_POINT('',(-32.80636928912,2.333314268584,5.));
#4168 = CARTESIAN_POINT('',(-32.81091733802,2.333585070887,5.));
#4169 = CARTESIAN_POINT('',(-32.82911576827,2.33452621927,5.));
#4170 = CARTESIAN_POINT('',(-32.87011550925,2.335421743354,5.));
#4171 = CARTESIAN_POINT('',(-32.93845615402,2.335199369887,5.));
#4172 = CARTESIAN_POINT('',(-33.03409050588,2.332130232354,5.));
#4173 = CARTESIAN_POINT('',(-33.15688601324,2.324722876639,5.));
#4174 = CARTESIAN_POINT('',(-33.30665045447,2.31137843312,5.));
#4175 = CARTESIAN_POINT('',(-33.48312062367,2.29055065193,5.));
#4176 = CARTESIAN_POINT('',(-33.68596715217,2.260687372819,5.));
#4177 = CARTESIAN_POINT('',(-33.9147932873,2.220255555146,5.));
#4178 = CARTESIAN_POINT('',(-34.16913597504,2.167736176856,5.));
#4179 = CARTESIAN_POINT('',(-34.44846628146,2.101629377692,5.));
#4180 = CARTESIAN_POINT('',(-34.75219015639,2.02045616958,5.));
#4181 = CARTESIAN_POINT('',(-35.07964920901,1.922761197523,5.));
#4182 = CARTESIAN_POINT('',(-35.43012159424,1.807115191624,5.));
#4183 = CARTESIAN_POINT('',(-35.80282300086,1.672117203801,5.));
#4184 = CARTESIAN_POINT('',(-36.19690764523,1.516397979912,5.));
#4185 = CARTESIAN_POINT('',(-36.61146970077,1.338618335582,5.));
#4186 = CARTESIAN_POINT('',(-37.04554337957,1.137487853788,5.));
#4187 = CARTESIAN_POINT('',(-37.33909942029,0.991031196415,5.));
#4188 = CARTESIAN_POINT('',(-37.4888672862,0.913690099106,5.));
#4189 = ORIENTED_EDGE('',*,*,#4190,.F.);
#4190 = EDGE_CURVE('',#4191,#4164,#4193,.T.);
#4191 = VERTEX_POINT('',#4192);
#4192 = CARTESIAN_POINT('',(-37.4888672862,0.913690099106,0.));
#4193 = LINE('',#4194,#4195);
#4194 = CARTESIAN_POINT('',(-37.4888672862,0.913690099106,0.));
#4195 = VECTOR('',#4196,1.);
#4196 = DIRECTION('',(0.,0.,1.));
#4197 = ORIENTED_EDGE('',*,*,#4198,.F.);
#4198 = EDGE_CURVE('',#4141,#4191,#4199,.T.);
#4199 = B_SPLINE_CURVE_WITH_KNOTS('',3,(#4200,#4201,#4202,#4203,#4204,
    #4205,#4206,#4207,#4208,#4209,#4210,#4211,#4212,#4213,#4214,#4215,
    #4216,#4217,#4218,#4219,#4220,#4221),.UNSPECIFIED.,.F.,.F.,(4,1,1,1,
    1,1,1,1,1,1,1,1,1,1,1,1,1,1,1,4),(0.,1.366713726009E-02,
    5.466812833143E-02,0.123003057355,0.218671936353,0.341674769329,
    0.492011558107,0.669682303667,0.874687006597,1.107025667278,
    1.36669828597,1.65370486286,1.968045398084,2.309719891748,
    2.678728343933,3.075070754704,3.498747124111,3.949757452199,
    4.428101739001,4.933779984548),.UNSPECIFIED.);
#4200 = CARTESIAN_POINT('',(-32.80636928912,2.333314268584,0.));
#4201 = CARTESIAN_POINT('',(-32.81091733802,2.333585070887,0.));
#4202 = CARTESIAN_POINT('',(-32.82911576827,2.33452621927,0.));
#4203 = CARTESIAN_POINT('',(-32.87011550925,2.335421743354,0.));
#4204 = CARTESIAN_POINT('',(-32.93845615402,2.335199369887,0.));
#4205 = CARTESIAN_POINT('',(-33.03409050588,2.332130232354,0.));
#4206 = CARTESIAN_POINT('',(-33.15688601324,2.324722876639,0.));
#4207 = CARTESIAN_POINT('',(-33.30665045447,2.31137843312,0.));
#4208 = CARTESIAN_POINT('',(-33.48312062367,2.29055065193,0.));
#4209 = CARTESIAN_POINT('',(-33.68596715217,2.260687372819,0.));
#4210 = CARTESIAN_POINT('',(-33.9147932873,2.220255555146,0.));
#4211 = CARTESIAN_POINT('',(-34.16913597504,2.167736176856,0.));
#4212 = CARTESIAN_POINT('',(-34.44846628146,2.101629377692,0.));
#4213 = CARTESIAN_POINT('',(-34.75219015639,2.02045616958,0.));
#4214 = CARTESIAN_POINT('',(-35.07964920901,1.922761197523,0.));
#4215 = CARTESIAN_POINT('',(-35.43012159424,1.807115191624,0.));
#4216 = CARTESIAN_POINT('',(-35.80282300086,1.672117203801,0.));
#4217 = CARTESIAN_POINT('',(-36.19690764523,1.516397979912,0.));
#4218 = CARTESIAN_POINT('',(-36.61146970077,1.338618335582,0.));
#4219 = CARTESIAN_POINT('',(-37.04554337957,1.137487853788,0.));
#4220 = CARTESIAN_POINT('',(-37.33909942029,0.991031196415,0.));
#4221 = CARTESIAN_POINT('',(-37.4888672862,0.913690099106,0.));
#4222 = SURFACE_OF_LINEAR_EXTRUSION('',#4223,#4246);
#4223 = B_SPLINE_CURVE_WITH_KNOTS('',3,(#4224,#4225,#4226,#4227,#4228,
    #4229,#4230,#4231,#4232,#4233,#4234,#4235,#4236,#4237,#4238,#4239,
    #4240,#4241,#4242,#4243,#4244,#4245),.UNSPECIFIED.,.F.,.F.,(4,1,1,1,
    1,1,1,1,1,1,1,1,1,1,1,1,1,1,1,4),(0.,1.366713726009E-02,
    5.466812833143E-02,0.123003057355,0.218671936353,0.341674769329,
    0.492011558107,0.669682303667,0.874687006597,1.107025667278,
    1.36669828597,1.65370486286,1.968045398084,2.309719891748,
    2.678728343933,3.075070754704,3.498747124111,3.949757452199,
    4.428101739001,4.933779984548),.UNSPECIFIED.);
#4224 = CARTESIAN_POINT('',(-32.80636928912,2.333314268584,0.));
#4225 = CARTESIAN_POINT('',(-32.81091733802,2.333585070887,0.));
#4226 = CARTESIAN_POINT('',(-32.82911576827,2.33452621927,0.));
#4227 = CARTESIAN_POINT('',(-32.87011550925,2.335421743354,0.));
#4228 = CARTESIAN_POINT('',(-32.93845615402,2.335199369887,0.));
#4229 = CARTESIAN_POINT('',(-33.03409050588,2.332130232354,0.));
#4230 = CARTESIAN_POINT('',(-33.15688601324,2.324722876639,0.));
#4231 = CARTESIAN_POINT('',(-33.30665045447,2.31137843312,0.));
#4232 = CARTESIAN_POINT('',(-33.48312062367,2.29055065193,0.));
#4233 = CARTESIAN_POINT('',(-33.68596715217,2.260687372819,0.));
#4234 = CARTESIAN_POINT('',(-33.9147932873,2.220255555146,0.));
#4235 = CARTESIAN_POINT('',(-34.16913597504,2.167736176856,0.));
#4236 = CARTESIAN_POINT('',(-34.44846628146,2.101629377692,0.));
#4237 = CARTESIAN_POINT('',(-34.75219015639,2.02045616958,0.));
#4238 = CARTESIAN_POINT('',(-35.07964920901,1.922761197523,0.));
#4239 = CARTESIAN_POINT('',(-35.43012159424,1.807115191624,0.));
#4240 = CARTESIAN_POINT('',(-35.80282300086,1.672117203801,0.));
#4241 = CARTESIAN_POINT('',(-36.19690764523,1.516397979912,0.));
#4242 = CARTESIAN_POINT('',(-36.61146970077,1.338618335582,0.));
#4243 = CARTESIAN_POINT('',(-37.04554337957,1.137487853788,0.));
#4244 = CARTESIAN_POINT('',(-37.33909942029,0.991031196415,0.));
#4245 = CARTESIAN_POINT('',(-37.4888672862,0.913690099106,0.));
#4246 = VECTOR('',#4247,1.);
#4247 = DIRECTION('',(-0.,-0.,-1.));
#4248 = ADVANCED_FACE('',(#4249),#4272,.F.);
#4249 = FACE_BOUND('',#4250,.F.);
#4250 = EDGE_LOOP('',(#4251,#4252,#4259,#4267));
#4251 = ORIENTED_EDGE('',*,*,#4190,.T.);
#4252 = ORIENTED_EDGE('',*,*,#4253,.T.);
#4253 = EDGE_CURVE('',#4164,#4254,#4256,.T.);
#4254 = VERTEX_POINT('',#4255);
#4255 = CARTESIAN_POINT('',(-37.4888672862,-0.913690099106,5.));
#4256 = B_SPLINE_CURVE_WITH_KNOTS('',1,(#4257,#4258),.UNSPECIFIED.,.F.,
  .F.,(2,2),(0.,1.827380198213),.PIECEWISE_BEZIER_KNOTS.);
#4257 = CARTESIAN_POINT('',(-37.4888672862,0.913690099106,5.));
#4258 = CARTESIAN_POINT('',(-37.4888672862,-0.913690099106,5.));
#4259 = ORIENTED_EDGE('',*,*,#4260,.F.);
#4260 = EDGE_CURVE('',#4261,#4254,#4263,.T.);
#4261 = VERTEX_POINT('',#4262);
#4262 = CARTESIAN_POINT('',(-37.4888672862,-0.913690099106,0.));
#4263 = LINE('',#4264,#4265);
#4264 = CARTESIAN_POINT('',(-37.4888672862,-0.913690099106,0.));
#4265 = VECTOR('',#4266,1.);
#4266 = DIRECTION('',(0.,0.,1.));
#4267 = ORIENTED_EDGE('',*,*,#4268,.F.);
#4268 = EDGE_CURVE('',#4191,#4261,#4269,.T.);
#4269 = B_SPLINE_CURVE_WITH_KNOTS('',1,(#4270,#4271),.UNSPECIFIED.,.F.,
  .F.,(2,2),(0.,1.827380198213),.PIECEWISE_BEZIER_KNOTS.);
#4270 = CARTESIAN_POINT('',(-37.4888672862,0.913690099106,0.));
#4271 = CARTESIAN_POINT('',(-37.4888672862,-0.913690099106,0.));
#4272 = SURFACE_OF_LINEAR_EXTRUSION('',#4273,#4276);
#4273 = B_SPLINE_CURVE_WITH_KNOTS('',1,(#4274,#4275),.UNSPECIFIED.,.F.,
  .F.,(2,2),(0.,1.827380198213),.PIECEWISE_BEZIER_KNOTS.);
#4274 = CARTESIAN_POINT('',(-37.4888672862,0.913690099106,0.));
#4275 = CARTESIAN_POINT('',(-37.4888672862,-0.913690099106,0.));
#4276 = VECTOR('',#4277,1.);
#4277 = DIRECTION('',(-0.,-0.,-1.));
#4278 = ADVANCED_FACE('',(#4279),#4342,.F.);
#4279 = FACE_BOUND('',#4280,.F.);
#4280 = EDGE_LOOP('',(#4281,#4282,#4309,#4317));
#4281 = ORIENTED_EDGE('',*,*,#4260,.T.);
#4282 = ORIENTED_EDGE('',*,*,#4283,.T.);
#4283 = EDGE_CURVE('',#4254,#4284,#4286,.T.);
#4284 = VERTEX_POINT('',#4285);
#4285 = CARTESIAN_POINT('',(-32.80636928912,-2.333314268584,5.));
#4286 = B_SPLINE_CURVE_WITH_KNOTS('',3,(#4287,#4288,#4289,#4290,#4291,
    #4292,#4293,#4294,#4295,#4296,#4297,#4298,#4299,#4300,#4301,#4302,
    #4303,#4304,#4305,#4306,#4307,#4308),.UNSPECIFIED.,.F.,.F.,(4,1,1,1,
    1,1,1,1,1,1,1,1,1,1,1,1,1,1,1,4),(0.,0.505678245547,0.98402253235,
    1.435032860437,1.858709229845,2.255051640615,2.6240600928,
    2.965734586464,3.280075121689,3.567081698578,3.82675431727,
    4.059092977951,4.264097680881,4.441768426441,4.592105215219,
    4.715108048196,4.810776927193,4.879111856217,4.920112847288,
    4.933779984548),.UNSPECIFIED.);
#4287 = CARTESIAN_POINT('',(-37.4888672862,-0.913690099106,5.));
#4288 = CARTESIAN_POINT('',(-37.33909942029,-0.991031196415,5.));
#4289 = CARTESIAN_POINT('',(-37.04554337957,-1.137487853788,5.));
#4290 = CARTESIAN_POINT('',(-36.61146970077,-1.338618335582,5.));
#4291 = CARTESIAN_POINT('',(-36.19690764523,-1.516397979912,5.));
#4292 = CARTESIAN_POINT('',(-35.80282300086,-1.672117203801,5.));
#4293 = CARTESIAN_POINT('',(-35.43012159424,-1.807115191624,5.));
#4294 = CARTESIAN_POINT('',(-35.07964920901,-1.922761197523,5.));
#4295 = CARTESIAN_POINT('',(-34.75219015639,-2.02045616958,5.));
#4296 = CARTESIAN_POINT('',(-34.44846628146,-2.101629377692,5.));
#4297 = CARTESIAN_POINT('',(-34.16913597504,-2.167736176856,5.));
#4298 = CARTESIAN_POINT('',(-33.9147932873,-2.220255555146,5.));
#4299 = CARTESIAN_POINT('',(-33.68596715217,-2.260687372819,5.));
#4300 = CARTESIAN_POINT('',(-33.48312062367,-2.29055065193,5.));
#4301 = CARTESIAN_POINT('',(-33.30665045447,-2.31137843312,5.));
#4302 = CARTESIAN_POINT('',(-33.15688601324,-2.324722876639,5.));
#4303 = CARTESIAN_POINT('',(-33.03409050588,-2.332130232354,5.));
#4304 = CARTESIAN_POINT('',(-32.93845615402,-2.335199369887,5.));
#4305 = CARTESIAN_POINT('',(-32.87011550925,-2.335421743354,5.));
#4306 = CARTESIAN_POINT('',(-32.82911576827,-2.33452621927,5.));
#4307 = CARTESIAN_POINT('',(-32.81091733802,-2.333585070887,5.));
#4308 = CARTESIAN_POINT('',(-32.80636928912,-2.333314268584,5.));
#4309 = ORIENTED_EDGE('',*,*,#4310,.F.);
#4310 = EDGE_CURVE('',#4311,#4284,#4313,.T.);
#4311 = VERTEX_POINT('',#4312);
#4312 = CARTESIAN_POINT('',(-32.80636928912,-2.333314268584,0.));
#4313 = LINE('',#4314,#4315);
#4314 = CARTESIAN_POINT('',(-32.80636928912,-2.333314268584,0.));
#4315 = VECTOR('',#4316,1.);
#4316 = DIRECTION('',(0.,0.,1.));
#4317 = ORIENTED_EDGE('',*,*,#4318,.F.);
#4318 = EDGE_CURVE('',#4261,#4311,#4319,.T.);
#4319 = B_SPLINE_CURVE_WITH_KNOTS('',3,(#4320,#4321,#4322,#4323,#4324,
    #4325,#4326,#4327,#4328,#4329,#4330,#4331,#4332,#4333,#4334,#4335,
    #4336,#4337,#4338,#4339,#4340,#4341),.UNSPECIFIED.,.F.,.F.,(4,1,1,1,
    1,1,1,1,1,1,1,1,1,1,1,1,1,1,1,4),(0.,0.505678245547,0.98402253235,
    1.435032860437,1.858709229845,2.255051640615,2.6240600928,
    2.965734586464,3.280075121689,3.567081698578,3.82675431727,
    4.059092977951,4.264097680881,4.441768426441,4.592105215219,
    4.715108048196,4.810776927193,4.879111856217,4.920112847288,
    4.933779984548),.UNSPECIFIED.);
#4320 = CARTESIAN_POINT('',(-37.4888672862,-0.913690099106,0.));
#4321 = CARTESIAN_POINT('',(-37.33909942029,-0.991031196415,0.));
#4322 = CARTESIAN_POINT('',(-37.04554337957,-1.137487853788,0.));
#4323 = CARTESIAN_POINT('',(-36.61146970077,-1.338618335582,0.));
#4324 = CARTESIAN_POINT('',(-36.19690764523,-1.516397979912,0.));
#4325 = CARTESIAN_POINT('',(-35.80282300086,-1.672117203801,0.));
#4326 = CARTESIAN_POINT('',(-35.43012159424,-1.807115191624,0.));
#4327 = CARTESIAN_POINT('',(-35.07964920901,-1.922761197523,0.));
#4328 = CARTESIAN_POINT('',(-34.75219015639,-2.02045616958,0.));
#4329 = CARTESIAN_POINT('',(-34.44846628146,-2.101629377692,0.));
#4330 = CARTESIAN_POINT('',(-34.16913597504,-2.167736176856,0.));
#4331 = CARTESIAN_POINT('',(-33.9147932873,-2.220255555146,0.));
#4332 = CARTESIAN_POINT('',(-33.68596715217,-2.260687372819,0.));
#4333 = CARTESIAN_POINT('',(-33.48312062367,-2.29055065193,0.));
#4334 = CARTESIAN_POINT('',(-33.30665045447,-2.31137843312,0.));
#4335 = CARTESIAN_POINT('',(-33.15688601324,-2.324722876639,0.));
#4336 = CARTESIAN_POINT('',(-33.03409050588,-2.332130232354,0.));
#4337 = CARTESIAN_POINT('',(-32.93845615402,-2.335199369887,0.));
#4338 = CARTESIAN_POINT('',(-32.87011550925,-2.335421743354,0.));
#4339 = CARTESIAN_POINT('',(-32.82911576827,-2.33452621927,0.));
#4340 = CARTESIAN_POINT('',(-32.81091733802,-2.333585070887,0.));
#4341 = CARTESIAN_POINT('',(-32.80636928912,-2.333314268584,0.));
#4342 = SURFACE_OF_LINEAR_EXTRUSION('',#4343,#4366);
#4343 = B_SPLINE_CURVE_WITH_KNOTS('',3,(#4344,#4345,#4346,#4347,#4348,
    #4349,#4350,#4351,#4352,#4353,#4354,#4355,#4356,#4357,#4358,#4359,
    #4360,#4361,#4362,#4363,#4364,#4365),.UNSPECIFIED.,.F.,.F.,(4,1,1,1,
    1,1,1,1,1,1,1,1,1,1,1,1,1,1,1,4),(0.,0.505678245547,0.98402253235,
    1.435032860437,1.858709229845,2.255051640615,2.6240600928,
    2.965734586464,3.280075121689,3.567081698578,3.82675431727,
    4.059092977951,4.264097680881,4.441768426441,4.592105215219,
    4.715108048196,4.810776927193,4.879111856217,4.920112847288,
    4.933779984548),.UNSPECIFIED.);
#4344 = CARTESIAN_POINT('',(-37.4888672862,-0.913690099106,0.));
#4345 = CARTESIAN_POINT('',(-37.33909942029,-0.991031196415,0.));
#4346 = CARTESIAN_POINT('',(-37.04554337957,-1.137487853788,0.));
#4347 = CARTESIAN_POINT('',(-36.61146970077,-1.338618335582,0.));
#4348 = CARTESIAN_POINT('',(-36.19690764523,-1.516397979912,0.));
#4349 = CARTESIAN_POINT('',(-35.80282300086,-1.672117203801,0.));
#4350 = CARTESIAN_POINT('',(-35.43012159424,-1.807115191624,0.));
#4351 = CARTESIAN_POINT('',(-35.07964920901,-1.922761197523,0.));
#4352 = CARTESIAN_POINT('',(-34.75219015639,-2.02045616958,0.));
#4353 = CARTESIAN_POINT('',(-34.44846628146,-2.101629377692,0.));
#4354 = CARTESIAN_POINT('',(-34.16913597504,-2.167736176856,0.));
#4355 = CARTESIAN_POINT('',(-33.9147932873,-2.220255555146,0.));
#4356 = CARTESIAN_POINT('',(-33.68596715217,-2.260687372819,0.));
#4357 = CARTESIAN_POINT('',(-33.48312062367,-2.29055065193,0.));
#4358 = CARTESIAN_POINT('',(-33.30665045447,-2.31137843312,0.));
#4359 = CARTESIAN_POINT('',(-33.15688601324,-2.324722876639,0.));
#4360 = CARTESIAN_POINT('',(-33.03409050588,-2.332130232354,0.));
#4361 = CARTESIAN_POINT('',(-32.93845615402,-2.335199369887,0.));
#4362 = CARTESIAN_POINT('',(-32.87011550925,-2.335421743354,0.));
#4363 = CARTESIAN_POINT('',(-32.82911576827,-2.33452621927,0.));
#4364 = CARTESIAN_POINT('',(-32.81091733802,-2.333585070887,0.));
#4365 = CARTESIAN_POINT('',(-32.80636928912,-2.333314268584,0.));
#4366 = VECTOR('',#4367,1.);
#4367 = DIRECTION('',(-0.,-0.,-1.));
#4368 = ADVANCED_FACE('',(#4369),#4392,.F.);
#4369 = FACE_BOUND('',#4370,.F.);
#4370 = EDGE_LOOP('',(#4371,#4372,#4379,#4387));
#4371 = ORIENTED_EDGE('',*,*,#4310,.T.);
#4372 = ORIENTED_EDGE('',*,*,#4373,.T.);
#4373 = EDGE_CURVE('',#4284,#4374,#4376,.T.);
#4374 = VERTEX_POINT('',#4375);
#4375 = CARTESIAN_POINT('',(-31.79468319016,-2.261359289683,5.));
#4376 = B_SPLINE_CURVE_WITH_KNOTS('',1,(#4377,#4378),.UNSPECIFIED.,.F.,
  .F.,(2,2),(0.,1.014241727507),.PIECEWISE_BEZIER_KNOTS.);
#4377 = CARTESIAN_POINT('',(-32.80636928912,-2.333314268584,5.));
#4378 = CARTESIAN_POINT('',(-31.79468319016,-2.261359289683,5.));
#4379 = ORIENTED_EDGE('',*,*,#4380,.F.);
#4380 = EDGE_CURVE('',#4381,#4374,#4383,.T.);
#4381 = VERTEX_POINT('',#4382);
#4382 = CARTESIAN_POINT('',(-31.79468319016,-2.261359289683,0.));
#4383 = LINE('',#4384,#4385);
#4384 = CARTESIAN_POINT('',(-31.79468319016,-2.261359289683,0.));
#4385 = VECTOR('',#4386,1.);
#4386 = DIRECTION('',(0.,0.,1.));
#4387 = ORIENTED_EDGE('',*,*,#4388,.F.);
#4388 = EDGE_CURVE('',#4311,#4381,#4389,.T.);
#4389 = B_SPLINE_CURVE_WITH_KNOTS('',1,(#4390,#4391),.UNSPECIFIED.,.F.,
  .F.,(2,2),(0.,1.014241727507),.PIECEWISE_BEZIER_KNOTS.);
#4390 = CARTESIAN_POINT('',(-32.80636928912,-2.333314268584,0.));
#4391 = CARTESIAN_POINT('',(-31.79468319016,-2.261359289683,0.));
#4392 = SURFACE_OF_LINEAR_EXTRUSION('',#4393,#4396);
#4393 = B_SPLINE_CURVE_WITH_KNOTS('',1,(#4394,#4395),.UNSPECIFIED.,.F.,
  .F.,(2,2),(0.,1.014241727507),.PIECEWISE_BEZIER_KNOTS.);
#4394 = CARTESIAN_POINT('',(-32.80636928912,-2.333314268584,0.));
#4395 = CARTESIAN_POINT('',(-31.79468319016,-2.261359289683,0.));
#4396 = VECTOR('',#4397,1.);
#4397 = DIRECTION('',(-0.,-0.,-1.));
#4398 = ADVANCED_FACE('',(#4399),#4422,.F.);
#4399 = FACE_BOUND('',#4400,.F.);
#4400 = EDGE_LOOP('',(#4401,#4402,#4409,#4417));
#4401 = ORIENTED_EDGE('',*,*,#4380,.T.);
#4402 = ORIENTED_EDGE('',*,*,#4403,.T.);
#4403 = EDGE_CURVE('',#4374,#4404,#4406,.T.);
#4404 = VERTEX_POINT('',#4405);
#4405 = CARTESIAN_POINT('',(-31.50072388222,-4.870320307337,5.));
#4406 = B_SPLINE_CURVE_WITH_KNOTS('',1,(#4407,#4408),.UNSPECIFIED.,.F.,
  .F.,(2,2),(0.,2.625469418288),.PIECEWISE_BEZIER_KNOTS.);
#4407 = CARTESIAN_POINT('',(-31.79468319016,-2.261359289683,5.));
#4408 = CARTESIAN_POINT('',(-31.50072388222,-4.870320307337,5.));
#4409 = ORIENTED_EDGE('',*,*,#4410,.F.);
#4410 = EDGE_CURVE('',#4411,#4404,#4413,.T.);
#4411 = VERTEX_POINT('',#4412);
#4412 = CARTESIAN_POINT('',(-31.50072388222,-4.870320307337,0.));
#4413 = LINE('',#4414,#4415);
#4414 = CARTESIAN_POINT('',(-31.50072388222,-4.870320307337,0.));
#4415 = VECTOR('',#4416,1.);
#4416 = DIRECTION('',(0.,0.,1.));
#4417 = ORIENTED_EDGE('',*,*,#4418,.F.);
#4418 = EDGE_CURVE('',#4381,#4411,#4419,.T.);
#4419 = B_SPLINE_CURVE_WITH_KNOTS('',1,(#4420,#4421),.UNSPECIFIED.,.F.,
  .F.,(2,2),(0.,2.625469418288),.PIECEWISE_BEZIER_KNOTS.);
#4420 = CARTESIAN_POINT('',(-31.79468319016,-2.261359289683,0.));
#4421 = CARTESIAN_POINT('',(-31.50072388222,-4.870320307337,0.));
#4422 = SURFACE_OF_LINEAR_EXTRUSION('',#4423,#4426);
#4423 = B_SPLINE_CURVE_WITH_KNOTS('',1,(#4424,#4425),.UNSPECIFIED.,.F.,
  .F.,(2,2),(0.,2.625469418288),.PIECEWISE_BEZIER_KNOTS.);
#4424 = CARTESIAN_POINT('',(-31.79468319016,-2.261359289683,0.));
#4425 = CARTESIAN_POINT('',(-31.50072388222,-4.870320307337,0.));
#4426 = VECTOR('',#4427,1.);
#4427 = DIRECTION('',(-0.,-0.,-1.));
#4428 = ADVANCED_FACE('',(#4429),#4452,.F.);
#4429 = FACE_BOUND('',#4430,.F.);
#4430 = EDGE_LOOP('',(#4431,#4432,#4439,#4447));
#4431 = ORIENTED_EDGE('',*,*,#4410,.T.);
#4432 = ORIENTED_EDGE('',*,*,#4433,.T.);
#4433 = EDGE_CURVE('',#4404,#4434,#4436,.T.);
#4434 = VERTEX_POINT('',#4435);
#4435 = CARTESIAN_POINT('',(-32.50305638757,-5.025290725597,5.));
#4436 = B_SPLINE_CURVE_WITH_KNOTS('',1,(#4437,#4438),.UNSPECIFIED.,.F.,
  .F.,(2,2),(0.,1.014241727507),.PIECEWISE_BEZIER_KNOTS.);
#4437 = CARTESIAN_POINT('',(-31.50072388222,-4.870320307337,5.));
#4438 = CARTESIAN_POINT('',(-32.50305638757,-5.025290725597,5.));
#4439 = ORIENTED_EDGE('',*,*,#4440,.F.);
#4440 = EDGE_CURVE('',#4441,#4434,#4443,.T.);
#4441 = VERTEX_POINT('',#4442);
#4442 = CARTESIAN_POINT('',(-32.50305638757,-5.025290725597,0.));
#4443 = LINE('',#4444,#4445);
#4444 = CARTESIAN_POINT('',(-32.50305638757,-5.025290725597,0.));
#4445 = VECTOR('',#4446,1.);
#4446 = DIRECTION('',(0.,0.,1.));
#4447 = ORIENTED_EDGE('',*,*,#4448,.F.);
#4448 = EDGE_CURVE('',#4411,#4441,#4449,.T.);
#4449 = B_SPLINE_CURVE_WITH_KNOTS('',1,(#4450,#4451),.UNSPECIFIED.,.F.,
  .F.,(2,2),(0.,1.014241727507),.PIECEWISE_BEZIER_KNOTS.);
#4450 = CARTESIAN_POINT('',(-31.50072388222,-4.870320307337,0.));
#4451 = CARTESIAN_POINT('',(-32.50305638757,-5.025290725597,0.));
#4452 = SURFACE_OF_LINEAR_EXTRUSION('',#4453,#4456);
#4453 = B_SPLINE_CURVE_WITH_KNOTS('',1,(#4454,#4455),.UNSPECIFIED.,.F.,
  .F.,(2,2),(0.,1.014241727507),.PIECEWISE_BEZIER_KNOTS.);
#4454 = CARTESIAN_POINT('',(-31.50072388222,-4.870320307337,0.));
#4455 = CARTESIAN_POINT('',(-32.50305638757,-5.025290725597,0.));
#4456 = VECTOR('',#4457,1.);
#4457 = DIRECTION('',(-0.,-0.,-1.));
#4458 = ADVANCED_FACE('',(#4459),#4522,.F.);
#4459 = FACE_BOUND('',#4460,.F.);
#4460 = EDGE_LOOP('',(#4461,#4462,#4489,#4497));
#4461 = ORIENTED_EDGE('',*,*,#4440,.T.);
#4462 = ORIENTED_EDGE('',*,*,#4463,.T.);
#4463 = EDGE_CURVE('',#4434,#4464,#4466,.T.);
#4464 = VERTEX_POINT('',#4465);
#4465 = CARTESIAN_POINT('',(-36.7522582876,-7.451275780788,5.));
#4466 = B_SPLINE_CURVE_WITH_KNOTS('',3,(#4467,#4468,#4469,#4470,#4471,
    #4472,#4473,#4474,#4475,#4476,#4477,#4478,#4479,#4480,#4481,#4482,
    #4483,#4484,#4485,#4486,#4487,#4488),.UNSPECIFIED.,.F.,.F.,(4,1,1,1,
    1,1,1,1,1,1,1,1,1,1,1,1,1,1,1,4),(0.,1.366713726009E-02,
    5.466812833143E-02,0.123003057355,0.218671936353,0.341674769329,
    0.492011558107,0.669682303667,0.874687006597,1.107025667278,
    1.36669828597,1.65370486286,1.968045398084,2.309719891748,
    2.678728343933,3.075070754704,3.498747124111,3.949757452199,
    4.428101739001,4.933779984548),.UNSPECIFIED.);
#4467 = CARTESIAN_POINT('',(-32.50305638757,-5.025290725597,5.));
#4468 = CARTESIAN_POINT('',(-32.50755066656,-5.026038748961,5.));
#4469 = CARTESIAN_POINT('',(-32.5255022494,-5.029170728831,5.));
#4470 = CARTESIAN_POINT('',(-32.56567331412,-5.03742095806,5.));
#4471 = CARTESIAN_POINT('',(-32.63225103349,-5.052844980261,5.));
#4472 = CARTESIAN_POINT('',(-32.72480468514,-5.077117813402,5.));
#4473 = CARTESIAN_POINT('',(-32.84287316104,-5.111664022229,5.));
#4474 = CARTESIAN_POINT('',(-32.98591327701,-5.157999616022,5.));
#4475 = CARTESIAN_POINT('',(-33.15332435331,-5.21757350812,5.));
#4476 = CARTESIAN_POINT('',(-33.34443989107,-5.291825651445,5.));
#4477 = CARTESIAN_POINT('',(-33.55853195142,-5.382162364339,5.));
#4478 = CARTESIAN_POINT('',(-33.79481107585,-5.489961544584,5.));
#4479 = CARTESIAN_POINT('',(-34.0524278416,-5.616567748941,5.));
#4480 = CARTESIAN_POINT('',(-34.33047398679,-5.763290695566,5.));
#4481 = CARTESIAN_POINT('',(-34.62798378086,-5.931402744925,5.));
#4482 = CARTESIAN_POINT('',(-34.94393543443,-6.122136706496,5.));
#4483 = CARTESIAN_POINT('',(-35.27725256032,-6.336683878001,5.));
#4484 = CARTESIAN_POINT('',(-35.62680589275,-6.576190978956,5.));
#4485 = CARTESIAN_POINT('',(-35.99141431953,-6.841762052213,5.));
#4486 = CARTESIAN_POINT('',(-36.36984912228,-7.134440253317,5.));
#4487 = CARTESIAN_POINT('',(-36.62345542798,-7.342547300864,5.));
#4488 = CARTESIAN_POINT('',(-36.7522582876,-7.451275780788,5.));
#4489 = ORIENTED_EDGE('',*,*,#4490,.F.);
#4490 = EDGE_CURVE('',#4491,#4464,#4493,.T.);
#4491 = VERTEX_POINT('',#4492);
#4492 = CARTESIAN_POINT('',(-36.7522582876,-7.451275780788,0.));
#4493 = LINE('',#4494,#4495);
#4494 = CARTESIAN_POINT('',(-36.7522582876,-7.451275780788,0.));
#4495 = VECTOR('',#4496,1.);
#4496 = DIRECTION('',(0.,0.,1.));
#4497 = ORIENTED_EDGE('',*,*,#4498,.F.);
#4498 = EDGE_CURVE('',#4441,#4491,#4499,.T.);
#4499 = B_SPLINE_CURVE_WITH_KNOTS('',3,(#4500,#4501,#4502,#4503,#4504,
    #4505,#4506,#4507,#4508,#4509,#4510,#4511,#4512,#4513,#4514,#4515,
    #4516,#4517,#4518,#4519,#4520,#4521),.UNSPECIFIED.,.F.,.F.,(4,1,1,1,
    1,1,1,1,1,1,1,1,1,1,1,1,1,1,1,4),(0.,1.366713726009E-02,
    5.466812833143E-02,0.123003057355,0.218671936353,0.341674769329,
    0.492011558107,0.669682303667,0.874687006597,1.107025667278,
    1.36669828597,1.65370486286,1.968045398084,2.309719891748,
    2.678728343933,3.075070754704,3.498747124111,3.949757452199,
    4.428101739001,4.933779984548),.UNSPECIFIED.);
#4500 = CARTESIAN_POINT('',(-32.50305638757,-5.025290725597,0.));
#4501 = CARTESIAN_POINT('',(-32.50755066656,-5.026038748961,0.));
#4502 = CARTESIAN_POINT('',(-32.5255022494,-5.029170728831,0.));
#4503 = CARTESIAN_POINT('',(-32.56567331412,-5.03742095806,0.));
#4504 = CARTESIAN_POINT('',(-32.63225103349,-5.052844980261,0.));
#4505 = CARTESIAN_POINT('',(-32.72480468514,-5.077117813402,0.));
#4506 = CARTESIAN_POINT('',(-32.84287316104,-5.111664022229,0.));
#4507 = CARTESIAN_POINT('',(-32.98591327701,-5.157999616022,0.));
#4508 = CARTESIAN_POINT('',(-33.15332435331,-5.21757350812,0.));
#4509 = CARTESIAN_POINT('',(-33.34443989107,-5.291825651445,0.));
#4510 = CARTESIAN_POINT('',(-33.55853195142,-5.382162364339,0.));
#4511 = CARTESIAN_POINT('',(-33.79481107585,-5.489961544584,0.));
#4512 = CARTESIAN_POINT('',(-34.0524278416,-5.616567748941,0.));
#4513 = CARTESIAN_POINT('',(-34.33047398679,-5.763290695566,0.));
#4514 = CARTESIAN_POINT('',(-34.62798378086,-5.931402744925,0.));
#4515 = CARTESIAN_POINT('',(-34.94393543443,-6.122136706496,0.));
#4516 = CARTESIAN_POINT('',(-35.27725256032,-6.336683878001,0.));
#4517 = CARTESIAN_POINT('',(-35.62680589275,-6.576190978956,0.));
#4518 = CARTESIAN_POINT('',(-35.99141431953,-6.841762052213,0.));
#4519 = CARTESIAN_POINT('',(-36.36984912228,-7.134440253317,0.));
#4520 = CARTESIAN_POINT('',(-36.62345542798,-7.342547300864,0.));
#4521 = CARTESIAN_POINT('',(-36.7522582876,-7.451275780788,0.));
#4522 = SURFACE_OF_LINEAR_EXTRUSION('',#4523,#4546);
#4523 = B_SPLINE_CURVE_WITH_KNOTS('',3,(#4524,#4525,#4526,#4527,#4528,
    #4529,#4530,#4531,#4532,#4533,#4534,#4535,#4536,#4537,#4538,#4539,
    #4540,#4541,#4542,#4543,#4544,#4545),.UNSPECIFIED.,.F.,.F.,(4,1,1,1,
    1,1,1,1,1,1,1,1,1,1,1,1,1,1,1,4),(0.,1.366713726009E-02,
    5.466812833143E-02,0.123003057355,0.218671936353,0.341674769329,
    0.492011558107,0.669682303667,0.874687006597,1.107025667278,
    1.36669828597,1.65370486286,1.968045398084,2.309719891748,
    2.678728343933,3.075070754704,3.498747124111,3.949757452199,
    4.428101739001,4.933779984548),.UNSPECIFIED.);
#4524 = CARTESIAN_POINT('',(-32.50305638757,-5.025290725597,0.));
#4525 = CARTESIAN_POINT('',(-32.50755066656,-5.026038748961,0.));
#4526 = CARTESIAN_POINT('',(-32.5255022494,-5.029170728831,0.));
#4527 = CARTESIAN_POINT('',(-32.56567331412,-5.03742095806,0.));
#4528 = CARTESIAN_POINT('',(-32.63225103349,-5.052844980261,0.));
#4529 = CARTESIAN_POINT('',(-32.72480468514,-5.077117813402,0.));
#4530 = CARTESIAN_POINT('',(-32.84287316104,-5.111664022229,0.));
#4531 = CARTESIAN_POINT('',(-32.98591327701,-5.157999616022,0.));
#4532 = CARTESIAN_POINT('',(-33.15332435331,-5.21757350812,0.));
#4533 = CARTESIAN_POINT('',(-33.34443989107,-5.291825651445,0.));
#4534 = CARTESIAN_POINT('',(-33.55853195142,-5.382162364339,0.));
#4535 = CARTESIAN_POINT('',(-33.79481107585,-5.489961544584,0.));
#4536 = CARTESIAN_POINT('',(-34.0524278416,-5.616567748941,0.));
#4537 = CARTESIAN_POINT('',(-34.33047398679,-5.763290695566,0.));
#4538 = CARTESIAN_POINT('',(-34.62798378086,-5.931402744925,0.));
#4539 = CARTESIAN_POINT('',(-34.94393543443,-6.122136706496,0.));
#4540 = CARTESIAN_POINT('',(-35.27725256032,-6.336683878001,0.));
#4541 = CARTESIAN_POINT('',(-35.62680589275,-6.576190978956,0.));
#4542 = CARTESIAN_POINT('',(-35.99141431953,-6.841762052213,0.));
#4543 = CARTESIAN_POINT('',(-36.36984912228,-7.134440253317,0.));
#4544 = CARTESIAN_POINT('',(-36.62345542798,-7.342547300864,0.));
#4545 = CARTESIAN_POINT('',(-36.7522582876,-7.451275780788,0.));
#4546 = VECTOR('',#4547,1.);
#4547 = DIRECTION('',(-0.,-0.,-1.));
#4548 = ADVANCED_FACE('',(#4549),#4572,.F.);
#4549 = FACE_BOUND('',#4550,.F.);
#4550 = EDGE_LOOP('',(#4551,#4552,#4559,#4567));
#4551 = ORIENTED_EDGE('',*,*,#4490,.T.);
#4552 = ORIENTED_EDGE('',*,*,#4553,.T.);
#4553 = EDGE_CURVE('',#4464,#4554,#4556,.T.);
#4554 = VERTEX_POINT('',#4555);
#4555 = CARTESIAN_POINT('',(-36.3456279392,-9.232839742194,5.));
#4556 = B_SPLINE_CURVE_WITH_KNOTS('',1,(#4557,#4558),.UNSPECIFIED.,.F.,
  .F.,(2,2),(0.,1.827380198213),.PIECEWISE_BEZIER_KNOTS.);
#4557 = CARTESIAN_POINT('',(-36.7522582876,-7.451275780788,5.));
#4558 = CARTESIAN_POINT('',(-36.3456279392,-9.232839742194,5.));
#4559 = ORIENTED_EDGE('',*,*,#4560,.F.);
#4560 = EDGE_CURVE('',#4561,#4554,#4563,.T.);
#4561 = VERTEX_POINT('',#4562);
#4562 = CARTESIAN_POINT('',(-36.3456279392,-9.232839742194,0.));
#4563 = LINE('',#4564,#4565);
#4564 = CARTESIAN_POINT('',(-36.3456279392,-9.232839742194,0.));
#4565 = VECTOR('',#4566,1.);
#4566 = DIRECTION('',(0.,0.,1.));
#4567 = ORIENTED_EDGE('',*,*,#4568,.F.);
#4568 = EDGE_CURVE('',#4491,#4561,#4569,.T.);
#4569 = B_SPLINE_CURVE_WITH_KNOTS('',1,(#4570,#4571),.UNSPECIFIED.,.F.,
  .F.,(2,2),(0.,1.827380198213),.PIECEWISE_BEZIER_KNOTS.);
#4570 = CARTESIAN_POINT('',(-36.7522582876,-7.451275780788,0.));
#4571 = CARTESIAN_POINT('',(-36.3456279392,-9.232839742194,0.));
#4572 = SURFACE_OF_LINEAR_EXTRUSION('',#4573,#4576);
#4573 = B_SPLINE_CURVE_WITH_KNOTS('',1,(#4574,#4575),.UNSPECIFIED.,.F.,
  .F.,(2,2),(0.,1.827380198213),.PIECEWISE_BEZIER_KNOTS.);
#4574 = CARTESIAN_POINT('',(-36.7522582876,-7.451275780788,0.));
#4575 = CARTESIAN_POINT('',(-36.3456279392,-9.232839742194,0.));
#4576 = VECTOR('',#4577,1.);
#4577 = DIRECTION('',(-0.,-0.,-1.));
#4578 = ADVANCED_FACE('',(#4579),#4642,.F.);
#4579 = FACE_BOUND('',#4580,.F.);
#4580 = EDGE_LOOP('',(#4581,#4582,#4609,#4617));
#4581 = ORIENTED_EDGE('',*,*,#4560,.T.);
#4582 = ORIENTED_EDGE('',*,*,#4583,.T.);
#4583 = EDGE_CURVE('',#4554,#4584,#4586,.T.);
#4584 = VERTEX_POINT('',#4585);
#4585 = CARTESIAN_POINT('',(-31.46463384705,-9.574917142267,5.));
#4586 = B_SPLINE_CURVE_WITH_KNOTS('',3,(#4587,#4588,#4589,#4590,#4591,
    #4592,#4593,#4594,#4595,#4596,#4597,#4598,#4599,#4600,#4601,#4602,
    #4603,#4604,#4605,#4606,#4607,#4608),.UNSPECIFIED.,.F.,.F.,(4,1,1,1,
    1,1,1,1,1,1,1,1,1,1,1,1,1,1,1,4),(0.,0.505678245547,0.98402253235,
    1.435032860437,1.858709229845,2.255051640615,2.6240600928,
    2.965734586464,3.280075121689,3.567081698578,3.82675431727,
    4.059092977951,4.264097680881,4.441768426441,4.592105215219,
    4.715108048196,4.810776927193,4.879111856217,4.920112847288,
    4.933779984548),.UNSPECIFIED.);
#4587 = CARTESIAN_POINT('',(-36.3456279392,-9.232839742194,5.));
#4588 = CARTESIAN_POINT('',(-36.18240505317,-9.27491525132,5.));
#4589 = CARTESIAN_POINT('',(-35.8636194031,-9.352377570169,5.));
#4590 = CARTESIAN_POINT('',(-35.39567311504,-9.451874810447,5.));
#4591 = CARTESIAN_POINT('',(-34.95194530327,-9.532948412142,5.));
#4592 = CARTESIAN_POINT('',(-34.53309039657,-9.59707134685,5.));
#4593 = CARTESIAN_POINT('',(-34.13969351402,-9.64575078818,5.));
#4594 = CARTESIAN_POINT('',(-33.77227454596,-9.680509864775,5.));
#4595 = CARTESIAN_POINT('',(-33.43128639905,-9.702888925692,5.));
#4596 = CARTESIAN_POINT('',(-33.1171147777,-9.714442031687,5.));
#4597 = CARTESIAN_POINT('',(-32.83007771856,-9.716734554711,5.));
#4598 = CARTESIAN_POINT('',(-32.57042527192,-9.711340590116,5.));
#4599 = CARTESIAN_POINT('',(-32.33833935991,-9.699840092402,5.));
#4600 = CARTESIAN_POINT('',(-32.13393341263,-9.683817037785,5.));
#4601 = CARTESIAN_POINT('',(-31.95725310168,-9.664854316149,5.));
#4602 = CARTESIAN_POINT('',(-31.80827414964,-9.644538463274,5.));
#4603 = CARTESIAN_POINT('',(-31.68690909031,-9.624435530132,5.));
#4604 = CARTESIAN_POINT('',(-31.59298954397,-9.606147072685,5.));
#4605 = CARTESIAN_POINT('',(-31.5263128591,-9.591156646683,5.));
#4606 = CARTESIAN_POINT('',(-31.48654034008,-9.581160274604,5.));
#4607 = CARTESIAN_POINT('',(-31.46900760768,-9.576193191078,5.));
#4608 = CARTESIAN_POINT('',(-31.46463384705,-9.574917142267,5.));
#4609 = ORIENTED_EDGE('',*,*,#4610,.F.);
#4610 = EDGE_CURVE('',#4611,#4584,#4613,.T.);
#4611 = VERTEX_POINT('',#4612);
#4612 = CARTESIAN_POINT('',(-31.46463384705,-9.574917142267,0.));
#4613 = LINE('',#4614,#4615);
#4614 = CARTESIAN_POINT('',(-31.46463384705,-9.574917142267,0.));
#4615 = VECTOR('',#4616,1.);
#4616 = DIRECTION('',(0.,0.,1.));
#4617 = ORIENTED_EDGE('',*,*,#4618,.F.);
#4618 = EDGE_CURVE('',#4561,#4611,#4619,.T.);
#4619 = B_SPLINE_CURVE_WITH_KNOTS('',3,(#4620,#4621,#4622,#4623,#4624,
    #4625,#4626,#4627,#4628,#4629,#4630,#4631,#4632,#4633,#4634,#4635,
    #4636,#4637,#4638,#4639,#4640,#4641),.UNSPECIFIED.,.F.,.F.,(4,1,1,1,
    1,1,1,1,1,1,1,1,1,1,1,1,1,1,1,4),(0.,0.505678245547,0.98402253235,
    1.435032860437,1.858709229845,2.255051640615,2.6240600928,
    2.965734586464,3.280075121689,3.567081698578,3.82675431727,
    4.059092977951,4.264097680881,4.441768426441,4.592105215219,
    4.715108048196,4.810776927193,4.879111856217,4.920112847288,
    4.933779984548),.UNSPECIFIED.);
#4620 = CARTESIAN_POINT('',(-36.3456279392,-9.232839742194,0.));
#4621 = CARTESIAN_POINT('',(-36.18240505317,-9.27491525132,0.));
#4622 = CARTESIAN_POINT('',(-35.8636194031,-9.352377570169,0.));
#4623 = CARTESIAN_POINT('',(-35.39567311504,-9.451874810447,0.));
#4624 = CARTESIAN_POINT('',(-34.95194530327,-9.532948412142,0.));
#4625 = CARTESIAN_POINT('',(-34.53309039657,-9.59707134685,0.));
#4626 = CARTESIAN_POINT('',(-34.13969351402,-9.64575078818,0.));
#4627 = CARTESIAN_POINT('',(-33.77227454596,-9.680509864775,0.));
#4628 = CARTESIAN_POINT('',(-33.43128639905,-9.702888925692,0.));
#4629 = CARTESIAN_POINT('',(-33.1171147777,-9.714442031687,0.));
#4630 = CARTESIAN_POINT('',(-32.83007771856,-9.716734554711,0.));
#4631 = CARTESIAN_POINT('',(-32.57042527192,-9.711340590116,0.));
#4632 = CARTESIAN_POINT('',(-32.33833935991,-9.699840092402,0.));
#4633 = CARTESIAN_POINT('',(-32.13393341263,-9.683817037785,0.));
#4634 = CARTESIAN_POINT('',(-31.95725310168,-9.664854316149,0.));
#4635 = CARTESIAN_POINT('',(-31.80827414964,-9.644538463274,0.));
#4636 = CARTESIAN_POINT('',(-31.68690909031,-9.624435530132,0.));
#4637 = CARTESIAN_POINT('',(-31.59298954397,-9.606147072685,0.));
#4638 = CARTESIAN_POINT('',(-31.5263128591,-9.591156646683,0.));
#4639 = CARTESIAN_POINT('',(-31.48654034008,-9.581160274604,0.));
#4640 = CARTESIAN_POINT('',(-31.46900760768,-9.576193191078,0.));
#4641 = CARTESIAN_POINT('',(-31.46463384705,-9.574917142267,0.));
#4642 = SURFACE_OF_LINEAR_EXTRUSION('',#4643,#4666);
#4643 = B_SPLINE_CURVE_WITH_KNOTS('',3,(#4644,#4645,#4646,#4647,#4648,
    #4649,#4650,#4651,#4652,#4653,#4654,#4655,#4656,#4657,#4658,#4659,
    #4660,#4661,#4662,#4663,#4664,#4665),.UNSPECIFIED.,.F.,.F.,(4,1,1,1,
    1,1,1,1,1,1,1,1,1,1,1,1,1,1,1,4),(0.,0.505678245547,0.98402253235,
    1.435032860437,1.858709229845,2.255051640615,2.6240600928,
    2.965734586464,3.280075121689,3.567081698578,3.82675431727,
    4.059092977951,4.264097680881,4.441768426441,4.592105215219,
    4.715108048196,4.810776927193,4.879111856217,4.920112847288,
    4.933779984548),.UNSPECIFIED.);
#4644 = CARTESIAN_POINT('',(-36.3456279392,-9.232839742194,0.));
#4645 = CARTESIAN_POINT('',(-36.18240505317,-9.27491525132,0.));
#4646 = CARTESIAN_POINT('',(-35.8636194031,-9.352377570169,0.));
#4647 = CARTESIAN_POINT('',(-35.39567311504,-9.451874810447,0.));
#4648 = CARTESIAN_POINT('',(-34.95194530327,-9.532948412142,0.));
#4649 = CARTESIAN_POINT('',(-34.53309039657,-9.59707134685,0.));
#4650 = CARTESIAN_POINT('',(-34.13969351402,-9.64575078818,0.));
#4651 = CARTESIAN_POINT('',(-33.77227454596,-9.680509864775,0.));
#4652 = CARTESIAN_POINT('',(-33.43128639905,-9.702888925692,0.));
#4653 = CARTESIAN_POINT('',(-33.1171147777,-9.714442031687,0.));
#4654 = CARTESIAN_POINT('',(-32.83007771856,-9.716734554711,0.));
#4655 = CARTESIAN_POINT('',(-32.57042527192,-9.711340590116,0.));
#4656 = CARTESIAN_POINT('',(-32.33833935991,-9.699840092402,0.));
#4657 = CARTESIAN_POINT('',(-32.13393341263,-9.683817037785,0.));
#4658 = CARTESIAN_POINT('',(-31.95725310168,-9.664854316149,0.));
#4659 = CARTESIAN_POINT('',(-31.80827414964,-9.644538463274,0.));
#4660 = CARTESIAN_POINT('',(-31.68690909031,-9.624435530132,0.));
#4661 = CARTESIAN_POINT('',(-31.59298954397,-9.606147072685,0.));
#4662 = CARTESIAN_POINT('',(-31.5263128591,-9.591156646683,0.));
#4663 = CARTESIAN_POINT('',(-31.48654034008,-9.581160274604,0.));
#4664 = CARTESIAN_POINT('',(-31.46900760768,-9.576193191078,0.));
#4665 = CARTESIAN_POINT('',(-31.46463384705,-9.574917142267,0.));
#4666 = VECTOR('',#4667,1.);
#4667 = DIRECTION('',(-0.,-0.,-1.));
#4668 = ADVANCED_FACE('',(#4669),#4692,.F.);
#4669 = FACE_BOUND('',#4670,.F.);
#4670 = EDGE_LOOP('',(#4671,#4672,#4679,#4687));
#4671 = ORIENTED_EDGE('',*,*,#4610,.T.);
#4672 = ORIENTED_EDGE('',*,*,#4673,.T.);
#4673 = EDGE_CURVE('',#4584,#4674,#4676,.T.);
#4674 = VERTEX_POINT('',#4675);
#4675 = CARTESIAN_POINT('',(-30.49432431991,-9.279644889304,5.));
#4676 = B_SPLINE_CURVE_WITH_KNOTS('',1,(#4677,#4678),.UNSPECIFIED.,.F.,
  .F.,(2,2),(0.,1.014241727507),.PIECEWISE_BEZIER_KNOTS.);
#4677 = CARTESIAN_POINT('',(-31.46463384705,-9.574917142267,5.));
#4678 = CARTESIAN_POINT('',(-30.49432431991,-9.279644889304,5.));
#4679 = ORIENTED_EDGE('',*,*,#4680,.F.);
#4680 = EDGE_CURVE('',#4681,#4674,#4683,.T.);
#4681 = VERTEX_POINT('',#4682);
#4682 = CARTESIAN_POINT('',(-30.49432431991,-9.279644889304,0.));
#4683 = LINE('',#4684,#4685);
#4684 = CARTESIAN_POINT('',(-30.49432431991,-9.279644889304,0.));
#4685 = VECTOR('',#4686,1.);
#4686 = DIRECTION('',(0.,0.,1.));
#4687 = ORIENTED_EDGE('',*,*,#4688,.F.);
#4688 = EDGE_CURVE('',#4611,#4681,#4689,.T.);
#4689 = B_SPLINE_CURVE_WITH_KNOTS('',1,(#4690,#4691),.UNSPECIFIED.,.F.,
  .F.,(2,2),(0.,1.014241727507),.PIECEWISE_BEZIER_KNOTS.);
#4690 = CARTESIAN_POINT('',(-31.46463384705,-9.574917142267,0.));
#4691 = CARTESIAN_POINT('',(-30.49432431991,-9.279644889304,0.));
#4692 = SURFACE_OF_LINEAR_EXTRUSION('',#4693,#4696);
#4693 = B_SPLINE_CURVE_WITH_KNOTS('',1,(#4694,#4695),.UNSPECIFIED.,.F.,
  .F.,(2,2),(0.,1.014241727507),.PIECEWISE_BEZIER_KNOTS.);
#4694 = CARTESIAN_POINT('',(-31.46463384705,-9.574917142267,0.));
#4695 = CARTESIAN_POINT('',(-30.49432431991,-9.279644889304,0.));
#4696 = VECTOR('',#4697,1.);
#4697 = DIRECTION('',(-0.,-0.,-1.));
#4698 = ADVANCED_FACE('',(#4699),#4722,.F.);
#4699 = FACE_BOUND('',#4700,.F.);
#4700 = EDGE_LOOP('',(#4701,#4702,#4709,#4717));
#4701 = ORIENTED_EDGE('',*,*,#4680,.T.);
#4702 = ORIENTED_EDGE('',*,*,#4703,.T.);
#4703 = EDGE_CURVE('',#4674,#4704,#4706,.T.);
#4704 = VERTEX_POINT('',#4705);
#4705 = CARTESIAN_POINT('',(-29.62718674325,-11.75778170746,5.));
#4706 = B_SPLINE_CURVE_WITH_KNOTS('',1,(#4707,#4708),.UNSPECIFIED.,.F.,
  .F.,(2,2),(0.,2.625469418288),.PIECEWISE_BEZIER_KNOTS.);
#4707 = CARTESIAN_POINT('',(-30.49432431991,-9.279644889304,5.));
#4708 = CARTESIAN_POINT('',(-29.62718674325,-11.75778170746,5.));
#4709 = ORIENTED_EDGE('',*,*,#4710,.F.);
#4710 = EDGE_CURVE('',#4711,#4704,#4713,.T.);
#4711 = VERTEX_POINT('',#4712);
#4712 = CARTESIAN_POINT('',(-29.62718674325,-11.75778170746,0.));
#4713 = LINE('',#4714,#4715);
#4714 = CARTESIAN_POINT('',(-29.62718674325,-11.75778170746,0.));
#4715 = VECTOR('',#4716,1.);
#4716 = DIRECTION('',(0.,0.,1.));
#4717 = ORIENTED_EDGE('',*,*,#4718,.F.);
#4718 = EDGE_CURVE('',#4681,#4711,#4719,.T.);
#4719 = B_SPLINE_CURVE_WITH_KNOTS('',1,(#4720,#4721),.UNSPECIFIED.,.F.,
  .F.,(2,2),(0.,2.625469418288),.PIECEWISE_BEZIER_KNOTS.);
#4720 = CARTESIAN_POINT('',(-30.49432431991,-9.279644889304,0.));
#4721 = CARTESIAN_POINT('',(-29.62718674325,-11.75778170746,0.));
#4722 = SURFACE_OF_LINEAR_EXTRUSION('',#4723,#4726);
#4723 = B_SPLINE_CURVE_WITH_KNOTS('',1,(#4724,#4725),.UNSPECIFIED.,.F.,
  .F.,(2,2),(0.,2.625469418288),.PIECEWISE_BEZIER_KNOTS.);
#4724 = CARTESIAN_POINT('',(-30.49432431991,-9.279644889304,0.));
#4725 = CARTESIAN_POINT('',(-29.62718674325,-11.75778170746,0.));
#4726 = VECTOR('',#4727,1.);
#4727 = DIRECTION('',(-0.,-0.,-1.));
#4728 = ADVANCED_FACE('',(#4729),#4752,.F.);
#4729 = FACE_BOUND('',#4730,.F.);
#4730 = EDGE_LOOP('',(#4731,#4732,#4739,#4747));
#4731 = ORIENTED_EDGE('',*,*,#4710,.T.);
#4732 = ORIENTED_EDGE('',*,*,#4733,.T.);
#4733 = EDGE_CURVE('',#4704,#4734,#4736,.T.);
#4734 = VERTEX_POINT('',#4735);
#4735 = CARTESIAN_POINT('',(-30.5699045178,-12.13190665901,5.));
#4736 = B_SPLINE_CURVE_WITH_KNOTS('',1,(#4737,#4738),.UNSPECIFIED.,.F.,
  .F.,(2,2),(0.,1.014241727507),.PIECEWISE_BEZIER_KNOTS.);
#4737 = CARTESIAN_POINT('',(-29.62718674325,-11.75778170746,5.));
#4738 = CARTESIAN_POINT('',(-30.5699045178,-12.13190665901,5.));
#4739 = ORIENTED_EDGE('',*,*,#4740,.F.);
#4740 = EDGE_CURVE('',#4741,#4734,#4743,.T.);
#4741 = VERTEX_POINT('',#4742);
#4742 = CARTESIAN_POINT('',(-30.5699045178,-12.13190665901,0.));
#4743 = LINE('',#4744,#4745);
#4744 = CARTESIAN_POINT('',(-30.5699045178,-12.13190665901,0.));
#4745 = VECTOR('',#4746,1.);
#4746 = DIRECTION('',(0.,0.,1.));
#4747 = ORIENTED_EDGE('',*,*,#4748,.F.);
#4748 = EDGE_CURVE('',#4711,#4741,#4749,.T.);
#4749 = B_SPLINE_CURVE_WITH_KNOTS('',1,(#4750,#4751),.UNSPECIFIED.,.F.,
  .F.,(2,2),(0.,1.014241727507),.PIECEWISE_BEZIER_KNOTS.);
#4750 = CARTESIAN_POINT('',(-29.62718674325,-11.75778170746,0.));
#4751 = CARTESIAN_POINT('',(-30.5699045178,-12.13190665901,0.));
#4752 = SURFACE_OF_LINEAR_EXTRUSION('',#4753,#4756);
#4753 = B_SPLINE_CURVE_WITH_KNOTS('',1,(#4754,#4755),.UNSPECIFIED.,.F.,
  .F.,(2,2),(0.,1.014241727507),.PIECEWISE_BEZIER_KNOTS.);
#4754 = CARTESIAN_POINT('',(-29.62718674325,-11.75778170746,0.));
#4755 = CARTESIAN_POINT('',(-30.5699045178,-12.13190665901,0.));
#4756 = VECTOR('',#4757,1.);
#4757 = DIRECTION('',(-0.,-0.,-1.));
#4758 = ADVANCED_FACE('',(#4759),#4822,.F.);
#4759 = FACE_BOUND('',#4760,.F.);
#4760 = EDGE_LOOP('',(#4761,#4762,#4789,#4797));
#4761 = ORIENTED_EDGE('',*,*,#4740,.T.);
#4762 = ORIENTED_EDGE('',*,*,#4763,.T.);
#4763 = EDGE_CURVE('',#4734,#4764,#4766,.T.);
#4764 = VERTEX_POINT('',#4765);
#4765 = CARTESIAN_POINT('',(-34.17273759439,-15.44260357921,5.));
#4766 = B_SPLINE_CURVE_WITH_KNOTS('',3,(#4767,#4768,#4769,#4770,#4771,
    #4772,#4773,#4774,#4775,#4776,#4777,#4778,#4779,#4780,#4781,#4782,
    #4783,#4784,#4785,#4786,#4787,#4788),.UNSPECIFIED.,.F.,.F.,(4,1,1,1,
    1,1,1,1,1,1,1,1,1,1,1,1,1,1,1,4),(0.,1.366713726009E-02,
    5.466812833143E-02,0.123003057355,0.218671936353,0.341674769329,
    0.492011558107,0.669682303667,0.874687006597,1.107025667278,
    1.36669828597,1.65370486286,1.968045398084,2.309719891748,
    2.678728343933,3.075070754704,3.498747124111,3.949757452199,
    4.428101739001,4.933779984548),.UNSPECIFIED.);
#4767 = CARTESIAN_POINT('',(-30.5699045178,-12.13190665901,5.));
#4768 = CARTESIAN_POINT('',(-30.57411966498,-12.13363599902,5.));
#4769 = CARTESIAN_POINT('',(-30.59092423306,-12.1406840566,5.));
#4770 = CARTESIAN_POINT('',(-30.62825227661,-12.15766633819,5.));
#4771 = CARTESIAN_POINT('',(-30.68972858573,-12.18751858425,5.));
#4772 = CARTESIAN_POINT('',(-30.77456051059,-12.23177797179,5.));
#4773 = CARTESIAN_POINT('',(-30.88198150865,-12.29173074257,5.));
#4774 = CARTESIAN_POINT('',(-31.01112467066,-12.36873402648,5.));
#4775 = CARTESIAN_POINT('',(-31.16108196365,-12.46406674578,5.));
#4776 = CARTESIAN_POINT('',(-31.33088317958,-12.5789844408,5.));
#4777 = CARTESIAN_POINT('',(-31.51950569527,-12.71469618892,5.));
#4778 = CARTESIAN_POINT('',(-31.72587323447,-12.87236967009,5.));
#4779 = CARTESIAN_POINT('',(-31.94885847921,-13.05312671589,5.));
#4780 = CARTESIAN_POINT('',(-32.18728449991,-13.25804209983,5.));
#4781 = CARTESIAN_POINT('',(-32.43992665207,-13.48814138636,5.));
#4782 = CARTESIAN_POINT('',(-32.70551443877,-13.74439910633,5.));
#4783 = CARTESIAN_POINT('',(-32.98273337142,-14.02773717047,5.));
#4784 = CARTESIAN_POINT('',(-33.27022732821,-14.33902226235,5.));
#4785 = CARTESIAN_POINT('',(-33.56659913724,-14.679067922,5.));
#4786 = CARTESIAN_POINT('',(-33.87041876273,-15.04861773529,5.));
#4787 = CARTESIAN_POINT('',(-34.07135845428,-15.30793981667,5.));
#4788 = CARTESIAN_POINT('',(-34.17273759439,-15.44260357921,5.));
#4789 = ORIENTED_EDGE('',*,*,#4790,.F.);
#4790 = EDGE_CURVE('',#4791,#4764,#4793,.T.);
#4791 = VERTEX_POINT('',#4792);
#4792 = CARTESIAN_POINT('',(-34.17273759439,-15.44260357921,0.));
#4793 = LINE('',#4794,#4795);
#4794 = CARTESIAN_POINT('',(-34.17273759439,-15.44260357921,0.));
#4795 = VECTOR('',#4796,1.);
#4796 = DIRECTION('',(0.,0.,1.));
#4797 = ORIENTED_EDGE('',*,*,#4798,.F.);
#4798 = EDGE_CURVE('',#4741,#4791,#4799,.T.);
#4799 = B_SPLINE_CURVE_WITH_KNOTS('',3,(#4800,#4801,#4802,#4803,#4804,
    #4805,#4806,#4807,#4808,#4809,#4810,#4811,#4812,#4813,#4814,#4815,
    #4816,#4817,#4818,#4819,#4820,#4821),.UNSPECIFIED.,.F.,.F.,(4,1,1,1,
    1,1,1,1,1,1,1,1,1,1,1,1,1,1,1,4),(0.,1.366713726009E-02,
    5.466812833143E-02,0.123003057355,0.218671936353,0.341674769329,
    0.492011558107,0.669682303667,0.874687006597,1.107025667278,
    1.36669828597,1.65370486286,1.968045398084,2.309719891748,
    2.678728343933,3.075070754704,3.498747124111,3.949757452199,
    4.428101739001,4.933779984548),.UNSPECIFIED.);
#4800 = CARTESIAN_POINT('',(-30.5699045178,-12.13190665901,0.));
#4801 = CARTESIAN_POINT('',(-30.57411966498,-12.13363599902,0.));
#4802 = CARTESIAN_POINT('',(-30.59092423306,-12.1406840566,0.));
#4803 = CARTESIAN_POINT('',(-30.62825227661,-12.15766633819,0.));
#4804 = CARTESIAN_POINT('',(-30.68972858573,-12.18751858425,0.));
#4805 = CARTESIAN_POINT('',(-30.77456051059,-12.23177797179,0.));
#4806 = CARTESIAN_POINT('',(-30.88198150865,-12.29173074257,0.));
#4807 = CARTESIAN_POINT('',(-31.01112467066,-12.36873402648,0.));
#4808 = CARTESIAN_POINT('',(-31.16108196365,-12.46406674578,0.));
#4809 = CARTESIAN_POINT('',(-31.33088317958,-12.5789844408,0.));
#4810 = CARTESIAN_POINT('',(-31.51950569527,-12.71469618892,0.));
#4811 = CARTESIAN_POINT('',(-31.72587323447,-12.87236967009,0.));
#4812 = CARTESIAN_POINT('',(-31.94885847921,-13.05312671589,0.));
#4813 = CARTESIAN_POINT('',(-32.18728449991,-13.25804209983,0.));
#4814 = CARTESIAN_POINT('',(-32.43992665207,-13.48814138636,0.));
#4815 = CARTESIAN_POINT('',(-32.70551443877,-13.74439910633,0.));
#4816 = CARTESIAN_POINT('',(-32.98273337142,-14.02773717047,0.));
#4817 = CARTESIAN_POINT('',(-33.27022732821,-14.33902226235,0.));
#4818 = CARTESIAN_POINT('',(-33.56659913724,-14.679067922,0.));
#4819 = CARTESIAN_POINT('',(-33.87041876273,-15.04861773529,0.));
#4820 = CARTESIAN_POINT('',(-34.07135845428,-15.30793981667,0.));
#4821 = CARTESIAN_POINT('',(-34.17273759439,-15.44260357921,0.));
#4822 = SURFACE_OF_LINEAR_EXTRUSION('',#4823,#4846);
#4823 = B_SPLINE_CURVE_WITH_KNOTS('',3,(#4824,#4825,#4826,#4827,#4828,
    #4829,#4830,#4831,#4832,#4833,#4834,#4835,#4836,#4837,#4838,#4839,
    #4840,#4841,#4842,#4843,#4844,#4845),.UNSPECIFIED.,.F.,.F.,(4,1,1,1,
    1,1,1,1,1,1,1,1,1,1,1,1,1,1,1,4),(0.,1.366713726009E-02,
    5.466812833143E-02,0.123003057355,0.218671936353,0.341674769329,
    0.492011558107,0.669682303667,0.874687006597,1.107025667278,
    1.36669828597,1.65370486286,1.968045398084,2.309719891748,
    2.678728343933,3.075070754704,3.498747124111,3.949757452199,
    4.428101739001,4.933779984548),.UNSPECIFIED.);
#4824 = CARTESIAN_POINT('',(-30.5699045178,-12.13190665901,0.));
#4825 = CARTESIAN_POINT('',(-30.57411966498,-12.13363599902,0.));
#4826 = CARTESIAN_POINT('',(-30.59092423306,-12.1406840566,0.));
#4827 = CARTESIAN_POINT('',(-30.62825227661,-12.15766633819,0.));
#4828 = CARTESIAN_POINT('',(-30.68972858573,-12.18751858425,0.));
#4829 = CARTESIAN_POINT('',(-30.77456051059,-12.23177797179,0.));
#4830 = CARTESIAN_POINT('',(-30.88198150865,-12.29173074257,0.));
#4831 = CARTESIAN_POINT('',(-31.01112467066,-12.36873402648,0.));
#4832 = CARTESIAN_POINT('',(-31.16108196365,-12.46406674578,0.));
#4833 = CARTESIAN_POINT('',(-31.33088317958,-12.5789844408,0.));
#4834 = CARTESIAN_POINT('',(-31.51950569527,-12.71469618892,0.));
#4835 = CARTESIAN_POINT('',(-31.72587323447,-12.87236967009,0.));
#4836 = CARTESIAN_POINT('',(-31.94885847921,-13.05312671589,0.));
#4837 = CARTESIAN_POINT('',(-32.18728449991,-13.25804209983,0.));
#4838 = CARTESIAN_POINT('',(-32.43992665207,-13.48814138636,0.));
#4839 = CARTESIAN_POINT('',(-32.70551443877,-13.74439910633,0.));
#4840 = CARTESIAN_POINT('',(-32.98273337142,-14.02773717047,0.));
#4841 = CARTESIAN_POINT('',(-33.27022732821,-14.33902226235,0.));
#4842 = CARTESIAN_POINT('',(-33.56659913724,-14.679067922,0.));
#4843 = CARTESIAN_POINT('',(-33.87041876273,-15.04861773529,0.));
#4844 = CARTESIAN_POINT('',(-34.07135845428,-15.30793981667,0.));
#4845 = CARTESIAN_POINT('',(-34.17273759439,-15.44260357921,0.));
#4846 = VECTOR('',#4847,1.);
#4847 = DIRECTION('',(-0.,-0.,-1.));
#4848 = ADVANCED_FACE('',(#4849),#4872,.F.);
#4849 = FACE_BOUND('',#4850,.F.);
#4850 = EDGE_LOOP('',(#4851,#4852,#4859,#4867));
#4851 = ORIENTED_EDGE('',*,*,#4790,.T.);
#4852 = ORIENTED_EDGE('',*,*,#4853,.T.);
#4853 = EDGE_CURVE('',#4764,#4854,#4856,.T.);
#4854 = VERTEX_POINT('',#4855);
#4855 = CARTESIAN_POINT('',(-33.3798670412,-17.08901624762,5.));
#4856 = B_SPLINE_CURVE_WITH_KNOTS('',1,(#4857,#4858),.UNSPECIFIED.,.F.,
  .F.,(2,2),(0.,1.827380198213),.PIECEWISE_BEZIER_KNOTS.);
#4857 = CARTESIAN_POINT('',(-34.17273759439,-15.44260357921,5.));
#4858 = CARTESIAN_POINT('',(-33.3798670412,-17.08901624762,5.));
#4859 = ORIENTED_EDGE('',*,*,#4860,.F.);
#4860 = EDGE_CURVE('',#4861,#4854,#4863,.T.);
#4861 = VERTEX_POINT('',#4862);
#4862 = CARTESIAN_POINT('',(-33.3798670412,-17.08901624762,0.));
#4863 = LINE('',#4864,#4865);
#4864 = CARTESIAN_POINT('',(-33.3798670412,-17.08901624762,0.));
#4865 = VECTOR('',#4866,1.);
#4866 = DIRECTION('',(0.,0.,1.));
#4867 = ORIENTED_EDGE('',*,*,#4868,.F.);
#4868 = EDGE_CURVE('',#4791,#4861,#4869,.T.);
#4869 = B_SPLINE_CURVE_WITH_KNOTS('',1,(#4870,#4871),.UNSPECIFIED.,.F.,
  .F.,(2,2),(0.,1.827380198213),.PIECEWISE_BEZIER_KNOTS.);
#4870 = CARTESIAN_POINT('',(-34.17273759439,-15.44260357921,0.));
#4871 = CARTESIAN_POINT('',(-33.3798670412,-17.08901624762,0.));
#4872 = SURFACE_OF_LINEAR_EXTRUSION('',#4873,#4876);
#4873 = B_SPLINE_CURVE_WITH_KNOTS('',1,(#4874,#4875),.UNSPECIFIED.,.F.,
  .F.,(2,2),(0.,1.827380198213),.PIECEWISE_BEZIER_KNOTS.);
#4874 = CARTESIAN_POINT('',(-34.17273759439,-15.44260357921,0.));
#4875 = CARTESIAN_POINT('',(-33.3798670412,-17.08901624762,0.));
#4876 = VECTOR('',#4877,1.);
#4877 = DIRECTION('',(-0.,-0.,-1.));
#4878 = ADVANCED_FACE('',(#4879),#4942,.F.);
#4879 = FACE_BOUND('',#4880,.F.);
#4880 = EDGE_LOOP('',(#4881,#4882,#4909,#4917));
#4881 = ORIENTED_EDGE('',*,*,#4860,.T.);
#4882 = ORIENTED_EDGE('',*,*,#4883,.T.);
#4883 = EDGE_CURVE('',#4854,#4884,#4886,.T.);
#4884 = VERTEX_POINT('',#4885);
#4885 = CARTESIAN_POINT('',(-28.54513027902,-16.33639368906,5.));
#4886 = B_SPLINE_CURVE_WITH_KNOTS('',3,(#4887,#4888,#4889,#4890,#4891,
    #4892,#4893,#4894,#4895,#4896,#4897,#4898,#4899,#4900,#4901,#4902,
    #4903,#4904,#4905,#4906,#4907,#4908),.UNSPECIFIED.,.F.,.F.,(4,1,1,1,
    1,1,1,1,1,1,1,1,1,1,1,1,1,1,1,4),(0.,0.505678245547,0.98402253235,
    1.435032860437,1.858709229845,2.255051640615,2.6240600928,
    2.965734586464,3.280075121689,3.567081698578,3.82675431727,
    4.059092977951,4.264097680881,4.441768426441,4.592105215219,
    4.715108048196,4.810776927193,4.879111856217,4.920112847288,
    4.933779984548),.UNSPECIFIED.);
#4887 = CARTESIAN_POINT('',(-33.3798670412,-17.08901624762,5.));
#4888 = CARTESIAN_POINT('',(-33.21137381211,-17.09371632685,5.));
#4889 = CARTESIAN_POINT('',(-32.88334379632,-17.09830002305,5.));
#4890 = CARTESIAN_POINT('',(-32.40498967986,-17.09117481472,5.));
#4891 = CARTESIAN_POINT('',(-31.95434647718,-17.07147700486,5.));
#4892 = CARTESIAN_POINT('',(-31.53172444217,-17.04078825868,5.));
#4893 = CARTESIAN_POINT('',(-31.13735864605,-17.00070816306,5.));
#4894 = CARTESIAN_POINT('',(-30.77141701644,-16.95283734511,5.));
#4895 = CARTESIAN_POINT('',(-30.43399834475,-16.89877831533,5.));
#4896 = CARTESIAN_POINT('',(-30.12513285395,-16.84013199823,5.));
#4897 = CARTESIAN_POINT('',(-29.8447822788,-16.77849528844,5.));
#4898 = CARTESIAN_POINT('',(-29.59284013114,-16.71545845687,5.));
#4899 = CARTESIAN_POINT('',(-29.36913219899,-16.65260232674,5.));
#4900 = CARTESIAN_POINT('',(-29.17341660065,-16.59149640126,5.));
#4901 = CARTESIAN_POINT('',(-29.0053856365,-16.53369404685,5.));
#4902 = CARTESIAN_POINT('',(-28.86466260039,-16.48073661927,5.));
#4903 = CARTESIAN_POINT('',(-28.75081373995,-16.43413144228,5.));
#4904 = CARTESIAN_POINT('',(-28.66331851735,-16.39540244948,5.));
#4905 = CARTESIAN_POINT('',(-28.60164923977,-16.36595090656,5.));
#4906 = CARTESIAN_POINT('',(-28.56509830289,-16.34735494632,5.));
#4907 = CARTESIAN_POINT('',(-28.54911043277,-16.33861099796,5.));
#4908 = CARTESIAN_POINT('',(-28.54513027902,-16.33639368906,5.));
#4909 = ORIENTED_EDGE('',*,*,#4910,.F.);
#4910 = EDGE_CURVE('',#4911,#4884,#4913,.T.);
#4911 = VERTEX_POINT('',#4912);
#4912 = CARTESIAN_POINT('',(-28.54513027902,-16.33639368906,0.));
#4913 = LINE('',#4914,#4915);
#4914 = CARTESIAN_POINT('',(-28.54513027902,-16.33639368906,0.));
#4915 = VECTOR('',#4916,1.);
#4916 = DIRECTION('',(0.,0.,1.));
#4917 = ORIENTED_EDGE('',*,*,#4918,.F.);
#4918 = EDGE_CURVE('',#4861,#4911,#4919,.T.);
#4919 = B_SPLINE_CURVE_WITH_KNOTS('',3,(#4920,#4921,#4922,#4923,#4924,
    #4925,#4926,#4927,#4928,#4929,#4930,#4931,#4932,#4933,#4934,#4935,
    #4936,#4937,#4938,#4939,#4940,#4941),.UNSPECIFIED.,.F.,.F.,(4,1,1,1,
    1,1,1,1,1,1,1,1,1,1,1,1,1,1,1,4),(0.,0.505678245547,0.98402253235,
    1.435032860437,1.858709229845,2.255051640615,2.6240600928,
    2.965734586464,3.280075121689,3.567081698578,3.82675431727,
    4.059092977951,4.264097680881,4.441768426441,4.592105215219,
    4.715108048196,4.810776927193,4.879111856217,4.920112847288,
    4.933779984548),.UNSPECIFIED.);
#4920 = CARTESIAN_POINT('',(-33.3798670412,-17.08901624762,0.));
#4921 = CARTESIAN_POINT('',(-33.21137381211,-17.09371632685,0.));
#4922 = CARTESIAN_POINT('',(-32.88334379632,-17.09830002305,0.));
#4923 = CARTESIAN_POINT('',(-32.40498967986,-17.09117481472,0.));
#4924 = CARTESIAN_POINT('',(-31.95434647718,-17.07147700486,0.));
#4925 = CARTESIAN_POINT('',(-31.53172444217,-17.04078825868,0.));
#4926 = CARTESIAN_POINT('',(-31.13735864605,-17.00070816306,0.));
#4927 = CARTESIAN_POINT('',(-30.77141701644,-16.95283734511,0.));
#4928 = CARTESIAN_POINT('',(-30.43399834475,-16.89877831533,0.));
#4929 = CARTESIAN_POINT('',(-30.12513285395,-16.84013199823,0.));
#4930 = CARTESIAN_POINT('',(-29.8447822788,-16.77849528844,0.));
#4931 = CARTESIAN_POINT('',(-29.59284013114,-16.71545845687,0.));
#4932 = CARTESIAN_POINT('',(-29.36913219899,-16.65260232674,0.));
#4933 = CARTESIAN_POINT('',(-29.17341660065,-16.59149640126,0.));
#4934 = CARTESIAN_POINT('',(-29.0053856365,-16.53369404685,0.));
#4935 = CARTESIAN_POINT('',(-28.86466260039,-16.48073661927,0.));
#4936 = CARTESIAN_POINT('',(-28.75081373995,-16.43413144228,0.));
#4937 = CARTESIAN_POINT('',(-28.66331851735,-16.39540244948,0.));
#4938 = CARTESIAN_POINT('',(-28.60164923977,-16.36595090656,0.));
#4939 = CARTESIAN_POINT('',(-28.56509830289,-16.34735494632,0.));
#4940 = CARTESIAN_POINT('',(-28.54911043277,-16.33861099796,0.));
#4941 = CARTESIAN_POINT('',(-28.54513027902,-16.33639368906,0.));
#4942 = SURFACE_OF_LINEAR_EXTRUSION('',#4943,#4966);
#4943 = B_SPLINE_CURVE_WITH_KNOTS('',3,(#4944,#4945,#4946,#4947,#4948,
    #4949,#4950,#4951,#4952,#4953,#4954,#4955,#4956,#4957,#4958,#4959,
    #4960,#4961,#4962,#4963,#4964,#4965),.UNSPECIFIED.,.F.,.F.,(4,1,1,1,
    1,1,1,1,1,1,1,1,1,1,1,1,1,1,1,4),(0.,0.505678245547,0.98402253235,
    1.435032860437,1.858709229845,2.255051640615,2.6240600928,
    2.965734586464,3.280075121689,3.567081698578,3.82675431727,
    4.059092977951,4.264097680881,4.441768426441,4.592105215219,
    4.715108048196,4.810776927193,4.879111856217,4.920112847288,
    4.933779984548),.UNSPECIFIED.);
#4944 = CARTESIAN_POINT('',(-33.3798670412,-17.08901624762,0.));
#4945 = CARTESIAN_POINT('',(-33.21137381211,-17.09371632685,0.));
#4946 = CARTESIAN_POINT('',(-32.88334379632,-17.09830002305,0.));
#4947 = CARTESIAN_POINT('',(-32.40498967986,-17.09117481472,0.));
#4948 = CARTESIAN_POINT('',(-31.95434647718,-17.07147700486,0.));
#4949 = CARTESIAN_POINT('',(-31.53172444217,-17.04078825868,0.));
#4950 = CARTESIAN_POINT('',(-31.13735864605,-17.00070816306,0.));
#4951 = CARTESIAN_POINT('',(-30.77141701644,-16.95283734511,0.));
#4952 = CARTESIAN_POINT('',(-30.43399834475,-16.89877831533,0.));
#4953 = CARTESIAN_POINT('',(-30.12513285395,-16.84013199823,0.));
#4954 = CARTESIAN_POINT('',(-29.8447822788,-16.77849528844,0.));
#4955 = CARTESIAN_POINT('',(-29.59284013114,-16.71545845687,0.));
#4956 = CARTESIAN_POINT('',(-29.36913219899,-16.65260232674,0.));
#4957 = CARTESIAN_POINT('',(-29.17341660065,-16.59149640126,0.));
#4958 = CARTESIAN_POINT('',(-29.0053856365,-16.53369404685,0.));
#4959 = CARTESIAN_POINT('',(-28.86466260039,-16.48073661927,0.));
#4960 = CARTESIAN_POINT('',(-28.75081373995,-16.43413144228,0.));
#4961 = CARTESIAN_POINT('',(-28.66331851735,-16.39540244948,0.));
#4962 = CARTESIAN_POINT('',(-28.60164923977,-16.36595090656,0.));
#4963 = CARTESIAN_POINT('',(-28.56509830289,-16.34735494632,0.));
#4964 = CARTESIAN_POINT('',(-28.54911043277,-16.33861099796,0.));
#4965 = CARTESIAN_POINT('',(-28.54513027902,-16.33639368906,0.));
#4966 = VECTOR('',#4967,1.);
#4967 = DIRECTION('',(-0.,-0.,-1.));
#4968 = ADVANCED_FACE('',(#4969),#4992,.F.);
#4969 = FACE_BOUND('',#4970,.F.);
#4970 = EDGE_LOOP('',(#4971,#4972,#4979,#4987));
#4971 = ORIENTED_EDGE('',*,*,#4910,.T.);
#4972 = ORIENTED_EDGE('',*,*,#4973,.T.);
#4973 = EDGE_CURVE('',#4884,#4974,#4976,.T.);
#4974 = VERTEX_POINT('',#4975);
#4975 = CARTESIAN_POINT('',(-27.66485269506,-15.83261034575,5.));
#4976 = B_SPLINE_CURVE_WITH_KNOTS('',1,(#4977,#4978),.UNSPECIFIED.,.F.,
  .F.,(2,2),(0.,1.014241727507),.PIECEWISE_BEZIER_KNOTS.);
#4977 = CARTESIAN_POINT('',(-28.54513027902,-16.33639368906,5.));
#4978 = CARTESIAN_POINT('',(-27.66485269506,-15.83261034575,5.));
#4979 = ORIENTED_EDGE('',*,*,#4980,.F.);
#4980 = EDGE_CURVE('',#4981,#4974,#4983,.T.);
#4981 = VERTEX_POINT('',#4982);
#4982 = CARTESIAN_POINT('',(-27.66485269506,-15.83261034575,0.));
#4983 = LINE('',#4984,#4985);
#4984 = CARTESIAN_POINT('',(-27.66485269506,-15.83261034575,0.));
#4985 = VECTOR('',#4986,1.);
#4986 = DIRECTION('',(0.,0.,1.));
#4987 = ORIENTED_EDGE('',*,*,#4988,.F.);
#4988 = EDGE_CURVE('',#4911,#4981,#4989,.T.);
#4989 = B_SPLINE_CURVE_WITH_KNOTS('',1,(#4990,#4991),.UNSPECIFIED.,.F.,
  .F.,(2,2),(0.,1.014241727507),.PIECEWISE_BEZIER_KNOTS.);
#4990 = CARTESIAN_POINT('',(-28.54513027902,-16.33639368906,0.));
#4991 = CARTESIAN_POINT('',(-27.66485269506,-15.83261034575,0.));
#4992 = SURFACE_OF_LINEAR_EXTRUSION('',#4993,#4996);
#4993 = B_SPLINE_CURVE_WITH_KNOTS('',1,(#4994,#4995),.UNSPECIFIED.,.F.,
  .F.,(2,2),(0.,1.014241727507),.PIECEWISE_BEZIER_KNOTS.);
#4994 = CARTESIAN_POINT('',(-28.54513027902,-16.33639368906,0.));
#4995 = CARTESIAN_POINT('',(-27.66485269506,-15.83261034575,0.));
#4996 = VECTOR('',#4997,1.);
#4997 = DIRECTION('',(-0.,-0.,-1.));
#4998 = ADVANCED_FACE('',(#4999),#5022,.F.);
#4999 = FACE_BOUND('',#5000,.F.);
#5000 = EDGE_LOOP('',(#5001,#5002,#5009,#5017));
#5001 = ORIENTED_EDGE('',*,*,#4980,.T.);
#5002 = ORIENTED_EDGE('',*,*,#5003,.T.);
#5003 = EDGE_CURVE('',#4974,#5004,#5006,.T.);
#5004 = VERTEX_POINT('',#5005);
#5005 = CARTESIAN_POINT('',(-26.26801874862,-18.05565883655,5.));
#5006 = B_SPLINE_CURVE_WITH_KNOTS('',1,(#5007,#5008),.UNSPECIFIED.,.F.,
  .F.,(2,2),(0.,2.625469418288),.PIECEWISE_BEZIER_KNOTS.);
#5007 = CARTESIAN_POINT('',(-27.66485269506,-15.83261034575,5.));
#5008 = CARTESIAN_POINT('',(-26.26801874862,-18.05565883655,5.));
#5009 = ORIENTED_EDGE('',*,*,#5010,.F.);
#5010 = EDGE_CURVE('',#5011,#5004,#5013,.T.);
#5011 = VERTEX_POINT('',#5012);
#5012 = CARTESIAN_POINT('',(-26.26801874862,-18.05565883655,0.));
#5013 = LINE('',#5014,#5015);
#5014 = CARTESIAN_POINT('',(-26.26801874862,-18.05565883655,0.));
#5015 = VECTOR('',#5016,1.);
#5016 = DIRECTION('',(0.,0.,1.));
#5017 = ORIENTED_EDGE('',*,*,#5018,.F.);
#5018 = EDGE_CURVE('',#4981,#5011,#5019,.T.);
#5019 = B_SPLINE_CURVE_WITH_KNOTS('',1,(#5020,#5021),.UNSPECIFIED.,.F.,
  .F.,(2,2),(0.,2.625469418288),.PIECEWISE_BEZIER_KNOTS.);
#5020 = CARTESIAN_POINT('',(-27.66485269506,-15.83261034575,0.));
#5021 = CARTESIAN_POINT('',(-26.26801874862,-18.05565883655,0.));
#5022 = SURFACE_OF_LINEAR_EXTRUSION('',#5023,#5026);
#5023 = B_SPLINE_CURVE_WITH_KNOTS('',1,(#5024,#5025),.UNSPECIFIED.,.F.,
  .F.,(2,2),(0.,2.625469418288),.PIECEWISE_BEZIER_KNOTS.);
#5024 = CARTESIAN_POINT('',(-27.66485269506,-15.83261034575,0.));
#5025 = CARTESIAN_POINT('',(-26.26801874862,-18.05565883655,0.));
#5026 = VECTOR('',#5027,1.);
#5027 = DIRECTION('',(-0.,-0.,-1.));
#5028 = ADVANCED_FACE('',(#5029),#5052,.F.);
#5029 = FACE_BOUND('',#5030,.F.);
#5030 = EDGE_LOOP('',(#5031,#5032,#5039,#5047));
#5031 = ORIENTED_EDGE('',*,*,#5010,.T.);
#5032 = ORIENTED_EDGE('',*,*,#5033,.T.);
#5033 = EDGE_CURVE('',#5004,#5034,#5036,.T.);
#5034 = VERTEX_POINT('',#5035);
#5035 = CARTESIAN_POINT('',(-27.1038499867,-18.6301781341,5.));
#5036 = B_SPLINE_CURVE_WITH_KNOTS('',1,(#5037,#5038),.UNSPECIFIED.,.F.,
  .F.,(2,2),(0.,1.014241727507),.PIECEWISE_BEZIER_KNOTS.);
#5037 = CARTESIAN_POINT('',(-26.26801874862,-18.05565883655,5.));
#5038 = CARTESIAN_POINT('',(-27.1038499867,-18.6301781341,5.));
#5039 = ORIENTED_EDGE('',*,*,#5040,.F.);
#5040 = EDGE_CURVE('',#5041,#5034,#5043,.T.);
#5041 = VERTEX_POINT('',#5042);
#5042 = CARTESIAN_POINT('',(-27.1038499867,-18.6301781341,0.));
#5043 = LINE('',#5044,#5045);
#5044 = CARTESIAN_POINT('',(-27.1038499867,-18.6301781341,0.));
#5045 = VECTOR('',#5046,1.);
#5046 = DIRECTION('',(0.,0.,1.));
#5047 = ORIENTED_EDGE('',*,*,#5048,.F.);
#5048 = EDGE_CURVE('',#5011,#5041,#5049,.T.);
#5049 = B_SPLINE_CURVE_WITH_KNOTS('',1,(#5050,#5051),.UNSPECIFIED.,.F.,
  .F.,(2,2),(0.,1.014241727507),.PIECEWISE_BEZIER_KNOTS.);
#5050 = CARTESIAN_POINT('',(-26.26801874862,-18.05565883655,0.));
#5051 = CARTESIAN_POINT('',(-27.1038499867,-18.6301781341,0.));
#5052 = SURFACE_OF_LINEAR_EXTRUSION('',#5053,#5056);
#5053 = B_SPLINE_CURVE_WITH_KNOTS('',1,(#5054,#5055),.UNSPECIFIED.,.F.,
  .F.,(2,2),(0.,1.014241727507),.PIECEWISE_BEZIER_KNOTS.);
#5054 = CARTESIAN_POINT('',(-26.26801874862,-18.05565883655,0.));
#5055 = CARTESIAN_POINT('',(-27.1038499867,-18.6301781341,0.));
#5056 = VECTOR('',#5057,1.);
#5057 = DIRECTION('',(-0.,-0.,-1.));
#5058 = ADVANCED_FACE('',(#5059),#5122,.F.);
#5059 = FACE_BOUND('',#5060,.F.);
#5060 = EDGE_LOOP('',(#5061,#5062,#5089,#5097));
#5061 = ORIENTED_EDGE('',*,*,#5040,.T.);
#5062 = ORIENTED_EDGE('',*,*,#5063,.T.);
#5063 = EDGE_CURVE('',#5034,#5064,#5066,.T.);
#5064 = VERTEX_POINT('',#5065);
#5065 = CARTESIAN_POINT('',(-29.87965314527,-22.65957475148,5.));
#5066 = B_SPLINE_CURVE_WITH_KNOTS('',3,(#5067,#5068,#5069,#5070,#5071,
    #5072,#5073,#5074,#5075,#5076,#5077,#5078,#5079,#5080,#5081,#5082,
    #5083,#5084,#5085,#5086,#5087,#5088),.UNSPECIFIED.,.F.,.F.,(4,1,1,1,
    1,1,1,1,1,1,1,1,1,1,1,1,1,1,1,4),(0.,1.366713726009E-02,
    5.466812833143E-02,0.123003057355,0.218671936353,0.341674769329,
    0.492011558107,0.669682303667,0.874687006597,1.107025667278,
    1.36669828597,1.65370486286,1.968045398084,2.309719891748,
    2.678728343933,3.075070754704,3.498747124111,3.949757452199,
    4.428101739001,4.933779984548),.UNSPECIFIED.);
#5067 = CARTESIAN_POINT('',(-27.1038499867,-18.6301781341,5.));
#5068 = CARTESIAN_POINT('',(-27.10757463698,-18.63280207444,5.));
#5069 = CARTESIAN_POINT('',(-27.12238953911,-18.64341279068,5.));
#5070 = CARTESIAN_POINT('',(-27.15500277751,-18.66827556214,5.));
#5071 = CARTESIAN_POINT('',(-27.20829499754,-18.71105911579,5.));
#5072 = CARTESIAN_POINT('',(-27.28115136867,-18.77308570722,5.));
#5073 = CARTESIAN_POINT('',(-27.37253835149,-18.85543875768,5.));
#5074 = CARTESIAN_POINT('',(-27.48130878215,-18.95924846552,5.));
#5075 = CARTESIAN_POINT('',(-27.60629280698,-19.0855596314,5.));
#5076 = CARTESIAN_POINT('',(-27.74626515909,-19.23538042504,5.));
#5077 = CARTESIAN_POINT('',(-27.89995980956,-19.40966205464,5.));
#5078 = CARTESIAN_POINT('',(-28.06606763341,-19.60930343001,5.));
#5079 = CARTESIAN_POINT('',(-28.24323994586,-19.8351474042,5.));
#5080 = CARTESIAN_POINT('',(-28.43009016582,-20.08797991244,5.));
#5081 = CARTESIAN_POINT('',(-28.6251961436,-20.36852829711,5.));
#5082 = CARTESIAN_POINT('',(-28.82710238281,-20.67745994337,5.));
#5083 = CARTESIAN_POINT('',(-29.03432220738,-21.01538114648,5.));
#5084 = CARTESIAN_POINT('',(-29.24534064106,-21.38283509498,5.));
#5085 = CARTESIAN_POINT('',(-29.4586145123,-21.78030403172,5.));
#5086 = CARTESIAN_POINT('',(-29.67258417586,-22.20819468646,5.));
#5087 = CARTESIAN_POINT('',(-29.81078129808,-22.50572830968,5.));
#5088 = CARTESIAN_POINT('',(-29.87965314527,-22.65957475148,5.));
#5089 = ORIENTED_EDGE('',*,*,#5090,.F.);
#5090 = EDGE_CURVE('',#5091,#5064,#5093,.T.);
#5091 = VERTEX_POINT('',#5092);
#5092 = CARTESIAN_POINT('',(-29.87965314527,-22.65957475148,0.));
#5093 = LINE('',#5094,#5095);
#5094 = CARTESIAN_POINT('',(-29.87965314527,-22.65957475148,0.));
#5095 = VECTOR('',#5096,1.);
#5096 = DIRECTION('',(0.,0.,1.));
#5097 = ORIENTED_EDGE('',*,*,#5098,.F.);
#5098 = EDGE_CURVE('',#5041,#5091,#5099,.T.);
#5099 = B_SPLINE_CURVE_WITH_KNOTS('',3,(#5100,#5101,#5102,#5103,#5104,
    #5105,#5106,#5107,#5108,#5109,#5110,#5111,#5112,#5113,#5114,#5115,
    #5116,#5117,#5118,#5119,#5120,#5121),.UNSPECIFIED.,.F.,.F.,(4,1,1,1,
    1,1,1,1,1,1,1,1,1,1,1,1,1,1,1,4),(0.,1.366713726009E-02,
    5.466812833143E-02,0.123003057355,0.218671936353,0.341674769329,
    0.492011558107,0.669682303667,0.874687006597,1.107025667278,
    1.36669828597,1.65370486286,1.968045398084,2.309719891748,
    2.678728343933,3.075070754704,3.498747124111,3.949757452199,
    4.428101739001,4.933779984548),.UNSPECIFIED.);
#5100 = CARTESIAN_POINT('',(-27.1038499867,-18.6301781341,0.));
#5101 = CARTESIAN_POINT('',(-27.10757463698,-18.63280207444,0.));
#5102 = CARTESIAN_POINT('',(-27.12238953911,-18.64341279068,0.));
#5103 = CARTESIAN_POINT('',(-27.15500277751,-18.66827556214,0.));
#5104 = CARTESIAN_POINT('',(-27.20829499754,-18.71105911579,0.));
#5105 = CARTESIAN_POINT('',(-27.28115136867,-18.77308570722,0.));
#5106 = CARTESIAN_POINT('',(-27.37253835149,-18.85543875768,0.));
#5107 = CARTESIAN_POINT('',(-27.48130878215,-18.95924846552,0.));
#5108 = CARTESIAN_POINT('',(-27.60629280698,-19.0855596314,0.));
#5109 = CARTESIAN_POINT('',(-27.74626515909,-19.23538042504,0.));
#5110 = CARTESIAN_POINT('',(-27.89995980956,-19.40966205464,0.));
#5111 = CARTESIAN_POINT('',(-28.06606763341,-19.60930343001,0.));
#5112 = CARTESIAN_POINT('',(-28.24323994586,-19.8351474042,0.));
#5113 = CARTESIAN_POINT('',(-28.43009016582,-20.08797991244,0.));
#5114 = CARTESIAN_POINT('',(-28.6251961436,-20.36852829711,0.));
#5115 = CARTESIAN_POINT('',(-28.82710238281,-20.67745994337,0.));
#5116 = CARTESIAN_POINT('',(-29.03432220738,-21.01538114648,0.));
#5117 = CARTESIAN_POINT('',(-29.24534064106,-21.38283509498,0.));
#5118 = CARTESIAN_POINT('',(-29.4586145123,-21.78030403172,0.));
#5119 = CARTESIAN_POINT('',(-29.67258417586,-22.20819468646,0.));
#5120 = CARTESIAN_POINT('',(-29.81078129808,-22.50572830968,0.));
#5121 = CARTESIAN_POINT('',(-29.87965314527,-22.65957475148,0.));
#5122 = SURFACE_OF_LINEAR_EXTRUSION('',#5123,#5146);
#5123 = B_SPLINE_CURVE_WITH_KNOTS('',3,(#5124,#5125,#5126,#5127,#5128,
    #5129,#5130,#5131,#5132,#5133,#5134,#5135,#5136,#5137,#5138,#5139,
    #5140,#5141,#5142,#5143,#5144,#5145),.UNSPECIFIED.,.F.,.F.,(4,1,1,1,
    1,1,1,1,1,1,1,1,1,1,1,1,1,1,1,4),(0.,1.366713726009E-02,
    5.466812833143E-02,0.123003057355,0.218671936353,0.341674769329,
    0.492011558107,0.669682303667,0.874687006597,1.107025667278,
    1.36669828597,1.65370486286,1.968045398084,2.309719891748,
    2.678728343933,3.075070754704,3.498747124111,3.949757452199,
    4.428101739001,4.933779984548),.UNSPECIFIED.);
#5124 = CARTESIAN_POINT('',(-27.1038499867,-18.6301781341,0.));
#5125 = CARTESIAN_POINT('',(-27.10757463698,-18.63280207444,0.));
#5126 = CARTESIAN_POINT('',(-27.12238953911,-18.64341279068,0.));
#5127 = CARTESIAN_POINT('',(-27.15500277751,-18.66827556214,0.));
#5128 = CARTESIAN_POINT('',(-27.20829499754,-18.71105911579,0.));
#5129 = CARTESIAN_POINT('',(-27.28115136867,-18.77308570722,0.));
#5130 = CARTESIAN_POINT('',(-27.37253835149,-18.85543875768,0.));
#5131 = CARTESIAN_POINT('',(-27.48130878215,-18.95924846552,0.));
#5132 = CARTESIAN_POINT('',(-27.60629280698,-19.0855596314,0.));
#5133 = CARTESIAN_POINT('',(-27.74626515909,-19.23538042504,0.));
#5134 = CARTESIAN_POINT('',(-27.89995980956,-19.40966205464,0.));
#5135 = CARTESIAN_POINT('',(-28.06606763341,-19.60930343001,0.));
#5136 = CARTESIAN_POINT('',(-28.24323994586,-19.8351474042,0.));
#5137 = CARTESIAN_POINT('',(-28.43009016582,-20.08797991244,0.));
#5138 = CARTESIAN_POINT('',(-28.6251961436,-20.36852829711,0.));
#5139 = CARTESIAN_POINT('',(-28.82710238281,-20.67745994337,0.));
#5140 = CARTESIAN_POINT('',(-29.03432220738,-21.01538114648,0.));
#5141 = CARTESIAN_POINT('',(-29.24534064106,-21.38283509498,0.));
#5142 = CARTESIAN_POINT('',(-29.4586145123,-21.78030403172,0.));
#5143 = CARTESIAN_POINT('',(-29.67258417586,-22.20819468646,0.));
#5144 = CARTESIAN_POINT('',(-29.81078129808,-22.50572830968,0.));
#5145 = CARTESIAN_POINT('',(-29.87965314527,-22.65957475148,0.));
#5146 = VECTOR('',#5147,1.);
#5147 = DIRECTION('',(-0.,-0.,-1.));
#5148 = ADVANCED_FACE('',(#5149),#5172,.F.);
#5149 = FACE_BOUND('',#5150,.F.);
#5150 = EDGE_LOOP('',(#5151,#5152,#5159,#5167));
#5151 = ORIENTED_EDGE('',*,*,#5090,.T.);
#5152 = ORIENTED_EDGE('',*,*,#5153,.T.);
#5153 = EDGE_CURVE('',#5064,#5154,#5156,.T.);
#5154 = VERTEX_POINT('',#5155);
#5155 = CARTESIAN_POINT('',(-28.74030022757,-24.08827812088,5.));
#5156 = B_SPLINE_CURVE_WITH_KNOTS('',1,(#5157,#5158),.UNSPECIFIED.,.F.,
  .F.,(2,2),(0.,1.827380198213),.PIECEWISE_BEZIER_KNOTS.);
#5157 = CARTESIAN_POINT('',(-29.87965314527,-22.65957475148,5.));
#5158 = CARTESIAN_POINT('',(-28.74030022757,-24.08827812088,5.));
#5159 = ORIENTED_EDGE('',*,*,#5160,.F.);
#5160 = EDGE_CURVE('',#5161,#5154,#5163,.T.);
#5161 = VERTEX_POINT('',#5162);
#5162 = CARTESIAN_POINT('',(-28.74030022757,-24.08827812088,0.));
#5163 = LINE('',#5164,#5165);
#5164 = CARTESIAN_POINT('',(-28.74030022757,-24.08827812088,0.));
#5165 = VECTOR('',#5166,1.);
#5166 = DIRECTION('',(0.,0.,1.));
#5167 = ORIENTED_EDGE('',*,*,#5168,.F.);
#5168 = EDGE_CURVE('',#5091,#5161,#5169,.T.);
#5169 = B_SPLINE_CURVE_WITH_KNOTS('',1,(#5170,#5171),.UNSPECIFIED.,.F.,
  .F.,(2,2),(0.,1.827380198213),.PIECEWISE_BEZIER_KNOTS.);
#5170 = CARTESIAN_POINT('',(-29.87965314527,-22.65957475148,0.));
#5171 = CARTESIAN_POINT('',(-28.74030022757,-24.08827812088,0.));
#5172 = SURFACE_OF_LINEAR_EXTRUSION('',#5173,#5176);
#5173 = B_SPLINE_CURVE_WITH_KNOTS('',1,(#5174,#5175),.UNSPECIFIED.,.F.,
  .F.,(2,2),(0.,1.827380198213),.PIECEWISE_BEZIER_KNOTS.);
#5174 = CARTESIAN_POINT('',(-29.87965314527,-22.65957475148,0.));
#5175 = CARTESIAN_POINT('',(-28.74030022757,-24.08827812088,0.));
#5176 = VECTOR('',#5177,1.);
#5177 = DIRECTION('',(-0.,-0.,-1.));
#5178 = ADVANCED_FACE('',(#5179),#5242,.F.);
#5179 = FACE_BOUND('',#5180,.F.);
#5180 = EDGE_LOOP('',(#5181,#5182,#5209,#5217));
#5181 = ORIENTED_EDGE('',*,*,#5160,.T.);
#5182 = ORIENTED_EDGE('',*,*,#5183,.T.);
#5183 = EDGE_CURVE('',#5154,#5184,#5186,.T.);
#5184 = VERTEX_POINT('',#5185);
#5185 = CARTESIAN_POINT('',(-24.19425468471,-22.27869524145,5.));
#5186 = B_SPLINE_CURVE_WITH_KNOTS('',3,(#5187,#5188,#5189,#5190,#5191,
    #5192,#5193,#5194,#5195,#5196,#5197,#5198,#5199,#5200,#5201,#5202,
    #5203,#5204,#5205,#5206,#5207,#5208),.UNSPECIFIED.,.F.,.F.,(4,1,1,1,
    1,1,1,1,1,1,1,1,1,1,1,1,1,1,1,4),(0.,0.505678245547,0.98402253235,
    1.435032860437,1.858709229845,2.255051640615,2.6240600928,
    2.965734586464,3.280075121689,3.567081698578,3.82675431727,
    4.059092977951,4.264097680881,4.441768426441,4.592105215219,
    4.715108048196,4.810776927193,4.879111856217,4.920112847288,
    4.933779984548),.UNSPECIFIED.);
#5187 = CARTESIAN_POINT('',(-28.74030022757,-24.08827812088,5.));
#5188 = CARTESIAN_POINT('',(-28.5749856095,-24.05536708861,5.));
#5189 = CARTESIAN_POINT('',(-28.25416002271,-23.98684231649,5.));
#5190 = CARTESIAN_POINT('',(-27.78938475067,-23.87345194726,5.));
#5191 = CARTESIAN_POINT('',(-27.354423289,-23.75397045627,5.));
#5192 = CARTESIAN_POINT('',(-26.94922615922,-23.6300088911,5.));
#5193 = CARTESIAN_POINT('',(-26.57366659729,-23.50317904188,5.));
#5194 = CARTESIAN_POINT('',(-26.22755214747,-23.37507877209,5.));
#5195 = CARTESIAN_POINT('',(-25.91062253215,-23.24729239709,5.));
#5196 = CARTESIAN_POINT('',(-25.62255097731,-23.12138742812,5.));
#5197 = CARTESIAN_POINT('',(-25.36294483463,-22.99891220751,5.));
#5198 = CARTESIAN_POINT('',(-25.13134641726,-22.88139343892,5.));
#5199 = CARTESIAN_POINT('',(-24.92723411481,-22.77033354521,5.));
#5200 = CARTESIAN_POINT('',(-24.75002286274,-22.66720885513,5.));
#5201 = CARTESIAN_POINT('',(-24.59906701957,-22.57346531934,5.));
#5202 = CARTESIAN_POINT('',(-24.47365634003,-22.49052182362,5.));
#5203 = CARTESIAN_POINT('',(-24.37303253572,-22.41975138096,5.));
#5204 = CARTESIAN_POINT('',(-24.29634901267,-22.36252388622,5.));
#5205 = CARTESIAN_POINT('',(-24.24277949747,-22.32008804973,5.));
#5206 = CARTESIAN_POINT('',(-24.21128295934,-22.29382498043,5.));
#5207 = CARTESIAN_POINT('',(-24.19764165005,-22.28174262532,5.));
#5208 = CARTESIAN_POINT('',(-24.19425468471,-22.27869524145,5.));
#5209 = ORIENTED_EDGE('',*,*,#5210,.F.);
#5210 = EDGE_CURVE('',#5211,#5184,#5213,.T.);
#5211 = VERTEX_POINT('',#5212);
#5212 = CARTESIAN_POINT('',(-24.19425468471,-22.27869524145,0.));
#5213 = LINE('',#5214,#5215);
#5214 = CARTESIAN_POINT('',(-24.19425468471,-22.27869524145,0.));
#5215 = VECTOR('',#5216,1.);
#5216 = DIRECTION('',(0.,0.,1.));
#5217 = ORIENTED_EDGE('',*,*,#5218,.F.);
#5218 = EDGE_CURVE('',#5161,#5211,#5219,.T.);
#5219 = B_SPLINE_CURVE_WITH_KNOTS('',3,(#5220,#5221,#5222,#5223,#5224,
    #5225,#5226,#5227,#5228,#5229,#5230,#5231,#5232,#5233,#5234,#5235,
    #5236,#5237,#5238,#5239,#5240,#5241),.UNSPECIFIED.,.F.,.F.,(4,1,1,1,
    1,1,1,1,1,1,1,1,1,1,1,1,1,1,1,4),(0.,0.505678245547,0.98402253235,
    1.435032860437,1.858709229845,2.255051640615,2.6240600928,
    2.965734586464,3.280075121689,3.567081698578,3.82675431727,
    4.059092977951,4.264097680881,4.441768426441,4.592105215219,
    4.715108048196,4.810776927193,4.879111856217,4.920112847288,
    4.933779984548),.UNSPECIFIED.);
#5220 = CARTESIAN_POINT('',(-28.74030022757,-24.08827812088,0.));
#5221 = CARTESIAN_POINT('',(-28.5749856095,-24.05536708861,0.));
#5222 = CARTESIAN_POINT('',(-28.25416002271,-23.98684231649,0.));
#5223 = CARTESIAN_POINT('',(-27.78938475067,-23.87345194726,0.));
#5224 = CARTESIAN_POINT('',(-27.354423289,-23.75397045627,0.));
#5225 = CARTESIAN_POINT('',(-26.94922615922,-23.6300088911,0.));
#5226 = CARTESIAN_POINT('',(-26.57366659729,-23.50317904188,0.));
#5227 = CARTESIAN_POINT('',(-26.22755214747,-23.37507877209,0.));
#5228 = CARTESIAN_POINT('',(-25.91062253215,-23.24729239709,0.));
#5229 = CARTESIAN_POINT('',(-25.62255097731,-23.12138742812,0.));
#5230 = CARTESIAN_POINT('',(-25.36294483463,-22.99891220751,0.));
#5231 = CARTESIAN_POINT('',(-25.13134641726,-22.88139343892,0.));
#5232 = CARTESIAN_POINT('',(-24.92723411481,-22.77033354521,0.));
#5233 = CARTESIAN_POINT('',(-24.75002286274,-22.66720885513,0.));
#5234 = CARTESIAN_POINT('',(-24.59906701957,-22.57346531934,0.));
#5235 = CARTESIAN_POINT('',(-24.47365634003,-22.49052182362,0.));
#5236 = CARTESIAN_POINT('',(-24.37303253572,-22.41975138096,0.));
#5237 = CARTESIAN_POINT('',(-24.29634901267,-22.36252388622,0.));
#5238 = CARTESIAN_POINT('',(-24.24277949747,-22.32008804973,0.));
#5239 = CARTESIAN_POINT('',(-24.21128295934,-22.29382498043,0.));
#5240 = CARTESIAN_POINT('',(-24.19764165005,-22.28174262532,0.));
#5241 = CARTESIAN_POINT('',(-24.19425468471,-22.27869524145,0.));
#5242 = SURFACE_OF_LINEAR_EXTRUSION('',#5243,#5266);
#5243 = B_SPLINE_CURVE_WITH_KNOTS('',3,(#5244,#5245,#5246,#5247,#5248,
    #5249,#5250,#5251,#5252,#5253,#5254,#5255,#5256,#5257,#5258,#5259,
    #5260,#5261,#5262,#5263,#5264,#5265),.UNSPECIFIED.,.F.,.F.,(4,1,1,1,
    1,1,1,1,1,1,1,1,1,1,1,1,1,1,1,4),(0.,0.505678245547,0.98402253235,
    1.435032860437,1.858709229845,2.255051640615,2.6240600928,
    2.965734586464,3.280075121689,3.567081698578,3.82675431727,
    4.059092977951,4.264097680881,4.441768426441,4.592105215219,
    4.715108048196,4.810776927193,4.879111856217,4.920112847288,
    4.933779984548),.UNSPECIFIED.);
#5244 = CARTESIAN_POINT('',(-28.74030022757,-24.08827812088,0.));
#5245 = CARTESIAN_POINT('',(-28.5749856095,-24.05536708861,0.));
#5246 = CARTESIAN_POINT('',(-28.25416002271,-23.98684231649,0.));
#5247 = CARTESIAN_POINT('',(-27.78938475067,-23.87345194726,0.));
#5248 = CARTESIAN_POINT('',(-27.354423289,-23.75397045627,0.));
#5249 = CARTESIAN_POINT('',(-26.94922615922,-23.6300088911,0.));
#5250 = CARTESIAN_POINT('',(-26.57366659729,-23.50317904188,0.));
#5251 = CARTESIAN_POINT('',(-26.22755214747,-23.37507877209,0.));
#5252 = CARTESIAN_POINT('',(-25.91062253215,-23.24729239709,0.));
#5253 = CARTESIAN_POINT('',(-25.62255097731,-23.12138742812,0.));
#5254 = CARTESIAN_POINT('',(-25.36294483463,-22.99891220751,0.));
#5255 = CARTESIAN_POINT('',(-25.13134641726,-22.88139343892,0.));
#5256 = CARTESIAN_POINT('',(-24.92723411481,-22.77033354521,0.));
#5257 = CARTESIAN_POINT('',(-24.75002286274,-22.66720885513,0.));
#5258 = CARTESIAN_POINT('',(-24.59906701957,-22.57346531934,0.));
#5259 = CARTESIAN_POINT('',(-24.47365634003,-22.49052182362,0.));
#5260 = CARTESIAN_POINT('',(-24.37303253572,-22.41975138096,0.));
#5261 = CARTESIAN_POINT('',(-24.29634901267,-22.36252388622,0.));
#5262 = CARTESIAN_POINT('',(-24.24277949747,-22.32008804973,0.));
#5263 = CARTESIAN_POINT('',(-24.21128295934,-22.29382498043,0.));
#5264 = CARTESIAN_POINT('',(-24.19764165005,-22.28174262532,0.));
#5265 = CARTESIAN_POINT('',(-24.19425468471,-22.27869524145,0.));
#5266 = VECTOR('',#5267,1.);
#5267 = DIRECTION('',(-0.,-0.,-1.));
#5268 = ADVANCED_FACE('',(#5269),#5292,.F.);
#5269 = FACE_BOUND('',#5270,.F.);
#5270 = EDGE_LOOP('',(#5271,#5272,#5279,#5287));
#5271 = ORIENTED_EDGE('',*,*,#5210,.T.);
#5272 = ORIENTED_EDGE('',*,*,#5273,.T.);
#5273 = EDGE_CURVE('',#5184,#5274,#5276,.T.);
#5274 = VERTEX_POINT('',#5275);
#5275 = CARTESIAN_POINT('',(-23.44814983771,-21.59166260824,5.));
#5276 = B_SPLINE_CURVE_WITH_KNOTS('',1,(#5277,#5278),.UNSPECIFIED.,.F.,
  .F.,(2,2),(0.,1.014241727507),.PIECEWISE_BEZIER_KNOTS.);
#5277 = CARTESIAN_POINT('',(-24.19425468471,-22.27869524145,5.));
#5278 = CARTESIAN_POINT('',(-23.44814983771,-21.59166260824,5.));
#5279 = ORIENTED_EDGE('',*,*,#5280,.F.);
#5280 = EDGE_CURVE('',#5281,#5274,#5283,.T.);
#5281 = VERTEX_POINT('',#5282);
#5282 = CARTESIAN_POINT('',(-23.44814983771,-21.59166260824,0.));
#5283 = LINE('',#5284,#5285);
#5284 = CARTESIAN_POINT('',(-23.44814983771,-21.59166260824,0.));
#5285 = VECTOR('',#5286,1.);
#5286 = DIRECTION('',(0.,0.,1.));
#5287 = ORIENTED_EDGE('',*,*,#5288,.F.);
#5288 = EDGE_CURVE('',#5211,#5281,#5289,.T.);
#5289 = B_SPLINE_CURVE_WITH_KNOTS('',1,(#5290,#5291),.UNSPECIFIED.,.F.,
  .F.,(2,2),(0.,1.014241727507),.PIECEWISE_BEZIER_KNOTS.);
#5290 = CARTESIAN_POINT('',(-24.19425468471,-22.27869524145,0.));
#5291 = CARTESIAN_POINT('',(-23.44814983771,-21.59166260824,0.));
#5292 = SURFACE_OF_LINEAR_EXTRUSION('',#5293,#5296);
#5293 = B_SPLINE_CURVE_WITH_KNOTS('',1,(#5294,#5295),.UNSPECIFIED.,.F.,
  .F.,(2,2),(0.,1.014241727507),.PIECEWISE_BEZIER_KNOTS.);
#5294 = CARTESIAN_POINT('',(-24.19425468471,-22.27869524145,0.));
#5295 = CARTESIAN_POINT('',(-23.44814983771,-21.59166260824,0.));
#5296 = VECTOR('',#5297,1.);
#5297 = DIRECTION('',(-0.,-0.,-1.));
#5298 = ADVANCED_FACE('',(#5299),#5322,.F.);
#5299 = FACE_BOUND('',#5300,.F.);
#5300 = EDGE_LOOP('',(#5301,#5302,#5309,#5317));
#5301 = ORIENTED_EDGE('',*,*,#5280,.T.);
#5302 = ORIENTED_EDGE('',*,*,#5303,.T.);
#5303 = EDGE_CURVE('',#5274,#5304,#5306,.T.);
#5304 = VERTEX_POINT('',#5305);
#5305 = CARTESIAN_POINT('',(-21.59166260824,-23.44814983771,5.));
#5306 = B_SPLINE_CURVE_WITH_KNOTS('',1,(#5307,#5308),.UNSPECIFIED.,.F.,
  .F.,(2,2),(0.,2.625469418288),.PIECEWISE_BEZIER_KNOTS.);
#5307 = CARTESIAN_POINT('',(-23.44814983771,-21.59166260824,5.));
#5308 = CARTESIAN_POINT('',(-21.59166260824,-23.44814983771,5.));
#5309 = ORIENTED_EDGE('',*,*,#5310,.F.);
#5310 = EDGE_CURVE('',#5311,#5304,#5313,.T.);
#5311 = VERTEX_POINT('',#5312);
#5312 = CARTESIAN_POINT('',(-21.59166260824,-23.44814983771,0.));
#5313 = LINE('',#5314,#5315);
#5314 = CARTESIAN_POINT('',(-21.59166260824,-23.44814983771,0.));
#5315 = VECTOR('',#5316,1.);
#5316 = DIRECTION('',(0.,0.,1.));
#5317 = ORIENTED_EDGE('',*,*,#5318,.F.);
#5318 = EDGE_CURVE('',#5281,#5311,#5319,.T.);
#5319 = B_SPLINE_CURVE_WITH_KNOTS('',1,(#5320,#5321),.UNSPECIFIED.,.F.,
  .F.,(2,2),(0.,2.625469418288),.PIECEWISE_BEZIER_KNOTS.);
#5320 = CARTESIAN_POINT('',(-23.44814983771,-21.59166260824,0.));
#5321 = CARTESIAN_POINT('',(-21.59166260824,-23.44814983771,0.));
#5322 = SURFACE_OF_LINEAR_EXTRUSION('',#5323,#5326);
#5323 = B_SPLINE_CURVE_WITH_KNOTS('',1,(#5324,#5325),.UNSPECIFIED.,.F.,
  .F.,(2,2),(0.,2.625469418288),.PIECEWISE_BEZIER_KNOTS.);
#5324 = CARTESIAN_POINT('',(-23.44814983771,-21.59166260824,0.));
#5325 = CARTESIAN_POINT('',(-21.59166260824,-23.44814983771,0.));
#5326 = VECTOR('',#5327,1.);
#5327 = DIRECTION('',(-0.,-0.,-1.));
#5328 = ADVANCED_FACE('',(#5329),#5352,.F.);
#5329 = FACE_BOUND('',#5330,.F.);
#5330 = EDGE_LOOP('',(#5331,#5332,#5339,#5347));
#5331 = ORIENTED_EDGE('',*,*,#5310,.T.);
#5332 = ORIENTED_EDGE('',*,*,#5333,.T.);
#5333 = EDGE_CURVE('',#5304,#5334,#5336,.T.);
#5334 = VERTEX_POINT('',#5335);
#5335 = CARTESIAN_POINT('',(-22.27869524145,-24.19425468471,5.));
#5336 = B_SPLINE_CURVE_WITH_KNOTS('',1,(#5337,#5338),.UNSPECIFIED.,.F.,
  .F.,(2,2),(0.,1.014241727507),.PIECEWISE_BEZIER_KNOTS.);
#5337 = CARTESIAN_POINT('',(-21.59166260824,-23.44814983771,5.));
#5338 = CARTESIAN_POINT('',(-22.27869524145,-24.19425468471,5.));
#5339 = ORIENTED_EDGE('',*,*,#5340,.F.);
#5340 = EDGE_CURVE('',#5341,#5334,#5343,.T.);
#5341 = VERTEX_POINT('',#5342);
#5342 = CARTESIAN_POINT('',(-22.27869524145,-24.19425468471,0.));
#5343 = LINE('',#5344,#5345);
#5344 = CARTESIAN_POINT('',(-22.27869524145,-24.19425468471,0.));
#5345 = VECTOR('',#5346,1.);
#5346 = DIRECTION('',(0.,0.,1.));
#5347 = ORIENTED_EDGE('',*,*,#5348,.F.);
#5348 = EDGE_CURVE('',#5311,#5341,#5349,.T.);
#5349 = B_SPLINE_CURVE_WITH_KNOTS('',1,(#5350,#5351),.UNSPECIFIED.,.F.,
  .F.,(2,2),(0.,1.014241727507),.PIECEWISE_BEZIER_KNOTS.);
#5350 = CARTESIAN_POINT('',(-21.59166260824,-23.44814983771,0.));
#5351 = CARTESIAN_POINT('',(-22.27869524145,-24.19425468471,0.));
#5352 = SURFACE_OF_LINEAR_EXTRUSION('',#5353,#5356);
#5353 = B_SPLINE_CURVE_WITH_KNOTS('',1,(#5354,#5355),.UNSPECIFIED.,.F.,
  .F.,(2,2),(0.,1.014241727507),.PIECEWISE_BEZIER_KNOTS.);
#5354 = CARTESIAN_POINT('',(-21.59166260824,-23.44814983771,0.));
#5355 = CARTESIAN_POINT('',(-22.27869524145,-24.19425468471,0.));
#5356 = VECTOR('',#5357,1.);
#5357 = DIRECTION('',(-0.,-0.,-1.));
#5358 = ADVANCED_FACE('',(#5359),#5422,.F.);
#5359 = FACE_BOUND('',#5360,.F.);
#5360 = EDGE_LOOP('',(#5361,#5362,#5389,#5397));
#5361 = ORIENTED_EDGE('',*,*,#5340,.T.);
#5362 = ORIENTED_EDGE('',*,*,#5363,.T.);
#5363 = EDGE_CURVE('',#5334,#5364,#5366,.T.);
#5364 = VERTEX_POINT('',#5365);
#5365 = CARTESIAN_POINT('',(-24.08827812088,-28.74030022757,5.));
#5366 = B_SPLINE_CURVE_WITH_KNOTS('',3,(#5367,#5368,#5369,#5370,#5371,
    #5372,#5373,#5374,#5375,#5376,#5377,#5378,#5379,#5380,#5381,#5382,
    #5383,#5384,#5385,#5386,#5387,#5388),.UNSPECIFIED.,.F.,.F.,(4,1,1,1,
    1,1,1,1,1,1,1,1,1,1,1,1,1,1,1,4),(0.,1.366713726009E-02,
    5.466812833143E-02,0.123003057355,0.218671936353,0.341674769329,
    0.492011558107,0.669682303667,0.874687006597,1.107025667278,
    1.36669828597,1.65370486286,1.968045398084,2.309719891748,
    2.678728343933,3.075070754704,3.498747124111,3.949757452199,
    4.428101739001,4.933779984548),.UNSPECIFIED.);
#5367 = CARTESIAN_POINT('',(-22.27869524145,-24.19425468471,5.));
#5368 = CARTESIAN_POINT('',(-22.28174262532,-24.19764165005,5.));
#5369 = CARTESIAN_POINT('',(-22.29382498043,-24.21128295934,5.));
#5370 = CARTESIAN_POINT('',(-22.32008804973,-24.24277949747,5.));
#5371 = CARTESIAN_POINT('',(-22.36252388622,-24.29634901267,5.));
#5372 = CARTESIAN_POINT('',(-22.41975138096,-24.37303253572,5.));
#5373 = CARTESIAN_POINT('',(-22.49052182362,-24.47365634003,5.));
#5374 = CARTESIAN_POINT('',(-22.57346531934,-24.59906701957,5.));
#5375 = CARTESIAN_POINT('',(-22.66720885513,-24.75002286274,5.));
#5376 = CARTESIAN_POINT('',(-22.77033354521,-24.92723411481,5.));
#5377 = CARTESIAN_POINT('',(-22.88139343892,-25.13134641726,5.));
#5378 = CARTESIAN_POINT('',(-22.99891220751,-25.36294483463,5.));
#5379 = CARTESIAN_POINT('',(-23.12138742812,-25.62255097731,5.));
#5380 = CARTESIAN_POINT('',(-23.24729239709,-25.91062253215,5.));
#5381 = CARTESIAN_POINT('',(-23.37507877209,-26.22755214747,5.));
#5382 = CARTESIAN_POINT('',(-23.50317904188,-26.57366659729,5.));
#5383 = CARTESIAN_POINT('',(-23.6300088911,-26.94922615922,5.));
#5384 = CARTESIAN_POINT('',(-23.75397045627,-27.354423289,5.));
#5385 = CARTESIAN_POINT('',(-23.87345194726,-27.78938475067,5.));
#5386 = CARTESIAN_POINT('',(-23.98684231649,-28.25416002271,5.));
#5387 = CARTESIAN_POINT('',(-24.05536708861,-28.5749856095,5.));
#5388 = CARTESIAN_POINT('',(-24.08827812088,-28.74030022757,5.));
#5389 = ORIENTED_EDGE('',*,*,#5390,.F.);
#5390 = EDGE_CURVE('',#5391,#5364,#5393,.T.);
#5391 = VERTEX_POINT('',#5392);
#5392 = CARTESIAN_POINT('',(-24.08827812088,-28.74030022757,0.));
#5393 = LINE('',#5394,#5395);
#5394 = CARTESIAN_POINT('',(-24.08827812088,-28.74030022757,0.));
#5395 = VECTOR('',#5396,1.);
#5396 = DIRECTION('',(0.,0.,1.));
#5397 = ORIENTED_EDGE('',*,*,#5398,.F.);
#5398 = EDGE_CURVE('',#5341,#5391,#5399,.T.);
#5399 = B_SPLINE_CURVE_WITH_KNOTS('',3,(#5400,#5401,#5402,#5403,#5404,
    #5405,#5406,#5407,#5408,#5409,#5410,#5411,#5412,#5413,#5414,#5415,
    #5416,#5417,#5418,#5419,#5420,#5421),.UNSPECIFIED.,.F.,.F.,(4,1,1,1,
    1,1,1,1,1,1,1,1,1,1,1,1,1,1,1,4),(0.,1.366713726009E-02,
    5.466812833143E-02,0.123003057355,0.218671936353,0.341674769329,
    0.492011558107,0.669682303667,0.874687006597,1.107025667278,
    1.36669828597,1.65370486286,1.968045398084,2.309719891748,
    2.678728343933,3.075070754704,3.498747124111,3.949757452199,
    4.428101739001,4.933779984548),.UNSPECIFIED.);
#5400 = CARTESIAN_POINT('',(-22.27869524145,-24.19425468471,0.));
#5401 = CARTESIAN_POINT('',(-22.28174262532,-24.19764165005,0.));
#5402 = CARTESIAN_POINT('',(-22.29382498043,-24.21128295934,0.));
#5403 = CARTESIAN_POINT('',(-22.32008804973,-24.24277949747,0.));
#5404 = CARTESIAN_POINT('',(-22.36252388622,-24.29634901267,0.));
#5405 = CARTESIAN_POINT('',(-22.41975138096,-24.37303253572,0.));
#5406 = CARTESIAN_POINT('',(-22.49052182362,-24.47365634003,0.));
#5407 = CARTESIAN_POINT('',(-22.57346531934,-24.59906701957,0.));
#5408 = CARTESIAN_POINT('',(-22.66720885513,-24.75002286274,0.));
#5409 = CARTESIAN_POINT('',(-22.77033354521,-24.92723411481,0.));
#5410 = CARTESIAN_POINT('',(-22.88139343892,-25.13134641726,0.));
#5411 = CARTESIAN_POINT('',(-22.99891220751,-25.36294483463,0.));
#5412 = CARTESIAN_POINT('',(-23.12138742812,-25.62255097731,0.));
#5413 = CARTESIAN_POINT('',(-23.24729239709,-25.91062253215,0.));
#5414 = CARTESIAN_POINT('',(-23.37507877209,-26.22755214747,0.));
#5415 = CARTESIAN_POINT('',(-23.50317904188,-26.57366659729,0.));
#5416 = CARTESIAN_POINT('',(-23.6300088911,-26.94922615922,0.));
#5417 = CARTESIAN_POINT('',(-23.75397045627,-27.354423289,0.));
#5418 = CARTESIAN_POINT('',(-23.87345194726,-27.78938475067,0.));
#5419 = CARTESIAN_POINT('',(-23.98684231649,-28.25416002271,0.));
#5420 = CARTESIAN_POINT('',(-24.05536708861,-28.5749856095,0.));
#5421 = CARTESIAN_POINT('',(-24.08827812088,-28.74030022757,0.));
#5422 = SURFACE_OF_LINEAR_EXTRUSION('',#5423,#5446);
#5423 = B_SPLINE_CURVE_WITH_KNOTS('',3,(#5424,#5425,#5426,#5427,#5428,
    #5429,#5430,#5431,#5432,#5433,#5434,#5435,#5436,#5437,#5438,#5439,
    #5440,#5441,#5442,#5443,#5444,#5445),.UNSPECIFIED.,.F.,.F.,(4,1,1,1,
    1,1,1,1,1,1,1,1,1,1,1,1,1,1,1,4),(0.,1.366713726009E-02,
    5.466812833143E-02,0.123003057355,0.218671936353,0.341674769329,
    0.492011558107,0.669682303667,0.874687006597,1.107025667278,
    1.36669828597,1.65370486286,1.968045398084,2.309719891748,
    2.678728343933,3.075070754704,3.498747124111,3.949757452199,
    4.428101739001,4.933779984548),.UNSPECIFIED.);
#5424 = CARTESIAN_POINT('',(-22.27869524145,-24.19425468471,0.));
#5425 = CARTESIAN_POINT('',(-22.28174262532,-24.19764165005,0.));
#5426 = CARTESIAN_POINT('',(-22.29382498043,-24.21128295934,0.));
#5427 = CARTESIAN_POINT('',(-22.32008804973,-24.24277949747,0.));
#5428 = CARTESIAN_POINT('',(-22.36252388622,-24.29634901267,0.));
#5429 = CARTESIAN_POINT('',(-22.41975138096,-24.37303253572,0.));
#5430 = CARTESIAN_POINT('',(-22.49052182362,-24.47365634003,0.));
#5431 = CARTESIAN_POINT('',(-22.57346531934,-24.59906701957,0.));
#5432 = CARTESIAN_POINT('',(-22.66720885513,-24.75002286274,0.));
#5433 = CARTESIAN_POINT('',(-22.77033354521,-24.92723411481,0.));
#5434 = CARTESIAN_POINT('',(-22.88139343892,-25.13134641726,0.));
#5435 = CARTESIAN_POINT('',(-22.99891220751,-25.36294483463,0.));
#5436 = CARTESIAN_POINT('',(-23.12138742812,-25.62255097731,0.));
#5437 = CARTESIAN_POINT('',(-23.24729239709,-25.91062253215,0.));
#5438 = CARTESIAN_POINT('',(-23.37507877209,-26.22755214747,0.));
#5439 = CARTESIAN_POINT('',(-23.50317904188,-26.57366659729,0.));
#5440 = CARTESIAN_POINT('',(-23.6300088911,-26.94922615922,0.));
#5441 = CARTESIAN_POINT('',(-23.75397045627,-27.354423289,0.));
#5442 = CARTESIAN_POINT('',(-23.87345194726,-27.78938475067,0.));
#5443 = CARTESIAN_POINT('',(-23.98684231649,-28.25416002271,0.));
#5444 = CARTESIAN_POINT('',(-24.05536708861,-28.5749856095,0.));
#5445 = CARTESIAN_POINT('',(-24.08827812088,-28.74030022757,0.));
#5446 = VECTOR('',#5447,1.);
#5447 = DIRECTION('',(-0.,-0.,-1.));
#5448 = ADVANCED_FACE('',(#5449),#5472,.F.);
#5449 = FACE_BOUND('',#5450,.F.);
#5450 = EDGE_LOOP('',(#5451,#5452,#5459,#5467));
#5451 = ORIENTED_EDGE('',*,*,#5390,.T.);
#5452 = ORIENTED_EDGE('',*,*,#5453,.T.);
#5453 = EDGE_CURVE('',#5364,#5454,#5456,.T.);
#5454 = VERTEX_POINT('',#5455);
#5455 = CARTESIAN_POINT('',(-22.65957475148,-29.87965314527,5.));
#5456 = B_SPLINE_CURVE_WITH_KNOTS('',1,(#5457,#5458),.UNSPECIFIED.,.F.,
  .F.,(2,2),(0.,1.827380198213),.PIECEWISE_BEZIER_KNOTS.);
#5457 = CARTESIAN_POINT('',(-24.08827812088,-28.74030022757,5.));
#5458 = CARTESIAN_POINT('',(-22.65957475148,-29.87965314527,5.));
#5459 = ORIENTED_EDGE('',*,*,#5460,.F.);
#5460 = EDGE_CURVE('',#5461,#5454,#5463,.T.);
#5461 = VERTEX_POINT('',#5462);
#5462 = CARTESIAN_POINT('',(-22.65957475148,-29.87965314527,0.));
#5463 = LINE('',#5464,#5465);
#5464 = CARTESIAN_POINT('',(-22.65957475148,-29.87965314527,0.));
#5465 = VECTOR('',#5466,1.);
#5466 = DIRECTION('',(0.,0.,1.));
#5467 = ORIENTED_EDGE('',*,*,#5468,.F.);
#5468 = EDGE_CURVE('',#5391,#5461,#5469,.T.);
#5469 = B_SPLINE_CURVE_WITH_KNOTS('',1,(#5470,#5471),.UNSPECIFIED.,.F.,
  .F.,(2,2),(0.,1.827380198213),.PIECEWISE_BEZIER_KNOTS.);
#5470 = CARTESIAN_POINT('',(-24.08827812088,-28.74030022757,0.));
#5471 = CARTESIAN_POINT('',(-22.65957475148,-29.87965314527,0.));
#5472 = SURFACE_OF_LINEAR_EXTRUSION('',#5473,#5476);
#5473 = B_SPLINE_CURVE_WITH_KNOTS('',1,(#5474,#5475),.UNSPECIFIED.,.F.,
  .F.,(2,2),(0.,1.827380198213),.PIECEWISE_BEZIER_KNOTS.);
#5474 = CARTESIAN_POINT('',(-24.08827812088,-28.74030022757,0.));
#5475 = CARTESIAN_POINT('',(-22.65957475148,-29.87965314527,0.));
#5476 = VECTOR('',#5477,1.);
#5477 = DIRECTION('',(-0.,-0.,-1.));
#5478 = ADVANCED_FACE('',(#5479),#5542,.F.);
#5479 = FACE_BOUND('',#5480,.F.);
#5480 = EDGE_LOOP('',(#5481,#5482,#5509,#5517));
#5481 = ORIENTED_EDGE('',*,*,#5460,.T.);
#5482 = ORIENTED_EDGE('',*,*,#5483,.T.);
#5483 = EDGE_CURVE('',#5454,#5484,#5486,.T.);
#5484 = VERTEX_POINT('',#5485);
#5485 = CARTESIAN_POINT('',(-18.6301781341,-27.1038499867,5.));
#5486 = B_SPLINE_CURVE_WITH_KNOTS('',3,(#5487,#5488,#5489,#5490,#5491,
    #5492,#5493,#5494,#5495,#5496,#5497,#5498,#5499,#5500,#5501,#5502,
    #5503,#5504,#5505,#5506,#5507,#5508),.UNSPECIFIED.,.F.,.F.,(4,1,1,1,
    1,1,1,1,1,1,1,1,1,1,1,1,1,1,1,4),(0.,0.505678245547,0.98402253235,
    1.435032860437,1.858709229845,2.255051640615,2.6240600928,
    2.965734586464,3.280075121689,3.567081698578,3.82675431727,
    4.059092977951,4.264097680881,4.441768426441,4.592105215219,
    4.715108048196,4.810776927193,4.879111856217,4.920112847288,
    4.933779984548),.UNSPECIFIED.);
#5487 = CARTESIAN_POINT('',(-22.65957475148,-29.87965314527,5.));
#5488 = CARTESIAN_POINT('',(-22.50572830968,-29.81078129808,5.));
#5489 = CARTESIAN_POINT('',(-22.20819468646,-29.67258417586,5.));
#5490 = CARTESIAN_POINT('',(-21.78030403172,-29.4586145123,5.));
#5491 = CARTESIAN_POINT('',(-21.38283509498,-29.24534064106,5.));
#5492 = CARTESIAN_POINT('',(-21.01538114648,-29.03432220738,5.));
#5493 = CARTESIAN_POINT('',(-20.67745994337,-28.82710238281,5.));
#5494 = CARTESIAN_POINT('',(-20.36852829711,-28.6251961436,5.));
#5495 = CARTESIAN_POINT('',(-20.08797991244,-28.43009016582,5.));
#5496 = CARTESIAN_POINT('',(-19.8351474042,-28.24323994586,5.));
#5497 = CARTESIAN_POINT('',(-19.60930343001,-28.06606763341,5.));
#5498 = CARTESIAN_POINT('',(-19.40966205464,-27.89995980956,5.));
#5499 = CARTESIAN_POINT('',(-19.23538042504,-27.74626515909,5.));
#5500 = CARTESIAN_POINT('',(-19.0855596314,-27.60629280698,5.));
#5501 = CARTESIAN_POINT('',(-18.95924846552,-27.48130878215,5.));
#5502 = CARTESIAN_POINT('',(-18.85543875768,-27.37253835149,5.));
#5503 = CARTESIAN_POINT('',(-18.77308570722,-27.28115136867,5.));
#5504 = CARTESIAN_POINT('',(-18.71105911579,-27.20829499754,5.));
#5505 = CARTESIAN_POINT('',(-18.66827556214,-27.15500277751,5.));
#5506 = CARTESIAN_POINT('',(-18.64341279068,-27.12238953911,5.));
#5507 = CARTESIAN_POINT('',(-18.63280207444,-27.10757463698,5.));
#5508 = CARTESIAN_POINT('',(-18.6301781341,-27.1038499867,5.));
#5509 = ORIENTED_EDGE('',*,*,#5510,.F.);
#5510 = EDGE_CURVE('',#5511,#5484,#5513,.T.);
#5511 = VERTEX_POINT('',#5512);
#5512 = CARTESIAN_POINT('',(-18.6301781341,-27.1038499867,0.));
#5513 = LINE('',#5514,#5515);
#5514 = CARTESIAN_POINT('',(-18.6301781341,-27.1038499867,0.));
#5515 = VECTOR('',#5516,1.);
#5516 = DIRECTION('',(0.,0.,1.));
#5517 = ORIENTED_EDGE('',*,*,#5518,.F.);
#5518 = EDGE_CURVE('',#5461,#5511,#5519,.T.);
#5519 = B_SPLINE_CURVE_WITH_KNOTS('',3,(#5520,#5521,#5522,#5523,#5524,
    #5525,#5526,#5527,#5528,#5529,#5530,#5531,#5532,#5533,#5534,#5535,
    #5536,#5537,#5538,#5539,#5540,#5541),.UNSPECIFIED.,.F.,.F.,(4,1,1,1,
    1,1,1,1,1,1,1,1,1,1,1,1,1,1,1,4),(0.,0.505678245547,0.98402253235,
    1.435032860437,1.858709229845,2.255051640615,2.6240600928,
    2.965734586464,3.280075121689,3.567081698578,3.82675431727,
    4.059092977951,4.264097680881,4.441768426441,4.592105215219,
    4.715108048196,4.810776927193,4.879111856217,4.920112847288,
    4.933779984548),.UNSPECIFIED.);
#5520 = CARTESIAN_POINT('',(-22.65957475148,-29.87965314527,0.));
#5521 = CARTESIAN_POINT('',(-22.50572830968,-29.81078129808,0.));
#5522 = CARTESIAN_POINT('',(-22.20819468646,-29.67258417586,0.));
#5523 = CARTESIAN_POINT('',(-21.78030403172,-29.4586145123,0.));
#5524 = CARTESIAN_POINT('',(-21.38283509498,-29.24534064106,0.));
#5525 = CARTESIAN_POINT('',(-21.01538114648,-29.03432220738,0.));
#5526 = CARTESIAN_POINT('',(-20.67745994337,-28.82710238281,0.));
#5527 = CARTESIAN_POINT('',(-20.36852829711,-28.6251961436,0.));
#5528 = CARTESIAN_POINT('',(-20.08797991244,-28.43009016582,0.));
#5529 = CARTESIAN_POINT('',(-19.8351474042,-28.24323994586,0.));
#5530 = CARTESIAN_POINT('',(-19.60930343001,-28.06606763341,0.));
#5531 = CARTESIAN_POINT('',(-19.40966205464,-27.89995980956,0.));
#5532 = CARTESIAN_POINT('',(-19.23538042504,-27.74626515909,0.));
#5533 = CARTESIAN_POINT('',(-19.0855596314,-27.60629280698,0.));
#5534 = CARTESIAN_POINT('',(-18.95924846552,-27.48130878215,0.));
#5535 = CARTESIAN_POINT('',(-18.85543875768,-27.37253835149,0.));
#5536 = CARTESIAN_POINT('',(-18.77308570722,-27.28115136867,0.));
#5537 = CARTESIAN_POINT('',(-18.71105911579,-27.20829499754,0.));
#5538 = CARTESIAN_POINT('',(-18.66827556214,-27.15500277751,0.));
#5539 = CARTESIAN_POINT('',(-18.64341279068,-27.12238953911,0.));
#5540 = CARTESIAN_POINT('',(-18.63280207444,-27.10757463698,0.));
#5541 = CARTESIAN_POINT('',(-18.6301781341,-27.1038499867,0.));
#5542 = SURFACE_OF_LINEAR_EXTRUSION('',#5543,#5566);
#5543 = B_SPLINE_CURVE_WITH_KNOTS('',3,(#5544,#5545,#5546,#5547,#5548,
    #5549,#5550,#5551,#5552,#5553,#5554,#5555,#5556,#5557,#5558,#5559,
    #5560,#5561,#5562,#5563,#5564,#5565),.UNSPECIFIED.,.F.,.F.,(4,1,1,1,
    1,1,1,1,1,1,1,1,1,1,1,1,1,1,1,4),(0.,0.505678245547,0.98402253235,
    1.435032860437,1.858709229845,2.255051640615,2.6240600928,
    2.965734586464,3.280075121689,3.567081698578,3.82675431727,
    4.059092977951,4.264097680881,4.441768426441,4.592105215219,
    4.715108048196,4.810776927193,4.879111856217,4.920112847288,
    4.933779984548),.UNSPECIFIED.);
#5544 = CARTESIAN_POINT('',(-22.65957475148,-29.87965314527,0.));
#5545 = CARTESIAN_POINT('',(-22.50572830968,-29.81078129808,0.));
#5546 = CARTESIAN_POINT('',(-22.20819468646,-29.67258417586,0.));
#5547 = CARTESIAN_POINT('',(-21.78030403172,-29.4586145123,0.));
#5548 = CARTESIAN_POINT('',(-21.38283509498,-29.24534064106,0.));
#5549 = CARTESIAN_POINT('',(-21.01538114648,-29.03432220738,0.));
#5550 = CARTESIAN_POINT('',(-20.67745994337,-28.82710238281,0.));
#5551 = CARTESIAN_POINT('',(-20.36852829711,-28.6251961436,0.));
#5552 = CARTESIAN_POINT('',(-20.08797991244,-28.43009016582,0.));
#5553 = CARTESIAN_POINT('',(-19.8351474042,-28.24323994586,0.));
#5554 = CARTESIAN_POINT('',(-19.60930343001,-28.06606763341,0.));
#5555 = CARTESIAN_POINT('',(-19.40966205464,-27.89995980956,0.));
#5556 = CARTESIAN_POINT('',(-19.23538042504,-27.74626515909,0.));
#5557 = CARTESIAN_POINT('',(-19.0855596314,-27.60629280698,0.));
#5558 = CARTESIAN_POINT('',(-18.95924846552,-27.48130878215,0.));
#5559 = CARTESIAN_POINT('',(-18.85543875768,-27.37253835149,0.));
#5560 = CARTESIAN_POINT('',(-18.77308570722,-27.28115136867,0.));
#5561 = CARTESIAN_POINT('',(-18.71105911579,-27.20829499754,0.));
#5562 = CARTESIAN_POINT('',(-18.66827556214,-27.15500277751,0.));
#5563 = CARTESIAN_POINT('',(-18.64341279068,-27.12238953911,0.));
#5564 = CARTESIAN_POINT('',(-18.63280207444,-27.10757463698,0.));
#5565 = CARTESIAN_POINT('',(-18.6301781341,-27.1038499867,0.));
#5566 = VECTOR('',#5567,1.);
#5567 = DIRECTION('',(-0.,-0.,-1.));
#5568 = ADVANCED_FACE('',(#5569),#5592,.F.);
#5569 = FACE_BOUND('',#5570,.F.);
#5570 = EDGE_LOOP('',(#5571,#5572,#5579,#5587));
#5571 = ORIENTED_EDGE('',*,*,#5510,.T.);
#5572 = ORIENTED_EDGE('',*,*,#5573,.T.);
#5573 = EDGE_CURVE('',#5484,#5574,#5576,.T.);
#5574 = VERTEX_POINT('',#5575);
#5575 = CARTESIAN_POINT('',(-18.05565883655,-26.26801874862,5.));
#5576 = B_SPLINE_CURVE_WITH_KNOTS('',1,(#5577,#5578),.UNSPECIFIED.,.F.,
  .F.,(2,2),(0.,1.014241727507),.PIECEWISE_BEZIER_KNOTS.);
#5577 = CARTESIAN_POINT('',(-18.6301781341,-27.1038499867,5.));
#5578 = CARTESIAN_POINT('',(-18.05565883655,-26.26801874862,5.));
#5579 = ORIENTED_EDGE('',*,*,#5580,.F.);
#5580 = EDGE_CURVE('',#5581,#5574,#5583,.T.);
#5581 = VERTEX_POINT('',#5582);
#5582 = CARTESIAN_POINT('',(-18.05565883655,-26.26801874862,0.));
#5583 = LINE('',#5584,#5585);
#5584 = CARTESIAN_POINT('',(-18.05565883655,-26.26801874862,0.));
#5585 = VECTOR('',#5586,1.);
#5586 = DIRECTION('',(0.,0.,1.));
#5587 = ORIENTED_EDGE('',*,*,#5588,.F.);
#5588 = EDGE_CURVE('',#5511,#5581,#5589,.T.);
#5589 = B_SPLINE_CURVE_WITH_KNOTS('',1,(#5590,#5591),.UNSPECIFIED.,.F.,
  .F.,(2,2),(0.,1.014241727507),.PIECEWISE_BEZIER_KNOTS.);
#5590 = CARTESIAN_POINT('',(-18.6301781341,-27.1038499867,0.));
#5591 = CARTESIAN_POINT('',(-18.05565883655,-26.26801874862,0.));
#5592 = SURFACE_OF_LINEAR_EXTRUSION('',#5593,#5596);
#5593 = B_SPLINE_CURVE_WITH_KNOTS('',1,(#5594,#5595),.UNSPECIFIED.,.F.,
  .F.,(2,2),(0.,1.014241727507),.PIECEWISE_BEZIER_KNOTS.);
#5594 = CARTESIAN_POINT('',(-18.6301781341,-27.1038499867,0.));
#5595 = CARTESIAN_POINT('',(-18.05565883655,-26.26801874862,0.));
#5596 = VECTOR('',#5597,1.);
#5597 = DIRECTION('',(-0.,-0.,-1.));
#5598 = ADVANCED_FACE('',(#5599),#5622,.F.);
#5599 = FACE_BOUND('',#5600,.F.);
#5600 = EDGE_LOOP('',(#5601,#5602,#5609,#5617));
#5601 = ORIENTED_EDGE('',*,*,#5580,.T.);
#5602 = ORIENTED_EDGE('',*,*,#5603,.T.);
#5603 = EDGE_CURVE('',#5574,#5604,#5606,.T.);
#5604 = VERTEX_POINT('',#5605);
#5605 = CARTESIAN_POINT('',(-15.83261034575,-27.66485269506,5.));
#5606 = B_SPLINE_CURVE_WITH_KNOTS('',1,(#5607,#5608),.UNSPECIFIED.,.F.,
  .F.,(2,2),(0.,2.625469418288),.PIECEWISE_BEZIER_KNOTS.);
#5607 = CARTESIAN_POINT('',(-18.05565883655,-26.26801874862,5.));
#5608 = CARTESIAN_POINT('',(-15.83261034575,-27.66485269506,5.));
#5609 = ORIENTED_EDGE('',*,*,#5610,.F.);
#5610 = EDGE_CURVE('',#5611,#5604,#5613,.T.);
#5611 = VERTEX_POINT('',#5612);
#5612 = CARTESIAN_POINT('',(-15.83261034575,-27.66485269506,0.));
#5613 = LINE('',#5614,#5615);
#5614 = CARTESIAN_POINT('',(-15.83261034575,-27.66485269506,0.));
#5615 = VECTOR('',#5616,1.);
#5616 = DIRECTION('',(0.,0.,1.));
#5617 = ORIENTED_EDGE('',*,*,#5618,.F.);
#5618 = EDGE_CURVE('',#5581,#5611,#5619,.T.);
#5619 = B_SPLINE_CURVE_WITH_KNOTS('',1,(#5620,#5621),.UNSPECIFIED.,.F.,
  .F.,(2,2),(0.,2.625469418288),.PIECEWISE_BEZIER_KNOTS.);
#5620 = CARTESIAN_POINT('',(-18.05565883655,-26.26801874862,0.));
#5621 = CARTESIAN_POINT('',(-15.83261034575,-27.66485269506,0.));
#5622 = SURFACE_OF_LINEAR_EXTRUSION('',#5623,#5626);
#5623 = B_SPLINE_CURVE_WITH_KNOTS('',1,(#5624,#5625),.UNSPECIFIED.,.F.,
  .F.,(2,2),(0.,2.625469418288),.PIECEWISE_BEZIER_KNOTS.);
#5624 = CARTESIAN_POINT('',(-18.05565883655,-26.26801874862,0.));
#5625 = CARTESIAN_POINT('',(-15.83261034575,-27.66485269506,0.));
#5626 = VECTOR('',#5627,1.);
#5627 = DIRECTION('',(-0.,-0.,-1.));
#5628 = ADVANCED_FACE('',(#5629),#5652,.F.);
#5629 = FACE_BOUND('',#5630,.F.);
#5630 = EDGE_LOOP('',(#5631,#5632,#5639,#5647));
#5631 = ORIENTED_EDGE('',*,*,#5610,.T.);
#5632 = ORIENTED_EDGE('',*,*,#5633,.T.);
#5633 = EDGE_CURVE('',#5604,#5634,#5636,.T.);
#5634 = VERTEX_POINT('',#5635);
#5635 = CARTESIAN_POINT('',(-16.33639368906,-28.54513027902,5.));
#5636 = B_SPLINE_CURVE_WITH_KNOTS('',1,(#5637,#5638),.UNSPECIFIED.,.F.,
  .F.,(2,2),(0.,1.014241727507),.PIECEWISE_BEZIER_KNOTS.);
#5637 = CARTESIAN_POINT('',(-15.83261034575,-27.66485269506,5.));
#5638 = CARTESIAN_POINT('',(-16.33639368906,-28.54513027902,5.));
#5639 = ORIENTED_EDGE('',*,*,#5640,.F.);
#5640 = EDGE_CURVE('',#5641,#5634,#5643,.T.);
#5641 = VERTEX_POINT('',#5642);
#5642 = CARTESIAN_POINT('',(-16.33639368906,-28.54513027902,0.));
#5643 = LINE('',#5644,#5645);
#5644 = CARTESIAN_POINT('',(-16.33639368906,-28.54513027902,0.));
#5645 = VECTOR('',#5646,1.);
#5646 = DIRECTION('',(0.,0.,1.));
#5647 = ORIENTED_EDGE('',*,*,#5648,.F.);
#5648 = EDGE_CURVE('',#5611,#5641,#5649,.T.);
#5649 = B_SPLINE_CURVE_WITH_KNOTS('',1,(#5650,#5651),.UNSPECIFIED.,.F.,
  .F.,(2,2),(0.,1.014241727507),.PIECEWISE_BEZIER_KNOTS.);
#5650 = CARTESIAN_POINT('',(-15.83261034575,-27.66485269506,0.));
#5651 = CARTESIAN_POINT('',(-16.33639368906,-28.54513027902,0.));
#5652 = SURFACE_OF_LINEAR_EXTRUSION('',#5653,#5656);
#5653 = B_SPLINE_CURVE_WITH_KNOTS('',1,(#5654,#5655),.UNSPECIFIED.,.F.,
  .F.,(2,2),(0.,1.014241727507),.PIECEWISE_BEZIER_KNOTS.);
#5654 = CARTESIAN_POINT('',(-15.83261034575,-27.66485269506,0.));
#5655 = CARTESIAN_POINT('',(-16.33639368906,-28.54513027902,0.));
#5656 = VECTOR('',#5657,1.);
#5657 = DIRECTION('',(-0.,-0.,-1.));
#5658 = ADVANCED_FACE('',(#5659),#5722,.F.);
#5659 = FACE_BOUND('',#5660,.F.);
#5660 = EDGE_LOOP('',(#5661,#5662,#5689,#5697));
#5661 = ORIENTED_EDGE('',*,*,#5640,.T.);
#5662 = ORIENTED_EDGE('',*,*,#5663,.T.);
#5663 = EDGE_CURVE('',#5634,#5664,#5666,.T.);
#5664 = VERTEX_POINT('',#5665);
#5665 = CARTESIAN_POINT('',(-17.08901624762,-33.3798670412,5.));
#5666 = B_SPLINE_CURVE_WITH_KNOTS('',3,(#5667,#5668,#5669,#5670,#5671,
    #5672,#5673,#5674,#5675,#5676,#5677,#5678,#5679,#5680,#5681,#5682,
    #5683,#5684,#5685,#5686,#5687,#5688),.UNSPECIFIED.,.F.,.F.,(4,1,1,1,
    1,1,1,1,1,1,1,1,1,1,1,1,1,1,1,4),(0.,1.366713726009E-02,
    5.466812833143E-02,0.123003057355,0.218671936353,0.341674769329,
    0.492011558107,0.669682303667,0.874687006597,1.107025667278,
    1.36669828597,1.65370486286,1.968045398084,2.309719891748,
    2.678728343933,3.075070754704,3.498747124111,3.949757452199,
    4.428101739001,4.933779984548),.UNSPECIFIED.);
#5667 = CARTESIAN_POINT('',(-16.33639368906,-28.54513027902,5.));
#5668 = CARTESIAN_POINT('',(-16.33861099796,-28.54911043277,5.));
#5669 = CARTESIAN_POINT('',(-16.34735494632,-28.56509830289,5.));
#5670 = CARTESIAN_POINT('',(-16.36595090656,-28.60164923977,5.));
#5671 = CARTESIAN_POINT('',(-16.39540244948,-28.66331851735,5.));
#5672 = CARTESIAN_POINT('',(-16.43413144228,-28.75081373995,5.));
#5673 = CARTESIAN_POINT('',(-16.48073661927,-28.86466260039,5.));
#5674 = CARTESIAN_POINT('',(-16.53369404685,-29.0053856365,5.));
#5675 = CARTESIAN_POINT('',(-16.59149640126,-29.17341660065,5.));
#5676 = CARTESIAN_POINT('',(-16.65260232674,-29.36913219899,5.));
#5677 = CARTESIAN_POINT('',(-16.71545845687,-29.59284013114,5.));
#5678 = CARTESIAN_POINT('',(-16.77849528844,-29.8447822788,5.));
#5679 = CARTESIAN_POINT('',(-16.84013199823,-30.12513285395,5.));
#5680 = CARTESIAN_POINT('',(-16.89877831533,-30.43399834475,5.));
#5681 = CARTESIAN_POINT('',(-16.95283734511,-30.77141701644,5.));
#5682 = CARTESIAN_POINT('',(-17.00070816306,-31.13735864605,5.));
#5683 = CARTESIAN_POINT('',(-17.04078825868,-31.53172444217,5.));
#5684 = CARTESIAN_POINT('',(-17.07147700486,-31.95434647718,5.));
#5685 = CARTESIAN_POINT('',(-17.09117481472,-32.40498967986,5.));
#5686 = CARTESIAN_POINT('',(-17.09830002305,-32.88334379632,5.));
#5687 = CARTESIAN_POINT('',(-17.09371632685,-33.21137381211,5.));
#5688 = CARTESIAN_POINT('',(-17.08901624762,-33.3798670412,5.));
#5689 = ORIENTED_EDGE('',*,*,#5690,.F.);
#5690 = EDGE_CURVE('',#5691,#5664,#5693,.T.);
#5691 = VERTEX_POINT('',#5692);
#5692 = CARTESIAN_POINT('',(-17.08901624762,-33.3798670412,0.));
#5693 = LINE('',#5694,#5695);
#5694 = CARTESIAN_POINT('',(-17.08901624762,-33.3798670412,0.));
#5695 = VECTOR('',#5696,1.);
#5696 = DIRECTION('',(0.,0.,1.));
#5697 = ORIENTED_EDGE('',*,*,#5698,.F.);
#5698 = EDGE_CURVE('',#5641,#5691,#5699,.T.);
#5699 = B_SPLINE_CURVE_WITH_KNOTS('',3,(#5700,#5701,#5702,#5703,#5704,
    #5705,#5706,#5707,#5708,#5709,#5710,#5711,#5712,#5713,#5714,#5715,
    #5716,#5717,#5718,#5719,#5720,#5721),.UNSPECIFIED.,.F.,.F.,(4,1,1,1,
    1,1,1,1,1,1,1,1,1,1,1,1,1,1,1,4),(0.,1.366713726009E-02,
    5.466812833143E-02,0.123003057355,0.218671936353,0.341674769329,
    0.492011558107,0.669682303667,0.874687006597,1.107025667278,
    1.36669828597,1.65370486286,1.968045398084,2.309719891748,
    2.678728343933,3.075070754704,3.498747124111,3.949757452199,
    4.428101739001,4.933779984548),.UNSPECIFIED.);
#5700 = CARTESIAN_POINT('',(-16.33639368906,-28.54513027902,0.));
#5701 = CARTESIAN_POINT('',(-16.33861099796,-28.54911043277,0.));
#5702 = CARTESIAN_POINT('',(-16.34735494632,-28.56509830289,0.));
#5703 = CARTESIAN_POINT('',(-16.36595090656,-28.60164923977,0.));
#5704 = CARTESIAN_POINT('',(-16.39540244948,-28.66331851735,0.));
#5705 = CARTESIAN_POINT('',(-16.43413144228,-28.75081373995,0.));
#5706 = CARTESIAN_POINT('',(-16.48073661927,-28.86466260039,0.));
#5707 = CARTESIAN_POINT('',(-16.53369404685,-29.0053856365,0.));
#5708 = CARTESIAN_POINT('',(-16.59149640126,-29.17341660065,0.));
#5709 = CARTESIAN_POINT('',(-16.65260232674,-29.36913219899,0.));
#5710 = CARTESIAN_POINT('',(-16.71545845687,-29.59284013114,0.));
#5711 = CARTESIAN_POINT('',(-16.77849528844,-29.8447822788,0.));
#5712 = CARTESIAN_POINT('',(-16.84013199823,-30.12513285395,0.));
#5713 = CARTESIAN_POINT('',(-16.89877831533,-30.43399834475,0.));
#5714 = CARTESIAN_POINT('',(-16.95283734511,-30.77141701644,0.));
#5715 = CARTESIAN_POINT('',(-17.00070816306,-31.13735864605,0.));
#5716 = CARTESIAN_POINT('',(-17.04078825868,-31.53172444217,0.));
#5717 = CARTESIAN_POINT('',(-17.07147700486,-31.95434647718,0.));
#5718 = CARTESIAN_POINT('',(-17.09117481472,-32.40498967986,0.));
#5719 = CARTESIAN_POINT('',(-17.09830002305,-32.88334379632,0.));
#5720 = CARTESIAN_POINT('',(-17.09371632685,-33.21137381211,0.));
#5721 = CARTESIAN_POINT('',(-17.08901624762,-33.3798670412,0.));
#5722 = SURFACE_OF_LINEAR_EXTRUSION('',#5723,#5746);
#5723 = B_SPLINE_CURVE_WITH_KNOTS('',3,(#5724,#5725,#5726,#5727,#5728,
    #5729,#5730,#5731,#5732,#5733,#5734,#5735,#5736,#5737,#5738,#5739,
    #5740,#5741,#5742,#5743,#5744,#5745),.UNSPECIFIED.,.F.,.F.,(4,1,1,1,
    1,1,1,1,1,1,1,1,1,1,1,1,1,1,1,4),(0.,1.366713726009E-02,
    5.466812833143E-02,0.123003057355,0.218671936353,0.341674769329,
    0.492011558107,0.669682303667,0.874687006597,1.107025667278,
    1.36669828597,1.65370486286,1.968045398084,2.309719891748,
    2.678728343933,3.075070754704,3.498747124111,3.949757452199,
    4.428101739001,4.933779984548),.UNSPECIFIED.);
#5724 = CARTESIAN_POINT('',(-16.33639368906,-28.54513027902,0.));
#5725 = CARTESIAN_POINT('',(-16.33861099796,-28.54911043277,0.));
#5726 = CARTESIAN_POINT('',(-16.34735494632,-28.56509830289,0.));
#5727 = CARTESIAN_POINT('',(-16.36595090656,-28.60164923977,0.));
#5728 = CARTESIAN_POINT('',(-16.39540244948,-28.66331851735,0.));
#5729 = CARTESIAN_POINT('',(-16.43413144228,-28.75081373995,0.));
#5730 = CARTESIAN_POINT('',(-16.48073661927,-28.86466260039,0.));
#5731 = CARTESIAN_POINT('',(-16.53369404685,-29.0053856365,0.));
#5732 = CARTESIAN_POINT('',(-16.59149640126,-29.17341660065,0.));
#5733 = CARTESIAN_POINT('',(-16.65260232674,-29.36913219899,0.));
#5734 = CARTESIAN_POINT('',(-16.71545845687,-29.59284013114,0.));
#5735 = CARTESIAN_POINT('',(-16.77849528844,-29.8447822788,0.));
#5736 = CARTESIAN_POINT('',(-16.84013199823,-30.12513285395,0.));
#5737 = CARTESIAN_POINT('',(-16.89877831533,-30.43399834475,0.));
#5738 = CARTESIAN_POINT('',(-16.95283734511,-30.77141701644,0.));
#5739 = CARTESIAN_POINT('',(-17.00070816306,-31.13735864605,0.));
#5740 = CARTESIAN_POINT('',(-17.04078825868,-31.53172444217,0.));
#5741 = CARTESIAN_POINT('',(-17.07147700486,-31.95434647718,0.));
#5742 = CARTESIAN_POINT('',(-17.09117481472,-32.40498967986,0.));
#5743 = CARTESIAN_POINT('',(-17.09830002305,-32.88334379632,0.));
#5744 = CARTESIAN_POINT('',(-17.09371632685,-33.21137381211,0.));
#5745 = CARTESIAN_POINT('',(-17.08901624762,-33.3798670412,0.));
#5746 = VECTOR('',#5747,1.);
#5747 = DIRECTION('',(-0.,-0.,-1.));
#5748 = ADVANCED_FACE('',(#5749),#5772,.F.);
#5749 = FACE_BOUND('',#5750,.F.);
#5750 = EDGE_LOOP('',(#5751,#5752,#5759,#5767));
#5751 = ORIENTED_EDGE('',*,*,#5690,.T.);
#5752 = ORIENTED_EDGE('',*,*,#5753,.T.);
#5753 = EDGE_CURVE('',#5664,#5754,#5756,.T.);
#5754 = VERTEX_POINT('',#5755);
#5755 = CARTESIAN_POINT('',(-15.44260357921,-34.17273759439,5.));
#5756 = B_SPLINE_CURVE_WITH_KNOTS('',1,(#5757,#5758),.UNSPECIFIED.,.F.,
  .F.,(2,2),(0.,1.827380198213),.PIECEWISE_BEZIER_KNOTS.);
#5757 = CARTESIAN_POINT('',(-17.08901624762,-33.3798670412,5.));
#5758 = CARTESIAN_POINT('',(-15.44260357921,-34.17273759439,5.));
#5759 = ORIENTED_EDGE('',*,*,#5760,.F.);
#5760 = EDGE_CURVE('',#5761,#5754,#5763,.T.);
#5761 = VERTEX_POINT('',#5762);
#5762 = CARTESIAN_POINT('',(-15.44260357921,-34.17273759439,0.));
#5763 = LINE('',#5764,#5765);
#5764 = CARTESIAN_POINT('',(-15.44260357921,-34.17273759439,0.));
#5765 = VECTOR('',#5766,1.);
#5766 = DIRECTION('',(0.,0.,1.));
#5767 = ORIENTED_EDGE('',*,*,#5768,.F.);
#5768 = EDGE_CURVE('',#5691,#5761,#5769,.T.);
#5769 = B_SPLINE_CURVE_WITH_KNOTS('',1,(#5770,#5771),.UNSPECIFIED.,.F.,
  .F.,(2,2),(0.,1.827380198213),.PIECEWISE_BEZIER_KNOTS.);
#5770 = CARTESIAN_POINT('',(-17.08901624762,-33.3798670412,0.));
#5771 = CARTESIAN_POINT('',(-15.44260357921,-34.17273759439,0.));
#5772 = SURFACE_OF_LINEAR_EXTRUSION('',#5773,#5776);
#5773 = B_SPLINE_CURVE_WITH_KNOTS('',1,(#5774,#5775),.UNSPECIFIED.,.F.,
  .F.,(2,2),(0.,1.827380198213),.PIECEWISE_BEZIER_KNOTS.);
#5774 = CARTESIAN_POINT('',(-17.08901624762,-33.3798670412,0.));
#5775 = CARTESIAN_POINT('',(-15.44260357921,-34.17273759439,0.));
#5776 = VECTOR('',#5777,1.);
#5777 = DIRECTION('',(-0.,-0.,-1.));
#5778 = ADVANCED_FACE('',(#5779),#5842,.F.);
#5779 = FACE_BOUND('',#5780,.F.);
#5780 = EDGE_LOOP('',(#5781,#5782,#5809,#5817));
#5781 = ORIENTED_EDGE('',*,*,#5760,.T.);
#5782 = ORIENTED_EDGE('',*,*,#5783,.T.);
#5783 = EDGE_CURVE('',#5754,#5784,#5786,.T.);
#5784 = VERTEX_POINT('',#5785);
#5785 = CARTESIAN_POINT('',(-12.13190665901,-30.5699045178,5.));
#5786 = B_SPLINE_CURVE_WITH_KNOTS('',3,(#5787,#5788,#5789,#5790,#5791,
    #5792,#5793,#5794,#5795,#5796,#5797,#5798,#5799,#5800,#5801,#5802,
    #5803,#5804,#5805,#5806,#5807,#5808),.UNSPECIFIED.,.F.,.F.,(4,1,1,1,
    1,1,1,1,1,1,1,1,1,1,1,1,1,1,1,4),(0.,0.505678245547,0.98402253235,
    1.435032860437,1.858709229845,2.255051640615,2.6240600928,
    2.965734586464,3.280075121689,3.567081698578,3.82675431727,
    4.059092977951,4.264097680881,4.441768426441,4.592105215219,
    4.715108048196,4.810776927193,4.879111856217,4.920112847288,
    4.933779984548),.UNSPECIFIED.);
#5787 = CARTESIAN_POINT('',(-15.44260357921,-34.17273759439,5.));
#5788 = CARTESIAN_POINT('',(-15.30793981667,-34.07135845428,5.));
#5789 = CARTESIAN_POINT('',(-15.04861773529,-33.87041876273,5.));
#5790 = CARTESIAN_POINT('',(-14.679067922,-33.56659913724,5.));
#5791 = CARTESIAN_POINT('',(-14.33902226235,-33.27022732821,5.));
#5792 = CARTESIAN_POINT('',(-14.02773717047,-32.98273337142,5.));
#5793 = CARTESIAN_POINT('',(-13.74439910633,-32.70551443877,5.));
#5794 = CARTESIAN_POINT('',(-13.48814138636,-32.43992665207,5.));
#5795 = CARTESIAN_POINT('',(-13.25804209983,-32.18728449991,5.));
#5796 = CARTESIAN_POINT('',(-13.05312671589,-31.94885847921,5.));
#5797 = CARTESIAN_POINT('',(-12.87236967009,-31.72587323447,5.));
#5798 = CARTESIAN_POINT('',(-12.71469618892,-31.51950569527,5.));
#5799 = CARTESIAN_POINT('',(-12.5789844408,-31.33088317958,5.));
#5800 = CARTESIAN_POINT('',(-12.46406674578,-31.16108196365,5.));
#5801 = CARTESIAN_POINT('',(-12.36873402648,-31.01112467066,5.));
#5802 = CARTESIAN_POINT('',(-12.29173074257,-30.88198150865,5.));
#5803 = CARTESIAN_POINT('',(-12.23177797179,-30.77456051059,5.));
#5804 = CARTESIAN_POINT('',(-12.18751858425,-30.68972858573,5.));
#5805 = CARTESIAN_POINT('',(-12.15766633819,-30.62825227661,5.));
#5806 = CARTESIAN_POINT('',(-12.1406840566,-30.59092423306,5.));
#5807 = CARTESIAN_POINT('',(-12.13363599902,-30.57411966498,5.));
#5808 = CARTESIAN_POINT('',(-12.13190665901,-30.5699045178,5.));
#5809 = ORIENTED_EDGE('',*,*,#5810,.F.);
#5810 = EDGE_CURVE('',#5811,#5784,#5813,.T.);
#5811 = VERTEX_POINT('',#5812);
#5812 = CARTESIAN_POINT('',(-12.13190665901,-30.5699045178,0.));
#5813 = LINE('',#5814,#5815);
#5814 = CARTESIAN_POINT('',(-12.13190665901,-30.5699045178,0.));
#5815 = VECTOR('',#5816,1.);
#5816 = DIRECTION('',(0.,0.,1.));
#5817 = ORIENTED_EDGE('',*,*,#5818,.F.);
#5818 = EDGE_CURVE('',#5761,#5811,#5819,.T.);
#5819 = B_SPLINE_CURVE_WITH_KNOTS('',3,(#5820,#5821,#5822,#5823,#5824,
    #5825,#5826,#5827,#5828,#5829,#5830,#5831,#5832,#5833,#5834,#5835,
    #5836,#5837,#5838,#5839,#5840,#5841),.UNSPECIFIED.,.F.,.F.,(4,1,1,1,
    1,1,1,1,1,1,1,1,1,1,1,1,1,1,1,4),(0.,0.505678245547,0.98402253235,
    1.435032860437,1.858709229845,2.255051640615,2.6240600928,
    2.965734586464,3.280075121689,3.567081698578,3.82675431727,
    4.059092977951,4.264097680881,4.441768426441,4.592105215219,
    4.715108048196,4.810776927193,4.879111856217,4.920112847288,
    4.933779984548),.UNSPECIFIED.);
#5820 = CARTESIAN_POINT('',(-15.44260357921,-34.17273759439,0.));
#5821 = CARTESIAN_POINT('',(-15.30793981667,-34.07135845428,0.));
#5822 = CARTESIAN_POINT('',(-15.04861773529,-33.87041876273,0.));
#5823 = CARTESIAN_POINT('',(-14.679067922,-33.56659913724,0.));
#5824 = CARTESIAN_POINT('',(-14.33902226235,-33.27022732821,0.));
#5825 = CARTESIAN_POINT('',(-14.02773717047,-32.98273337142,0.));
#5826 = CARTESIAN_POINT('',(-13.74439910633,-32.70551443877,0.));
#5827 = CARTESIAN_POINT('',(-13.48814138636,-32.43992665207,0.));
#5828 = CARTESIAN_POINT('',(-13.25804209983,-32.18728449991,0.));
#5829 = CARTESIAN_POINT('',(-13.05312671589,-31.94885847921,0.));
#5830 = CARTESIAN_POINT('',(-12.87236967009,-31.72587323447,0.));
#5831 = CARTESIAN_POINT('',(-12.71469618892,-31.51950569527,0.));
#5832 = CARTESIAN_POINT('',(-12.5789844408,-31.33088317958,0.));
#5833 = CARTESIAN_POINT('',(-12.46406674578,-31.16108196365,0.));
#5834 = CARTESIAN_POINT('',(-12.36873402648,-31.01112467066,0.));
#5835 = CARTESIAN_POINT('',(-12.29173074257,-30.88198150865,0.));
#5836 = CARTESIAN_POINT('',(-12.23177797179,-30.77456051059,0.));
#5837 = CARTESIAN_POINT('',(-12.18751858425,-30.68972858573,0.));
#5838 = CARTESIAN_POINT('',(-12.15766633819,-30.62825227661,0.));
#5839 = CARTESIAN_POINT('',(-12.1406840566,-30.59092423306,0.));
#5840 = CARTESIAN_POINT('',(-12.13363599902,-30.57411966498,0.));
#5841 = CARTESIAN_POINT('',(-12.13190665901,-30.5699045178,0.));
#5842 = SURFACE_OF_LINEAR_EXTRUSION('',#5843,#5866);
#5843 = B_SPLINE_CURVE_WITH_KNOTS('',3,(#5844,#5845,#5846,#5847,#5848,
    #5849,#5850,#5851,#5852,#5853,#5854,#5855,#5856,#5857,#5858,#5859,
    #5860,#5861,#5862,#5863,#5864,#5865),.UNSPECIFIED.,.F.,.F.,(4,1,1,1,
    1,1,1,1,1,1,1,1,1,1,1,1,1,1,1,4),(0.,0.505678245547,0.98402253235,
    1.435032860437,1.858709229845,2.255051640615,2.6240600928,
    2.965734586464,3.280075121689,3.567081698578,3.82675431727,
    4.059092977951,4.264097680881,4.441768426441,4.592105215219,
    4.715108048196,4.810776927193,4.879111856217,4.920112847288,
    4.933779984548),.UNSPECIFIED.);
#5844 = CARTESIAN_POINT('',(-15.44260357921,-34.17273759439,0.));
#5845 = CARTESIAN_POINT('',(-15.30793981667,-34.07135845428,0.));
#5846 = CARTESIAN_POINT('',(-15.04861773529,-33.87041876273,0.));
#5847 = CARTESIAN_POINT('',(-14.679067922,-33.56659913724,0.));
#5848 = CARTESIAN_POINT('',(-14.33902226235,-33.27022732821,0.));
#5849 = CARTESIAN_POINT('',(-14.02773717047,-32.98273337142,0.));
#5850 = CARTESIAN_POINT('',(-13.74439910633,-32.70551443877,0.));
#5851 = CARTESIAN_POINT('',(-13.48814138636,-32.43992665207,0.));
#5852 = CARTESIAN_POINT('',(-13.25804209983,-32.18728449991,0.));
#5853 = CARTESIAN_POINT('',(-13.05312671589,-31.94885847921,0.));
#5854 = CARTESIAN_POINT('',(-12.87236967009,-31.72587323447,0.));
#5855 = CARTESIAN_POINT('',(-12.71469618892,-31.51950569527,0.));
#5856 = CARTESIAN_POINT('',(-12.5789844408,-31.33088317958,0.));
#5857 = CARTESIAN_POINT('',(-12.46406674578,-31.16108196365,0.));
#5858 = CARTESIAN_POINT('',(-12.36873402648,-31.01112467066,0.));
#5859 = CARTESIAN_POINT('',(-12.29173074257,-30.88198150865,0.));
#5860 = CARTESIAN_POINT('',(-12.23177797179,-30.77456051059,0.));
#5861 = CARTESIAN_POINT('',(-12.18751858425,-30.68972858573,0.));
#5862 = CARTESIAN_POINT('',(-12.15766633819,-30.62825227661,0.));
#5863 = CARTESIAN_POINT('',(-12.1406840566,-30.59092423306,0.));
#5864 = CARTESIAN_POINT('',(-12.13363599902,-30.57411966498,0.));
#5865 = CARTESIAN_POINT('',(-12.13190665901,-30.5699045178,0.));
#5866 = VECTOR('',#5867,1.);
#5867 = DIRECTION('',(-0.,-0.,-1.));
#5868 = ADVANCED_FACE('',(#5869),#5892,.F.);
#5869 = FACE_BOUND('',#5870,.F.);
#5870 = EDGE_LOOP('',(#5871,#5872,#5879,#5887));
#5871 = ORIENTED_EDGE('',*,*,#5810,.T.);
#5872 = ORIENTED_EDGE('',*,*,#5873,.T.);
#5873 = EDGE_CURVE('',#5784,#5874,#5876,.T.);
#5874 = VERTEX_POINT('',#5875);
#5875 = CARTESIAN_POINT('',(-11.75778170746,-29.62718674325,5.));
#5876 = B_SPLINE_CURVE_WITH_KNOTS('',1,(#5877,#5878),.UNSPECIFIED.,.F.,
  .F.,(2,2),(0.,1.014241727507),.PIECEWISE_BEZIER_KNOTS.);
#5877 = CARTESIAN_POINT('',(-12.13190665901,-30.5699045178,5.));
#5878 = CARTESIAN_POINT('',(-11.75778170746,-29.62718674325,5.));
#5879 = ORIENTED_EDGE('',*,*,#5880,.F.);
#5880 = EDGE_CURVE('',#5881,#5874,#5883,.T.);
#5881 = VERTEX_POINT('',#5882);
#5882 = CARTESIAN_POINT('',(-11.75778170746,-29.62718674325,0.));
#5883 = LINE('',#5884,#5885);
#5884 = CARTESIAN_POINT('',(-11.75778170746,-29.62718674325,0.));
#5885 = VECTOR('',#5886,1.);
#5886 = DIRECTION('',(0.,0.,1.));
#5887 = ORIENTED_EDGE('',*,*,#5888,.F.);
#5888 = EDGE_CURVE('',#5811,#5881,#5889,.T.);
#5889 = B_SPLINE_CURVE_WITH_KNOTS('',1,(#5890,#5891),.UNSPECIFIED.,.F.,
  .F.,(2,2),(0.,1.014241727507),.PIECEWISE_BEZIER_KNOTS.);
#5890 = CARTESIAN_POINT('',(-12.13190665901,-30.5699045178,0.));
#5891 = CARTESIAN_POINT('',(-11.75778170746,-29.62718674325,0.));
#5892 = SURFACE_OF_LINEAR_EXTRUSION('',#5893,#5896);
#5893 = B_SPLINE_CURVE_WITH_KNOTS('',1,(#5894,#5895),.UNSPECIFIED.,.F.,
  .F.,(2,2),(0.,1.014241727507),.PIECEWISE_BEZIER_KNOTS.);
#5894 = CARTESIAN_POINT('',(-12.13190665901,-30.5699045178,0.));
#5895 = CARTESIAN_POINT('',(-11.75778170746,-29.62718674325,0.));
#5896 = VECTOR('',#5897,1.);
#5897 = DIRECTION('',(-0.,-0.,-1.));
#5898 = ADVANCED_FACE('',(#5899),#5922,.F.);
#5899 = FACE_BOUND('',#5900,.F.);
#5900 = EDGE_LOOP('',(#5901,#5902,#5909,#5917));
#5901 = ORIENTED_EDGE('',*,*,#5880,.T.);
#5902 = ORIENTED_EDGE('',*,*,#5903,.T.);
#5903 = EDGE_CURVE('',#5874,#5904,#5906,.T.);
#5904 = VERTEX_POINT('',#5905);
#5905 = CARTESIAN_POINT('',(-9.279644889304,-30.49432431991,5.));
#5906 = B_SPLINE_CURVE_WITH_KNOTS('',1,(#5907,#5908),.UNSPECIFIED.,.F.,
  .F.,(2,2),(0.,2.625469418288),.PIECEWISE_BEZIER_KNOTS.);
#5907 = CARTESIAN_POINT('',(-11.75778170746,-29.62718674325,5.));
#5908 = CARTESIAN_POINT('',(-9.279644889304,-30.49432431991,5.));
#5909 = ORIENTED_EDGE('',*,*,#5910,.F.);
#5910 = EDGE_CURVE('',#5911,#5904,#5913,.T.);
#5911 = VERTEX_POINT('',#5912);
#5912 = CARTESIAN_POINT('',(-9.279644889304,-30.49432431991,0.));
#5913 = LINE('',#5914,#5915);
#5914 = CARTESIAN_POINT('',(-9.279644889304,-30.49432431991,0.));
#5915 = VECTOR('',#5916,1.);
#5916 = DIRECTION('',(0.,0.,1.));
#5917 = ORIENTED_EDGE('',*,*,#5918,.F.);
#5918 = EDGE_CURVE('',#5881,#5911,#5919,.T.);
#5919 = B_SPLINE_CURVE_WITH_KNOTS('',1,(#5920,#5921),.UNSPECIFIED.,.F.,
  .F.,(2,2),(0.,2.625469418288),.PIECEWISE_BEZIER_KNOTS.);
#5920 = CARTESIAN_POINT('',(-11.75778170746,-29.62718674325,0.));
#5921 = CARTESIAN_POINT('',(-9.279644889304,-30.49432431991,0.));
#5922 = SURFACE_OF_LINEAR_EXTRUSION('',#5923,#5926);
#5923 = B_SPLINE_CURVE_WITH_KNOTS('',1,(#5924,#5925),.UNSPECIFIED.,.F.,
  .F.,(2,2),(0.,2.625469418288),.PIECEWISE_BEZIER_KNOTS.);
#5924 = CARTESIAN_POINT('',(-11.75778170746,-29.62718674325,0.));
#5925 = CARTESIAN_POINT('',(-9.279644889304,-30.49432431991,0.));
#5926 = VECTOR('',#5927,1.);
#5927 = DIRECTION('',(-0.,-0.,-1.));
#5928 = ADVANCED_FACE('',(#5929),#5952,.F.);
#5929 = FACE_BOUND('',#5930,.F.);
#5930 = EDGE_LOOP('',(#5931,#5932,#5939,#5947));
#5931 = ORIENTED_EDGE('',*,*,#5910,.T.);
#5932 = ORIENTED_EDGE('',*,*,#5933,.T.);
#5933 = EDGE_CURVE('',#5904,#5934,#5936,.T.);
#5934 = VERTEX_POINT('',#5935);
#5935 = CARTESIAN_POINT('',(-9.574917142267,-31.46463384705,5.));
#5936 = B_SPLINE_CURVE_WITH_KNOTS('',1,(#5937,#5938),.UNSPECIFIED.,.F.,
  .F.,(2,2),(0.,1.014241727507),.PIECEWISE_BEZIER_KNOTS.);
#5937 = CARTESIAN_POINT('',(-9.279644889304,-30.49432431991,5.));
#5938 = CARTESIAN_POINT('',(-9.574917142267,-31.46463384705,5.));
#5939 = ORIENTED_EDGE('',*,*,#5940,.F.);
#5940 = EDGE_CURVE('',#5941,#5934,#5943,.T.);
#5941 = VERTEX_POINT('',#5942);
#5942 = CARTESIAN_POINT('',(-9.574917142267,-31.46463384705,0.));
#5943 = LINE('',#5944,#5945);
#5944 = CARTESIAN_POINT('',(-9.574917142267,-31.46463384705,0.));
#5945 = VECTOR('',#5946,1.);
#5946 = DIRECTION('',(0.,0.,1.));
#5947 = ORIENTED_EDGE('',*,*,#5948,.F.);
#5948 = EDGE_CURVE('',#5911,#5941,#5949,.T.);
#5949 = B_SPLINE_CURVE_WITH_KNOTS('',1,(#5950,#5951),.UNSPECIFIED.,.F.,
  .F.,(2,2),(0.,1.014241727507),.PIECEWISE_BEZIER_KNOTS.);
#5950 = CARTESIAN_POINT('',(-9.279644889304,-30.49432431991,0.));
#5951 = CARTESIAN_POINT('',(-9.574917142267,-31.46463384705,0.));
#5952 = SURFACE_OF_LINEAR_EXTRUSION('',#5953,#5956);
#5953 = B_SPLINE_CURVE_WITH_KNOTS('',1,(#5954,#5955),.UNSPECIFIED.,.F.,
  .F.,(2,2),(0.,1.014241727507),.PIECEWISE_BEZIER_KNOTS.);
#5954 = CARTESIAN_POINT('',(-9.279644889304,-30.49432431991,0.));
#5955 = CARTESIAN_POINT('',(-9.574917142267,-31.46463384705,0.));
#5956 = VECTOR('',#5957,1.);
#5957 = DIRECTION('',(-0.,-0.,-1.));
#5958 = ADVANCED_FACE('',(#5959),#6022,.F.);
#5959 = FACE_BOUND('',#5960,.F.);
#5960 = EDGE_LOOP('',(#5961,#5962,#5989,#5997));
#5961 = ORIENTED_EDGE('',*,*,#5940,.T.);
#5962 = ORIENTED_EDGE('',*,*,#5963,.T.);
#5963 = EDGE_CURVE('',#5934,#5964,#5966,.T.);
#5964 = VERTEX_POINT('',#5965);
#5965 = CARTESIAN_POINT('',(-9.232839742194,-36.3456279392,5.));
#5966 = B_SPLINE_CURVE_WITH_KNOTS('',3,(#5967,#5968,#5969,#5970,#5971,
    #5972,#5973,#5974,#5975,#5976,#5977,#5978,#5979,#5980,#5981,#5982,
    #5983,#5984,#5985,#5986,#5987,#5988),.UNSPECIFIED.,.F.,.F.,(4,1,1,1,
    1,1,1,1,1,1,1,1,1,1,1,1,1,1,1,4),(0.,1.366713726009E-02,
    5.466812833143E-02,0.123003057355,0.218671936353,0.341674769329,
    0.492011558107,0.669682303667,0.874687006597,1.107025667278,
    1.36669828597,1.65370486286,1.968045398084,2.309719891748,
    2.678728343933,3.075070754704,3.498747124111,3.949757452199,
    4.428101739001,4.933779984548),.UNSPECIFIED.);
#5967 = CARTESIAN_POINT('',(-9.574917142267,-31.46463384705,5.));
#5968 = CARTESIAN_POINT('',(-9.576193191078,-31.46900760768,5.));
#5969 = CARTESIAN_POINT('',(-9.581160274604,-31.48654034008,5.));
#5970 = CARTESIAN_POINT('',(-9.591156646683,-31.5263128591,5.));
#5971 = CARTESIAN_POINT('',(-9.606147072685,-31.59298954397,5.));
#5972 = CARTESIAN_POINT('',(-9.624435530132,-31.68690909031,5.));
#5973 = CARTESIAN_POINT('',(-9.644538463274,-31.80827414964,5.));
#5974 = CARTESIAN_POINT('',(-9.664854316149,-31.95725310168,5.));
#5975 = CARTESIAN_POINT('',(-9.683817037785,-32.13393341263,5.));
#5976 = CARTESIAN_POINT('',(-9.699840092402,-32.33833935991,5.));
#5977 = CARTESIAN_POINT('',(-9.711340590116,-32.57042527192,5.));
#5978 = CARTESIAN_POINT('',(-9.716734554711,-32.83007771856,5.));
#5979 = CARTESIAN_POINT('',(-9.714442031687,-33.1171147777,5.));
#5980 = CARTESIAN_POINT('',(-9.702888925692,-33.43128639905,5.));
#5981 = CARTESIAN_POINT('',(-9.680509864775,-33.77227454596,5.));
#5982 = CARTESIAN_POINT('',(-9.64575078818,-34.13969351402,5.));
#5983 = CARTESIAN_POINT('',(-9.59707134685,-34.53309039657,5.));
#5984 = CARTESIAN_POINT('',(-9.532948412142,-34.95194530327,5.));
#5985 = CARTESIAN_POINT('',(-9.451874810447,-35.39567311504,5.));
#5986 = CARTESIAN_POINT('',(-9.352377570169,-35.8636194031,5.));
#5987 = CARTESIAN_POINT('',(-9.27491525132,-36.18240505317,5.));
#5988 = CARTESIAN_POINT('',(-9.232839742194,-36.3456279392,5.));
#5989 = ORIENTED_EDGE('',*,*,#5990,.F.);
#5990 = EDGE_CURVE('',#5991,#5964,#5993,.T.);
#5991 = VERTEX_POINT('',#5992);
#5992 = CARTESIAN_POINT('',(-9.232839742194,-36.3456279392,0.));
#5993 = LINE('',#5994,#5995);
#5994 = CARTESIAN_POINT('',(-9.232839742194,-36.3456279392,0.));
#5995 = VECTOR('',#5996,1.);
#5996 = DIRECTION('',(0.,0.,1.));
#5997 = ORIENTED_EDGE('',*,*,#5998,.F.);
#5998 = EDGE_CURVE('',#5941,#5991,#5999,.T.);
#5999 = B_SPLINE_CURVE_WITH_KNOTS('',3,(#6000,#6001,#6002,#6003,#6004,
    #6005,#6006,#6007,#6008,#6009,#6010,#6011,#6012,#6013,#6014,#6015,
    #6016,#6017,#6018,#6019,#6020,#6021),.UNSPECIFIED.,.F.,.F.,(4,1,1,1,
    1,1,1,1,1,1,1,1,1,1,1,1,1,1,1,4),(0.,1.366713726009E-02,
    5.466812833143E-02,0.123003057355,0.218671936353,0.341674769329,
    0.492011558107,0.669682303667,0.874687006597,1.107025667278,
    1.36669828597,1.65370486286,1.968045398084,2.309719891748,
    2.678728343933,3.075070754704,3.498747124111,3.949757452199,
    4.428101739001,4.933779984548),.UNSPECIFIED.);
#6000 = CARTESIAN_POINT('',(-9.574917142267,-31.46463384705,0.));
#6001 = CARTESIAN_POINT('',(-9.576193191078,-31.46900760768,0.));
#6002 = CARTESIAN_POINT('',(-9.581160274604,-31.48654034008,0.));
#6003 = CARTESIAN_POINT('',(-9.591156646683,-31.5263128591,0.));
#6004 = CARTESIAN_POINT('',(-9.606147072685,-31.59298954397,0.));
#6005 = CARTESIAN_POINT('',(-9.624435530132,-31.68690909031,0.));
#6006 = CARTESIAN_POINT('',(-9.644538463274,-31.80827414964,0.));
#6007 = CARTESIAN_POINT('',(-9.664854316149,-31.95725310168,0.));
#6008 = CARTESIAN_POINT('',(-9.683817037785,-32.13393341263,0.));
#6009 = CARTESIAN_POINT('',(-9.699840092402,-32.33833935991,0.));
#6010 = CARTESIAN_POINT('',(-9.711340590116,-32.57042527192,0.));
#6011 = CARTESIAN_POINT('',(-9.716734554711,-32.83007771856,0.));
#6012 = CARTESIAN_POINT('',(-9.714442031687,-33.1171147777,0.));
#6013 = CARTESIAN_POINT('',(-9.702888925692,-33.43128639905,0.));
#6014 = CARTESIAN_POINT('',(-9.680509864775,-33.77227454596,0.));
#6015 = CARTESIAN_POINT('',(-9.64575078818,-34.13969351402,0.));
#6016 = CARTESIAN_POINT('',(-9.59707134685,-34.53309039657,0.));
#6017 = CARTESIAN_POINT('',(-9.532948412142,-34.95194530327,0.));
#6018 = CARTESIAN_POINT('',(-9.451874810447,-35.39567311504,0.));
#6019 = CARTESIAN_POINT('',(-9.352377570169,-35.8636194031,0.));
#6020 = CARTESIAN_POINT('',(-9.27491525132,-36.18240505317,0.));
#6021 = CARTESIAN_POINT('',(-9.232839742194,-36.3456279392,0.));
#6022 = SURFACE_OF_LINEAR_EXTRUSION('',#6023,#6046);
#6023 = B_SPLINE_CURVE_WITH_KNOTS('',3,(#6024,#6025,#6026,#6027,#6028,
    #6029,#6030,#6031,#6032,#6033,#6034,#6035,#6036,#6037,#6038,#6039,
    #6040,#6041,#6042,#6043,#6044,#6045),.UNSPECIFIED.,.F.,.F.,(4,1,1,1,
    1,1,1,1,1,1,1,1,1,1,1,1,1,1,1,4),(0.,1.366713726009E-02,
    5.466812833143E-02,0.123003057355,0.218671936353,0.341674769329,
    0.492011558107,0.669682303667,0.874687006597,1.107025667278,
    1.36669828597,1.65370486286,1.968045398084,2.309719891748,
    2.678728343933,3.075070754704,3.498747124111,3.949757452199,
    4.428101739001,4.933779984548),.UNSPECIFIED.);
#6024 = CARTESIAN_POINT('',(-9.574917142267,-31.46463384705,0.));
#6025 = CARTESIAN_POINT('',(-9.576193191078,-31.46900760768,0.));
#6026 = CARTESIAN_POINT('',(-9.581160274604,-31.48654034008,0.));
#6027 = CARTESIAN_POINT('',(-9.591156646683,-31.5263128591,0.));
#6028 = CARTESIAN_POINT('',(-9.606147072685,-31.59298954397,0.));
#6029 = CARTESIAN_POINT('',(-9.624435530132,-31.68690909031,0.));
#6030 = CARTESIAN_POINT('',(-9.644538463274,-31.80827414964,0.));
#6031 = CARTESIAN_POINT('',(-9.664854316149,-31.95725310168,0.));
#6032 = CARTESIAN_POINT('',(-9.683817037785,-32.13393341263,0.));
#6033 = CARTESIAN_POINT('',(-9.699840092402,-32.33833935991,0.));
#6034 = CARTESIAN_POINT('',(-9.711340590116,-32.57042527192,0.));
#6035 = CARTESIAN_POINT('',(-9.716734554711,-32.83007771856,0.));
#6036 = CARTESIAN_POINT('',(-9.714442031687,-33.1171147777,0.));
#6037 = CARTESIAN_POINT('',(-9.702888925692,-33.43128639905,0.));
#6038 = CARTESIAN_POINT('',(-9.680509864775,-33.77227454596,0.));
#6039 = CARTESIAN_POINT('',(-9.64575078818,-34.13969351402,0.));
#6040 = CARTESIAN_POINT('',(-9.59707134685,-34.53309039657,0.));
#6041 = CARTESIAN_POINT('',(-9.532948412142,-34.95194530327,0.));
#6042 = CARTESIAN_POINT('',(-9.451874810447,-35.39567311504,0.));
#6043 = CARTESIAN_POINT('',(-9.352377570169,-35.8636194031,0.));
#6044 = CARTESIAN_POINT('',(-9.27491525132,-36.18240505317,0.));
#6045 = CARTESIAN_POINT('',(-9.232839742194,-36.3456279392,0.));
#6046 = VECTOR('',#6047,1.);
#6047 = DIRECTION('',(-0.,-0.,-1.));
#6048 = ADVANCED_FACE('',(#6049),#6072,.F.);
#6049 = FACE_BOUND('',#6050,.F.);
#6050 = EDGE_LOOP('',(#6051,#6052,#6059,#6067));
#6051 = ORIENTED_EDGE('',*,*,#5990,.T.);
#6052 = ORIENTED_EDGE('',*,*,#6053,.T.);
#6053 = EDGE_CURVE('',#5964,#6054,#6056,.T.);
#6054 = VERTEX_POINT('',#6055);
#6055 = CARTESIAN_POINT('',(-7.451275780788,-36.7522582876,5.));
#6056 = B_SPLINE_CURVE_WITH_KNOTS('',1,(#6057,#6058),.UNSPECIFIED.,.F.,
  .F.,(2,2),(0.,1.827380198213),.PIECEWISE_BEZIER_KNOTS.);
#6057 = CARTESIAN_POINT('',(-9.232839742194,-36.3456279392,5.));
#6058 = CARTESIAN_POINT('',(-7.451275780788,-36.7522582876,5.));
#6059 = ORIENTED_EDGE('',*,*,#6060,.F.);
#6060 = EDGE_CURVE('',#6061,#6054,#6063,.T.);
#6061 = VERTEX_POINT('',#6062);
#6062 = CARTESIAN_POINT('',(-7.451275780788,-36.7522582876,0.));
#6063 = LINE('',#6064,#6065);
#6064 = CARTESIAN_POINT('',(-7.451275780788,-36.7522582876,0.));
#6065 = VECTOR('',#6066,1.);
#6066 = DIRECTION('',(0.,0.,1.));
#6067 = ORIENTED_EDGE('',*,*,#6068,.F.);
#6068 = EDGE_CURVE('',#5991,#6061,#6069,.T.);
#6069 = B_SPLINE_CURVE_WITH_KNOTS('',1,(#6070,#6071),.UNSPECIFIED.,.F.,
  .F.,(2,2),(0.,1.827380198213),.PIECEWISE_BEZIER_KNOTS.);
#6070 = CARTESIAN_POINT('',(-9.232839742194,-36.3456279392,0.));
#6071 = CARTESIAN_POINT('',(-7.451275780788,-36.7522582876,0.));
#6072 = SURFACE_OF_LINEAR_EXTRUSION('',#6073,#6076);
#6073 = B_SPLINE_CURVE_WITH_KNOTS('',1,(#6074,#6075),.UNSPECIFIED.,.F.,
  .F.,(2,2),(0.,1.827380198213),.PIECEWISE_BEZIER_KNOTS.);
#6074 = CARTESIAN_POINT('',(-9.232839742194,-36.3456279392,0.));
#6075 = CARTESIAN_POINT('',(-7.451275780788,-36.7522582876,0.));
#6076 = VECTOR('',#6077,1.);
#6077 = DIRECTION('',(-0.,-0.,-1.));
#6078 = ADVANCED_FACE('',(#6079),#6142,.F.);
#6079 = FACE_BOUND('',#6080,.F.);
#6080 = EDGE_LOOP('',(#6081,#6082,#6109,#6117));
#6081 = ORIENTED_EDGE('',*,*,#6060,.T.);
#6082 = ORIENTED_EDGE('',*,*,#6083,.T.);
#6083 = EDGE_CURVE('',#6054,#6084,#6086,.T.);
#6084 = VERTEX_POINT('',#6085);
#6085 = CARTESIAN_POINT('',(-5.025290725597,-32.50305638757,5.));
#6086 = B_SPLINE_CURVE_WITH_KNOTS('',3,(#6087,#6088,#6089,#6090,#6091,
    #6092,#6093,#6094,#6095,#6096,#6097,#6098,#6099,#6100,#6101,#6102,
    #6103,#6104,#6105,#6106,#6107,#6108),.UNSPECIFIED.,.F.,.F.,(4,1,1,1,
    1,1,1,1,1,1,1,1,1,1,1,1,1,1,1,4),(0.,0.505678245547,0.98402253235,
    1.435032860437,1.858709229845,2.255051640615,2.6240600928,
    2.965734586464,3.280075121689,3.567081698578,3.82675431727,
    4.059092977951,4.264097680881,4.441768426441,4.592105215219,
    4.715108048196,4.810776927193,4.879111856217,4.920112847288,
    4.933779984548),.UNSPECIFIED.);
#6087 = CARTESIAN_POINT('',(-7.451275780788,-36.7522582876,5.));
#6088 = CARTESIAN_POINT('',(-7.342547300864,-36.62345542798,5.));
#6089 = CARTESIAN_POINT('',(-7.134440253317,-36.36984912228,5.));
#6090 = CARTESIAN_POINT('',(-6.841762052213,-35.99141431953,5.));
#6091 = CARTESIAN_POINT('',(-6.576190978956,-35.62680589275,5.));
#6092 = CARTESIAN_POINT('',(-6.336683878001,-35.27725256032,5.));
#6093 = CARTESIAN_POINT('',(-6.122136706496,-34.94393543443,5.));
#6094 = CARTESIAN_POINT('',(-5.931402744925,-34.62798378086,5.));
#6095 = CARTESIAN_POINT('',(-5.763290695566,-34.33047398679,5.));
#6096 = CARTESIAN_POINT('',(-5.616567748941,-34.0524278416,5.));
#6097 = CARTESIAN_POINT('',(-5.489961544584,-33.79481107585,5.));
#6098 = CARTESIAN_POINT('',(-5.382162364339,-33.55853195142,5.));
#6099 = CARTESIAN_POINT('',(-5.291825651445,-33.34443989107,5.));
#6100 = CARTESIAN_POINT('',(-5.21757350812,-33.15332435331,5.));
#6101 = CARTESIAN_POINT('',(-5.157999616022,-32.98591327701,5.));
#6102 = CARTESIAN_POINT('',(-5.111664022229,-32.84287316104,5.));
#6103 = CARTESIAN_POINT('',(-5.077117813402,-32.72480468514,5.));
#6104 = CARTESIAN_POINT('',(-5.052844980261,-32.63225103349,5.));
#6105 = CARTESIAN_POINT('',(-5.03742095806,-32.56567331412,5.));
#6106 = CARTESIAN_POINT('',(-5.029170728831,-32.5255022494,5.));
#6107 = CARTESIAN_POINT('',(-5.026038748961,-32.50755066656,5.));
#6108 = CARTESIAN_POINT('',(-5.025290725597,-32.50305638757,5.));
#6109 = ORIENTED_EDGE('',*,*,#6110,.F.);
#6110 = EDGE_CURVE('',#6111,#6084,#6113,.T.);
#6111 = VERTEX_POINT('',#6112);
#6112 = CARTESIAN_POINT('',(-5.025290725597,-32.50305638757,0.));
#6113 = LINE('',#6114,#6115);
#6114 = CARTESIAN_POINT('',(-5.025290725597,-32.50305638757,0.));
#6115 = VECTOR('',#6116,1.);
#6116 = DIRECTION('',(0.,0.,1.));
#6117 = ORIENTED_EDGE('',*,*,#6118,.F.);
#6118 = EDGE_CURVE('',#6061,#6111,#6119,.T.);
#6119 = B_SPLINE_CURVE_WITH_KNOTS('',3,(#6120,#6121,#6122,#6123,#6124,
    #6125,#6126,#6127,#6128,#6129,#6130,#6131,#6132,#6133,#6134,#6135,
    #6136,#6137,#6138,#6139,#6140,#6141),.UNSPECIFIED.,.F.,.F.,(4,1,1,1,
    1,1,1,1,1,1,1,1,1,1,1,1,1,1,1,4),(0.,0.505678245547,0.98402253235,
    1.435032860437,1.858709229845,2.255051640615,2.6240600928,
    2.965734586464,3.280075121689,3.567081698578,3.82675431727,
    4.059092977951,4.264097680881,4.441768426441,4.592105215219,
    4.715108048196,4.810776927193,4.879111856217,4.920112847288,
    4.933779984548),.UNSPECIFIED.);
#6120 = CARTESIAN_POINT('',(-7.451275780788,-36.7522582876,0.));
#6121 = CARTESIAN_POINT('',(-7.342547300864,-36.62345542798,0.));
#6122 = CARTESIAN_POINT('',(-7.134440253317,-36.36984912228,0.));
#6123 = CARTESIAN_POINT('',(-6.841762052213,-35.99141431953,0.));
#6124 = CARTESIAN_POINT('',(-6.576190978956,-35.62680589275,0.));
#6125 = CARTESIAN_POINT('',(-6.336683878001,-35.27725256032,0.));
#6126 = CARTESIAN_POINT('',(-6.122136706496,-34.94393543443,0.));
#6127 = CARTESIAN_POINT('',(-5.931402744925,-34.62798378086,0.));
#6128 = CARTESIAN_POINT('',(-5.763290695566,-34.33047398679,0.));
#6129 = CARTESIAN_POINT('',(-5.616567748941,-34.0524278416,0.));
#6130 = CARTESIAN_POINT('',(-5.489961544584,-33.79481107585,0.));
#6131 = CARTESIAN_POINT('',(-5.382162364339,-33.55853195142,0.));
#6132 = CARTESIAN_POINT('',(-5.291825651445,-33.34443989107,0.));
#6133 = CARTESIAN_POINT('',(-5.21757350812,-33.15332435331,0.));
#6134 = CARTESIAN_POINT('',(-5.157999616022,-32.98591327701,0.));
#6135 = CARTESIAN_POINT('',(-5.111664022229,-32.84287316104,0.));
#6136 = CARTESIAN_POINT('',(-5.077117813402,-32.72480468514,0.));
#6137 = CARTESIAN_POINT('',(-5.052844980261,-32.63225103349,0.));
#6138 = CARTESIAN_POINT('',(-5.03742095806,-32.56567331412,0.));
#6139 = CARTESIAN_POINT('',(-5.029170728831,-32.5255022494,0.));
#6140 = CARTESIAN_POINT('',(-5.026038748961,-32.50755066656,0.));
#6141 = CARTESIAN_POINT('',(-5.025290725597,-32.50305638757,0.));
#6142 = SURFACE_OF_LINEAR_EXTRUSION('',#6143,#6166);
#6143 = B_SPLINE_CURVE_WITH_KNOTS('',3,(#6144,#6145,#6146,#6147,#6148,
    #6149,#6150,#6151,#6152,#6153,#6154,#6155,#6156,#6157,#6158,#6159,
    #6160,#6161,#6162,#6163,#6164,#6165),.UNSPECIFIED.,.F.,.F.,(4,1,1,1,
    1,1,1,1,1,1,1,1,1,1,1,1,1,1,1,4),(0.,0.505678245547,0.98402253235,
    1.435032860437,1.858709229845,2.255051640615,2.6240600928,
    2.965734586464,3.280075121689,3.567081698578,3.82675431727,
    4.059092977951,4.264097680881,4.441768426441,4.592105215219,
    4.715108048196,4.810776927193,4.879111856217,4.920112847288,
    4.933779984548),.UNSPECIFIED.);
#6144 = CARTESIAN_POINT('',(-7.451275780788,-36.7522582876,0.));
#6145 = CARTESIAN_POINT('',(-7.342547300864,-36.62345542798,0.));
#6146 = CARTESIAN_POINT('',(-7.134440253317,-36.36984912228,0.));
#6147 = CARTESIAN_POINT('',(-6.841762052213,-35.99141431953,0.));
#6148 = CARTESIAN_POINT('',(-6.576190978956,-35.62680589275,0.));
#6149 = CARTESIAN_POINT('',(-6.336683878001,-35.27725256032,0.));
#6150 = CARTESIAN_POINT('',(-6.122136706496,-34.94393543443,0.));
#6151 = CARTESIAN_POINT('',(-5.931402744925,-34.62798378086,0.));
#6152 = CARTESIAN_POINT('',(-5.763290695566,-34.33047398679,0.));
#6153 = CARTESIAN_POINT('',(-5.616567748941,-34.0524278416,0.));
#6154 = CARTESIAN_POINT('',(-5.489961544584,-33.79481107585,0.));
#6155 = CARTESIAN_POINT('',(-5.382162364339,-33.55853195142,0.));
#6156 = CARTESIAN_POINT('',(-5.291825651445,-33.34443989107,0.));
#6157 = CARTESIAN_POINT('',(-5.21757350812,-33.15332435331,0.));
#6158 = CARTESIAN_POINT('',(-5.157999616022,-32.98591327701,0.));
#6159 = CARTESIAN_POINT('',(-5.111664022229,-32.84287316104,0.));
#6160 = CARTESIAN_POINT('',(-5.077117813402,-32.72480468514,0.));
#6161 = CARTESIAN_POINT('',(-5.052844980261,-32.63225103349,0.));
#6162 = CARTESIAN_POINT('',(-5.03742095806,-32.56567331412,0.));
#6163 = CARTESIAN_POINT('',(-5.029170728831,-32.5255022494,0.));
#6164 = CARTESIAN_POINT('',(-5.026038748961,-32.50755066656,0.));
#6165 = CARTESIAN_POINT('',(-5.025290725597,-32.50305638757,0.));
#6166 = VECTOR('',#6167,1.);
#6167 = DIRECTION('',(-0.,-0.,-1.));
#6168 = ADVANCED_FACE('',(#6169),#6192,.F.);
#6169 = FACE_BOUND('',#6170,.F.);
#6170 = EDGE_LOOP('',(#6171,#6172,#6179,#6187));
#6171 = ORIENTED_EDGE('',*,*,#6110,.T.);
#6172 = ORIENTED_EDGE('',*,*,#6173,.T.);
#6173 = EDGE_CURVE('',#6084,#6174,#6176,.T.);
#6174 = VERTEX_POINT('',#6175);
#6175 = CARTESIAN_POINT('',(-4.870320307337,-31.50072388222,5.));
#6176 = B_SPLINE_CURVE_WITH_KNOTS('',1,(#6177,#6178),.UNSPECIFIED.,.F.,
  .F.,(2,2),(0.,1.014241727507),.PIECEWISE_BEZIER_KNOTS.);
#6177 = CARTESIAN_POINT('',(-5.025290725597,-32.50305638757,5.));
#6178 = CARTESIAN_POINT('',(-4.870320307337,-31.50072388222,5.));
#6179 = ORIENTED_EDGE('',*,*,#6180,.F.);
#6180 = EDGE_CURVE('',#6181,#6174,#6183,.T.);
#6181 = VERTEX_POINT('',#6182);
#6182 = CARTESIAN_POINT('',(-4.870320307337,-31.50072388222,0.));
#6183 = LINE('',#6184,#6185);
#6184 = CARTESIAN_POINT('',(-4.870320307337,-31.50072388222,0.));
#6185 = VECTOR('',#6186,1.);
#6186 = DIRECTION('',(0.,0.,1.));
#6187 = ORIENTED_EDGE('',*,*,#6188,.F.);
#6188 = EDGE_CURVE('',#6111,#6181,#6189,.T.);
#6189 = B_SPLINE_CURVE_WITH_KNOTS('',1,(#6190,#6191),.UNSPECIFIED.,.F.,
  .F.,(2,2),(0.,1.014241727507),.PIECEWISE_BEZIER_KNOTS.);
#6190 = CARTESIAN_POINT('',(-5.025290725597,-32.50305638757,0.));
#6191 = CARTESIAN_POINT('',(-4.870320307337,-31.50072388222,0.));
#6192 = SURFACE_OF_LINEAR_EXTRUSION('',#6193,#6196);
#6193 = B_SPLINE_CURVE_WITH_KNOTS('',1,(#6194,#6195),.UNSPECIFIED.,.F.,
  .F.,(2,2),(0.,1.014241727507),.PIECEWISE_BEZIER_KNOTS.);
#6194 = CARTESIAN_POINT('',(-5.025290725597,-32.50305638757,0.));
#6195 = CARTESIAN_POINT('',(-4.870320307337,-31.50072388222,0.));
#6196 = VECTOR('',#6197,1.);
#6197 = DIRECTION('',(-0.,-0.,-1.));
#6198 = ADVANCED_FACE('',(#6199),#6222,.F.);
#6199 = FACE_BOUND('',#6200,.F.);
#6200 = EDGE_LOOP('',(#6201,#6202,#6209,#6217));
#6201 = ORIENTED_EDGE('',*,*,#6180,.T.);
#6202 = ORIENTED_EDGE('',*,*,#6203,.T.);
#6203 = EDGE_CURVE('',#6174,#6204,#6206,.T.);
#6204 = VERTEX_POINT('',#6205);
#6205 = CARTESIAN_POINT('',(-2.261359289683,-31.79468319016,5.));
#6206 = B_SPLINE_CURVE_WITH_KNOTS('',1,(#6207,#6208),.UNSPECIFIED.,.F.,
  .F.,(2,2),(0.,2.625469418288),.PIECEWISE_BEZIER_KNOTS.);
#6207 = CARTESIAN_POINT('',(-4.870320307337,-31.50072388222,5.));
#6208 = CARTESIAN_POINT('',(-2.261359289683,-31.79468319016,5.));
#6209 = ORIENTED_EDGE('',*,*,#6210,.F.);
#6210 = EDGE_CURVE('',#6211,#6204,#6213,.T.);
#6211 = VERTEX_POINT('',#6212);
#6212 = CARTESIAN_POINT('',(-2.261359289683,-31.79468319016,0.));
#6213 = LINE('',#6214,#6215);
#6214 = CARTESIAN_POINT('',(-2.261359289683,-31.79468319016,0.));
#6215 = VECTOR('',#6216,1.);
#6216 = DIRECTION('',(0.,0.,1.));
#6217 = ORIENTED_EDGE('',*,*,#6218,.F.);
#6218 = EDGE_CURVE('',#6181,#6211,#6219,.T.);
#6219 = B_SPLINE_CURVE_WITH_KNOTS('',1,(#6220,#6221),.UNSPECIFIED.,.F.,
  .F.,(2,2),(0.,2.625469418288),.PIECEWISE_BEZIER_KNOTS.);
#6220 = CARTESIAN_POINT('',(-4.870320307337,-31.50072388222,0.));
#6221 = CARTESIAN_POINT('',(-2.261359289683,-31.79468319016,0.));
#6222 = SURFACE_OF_LINEAR_EXTRUSION('',#6223,#6226);
#6223 = B_SPLINE_CURVE_WITH_KNOTS('',1,(#6224,#6225),.UNSPECIFIED.,.F.,
  .F.,(2,2),(0.,2.625469418288),.PIECEWISE_BEZIER_KNOTS.);
#6224 = CARTESIAN_POINT('',(-4.870320307337,-31.50072388222,0.));
#6225 = CARTESIAN_POINT('',(-2.261359289683,-31.79468319016,0.));
#6226 = VECTOR('',#6227,1.);
#6227 = DIRECTION('',(-0.,-0.,-1.));
#6228 = ADVANCED_FACE('',(#6229),#6252,.F.);
#6229 = FACE_BOUND('',#6230,.F.);
#6230 = EDGE_LOOP('',(#6231,#6232,#6239,#6247));
#6231 = ORIENTED_EDGE('',*,*,#6210,.T.);
#6232 = ORIENTED_EDGE('',*,*,#6233,.T.);
#6233 = EDGE_CURVE('',#6204,#6234,#6236,.T.);
#6234 = VERTEX_POINT('',#6235);
#6235 = CARTESIAN_POINT('',(-2.333314268584,-32.80636928912,5.));
#6236 = B_SPLINE_CURVE_WITH_KNOTS('',1,(#6237,#6238),.UNSPECIFIED.,.F.,
  .F.,(2,2),(0.,1.014241727507),.PIECEWISE_BEZIER_KNOTS.);
#6237 = CARTESIAN_POINT('',(-2.261359289683,-31.79468319016,5.));
#6238 = CARTESIAN_POINT('',(-2.333314268584,-32.80636928912,5.));
#6239 = ORIENTED_EDGE('',*,*,#6240,.F.);
#6240 = EDGE_CURVE('',#6241,#6234,#6243,.T.);
#6241 = VERTEX_POINT('',#6242);
#6242 = CARTESIAN_POINT('',(-2.333314268584,-32.80636928912,0.));
#6243 = LINE('',#6244,#6245);
#6244 = CARTESIAN_POINT('',(-2.333314268584,-32.80636928912,0.));
#6245 = VECTOR('',#6246,1.);
#6246 = DIRECTION('',(0.,0.,1.));
#6247 = ORIENTED_EDGE('',*,*,#6248,.F.);
#6248 = EDGE_CURVE('',#6211,#6241,#6249,.T.);
#6249 = B_SPLINE_CURVE_WITH_KNOTS('',1,(#6250,#6251),.UNSPECIFIED.,.F.,
  .F.,(2,2),(0.,1.014241727507),.PIECEWISE_BEZIER_KNOTS.);
#6250 = CARTESIAN_POINT('',(-2.261359289683,-31.79468319016,0.));
#6251 = CARTESIAN_POINT('',(-2.333314268584,-32.80636928912,0.));
#6252 = SURFACE_OF_LINEAR_EXTRUSION('',#6253,#6256);
#6253 = B_SPLINE_CURVE_WITH_KNOTS('',1,(#6254,#6255),.UNSPECIFIED.,.F.,
  .F.,(2,2),(0.,1.014241727507),.PIECEWISE_BEZIER_KNOTS.);
#6254 = CARTESIAN_POINT('',(-2.261359289683,-31.79468319016,0.));
#6255 = CARTESIAN_POINT('',(-2.333314268584,-32.80636928912,0.));
#6256 = VECTOR('',#6257,1.);
#6257 = DIRECTION('',(-0.,-0.,-1.));
#6258 = ADVANCED_FACE('',(#6259),#6322,.F.);
#6259 = FACE_BOUND('',#6260,.F.);
#6260 = EDGE_LOOP('',(#6261,#6262,#6289,#6297));
#6261 = ORIENTED_EDGE('',*,*,#6240,.T.);
#6262 = ORIENTED_EDGE('',*,*,#6263,.T.);
#6263 = EDGE_CURVE('',#6234,#6264,#6266,.T.);
#6264 = VERTEX_POINT('',#6265);
#6265 = CARTESIAN_POINT('',(-0.913690099106,-37.4888672862,5.));
#6266 = B_SPLINE_CURVE_WITH_KNOTS('',3,(#6267,#6268,#6269,#6270,#6271,
    #6272,#6273,#6274,#6275,#6276,#6277,#6278,#6279,#6280,#6281,#6282,
    #6283,#6284,#6285,#6286,#6287,#6288),.UNSPECIFIED.,.F.,.F.,(4,1,1,1,
    1,1,1,1,1,1,1,1,1,1,1,1,1,1,1,4),(0.,1.366713726009E-02,
    5.466812833143E-02,0.123003057355,0.218671936353,0.341674769329,
    0.492011558107,0.669682303667,0.874687006597,1.107025667278,
    1.36669828597,1.65370486286,1.968045398084,2.309719891748,
    2.678728343933,3.075070754704,3.498747124111,3.949757452199,
    4.428101739001,4.933779984548),.UNSPECIFIED.);
#6267 = CARTESIAN_POINT('',(-2.333314268584,-32.80636928912,5.));
#6268 = CARTESIAN_POINT('',(-2.333585070887,-32.81091733802,5.));
#6269 = CARTESIAN_POINT('',(-2.33452621927,-32.82911576827,5.));
#6270 = CARTESIAN_POINT('',(-2.335421743354,-32.87011550925,5.));
#6271 = CARTESIAN_POINT('',(-2.335199369887,-32.93845615402,5.));
#6272 = CARTESIAN_POINT('',(-2.332130232354,-33.03409050588,5.));
#6273 = CARTESIAN_POINT('',(-2.324722876639,-33.15688601324,5.));
#6274 = CARTESIAN_POINT('',(-2.31137843312,-33.30665045447,5.));
#6275 = CARTESIAN_POINT('',(-2.29055065193,-33.48312062367,5.));
#6276 = CARTESIAN_POINT('',(-2.260687372819,-33.68596715217,5.));
#6277 = CARTESIAN_POINT('',(-2.220255555146,-33.9147932873,5.));
#6278 = CARTESIAN_POINT('',(-2.167736176856,-34.16913597504,5.));
#6279 = CARTESIAN_POINT('',(-2.101629377692,-34.44846628146,5.));
#6280 = CARTESIAN_POINT('',(-2.02045616958,-34.75219015639,5.));
#6281 = CARTESIAN_POINT('',(-1.922761197523,-35.07964920901,5.));
#6282 = CARTESIAN_POINT('',(-1.807115191624,-35.43012159424,5.));
#6283 = CARTESIAN_POINT('',(-1.672117203801,-35.80282300086,5.));
#6284 = CARTESIAN_POINT('',(-1.516397979912,-36.19690764523,5.));
#6285 = CARTESIAN_POINT('',(-1.338618335582,-36.61146970077,5.));
#6286 = CARTESIAN_POINT('',(-1.137487853788,-37.04554337957,5.));
#6287 = CARTESIAN_POINT('',(-0.991031196415,-37.33909942029,5.));
#6288 = CARTESIAN_POINT('',(-0.913690099106,-37.4888672862,5.));
#6289 = ORIENTED_EDGE('',*,*,#6290,.F.);
#6290 = EDGE_CURVE('',#6291,#6264,#6293,.T.);
#6291 = VERTEX_POINT('',#6292);
#6292 = CARTESIAN_POINT('',(-0.913690099106,-37.4888672862,0.));
#6293 = LINE('',#6294,#6295);
#6294 = CARTESIAN_POINT('',(-0.913690099106,-37.4888672862,0.));
#6295 = VECTOR('',#6296,1.);
#6296 = DIRECTION('',(0.,0.,1.));
#6297 = ORIENTED_EDGE('',*,*,#6298,.F.);
#6298 = EDGE_CURVE('',#6241,#6291,#6299,.T.);
#6299 = B_SPLINE_CURVE_WITH_KNOTS('',3,(#6300,#6301,#6302,#6303,#6304,
    #6305,#6306,#6307,#6308,#6309,#6310,#6311,#6312,#6313,#6314,#6315,
    #6316,#6317,#6318,#6319,#6320,#6321),.UNSPECIFIED.,.F.,.F.,(4,1,1,1,
    1,1,1,1,1,1,1,1,1,1,1,1,1,1,1,4),(0.,1.366713726009E-02,
    5.466812833143E-02,0.123003057355,0.218671936353,0.341674769329,
    0.492011558107,0.669682303667,0.874687006597,1.107025667278,
    1.36669828597,1.65370486286,1.968045398084,2.309719891748,
    2.678728343933,3.075070754704,3.498747124111,3.949757452199,
    4.428101739001,4.933779984548),.UNSPECIFIED.);
#6300 = CARTESIAN_POINT('',(-2.333314268584,-32.80636928912,0.));
#6301 = CARTESIAN_POINT('',(-2.333585070887,-32.81091733802,0.));
#6302 = CARTESIAN_POINT('',(-2.33452621927,-32.82911576827,0.));
#6303 = CARTESIAN_POINT('',(-2.335421743354,-32.87011550925,0.));
#6304 = CARTESIAN_POINT('',(-2.335199369887,-32.93845615402,0.));
#6305 = CARTESIAN_POINT('',(-2.332130232354,-33.03409050588,0.));
#6306 = CARTESIAN_POINT('',(-2.324722876639,-33.15688601324,0.));
#6307 = CARTESIAN_POINT('',(-2.31137843312,-33.30665045447,0.));
#6308 = CARTESIAN_POINT('',(-2.29055065193,-33.48312062367,0.));
#6309 = CARTESIAN_POINT('',(-2.260687372819,-33.68596715217,0.));
#6310 = CARTESIAN_POINT('',(-2.220255555146,-33.9147932873,0.));
#6311 = CARTESIAN_POINT('',(-2.167736176856,-34.16913597504,0.));
#6312 = CARTESIAN_POINT('',(-2.101629377692,-34.44846628146,0.));
#6313 = CARTESIAN_POINT('',(-2.02045616958,-34.75219015639,0.));
#6314 = CARTESIAN_POINT('',(-1.922761197523,-35.07964920901,0.));
#6315 = CARTESIAN_POINT('',(-1.807115191624,-35.43012159424,0.));
#6316 = CARTESIAN_POINT('',(-1.672117203801,-35.80282300086,0.));
#6317 = CARTESIAN_POINT('',(-1.516397979912,-36.19690764523,0.));
#6318 = CARTESIAN_POINT('',(-1.338618335582,-36.61146970077,0.));
#6319 = CARTESIAN_POINT('',(-1.137487853788,-37.04554337957,0.));
#6320 = CARTESIAN_POINT('',(-0.991031196415,-37.33909942029,0.));
#6321 = CARTESIAN_POINT('',(-0.913690099106,-37.4888672862,0.));
#6322 = SURFACE_OF_LINEAR_EXTRUSION('',#6323,#6346);
#6323 = B_SPLINE_CURVE_WITH_KNOTS('',3,(#6324,#6325,#6326,#6327,#6328,
    #6329,#6330,#6331,#6332,#6333,#6334,#6335,#6336,#6337,#6338,#6339,
    #6340,#6341,#6342,#6343,#6344,#6345),.UNSPECIFIED.,.F.,.F.,(4,1,1,1,
    1,1,1,1,1,1,1,1,1,1,1,1,1,1,1,4),(0.,1.366713726009E-02,
    5.466812833143E-02,0.123003057355,0.218671936353,0.341674769329,
    0.492011558107,0.669682303667,0.874687006597,1.107025667278,
    1.36669828597,1.65370486286,1.968045398084,2.309719891748,
    2.678728343933,3.075070754704,3.498747124111,3.949757452199,
    4.428101739001,4.933779984548),.UNSPECIFIED.);
#6324 = CARTESIAN_POINT('',(-2.333314268584,-32.80636928912,0.));
#6325 = CARTESIAN_POINT('',(-2.333585070887,-32.81091733802,0.));
#6326 = CARTESIAN_POINT('',(-2.33452621927,-32.82911576827,0.));
#6327 = CARTESIAN_POINT('',(-2.335421743354,-32.87011550925,0.));
#6328 = CARTESIAN_POINT('',(-2.335199369887,-32.93845615402,0.));
#6329 = CARTESIAN_POINT('',(-2.332130232354,-33.03409050588,0.));
#6330 = CARTESIAN_POINT('',(-2.324722876639,-33.15688601324,0.));
#6331 = CARTESIAN_POINT('',(-2.31137843312,-33.30665045447,0.));
#6332 = CARTESIAN_POINT('',(-2.29055065193,-33.48312062367,0.));
#6333 = CARTESIAN_POINT('',(-2.260687372819,-33.68596715217,0.));
#6334 = CARTESIAN_POINT('',(-2.220255555146,-33.9147932873,0.));
#6335 = CARTESIAN_POINT('',(-2.167736176856,-34.16913597504,0.));
#6336 = CARTESIAN_POINT('',(-2.101629377692,-34.44846628146,0.));
#6337 = CARTESIAN_POINT('',(-2.02045616958,-34.75219015639,0.));
#6338 = CARTESIAN_POINT('',(-1.922761197523,-35.07964920901,0.));
#6339 = CARTESIAN_POINT('',(-1.807115191624,-35.43012159424,0.));
#6340 = CARTESIAN_POINT('',(-1.672117203801,-35.80282300086,0.));
#6341 = CARTESIAN_POINT('',(-1.516397979912,-36.19690764523,0.));
#6342 = CARTESIAN_POINT('',(-1.338618335582,-36.61146970077,0.));
#6343 = CARTESIAN_POINT('',(-1.137487853788,-37.04554337957,0.));
#6344 = CARTESIAN_POINT('',(-0.991031196415,-37.33909942029,0.));
#6345 = CARTESIAN_POINT('',(-0.913690099106,-37.4888672862,0.));
#6346 = VECTOR('',#6347,1.);
#6347 = DIRECTION('',(-0.,-0.,-1.));
#6348 = ADVANCED_FACE('',(#6349),#6372,.F.);
#6349 = FACE_BOUND('',#6350,.F.);
#6350 = EDGE_LOOP('',(#6351,#6352,#6359,#6367));
#6351 = ORIENTED_EDGE('',*,*,#6290,.T.);
#6352 = ORIENTED_EDGE('',*,*,#6353,.T.);
#6353 = EDGE_CURVE('',#6264,#6354,#6356,.T.);
#6354 = VERTEX_POINT('',#6355);
#6355 = CARTESIAN_POINT('',(0.913690099106,-37.4888672862,5.));
#6356 = B_SPLINE_CURVE_WITH_KNOTS('',1,(#6357,#6358),.UNSPECIFIED.,.F.,
  .F.,(2,2),(0.,1.827380198213),.PIECEWISE_BEZIER_KNOTS.);
#6357 = CARTESIAN_POINT('',(-0.913690099106,-37.4888672862,5.));
#6358 = CARTESIAN_POINT('',(0.913690099106,-37.4888672862,5.));
#6359 = ORIENTED_EDGE('',*,*,#6360,.F.);
#6360 = EDGE_CURVE('',#6361,#6354,#6363,.T.);
#6361 = VERTEX_POINT('',#6362);
#6362 = CARTESIAN_POINT('',(0.913690099106,-37.4888672862,0.));
#6363 = LINE('',#6364,#6365);
#6364 = CARTESIAN_POINT('',(0.913690099106,-37.4888672862,0.));
#6365 = VECTOR('',#6366,1.);
#6366 = DIRECTION('',(0.,0.,1.));
#6367 = ORIENTED_EDGE('',*,*,#6368,.F.);
#6368 = EDGE_CURVE('',#6291,#6361,#6369,.T.);
#6369 = B_SPLINE_CURVE_WITH_KNOTS('',1,(#6370,#6371),.UNSPECIFIED.,.F.,
  .F.,(2,2),(0.,1.827380198213),.PIECEWISE_BEZIER_KNOTS.);
#6370 = CARTESIAN_POINT('',(-0.913690099106,-37.4888672862,0.));
#6371 = CARTESIAN_POINT('',(0.913690099106,-37.4888672862,0.));
#6372 = SURFACE_OF_LINEAR_EXTRUSION('',#6373,#6376);
#6373 = B_SPLINE_CURVE_WITH_KNOTS('',1,(#6374,#6375),.UNSPECIFIED.,.F.,
  .F.,(2,2),(0.,1.827380198213),.PIECEWISE_BEZIER_KNOTS.);
#6374 = CARTESIAN_POINT('',(-0.913690099106,-37.4888672862,0.));
#6375 = CARTESIAN_POINT('',(0.913690099106,-37.4888672862,0.));
#6376 = VECTOR('',#6377,1.);
#6377 = DIRECTION('',(-0.,-0.,-1.));
#6378 = ADVANCED_FACE('',(#6379),#6442,.F.);
#6379 = FACE_BOUND('',#6380,.F.);
#6380 = EDGE_LOOP('',(#6381,#6382,#6409,#6417));
#6381 = ORIENTED_EDGE('',*,*,#6360,.T.);
#6382 = ORIENTED_EDGE('',*,*,#6383,.T.);
#6383 = EDGE_CURVE('',#6354,#6384,#6386,.T.);
#6384 = VERTEX_POINT('',#6385);
#6385 = CARTESIAN_POINT('',(2.333314268584,-32.80636928912,5.));
#6386 = B_SPLINE_CURVE_WITH_KNOTS('',3,(#6387,#6388,#6389,#6390,#6391,
    #6392,#6393,#6394,#6395,#6396,#6397,#6398,#6399,#6400,#6401,#6402,
    #6403,#6404,#6405,#6406,#6407,#6408),.UNSPECIFIED.,.F.,.F.,(4,1,1,1,
    1,1,1,1,1,1,1,1,1,1,1,1,1,1,1,4),(0.,0.505678245547,0.98402253235,
    1.435032860437,1.858709229845,2.255051640615,2.6240600928,
    2.965734586464,3.280075121689,3.567081698578,3.82675431727,
    4.059092977951,4.264097680881,4.441768426441,4.592105215219,
    4.715108048196,4.810776927193,4.879111856217,4.920112847288,
    4.933779984548),.UNSPECIFIED.);
#6387 = CARTESIAN_POINT('',(0.913690099106,-37.4888672862,5.));
#6388 = CARTESIAN_POINT('',(0.991031196415,-37.33909942029,5.));
#6389 = CARTESIAN_POINT('',(1.137487853788,-37.04554337957,5.));
#6390 = CARTESIAN_POINT('',(1.338618335582,-36.61146970077,5.));
#6391 = CARTESIAN_POINT('',(1.516397979912,-36.19690764523,5.));
#6392 = CARTESIAN_POINT('',(1.672117203801,-35.80282300086,5.));
#6393 = CARTESIAN_POINT('',(1.807115191624,-35.43012159424,5.));
#6394 = CARTESIAN_POINT('',(1.922761197523,-35.07964920901,5.));
#6395 = CARTESIAN_POINT('',(2.02045616958,-34.75219015639,5.));
#6396 = CARTESIAN_POINT('',(2.101629377692,-34.44846628146,5.));
#6397 = CARTESIAN_POINT('',(2.167736176856,-34.16913597504,5.));
#6398 = CARTESIAN_POINT('',(2.220255555146,-33.9147932873,5.));
#6399 = CARTESIAN_POINT('',(2.260687372819,-33.68596715217,5.));
#6400 = CARTESIAN_POINT('',(2.29055065193,-33.48312062367,5.));
#6401 = CARTESIAN_POINT('',(2.31137843312,-33.30665045447,5.));
#6402 = CARTESIAN_POINT('',(2.324722876639,-33.15688601324,5.));
#6403 = CARTESIAN_POINT('',(2.332130232354,-33.03409050588,5.));
#6404 = CARTESIAN_POINT('',(2.335199369887,-32.93845615402,5.));
#6405 = CARTESIAN_POINT('',(2.335421743354,-32.87011550925,5.));
#6406 = CARTESIAN_POINT('',(2.33452621927,-32.82911576827,5.));
#6407 = CARTESIAN_POINT('',(2.333585070887,-32.81091733802,5.));
#6408 = CARTESIAN_POINT('',(2.333314268584,-32.80636928912,5.));
#6409 = ORIENTED_EDGE('',*,*,#6410,.F.);
#6410 = EDGE_CURVE('',#6411,#6384,#6413,.T.);
#6411 = VERTEX_POINT('',#6412);
#6412 = CARTESIAN_POINT('',(2.333314268584,-32.80636928912,0.));
#6413 = LINE('',#6414,#6415);
#6414 = CARTESIAN_POINT('',(2.333314268584,-32.80636928912,0.));
#6415 = VECTOR('',#6416,1.);
#6416 = DIRECTION('',(0.,0.,1.));
#6417 = ORIENTED_EDGE('',*,*,#6418,.F.);
#6418 = EDGE_CURVE('',#6361,#6411,#6419,.T.);
#6419 = B_SPLINE_CURVE_WITH_KNOTS('',3,(#6420,#6421,#6422,#6423,#6424,
    #6425,#6426,#6427,#6428,#6429,#6430,#6431,#6432,#6433,#6434,#6435,
    #6436,#6437,#6438,#6439,#6440,#6441),.UNSPECIFIED.,.F.,.F.,(4,1,1,1,
    1,1,1,1,1,1,1,1,1,1,1,1,1,1,1,4),(0.,0.505678245547,0.98402253235,
    1.435032860437,1.858709229845,2.255051640615,2.6240600928,
    2.965734586464,3.280075121689,3.567081698578,3.82675431727,
    4.059092977951,4.264097680881,4.441768426441,4.592105215219,
    4.715108048196,4.810776927193,4.879111856217,4.920112847288,
    4.933779984548),.UNSPECIFIED.);
#6420 = CARTESIAN_POINT('',(0.913690099106,-37.4888672862,0.));
#6421 = CARTESIAN_POINT('',(0.991031196415,-37.33909942029,0.));
#6422 = CARTESIAN_POINT('',(1.137487853788,-37.04554337957,0.));
#6423 = CARTESIAN_POINT('',(1.338618335582,-36.61146970077,0.));
#6424 = CARTESIAN_POINT('',(1.516397979912,-36.19690764523,0.));
#6425 = CARTESIAN_POINT('',(1.672117203801,-35.80282300086,0.));
#6426 = CARTESIAN_POINT('',(1.807115191624,-35.43012159424,0.));
#6427 = CARTESIAN_POINT('',(1.922761197523,-35.07964920901,0.));
#6428 = CARTESIAN_POINT('',(2.02045616958,-34.75219015639,0.));
#6429 = CARTESIAN_POINT('',(2.101629377692,-34.44846628146,0.));
#6430 = CARTESIAN_POINT('',(2.167736176856,-34.16913597504,0.));
#6431 = CARTESIAN_POINT('',(2.220255555146,-33.9147932873,0.));
#6432 = CARTESIAN_POINT('',(2.260687372819,-33.68596715217,0.));
#6433 = CARTESIAN_POINT('',(2.29055065193,-33.48312062367,0.));
#6434 = CARTESIAN_POINT('',(2.31137843312,-33.30665045447,0.));
#6435 = CARTESIAN_POINT('',(2.324722876639,-33.15688601324,0.));
#6436 = CARTESIAN_POINT('',(2.332130232354,-33.03409050588,0.));
#6437 = CARTESIAN_POINT('',(2.335199369887,-32.93845615402,0.));
#6438 = CARTESIAN_POINT('',(2.335421743354,-32.87011550925,0.));
#6439 = CARTESIAN_POINT('',(2.33452621927,-32.82911576827,0.));
#6440 = CARTESIAN_POINT('',(2.333585070887,-32.81091733802,0.));
#6441 = CARTESIAN_POINT('',(2.333314268584,-32.80636928912,0.));
#6442 = SURFACE_OF_LINEAR_EXTRUSION('',#6443,#6466);
#6443 = B_SPLINE_CURVE_WITH_KNOTS('',3,(#6444,#6445,#6446,#6447,#6448,
    #6449,#6450,#6451,#6452,#6453,#6454,#6455,#6456,#6457,#6458,#6459,
    #6460,#6461,#6462,#6463,#6464,#6465),.UNSPECIFIED.,.F.,.F.,(4,1,1,1,
    1,1,1,1,1,1,1,1,1,1,1,1,1,1,1,4),(0.,0.505678245547,0.98402253235,
    1.435032860437,1.858709229845,2.255051640615,2.6240600928,
    2.965734586464,3.280075121689,3.567081698578,3.82675431727,
    4.059092977951,4.264097680881,4.441768426441,4.592105215219,
    4.715108048196,4.810776927193,4.879111856217,4.920112847288,
    4.933779984548),.UNSPECIFIED.);
#6444 = CARTESIAN_POINT('',(0.913690099106,-37.4888672862,0.));
#6445 = CARTESIAN_POINT('',(0.991031196415,-37.33909942029,0.));
#6446 = CARTESIAN_POINT('',(1.137487853788,-37.04554337957,0.));
#6447 = CARTESIAN_POINT('',(1.338618335582,-36.61146970077,0.));
#6448 = CARTESIAN_POINT('',(1.516397979912,-36.19690764523,0.));
#6449 = CARTESIAN_POINT('',(1.672117203801,-35.80282300086,0.));
#6450 = CARTESIAN_POINT('',(1.807115191624,-35.43012159424,0.));
#6451 = CARTESIAN_POINT('',(1.922761197523,-35.07964920901,0.));
#6452 = CARTESIAN_POINT('',(2.02045616958,-34.75219015639,0.));
#6453 = CARTESIAN_POINT('',(2.101629377692,-34.44846628146,0.));
#6454 = CARTESIAN_POINT('',(2.167736176856,-34.16913597504,0.));
#6455 = CARTESIAN_POINT('',(2.220255555146,-33.9147932873,0.));
#6456 = CARTESIAN_POINT('',(2.260687372819,-33.68596715217,0.));
#6457 = CARTESIAN_POINT('',(2.29055065193,-33.48312062367,0.));
#6458 = CARTESIAN_POINT('',(2.31137843312,-33.30665045447,0.));
#6459 = CARTESIAN_POINT('',(2.324722876639,-33.15688601324,0.));
#6460 = CARTESIAN_POINT('',(2.332130232354,-33.03409050588,0.));
#6461 = CARTESIAN_POINT('',(2.335199369887,-32.93845615402,0.));
#6462 = CARTESIAN_POINT('',(2.335421743354,-32.87011550925,0.));
#6463 = CARTESIAN_POINT('',(2.33452621927,-32.82911576827,0.));
#6464 = CARTESIAN_POINT('',(2.333585070887,-32.81091733802,0.));
#6465 = CARTESIAN_POINT('',(2.333314268584,-32.80636928912,0.));
#6466 = VECTOR('',#6467,1.);
#6467 = DIRECTION('',(-0.,-0.,-1.));
#6468 = ADVANCED_FACE('',(#6469),#6492,.F.);
#6469 = FACE_BOUND('',#6470,.F.);
#6470 = EDGE_LOOP('',(#6471,#6472,#6479,#6487));
#6471 = ORIENTED_EDGE('',*,*,#6410,.T.);
#6472 = ORIENTED_EDGE('',*,*,#6473,.T.);
#6473 = EDGE_CURVE('',#6384,#6474,#6476,.T.);
#6474 = VERTEX_POINT('',#6475);
#6475 = CARTESIAN_POINT('',(2.261359289683,-31.79468319016,5.));
#6476 = B_SPLINE_CURVE_WITH_KNOTS('',1,(#6477,#6478),.UNSPECIFIED.,.F.,
  .F.,(2,2),(0.,1.014241727507),.PIECEWISE_BEZIER_KNOTS.);
#6477 = CARTESIAN_POINT('',(2.333314268584,-32.80636928912,5.));
#6478 = CARTESIAN_POINT('',(2.261359289683,-31.79468319016,5.));
#6479 = ORIENTED_EDGE('',*,*,#6480,.F.);
#6480 = EDGE_CURVE('',#6481,#6474,#6483,.T.);
#6481 = VERTEX_POINT('',#6482);
#6482 = CARTESIAN_POINT('',(2.261359289683,-31.79468319016,0.));
#6483 = LINE('',#6484,#6485);
#6484 = CARTESIAN_POINT('',(2.261359289683,-31.79468319016,0.));
#6485 = VECTOR('',#6486,1.);
#6486 = DIRECTION('',(0.,0.,1.));
#6487 = ORIENTED_EDGE('',*,*,#6488,.F.);
#6488 = EDGE_CURVE('',#6411,#6481,#6489,.T.);
#6489 = B_SPLINE_CURVE_WITH_KNOTS('',1,(#6490,#6491),.UNSPECIFIED.,.F.,
  .F.,(2,2),(0.,1.014241727507),.PIECEWISE_BEZIER_KNOTS.);
#6490 = CARTESIAN_POINT('',(2.333314268584,-32.80636928912,0.));
#6491 = CARTESIAN_POINT('',(2.261359289683,-31.79468319016,0.));
#6492 = SURFACE_OF_LINEAR_EXTRUSION('',#6493,#6496);
#6493 = B_SPLINE_CURVE_WITH_KNOTS('',1,(#6494,#6495),.UNSPECIFIED.,.F.,
  .F.,(2,2),(0.,1.014241727507),.PIECEWISE_BEZIER_KNOTS.);
#6494 = CARTESIAN_POINT('',(2.333314268584,-32.80636928912,0.));
#6495 = CARTESIAN_POINT('',(2.261359289683,-31.79468319016,0.));
#6496 = VECTOR('',#6497,1.);
#6497 = DIRECTION('',(-0.,-0.,-1.));
#6498 = ADVANCED_FACE('',(#6499),#6522,.F.);
#6499 = FACE_BOUND('',#6500,.F.);
#6500 = EDGE_LOOP('',(#6501,#6502,#6509,#6517));
#6501 = ORIENTED_EDGE('',*,*,#6480,.T.);
#6502 = ORIENTED_EDGE('',*,*,#6503,.T.);
#6503 = EDGE_CURVE('',#6474,#6504,#6506,.T.);
#6504 = VERTEX_POINT('',#6505);
#6505 = CARTESIAN_POINT('',(4.870320307337,-31.50072388222,5.));
#6506 = B_SPLINE_CURVE_WITH_KNOTS('',1,(#6507,#6508),.UNSPECIFIED.,.F.,
  .F.,(2,2),(0.,2.625469418288),.PIECEWISE_BEZIER_KNOTS.);
#6507 = CARTESIAN_POINT('',(2.261359289683,-31.79468319016,5.));
#6508 = CARTESIAN_POINT('',(4.870320307337,-31.50072388222,5.));
#6509 = ORIENTED_EDGE('',*,*,#6510,.F.);
#6510 = EDGE_CURVE('',#6511,#6504,#6513,.T.);
#6511 = VERTEX_POINT('',#6512);
#6512 = CARTESIAN_POINT('',(4.870320307337,-31.50072388222,0.));
#6513 = LINE('',#6514,#6515);
#6514 = CARTESIAN_POINT('',(4.870320307337,-31.50072388222,0.));
#6515 = VECTOR('',#6516,1.);
#6516 = DIRECTION('',(0.,0.,1.));
#6517 = ORIENTED_EDGE('',*,*,#6518,.F.);
#6518 = EDGE_CURVE('',#6481,#6511,#6519,.T.);
#6519 = B_SPLINE_CURVE_WITH_KNOTS('',1,(#6520,#6521),.UNSPECIFIED.,.F.,
  .F.,(2,2),(0.,2.625469418288),.PIECEWISE_BEZIER_KNOTS.);
#6520 = CARTESIAN_POINT('',(2.261359289683,-31.79468319016,0.));
#6521 = CARTESIAN_POINT('',(4.870320307337,-31.50072388222,0.));
#6522 = SURFACE_OF_LINEAR_EXTRUSION('',#6523,#6526);
#6523 = B_SPLINE_CURVE_WITH_KNOTS('',1,(#6524,#6525),.UNSPECIFIED.,.F.,
  .F.,(2,2),(0.,2.625469418288),.PIECEWISE_BEZIER_KNOTS.);
#6524 = CARTESIAN_POINT('',(2.261359289683,-31.79468319016,0.));
#6525 = CARTESIAN_POINT('',(4.870320307337,-31.50072388222,0.));
#6526 = VECTOR('',#6527,1.);
#6527 = DIRECTION('',(-0.,-0.,-1.));
#6528 = ADVANCED_FACE('',(#6529),#6552,.F.);
#6529 = FACE_BOUND('',#6530,.F.);
#6530 = EDGE_LOOP('',(#6531,#6532,#6539,#6547));
#6531 = ORIENTED_EDGE('',*,*,#6510,.T.);
#6532 = ORIENTED_EDGE('',*,*,#6533,.T.);
#6533 = EDGE_CURVE('',#6504,#6534,#6536,.T.);
#6534 = VERTEX_POINT('',#6535);
#6535 = CARTESIAN_POINT('',(5.025290725597,-32.50305638757,5.));
#6536 = B_SPLINE_CURVE_WITH_KNOTS('',1,(#6537,#6538),.UNSPECIFIED.,.F.,
  .F.,(2,2),(0.,1.014241727507),.PIECEWISE_BEZIER_KNOTS.);
#6537 = CARTESIAN_POINT('',(4.870320307337,-31.50072388222,5.));
#6538 = CARTESIAN_POINT('',(5.025290725597,-32.50305638757,5.));
#6539 = ORIENTED_EDGE('',*,*,#6540,.F.);
#6540 = EDGE_CURVE('',#6541,#6534,#6543,.T.);
#6541 = VERTEX_POINT('',#6542);
#6542 = CARTESIAN_POINT('',(5.025290725597,-32.50305638757,0.));
#6543 = LINE('',#6544,#6545);
#6544 = CARTESIAN_POINT('',(5.025290725597,-32.50305638757,0.));
#6545 = VECTOR('',#6546,1.);
#6546 = DIRECTION('',(0.,0.,1.));
#6547 = ORIENTED_EDGE('',*,*,#6548,.F.);
#6548 = EDGE_CURVE('',#6511,#6541,#6549,.T.);
#6549 = B_SPLINE_CURVE_WITH_KNOTS('',1,(#6550,#6551),.UNSPECIFIED.,.F.,
  .F.,(2,2),(0.,1.014241727507),.PIECEWISE_BEZIER_KNOTS.);
#6550 = CARTESIAN_POINT('',(4.870320307337,-31.50072388222,0.));
#6551 = CARTESIAN_POINT('',(5.025290725597,-32.50305638757,0.));
#6552 = SURFACE_OF_LINEAR_EXTRUSION('',#6553,#6556);
#6553 = B_SPLINE_CURVE_WITH_KNOTS('',1,(#6554,#6555),.UNSPECIFIED.,.F.,
  .F.,(2,2),(0.,1.014241727507),.PIECEWISE_BEZIER_KNOTS.);
#6554 = CARTESIAN_POINT('',(4.870320307337,-31.50072388222,0.));
#6555 = CARTESIAN_POINT('',(5.025290725597,-32.50305638757,0.));
#6556 = VECTOR('',#6557,1.);
#6557 = DIRECTION('',(-0.,-0.,-1.));
#6558 = ADVANCED_FACE('',(#6559),#6622,.F.);
#6559 = FACE_BOUND('',#6560,.F.);
#6560 = EDGE_LOOP('',(#6561,#6562,#6589,#6597));
#6561 = ORIENTED_EDGE('',*,*,#6540,.T.);
#6562 = ORIENTED_EDGE('',*,*,#6563,.T.);
#6563 = EDGE_CURVE('',#6534,#6564,#6566,.T.);
#6564 = VERTEX_POINT('',#6565);
#6565 = CARTESIAN_POINT('',(7.451275780788,-36.7522582876,5.));
#6566 = B_SPLINE_CURVE_WITH_KNOTS('',3,(#6567,#6568,#6569,#6570,#6571,
    #6572,#6573,#6574,#6575,#6576,#6577,#6578,#6579,#6580,#6581,#6582,
    #6583,#6584,#6585,#6586,#6587,#6588),.UNSPECIFIED.,.F.,.F.,(4,1,1,1,
    1,1,1,1,1,1,1,1,1,1,1,1,1,1,1,4),(0.,1.366713726009E-02,
    5.466812833143E-02,0.123003057355,0.218671936353,0.341674769329,
    0.492011558107,0.669682303667,0.874687006597,1.107025667278,
    1.36669828597,1.65370486286,1.968045398084,2.309719891748,
    2.678728343933,3.075070754704,3.498747124111,3.949757452199,
    4.428101739001,4.933779984548),.UNSPECIFIED.);
#6567 = CARTESIAN_POINT('',(5.025290725597,-32.50305638757,5.));
#6568 = CARTESIAN_POINT('',(5.026038748961,-32.50755066656,5.));
#6569 = CARTESIAN_POINT('',(5.029170728831,-32.5255022494,5.));
#6570 = CARTESIAN_POINT('',(5.03742095806,-32.56567331412,5.));
#6571 = CARTESIAN_POINT('',(5.052844980261,-32.63225103349,5.));
#6572 = CARTESIAN_POINT('',(5.077117813402,-32.72480468514,5.));
#6573 = CARTESIAN_POINT('',(5.111664022229,-32.84287316104,5.));
#6574 = CARTESIAN_POINT('',(5.157999616022,-32.98591327701,5.));
#6575 = CARTESIAN_POINT('',(5.21757350812,-33.15332435331,5.));
#6576 = CARTESIAN_POINT('',(5.291825651445,-33.34443989107,5.));
#6577 = CARTESIAN_POINT('',(5.382162364339,-33.55853195142,5.));
#6578 = CARTESIAN_POINT('',(5.489961544584,-33.79481107585,5.));
#6579 = CARTESIAN_POINT('',(5.616567748941,-34.0524278416,5.));
#6580 = CARTESIAN_POINT('',(5.763290695566,-34.33047398679,5.));
#6581 = CARTESIAN_POINT('',(5.931402744925,-34.62798378086,5.));
#6582 = CARTESIAN_POINT('',(6.122136706496,-34.94393543443,5.));
#6583 = CARTESIAN_POINT('',(6.336683878001,-35.27725256032,5.));
#6584 = CARTESIAN_POINT('',(6.576190978956,-35.62680589275,5.));
#6585 = CARTESIAN_POINT('',(6.841762052213,-35.99141431953,5.));
#6586 = CARTESIAN_POINT('',(7.134440253317,-36.36984912228,5.));
#6587 = CARTESIAN_POINT('',(7.342547300864,-36.62345542798,5.));
#6588 = CARTESIAN_POINT('',(7.451275780788,-36.7522582876,5.));
#6589 = ORIENTED_EDGE('',*,*,#6590,.F.);
#6590 = EDGE_CURVE('',#6591,#6564,#6593,.T.);
#6591 = VERTEX_POINT('',#6592);
#6592 = CARTESIAN_POINT('',(7.451275780788,-36.7522582876,0.));
#6593 = LINE('',#6594,#6595);
#6594 = CARTESIAN_POINT('',(7.451275780788,-36.7522582876,0.));
#6595 = VECTOR('',#6596,1.);
#6596 = DIRECTION('',(0.,0.,1.));
#6597 = ORIENTED_EDGE('',*,*,#6598,.F.);
#6598 = EDGE_CURVE('',#6541,#6591,#6599,.T.);
#6599 = B_SPLINE_CURVE_WITH_KNOTS('',3,(#6600,#6601,#6602,#6603,#6604,
    #6605,#6606,#6607,#6608,#6609,#6610,#6611,#6612,#6613,#6614,#6615,
    #6616,#6617,#6618,#6619,#6620,#6621),.UNSPECIFIED.,.F.,.F.,(4,1,1,1,
    1,1,1,1,1,1,1,1,1,1,1,1,1,1,1,4),(0.,1.366713726009E-02,
    5.466812833143E-02,0.123003057355,0.218671936353,0.341674769329,
    0.492011558107,0.669682303667,0.874687006597,1.107025667278,
    1.36669828597,1.65370486286,1.968045398084,2.309719891748,
    2.678728343933,3.075070754704,3.498747124111,3.949757452199,
    4.428101739001,4.933779984548),.UNSPECIFIED.);
#6600 = CARTESIAN_POINT('',(5.025290725597,-32.50305638757,0.));
#6601 = CARTESIAN_POINT('',(5.026038748961,-32.50755066656,0.));
#6602 = CARTESIAN_POINT('',(5.029170728831,-32.5255022494,0.));
#6603 = CARTESIAN_POINT('',(5.03742095806,-32.56567331412,0.));
#6604 = CARTESIAN_POINT('',(5.052844980261,-32.63225103349,0.));
#6605 = CARTESIAN_POINT('',(5.077117813402,-32.72480468514,0.));
#6606 = CARTESIAN_POINT('',(5.111664022229,-32.84287316104,0.));
#6607 = CARTESIAN_POINT('',(5.157999616022,-32.98591327701,0.));
#6608 = CARTESIAN_POINT('',(5.21757350812,-33.15332435331,0.));
#6609 = CARTESIAN_POINT('',(5.291825651445,-33.34443989107,0.));
#6610 = CARTESIAN_POINT('',(5.382162364339,-33.55853195142,0.));
#6611 = CARTESIAN_POINT('',(5.489961544584,-33.79481107585,0.));
#6612 = CARTESIAN_POINT('',(5.616567748941,-34.0524278416,0.));
#6613 = CARTESIAN_POINT('',(5.763290695566,-34.33047398679,0.));
#6614 = CARTESIAN_POINT('',(5.931402744925,-34.62798378086,0.));
#6615 = CARTESIAN_POINT('',(6.122136706496,-34.94393543443,0.));
#6616 = CARTESIAN_POINT('',(6.336683878001,-35.27725256032,0.));
#6617 = CARTESIAN_POINT('',(6.576190978956,-35.62680589275,0.));
#6618 = CARTESIAN_POINT('',(6.841762052213,-35.99141431953,0.));
#6619 = CARTESIAN_POINT('',(7.134440253317,-36.36984912228,0.));
#6620 = CARTESIAN_POINT('',(7.342547300864,-36.62345542798,0.));
#6621 = CARTESIAN_POINT('',(7.451275780788,-36.7522582876,0.));
#6622 = SURFACE_OF_LINEAR_EXTRUSION('',#6623,#6646);
#6623 = B_SPLINE_CURVE_WITH_KNOTS('',3,(#6624,#6625,#6626,#6627,#6628,
    #6629,#6630,#6631,#6632,#6633,#6634,#6635,#6636,#6637,#6638,#6639,
    #6640,#6641,#6642,#6643,#6644,#6645),.UNSPECIFIED.,.F.,.F.,(4,1,1,1,
    1,1,1,1,1,1,1,1,1,1,1,1,1,1,1,4),(0.,1.366713726009E-02,
    5.466812833143E-02,0.123003057355,0.218671936353,0.341674769329,
    0.492011558107,0.669682303667,0.874687006597,1.107025667278,
    1.36669828597,1.65370486286,1.968045398084,2.309719891748,
    2.678728343933,3.075070754704,3.498747124111,3.949757452199,
    4.428101739001,4.933779984548),.UNSPECIFIED.);
#6624 = CARTESIAN_POINT('',(5.025290725597,-32.50305638757,0.));
#6625 = CARTESIAN_POINT('',(5.026038748961,-32.50755066656,0.));
#6626 = CARTESIAN_POINT('',(5.029170728831,-32.5255022494,0.));
#6627 = CARTESIAN_POINT('',(5.03742095806,-32.56567331412,0.));
#6628 = CARTESIAN_POINT('',(5.052844980261,-32.63225103349,0.));
#6629 = CARTESIAN_POINT('',(5.077117813402,-32.72480468514,0.));
#6630 = CARTESIAN_POINT('',(5.111664022229,-32.84287316104,0.));
#6631 = CARTESIAN_POINT('',(5.157999616022,-32.98591327701,0.));
#6632 = CARTESIAN_POINT('',(5.21757350812,-33.15332435331,0.));
#6633 = CARTESIAN_POINT('',(5.291825651445,-33.34443989107,0.));
#6634 = CARTESIAN_POINT('',(5.382162364339,-33.55853195142,0.));
#6635 = CARTESIAN_POINT('',(5.489961544584,-33.79481107585,0.));
#6636 = CARTESIAN_POINT('',(5.616567748941,-34.0524278416,0.));
#6637 = CARTESIAN_POINT('',(5.763290695566,-34.33047398679,0.));
#6638 = CARTESIAN_POINT('',(5.931402744925,-34.62798378086,0.));
#6639 = CARTESIAN_POINT('',(6.122136706496,-34.94393543443,0.));
#6640 = CARTESIAN_POINT('',(6.336683878001,-35.27725256032,0.));
#6641 = CARTESIAN_POINT('',(6.576190978956,-35.62680589275,0.));
#6642 = CARTESIAN_POINT('',(6.841762052213,-35.99141431953,0.));
#6643 = CARTESIAN_POINT('',(7.134440253317,-36.36984912228,0.));
#6644 = CARTESIAN_POINT('',(7.342547300864,-36.62345542798,0.));
#6645 = CARTESIAN_POINT('',(7.451275780788,-36.7522582876,0.));
#6646 = VECTOR('',#6647,1.);
#6647 = DIRECTION('',(-0.,-0.,-1.));
#6648 = ADVANCED_FACE('',(#6649),#6672,.F.);
#6649 = FACE_BOUND('',#6650,.F.);
#6650 = EDGE_LOOP('',(#6651,#6652,#6659,#6667));
#6651 = ORIENTED_EDGE('',*,*,#6590,.T.);
#6652 = ORIENTED_EDGE('',*,*,#6653,.T.);
#6653 = EDGE_CURVE('',#6564,#6654,#6656,.T.);
#6654 = VERTEX_POINT('',#6655);
#6655 = CARTESIAN_POINT('',(9.232839742194,-36.3456279392,5.));
#6656 = B_SPLINE_CURVE_WITH_KNOTS('',1,(#6657,#6658),.UNSPECIFIED.,.F.,
  .F.,(2,2),(0.,1.827380198213),.PIECEWISE_BEZIER_KNOTS.);
#6657 = CARTESIAN_POINT('',(7.451275780788,-36.7522582876,5.));
#6658 = CARTESIAN_POINT('',(9.232839742194,-36.3456279392,5.));
#6659 = ORIENTED_EDGE('',*,*,#6660,.F.);
#6660 = EDGE_CURVE('',#6661,#6654,#6663,.T.);
#6661 = VERTEX_POINT('',#6662);
#6662 = CARTESIAN_POINT('',(9.232839742194,-36.3456279392,0.));
#6663 = LINE('',#6664,#6665);
#6664 = CARTESIAN_POINT('',(9.232839742194,-36.3456279392,0.));
#6665 = VECTOR('',#6666,1.);
#6666 = DIRECTION('',(0.,0.,1.));
#6667 = ORIENTED_EDGE('',*,*,#6668,.F.);
#6668 = EDGE_CURVE('',#6591,#6661,#6669,.T.);
#6669 = B_SPLINE_CURVE_WITH_KNOTS('',1,(#6670,#6671),.UNSPECIFIED.,.F.,
  .F.,(2,2),(0.,1.827380198213),.PIECEWISE_BEZIER_KNOTS.);
#6670 = CARTESIAN_POINT('',(7.451275780788,-36.7522582876,0.));
#6671 = CARTESIAN_POINT('',(9.232839742194,-36.3456279392,0.));
#6672 = SURFACE_OF_LINEAR_EXTRUSION('',#6673,#6676);
#6673 = B_SPLINE_CURVE_WITH_KNOTS('',1,(#6674,#6675),.UNSPECIFIED.,.F.,
  .F.,(2,2),(0.,1.827380198213),.PIECEWISE_BEZIER_KNOTS.);
#6674 = CARTESIAN_POINT('',(7.451275780788,-36.7522582876,0.));
#6675 = CARTESIAN_POINT('',(9.232839742194,-36.3456279392,0.));
#6676 = VECTOR('',#6677,1.);
#6677 = DIRECTION('',(-0.,-0.,-1.));
#6678 = ADVANCED_FACE('',(#6679),#6742,.F.);
#6679 = FACE_BOUND('',#6680,.F.);
#6680 = EDGE_LOOP('',(#6681,#6682,#6709,#6717));
#6681 = ORIENTED_EDGE('',*,*,#6660,.T.);
#6682 = ORIENTED_EDGE('',*,*,#6683,.T.);
#6683 = EDGE_CURVE('',#6654,#6684,#6686,.T.);
#6684 = VERTEX_POINT('',#6685);
#6685 = CARTESIAN_POINT('',(9.574917142267,-31.46463384705,5.));
#6686 = B_SPLINE_CURVE_WITH_KNOTS('',3,(#6687,#6688,#6689,#6690,#6691,
    #6692,#6693,#6694,#6695,#6696,#6697,#6698,#6699,#6700,#6701,#6702,
    #6703,#6704,#6705,#6706,#6707,#6708),.UNSPECIFIED.,.F.,.F.,(4,1,1,1,
    1,1,1,1,1,1,1,1,1,1,1,1,1,1,1,4),(0.,0.505678245547,0.98402253235,
    1.435032860437,1.858709229845,2.255051640615,2.6240600928,
    2.965734586464,3.280075121689,3.567081698578,3.82675431727,
    4.059092977951,4.264097680881,4.441768426441,4.592105215219,
    4.715108048196,4.810776927193,4.879111856217,4.920112847288,
    4.933779984548),.UNSPECIFIED.);
#6687 = CARTESIAN_POINT('',(9.232839742194,-36.3456279392,5.));
#6688 = CARTESIAN_POINT('',(9.27491525132,-36.18240505317,5.));
#6689 = CARTESIAN_POINT('',(9.352377570169,-35.8636194031,5.));
#6690 = CARTESIAN_POINT('',(9.451874810447,-35.39567311504,5.));
#6691 = CARTESIAN_POINT('',(9.532948412142,-34.95194530327,5.));
#6692 = CARTESIAN_POINT('',(9.59707134685,-34.53309039657,5.));
#6693 = CARTESIAN_POINT('',(9.64575078818,-34.13969351402,5.));
#6694 = CARTESIAN_POINT('',(9.680509864775,-33.77227454596,5.));
#6695 = CARTESIAN_POINT('',(9.702888925692,-33.43128639905,5.));
#6696 = CARTESIAN_POINT('',(9.714442031687,-33.1171147777,5.));
#6697 = CARTESIAN_POINT('',(9.716734554711,-32.83007771856,5.));
#6698 = CARTESIAN_POINT('',(9.711340590116,-32.57042527192,5.));
#6699 = CARTESIAN_POINT('',(9.699840092402,-32.33833935991,5.));
#6700 = CARTESIAN_POINT('',(9.683817037785,-32.13393341263,5.));
#6701 = CARTESIAN_POINT('',(9.664854316149,-31.95725310168,5.));
#6702 = CARTESIAN_POINT('',(9.644538463274,-31.80827414964,5.));
#6703 = CARTESIAN_POINT('',(9.624435530132,-31.68690909031,5.));
#6704 = CARTESIAN_POINT('',(9.606147072685,-31.59298954397,5.));
#6705 = CARTESIAN_POINT('',(9.591156646683,-31.5263128591,5.));
#6706 = CARTESIAN_POINT('',(9.581160274604,-31.48654034008,5.));
#6707 = CARTESIAN_POINT('',(9.576193191078,-31.46900760768,5.));
#6708 = CARTESIAN_POINT('',(9.574917142267,-31.46463384705,5.));
#6709 = ORIENTED_EDGE('',*,*,#6710,.F.);
#6710 = EDGE_CURVE('',#6711,#6684,#6713,.T.);
#6711 = VERTEX_POINT('',#6712);
#6712 = CARTESIAN_POINT('',(9.574917142267,-31.46463384705,0.));
#6713 = LINE('',#6714,#6715);
#6714 = CARTESIAN_POINT('',(9.574917142267,-31.46463384705,0.));
#6715 = VECTOR('',#6716,1.);
#6716 = DIRECTION('',(0.,0.,1.));
#6717 = ORIENTED_EDGE('',*,*,#6718,.F.);
#6718 = EDGE_CURVE('',#6661,#6711,#6719,.T.);
#6719 = B_SPLINE_CURVE_WITH_KNOTS('',3,(#6720,#6721,#6722,#6723,#6724,
    #6725,#6726,#6727,#6728,#6729,#6730,#6731,#6732,#6733,#6734,#6735,
    #6736,#6737,#6738,#6739,#6740,#6741),.UNSPECIFIED.,.F.,.F.,(4,1,1,1,
    1,1,1,1,1,1,1,1,1,1,1,1,1,1,1,4),(0.,0.505678245547,0.98402253235,
    1.435032860437,1.858709229845,2.255051640615,2.6240600928,
    2.965734586464,3.280075121689,3.567081698578,3.82675431727,
    4.059092977951,4.264097680881,4.441768426441,4.592105215219,
    4.715108048196,4.810776927193,4.879111856217,4.920112847288,
    4.933779984548),.UNSPECIFIED.);
#6720 = CARTESIAN_POINT('',(9.232839742194,-36.3456279392,0.));
#6721 = CARTESIAN_POINT('',(9.27491525132,-36.18240505317,0.));
#6722 = CARTESIAN_POINT('',(9.352377570169,-35.8636194031,0.));
#6723 = CARTESIAN_POINT('',(9.451874810447,-35.39567311504,0.));
#6724 = CARTESIAN_POINT('',(9.532948412142,-34.95194530327,0.));
#6725 = CARTESIAN_POINT('',(9.59707134685,-34.53309039657,0.));
#6726 = CARTESIAN_POINT('',(9.64575078818,-34.13969351402,0.));
#6727 = CARTESIAN_POINT('',(9.680509864775,-33.77227454596,0.));
#6728 = CARTESIAN_POINT('',(9.702888925692,-33.43128639905,0.));
#6729 = CARTESIAN_POINT('',(9.714442031687,-33.1171147777,0.));
#6730 = CARTESIAN_POINT('',(9.716734554711,-32.83007771856,0.));
#6731 = CARTESIAN_POINT('',(9.711340590116,-32.57042527192,0.));
#6732 = CARTESIAN_POINT('',(9.699840092402,-32.33833935991,0.));
#6733 = CARTESIAN_POINT('',(9.683817037785,-32.13393341263,0.));
#6734 = CARTESIAN_POINT('',(9.664854316149,-31.95725310168,0.));
#6735 = CARTESIAN_POINT('',(9.644538463274,-31.80827414964,0.));
#6736 = CARTESIAN_POINT('',(9.624435530132,-31.68690909031,0.));
#6737 = CARTESIAN_POINT('',(9.606147072685,-31.59298954397,0.));
#6738 = CARTESIAN_POINT('',(9.591156646683,-31.5263128591,0.));
#6739 = CARTESIAN_POINT('',(9.581160274604,-31.48654034008,0.));
#6740 = CARTESIAN_POINT('',(9.576193191078,-31.46900760768,0.));
#6741 = CARTESIAN_POINT('',(9.574917142267,-31.46463384705,0.));
#6742 = SURFACE_OF_LINEAR_EXTRUSION('',#6743,#6766);
#6743 = B_SPLINE_CURVE_WITH_KNOTS('',3,(#6744,#6745,#6746,#6747,#6748,
    #6749,#6750,#6751,#6752,#6753,#6754,#6755,#6756,#6757,#6758,#6759,
    #6760,#6761,#6762,#6763,#6764,#6765),.UNSPECIFIED.,.F.,.F.,(4,1,1,1,
    1,1,1,1,1,1,1,1,1,1,1,1,1,1,1,4),(0.,0.505678245547,0.98402253235,
    1.435032860437,1.858709229845,2.255051640615,2.6240600928,
    2.965734586464,3.280075121689,3.567081698578,3.82675431727,
    4.059092977951,4.264097680881,4.441768426441,4.592105215219,
    4.715108048196,4.810776927193,4.879111856217,4.920112847288,
    4.933779984548),.UNSPECIFIED.);
#6744 = CARTESIAN_POINT('',(9.232839742194,-36.3456279392,0.));
#6745 = CARTESIAN_POINT('',(9.27491525132,-36.18240505317,0.));
#6746 = CARTESIAN_POINT('',(9.352377570169,-35.8636194031,0.));
#6747 = CARTESIAN_POINT('',(9.451874810447,-35.39567311504,0.));
#6748 = CARTESIAN_POINT('',(9.532948412142,-34.95194530327,0.));
#6749 = CARTESIAN_POINT('',(9.59707134685,-34.53309039657,0.));
#6750 = CARTESIAN_POINT('',(9.64575078818,-34.13969351402,0.));
#6751 = CARTESIAN_POINT('',(9.680509864775,-33.77227454596,0.));
#6752 = CARTESIAN_POINT('',(9.702888925692,-33.43128639905,0.));
#6753 = CARTESIAN_POINT('',(9.714442031687,-33.1171147777,0.));
#6754 = CARTESIAN_POINT('',(9.716734554711,-32.83007771856,0.));
#6755 = CARTESIAN_POINT('',(9.711340590116,-32.57042527192,0.));
#6756 = CARTESIAN_POINT('',(9.699840092402,-32.33833935991,0.));
#6757 = CARTESIAN_POINT('',(9.683817037785,-32.13393341263,0.));
#6758 = CARTESIAN_POINT('',(9.664854316149,-31.95725310168,0.));
#6759 = CARTESIAN_POINT('',(9.644538463274,-31.80827414964,0.));
#6760 = CARTESIAN_POINT('',(9.624435530132,-31.68690909031,0.));
#6761 = CARTESIAN_POINT('',(9.606147072685,-31.59298954397,0.));
#6762 = CARTESIAN_POINT('',(9.591156646683,-31.5263128591,0.));
#6763 = CARTESIAN_POINT('',(9.581160274604,-31.48654034008,0.));
#6764 = CARTESIAN_POINT('',(9.576193191078,-31.46900760768,0.));
#6765 = CARTESIAN_POINT('',(9.574917142267,-31.46463384705,0.));
#6766 = VECTOR('',#6767,1.);
#6767 = DIRECTION('',(-0.,-0.,-1.));
#6768 = ADVANCED_FACE('',(#6769),#6792,.F.);
#6769 = FACE_BOUND('',#6770,.F.);
#6770 = EDGE_LOOP('',(#6771,#6772,#6779,#6787));
#6771 = ORIENTED_EDGE('',*,*,#6710,.T.);
#6772 = ORIENTED_EDGE('',*,*,#6773,.T.);
#6773 = EDGE_CURVE('',#6684,#6774,#6776,.T.);
#6774 = VERTEX_POINT('',#6775);
#6775 = CARTESIAN_POINT('',(9.279644889304,-30.49432431991,5.));
#6776 = B_SPLINE_CURVE_WITH_KNOTS('',1,(#6777,#6778),.UNSPECIFIED.,.F.,
  .F.,(2,2),(0.,1.014241727507),.PIECEWISE_BEZIER_KNOTS.);
#6777 = CARTESIAN_POINT('',(9.574917142267,-31.46463384705,5.));
#6778 = CARTESIAN_POINT('',(9.279644889304,-30.49432431991,5.));
#6779 = ORIENTED_EDGE('',*,*,#6780,.F.);
#6780 = EDGE_CURVE('',#6781,#6774,#6783,.T.);
#6781 = VERTEX_POINT('',#6782);
#6782 = CARTESIAN_POINT('',(9.279644889304,-30.49432431991,0.));
#6783 = LINE('',#6784,#6785);
#6784 = CARTESIAN_POINT('',(9.279644889304,-30.49432431991,0.));
#6785 = VECTOR('',#6786,1.);
#6786 = DIRECTION('',(0.,0.,1.));
#6787 = ORIENTED_EDGE('',*,*,#6788,.F.);
#6788 = EDGE_CURVE('',#6711,#6781,#6789,.T.);
#6789 = B_SPLINE_CURVE_WITH_KNOTS('',1,(#6790,#6791),.UNSPECIFIED.,.F.,
  .F.,(2,2),(0.,1.014241727507),.PIECEWISE_BEZIER_KNOTS.);
#6790 = CARTESIAN_POINT('',(9.574917142267,-31.46463384705,0.));
#6791 = CARTESIAN_POINT('',(9.279644889304,-30.49432431991,0.));
#6792 = SURFACE_OF_LINEAR_EXTRUSION('',#6793,#6796);
#6793 = B_SPLINE_CURVE_WITH_KNOTS('',1,(#6794,#6795),.UNSPECIFIED.,.F.,
  .F.,(2,2),(0.,1.014241727507),.PIECEWISE_BEZIER_KNOTS.);
#6794 = CARTESIAN_POINT('',(9.574917142267,-31.46463384705,0.));
#6795 = CARTESIAN_POINT('',(9.279644889304,-30.49432431991,0.));
#6796 = VECTOR('',#6797,1.);
#6797 = DIRECTION('',(-0.,-0.,-1.));
#6798 = ADVANCED_FACE('',(#6799),#6822,.F.);
#6799 = FACE_BOUND('',#6800,.F.);
#6800 = EDGE_LOOP('',(#6801,#6802,#6809,#6817));
#6801 = ORIENTED_EDGE('',*,*,#6780,.T.);
#6802 = ORIENTED_EDGE('',*,*,#6803,.T.);
#6803 = EDGE_CURVE('',#6774,#6804,#6806,.T.);
#6804 = VERTEX_POINT('',#6805);
#6805 = CARTESIAN_POINT('',(11.757781707461,-29.62718674325,5.));
#6806 = B_SPLINE_CURVE_WITH_KNOTS('',1,(#6807,#6808),.UNSPECIFIED.,.F.,
  .F.,(2,2),(0.,2.625469418288),.PIECEWISE_BEZIER_KNOTS.);
#6807 = CARTESIAN_POINT('',(9.279644889304,-30.49432431991,5.));
#6808 = CARTESIAN_POINT('',(11.757781707461,-29.62718674325,5.));
#6809 = ORIENTED_EDGE('',*,*,#6810,.F.);
#6810 = EDGE_CURVE('',#6811,#6804,#6813,.T.);
#6811 = VERTEX_POINT('',#6812);
#6812 = CARTESIAN_POINT('',(11.757781707461,-29.62718674325,0.));
#6813 = LINE('',#6814,#6815);
#6814 = CARTESIAN_POINT('',(11.757781707461,-29.62718674325,0.));
#6815 = VECTOR('',#6816,1.);
#6816 = DIRECTION('',(0.,0.,1.));
#6817 = ORIENTED_EDGE('',*,*,#6818,.F.);
#6818 = EDGE_CURVE('',#6781,#6811,#6819,.T.);
#6819 = B_SPLINE_CURVE_WITH_KNOTS('',1,(#6820,#6821),.UNSPECIFIED.,.F.,
  .F.,(2,2),(0.,2.625469418288),.PIECEWISE_BEZIER_KNOTS.);
#6820 = CARTESIAN_POINT('',(9.279644889304,-30.49432431991,0.));
#6821 = CARTESIAN_POINT('',(11.757781707461,-29.62718674325,0.));
#6822 = SURFACE_OF_LINEAR_EXTRUSION('',#6823,#6826);
#6823 = B_SPLINE_CURVE_WITH_KNOTS('',1,(#6824,#6825),.UNSPECIFIED.,.F.,
  .F.,(2,2),(0.,2.625469418288),.PIECEWISE_BEZIER_KNOTS.);
#6824 = CARTESIAN_POINT('',(9.279644889304,-30.49432431991,0.));
#6825 = CARTESIAN_POINT('',(11.757781707461,-29.62718674325,0.));
#6826 = VECTOR('',#6827,1.);
#6827 = DIRECTION('',(-0.,-0.,-1.));
#6828 = ADVANCED_FACE('',(#6829),#6852,.F.);
#6829 = FACE_BOUND('',#6830,.F.);
#6830 = EDGE_LOOP('',(#6831,#6832,#6839,#6847));
#6831 = ORIENTED_EDGE('',*,*,#6810,.T.);
#6832 = ORIENTED_EDGE('',*,*,#6833,.T.);
#6833 = EDGE_CURVE('',#6804,#6834,#6836,.T.);
#6834 = VERTEX_POINT('',#6835);
#6835 = CARTESIAN_POINT('',(12.13190665901,-30.5699045178,5.));
#6836 = B_SPLINE_CURVE_WITH_KNOTS('',1,(#6837,#6838),.UNSPECIFIED.,.F.,
  .F.,(2,2),(0.,1.014241727507),.PIECEWISE_BEZIER_KNOTS.);
#6837 = CARTESIAN_POINT('',(11.757781707461,-29.62718674325,5.));
#6838 = CARTESIAN_POINT('',(12.13190665901,-30.5699045178,5.));
#6839 = ORIENTED_EDGE('',*,*,#6840,.F.);
#6840 = EDGE_CURVE('',#6841,#6834,#6843,.T.);
#6841 = VERTEX_POINT('',#6842);
#6842 = CARTESIAN_POINT('',(12.13190665901,-30.5699045178,0.));
#6843 = LINE('',#6844,#6845);
#6844 = CARTESIAN_POINT('',(12.13190665901,-30.5699045178,0.));
#6845 = VECTOR('',#6846,1.);
#6846 = DIRECTION('',(0.,0.,1.));
#6847 = ORIENTED_EDGE('',*,*,#6848,.F.);
#6848 = EDGE_CURVE('',#6811,#6841,#6849,.T.);
#6849 = B_SPLINE_CURVE_WITH_KNOTS('',1,(#6850,#6851),.UNSPECIFIED.,.F.,
  .F.,(2,2),(0.,1.014241727507),.PIECEWISE_BEZIER_KNOTS.);
#6850 = CARTESIAN_POINT('',(11.757781707461,-29.62718674325,0.));
#6851 = CARTESIAN_POINT('',(12.13190665901,-30.5699045178,0.));
#6852 = SURFACE_OF_LINEAR_EXTRUSION('',#6853,#6856);
#6853 = B_SPLINE_CURVE_WITH_KNOTS('',1,(#6854,#6855),.UNSPECIFIED.,.F.,
  .F.,(2,2),(0.,1.014241727507),.PIECEWISE_BEZIER_KNOTS.);
#6854 = CARTESIAN_POINT('',(11.757781707461,-29.62718674325,0.));
#6855 = CARTESIAN_POINT('',(12.13190665901,-30.5699045178,0.));
#6856 = VECTOR('',#6857,1.);
#6857 = DIRECTION('',(-0.,-0.,-1.));
#6858 = ADVANCED_FACE('',(#6859),#6922,.F.);
#6859 = FACE_BOUND('',#6860,.F.);
#6860 = EDGE_LOOP('',(#6861,#6862,#6889,#6897));
#6861 = ORIENTED_EDGE('',*,*,#6840,.T.);
#6862 = ORIENTED_EDGE('',*,*,#6863,.T.);
#6863 = EDGE_CURVE('',#6834,#6864,#6866,.T.);
#6864 = VERTEX_POINT('',#6865);
#6865 = CARTESIAN_POINT('',(15.442603579215,-34.17273759439,5.));
#6866 = B_SPLINE_CURVE_WITH_KNOTS('',3,(#6867,#6868,#6869,#6870,#6871,
    #6872,#6873,#6874,#6875,#6876,#6877,#6878,#6879,#6880,#6881,#6882,
    #6883,#6884,#6885,#6886,#6887,#6888),.UNSPECIFIED.,.F.,.F.,(4,1,1,1,
    1,1,1,1,1,1,1,1,1,1,1,1,1,1,1,4),(0.,1.366713726009E-02,
    5.466812833143E-02,0.123003057355,0.218671936353,0.341674769329,
    0.492011558107,0.669682303667,0.874687006597,1.107025667278,
    1.36669828597,1.65370486286,1.968045398084,2.309719891748,
    2.678728343933,3.075070754704,3.498747124111,3.949757452199,
    4.428101739001,4.933779984548),.UNSPECIFIED.);
#6867 = CARTESIAN_POINT('',(12.13190665901,-30.5699045178,5.));
#6868 = CARTESIAN_POINT('',(12.133635999026,-30.57411966498,5.));
#6869 = CARTESIAN_POINT('',(12.1406840566,-30.59092423306,5.));
#6870 = CARTESIAN_POINT('',(12.157666338198,-30.62825227661,5.));
#6871 = CARTESIAN_POINT('',(12.187518584255,-30.68972858573,5.));
#6872 = CARTESIAN_POINT('',(12.231777971796,-30.77456051059,5.));
#6873 = CARTESIAN_POINT('',(12.291730742571,-30.88198150865,5.));
#6874 = CARTESIAN_POINT('',(12.368734026485,-31.01112467066,5.));
#6875 = CARTESIAN_POINT('',(12.464066745783,-31.16108196365,5.));
#6876 = CARTESIAN_POINT('',(12.578984440806,-31.33088317958,5.));
#6877 = CARTESIAN_POINT('',(12.714696188923,-31.51950569527,5.));
#6878 = CARTESIAN_POINT('',(12.872369670096,-31.72587323447,5.));
#6879 = CARTESIAN_POINT('',(13.053126715898,-31.94885847921,5.));
#6880 = CARTESIAN_POINT('',(13.25804209983,-32.18728449991,5.));
#6881 = CARTESIAN_POINT('',(13.488141386361,-32.43992665207,5.));
#6882 = CARTESIAN_POINT('',(13.744399106335,-32.70551443877,5.));
#6883 = CARTESIAN_POINT('',(14.027737170471,-32.98273337142,5.));
#6884 = CARTESIAN_POINT('',(14.339022262357,-33.27022732821,5.));
#6885 = CARTESIAN_POINT('',(14.679067922,-33.56659913724,5.));
#6886 = CARTESIAN_POINT('',(15.048617735292,-33.87041876273,5.));
#6887 = CARTESIAN_POINT('',(15.307939816671,-34.07135845428,5.));
#6888 = CARTESIAN_POINT('',(15.442603579215,-34.17273759439,5.));
#6889 = ORIENTED_EDGE('',*,*,#6890,.F.);
#6890 = EDGE_CURVE('',#6891,#6864,#6893,.T.);
#6891 = VERTEX_POINT('',#6892);
#6892 = CARTESIAN_POINT('',(15.442603579215,-34.17273759439,0.));
#6893 = LINE('',#6894,#6895);
#6894 = CARTESIAN_POINT('',(15.442603579215,-34.17273759439,0.));
#6895 = VECTOR('',#6896,1.);
#6896 = DIRECTION('',(0.,0.,1.));
#6897 = ORIENTED_EDGE('',*,*,#6898,.F.);
#6898 = EDGE_CURVE('',#6841,#6891,#6899,.T.);
#6899 = B_SPLINE_CURVE_WITH_KNOTS('',3,(#6900,#6901,#6902,#6903,#6904,
    #6905,#6906,#6907,#6908,#6909,#6910,#6911,#6912,#6913,#6914,#6915,
    #6916,#6917,#6918,#6919,#6920,#6921),.UNSPECIFIED.,.F.,.F.,(4,1,1,1,
    1,1,1,1,1,1,1,1,1,1,1,1,1,1,1,4),(0.,1.366713726009E-02,
    5.466812833143E-02,0.123003057355,0.218671936353,0.341674769329,
    0.492011558107,0.669682303667,0.874687006597,1.107025667278,
    1.36669828597,1.65370486286,1.968045398084,2.309719891748,
    2.678728343933,3.075070754704,3.498747124111,3.949757452199,
    4.428101739001,4.933779984548),.UNSPECIFIED.);
#6900 = CARTESIAN_POINT('',(12.13190665901,-30.5699045178,0.));
#6901 = CARTESIAN_POINT('',(12.133635999026,-30.57411966498,0.));
#6902 = CARTESIAN_POINT('',(12.1406840566,-30.59092423306,0.));
#6903 = CARTESIAN_POINT('',(12.157666338198,-30.62825227661,0.));
#6904 = CARTESIAN_POINT('',(12.187518584255,-30.68972858573,0.));
#6905 = CARTESIAN_POINT('',(12.231777971796,-30.77456051059,0.));
#6906 = CARTESIAN_POINT('',(12.291730742571,-30.88198150865,0.));
#6907 = CARTESIAN_POINT('',(12.368734026485,-31.01112467066,0.));
#6908 = CARTESIAN_POINT('',(12.464066745783,-31.16108196365,0.));
#6909 = CARTESIAN_POINT('',(12.578984440806,-31.33088317958,0.));
#6910 = CARTESIAN_POINT('',(12.714696188923,-31.51950569527,0.));
#6911 = CARTESIAN_POINT('',(12.872369670096,-31.72587323447,0.));
#6912 = CARTESIAN_POINT('',(13.053126715898,-31.94885847921,0.));
#6913 = CARTESIAN_POINT('',(13.25804209983,-32.18728449991,0.));
#6914 = CARTESIAN_POINT('',(13.488141386361,-32.43992665207,0.));
#6915 = CARTESIAN_POINT('',(13.744399106335,-32.70551443877,0.));
#6916 = CARTESIAN_POINT('',(14.027737170471,-32.98273337142,0.));
#6917 = CARTESIAN_POINT('',(14.339022262357,-33.27022732821,0.));
#6918 = CARTESIAN_POINT('',(14.679067922,-33.56659913724,0.));
#6919 = CARTESIAN_POINT('',(15.048617735292,-33.87041876273,0.));
#6920 = CARTESIAN_POINT('',(15.307939816671,-34.07135845428,0.));
#6921 = CARTESIAN_POINT('',(15.442603579215,-34.17273759439,0.));
#6922 = SURFACE_OF_LINEAR_EXTRUSION('',#6923,#6946);
#6923 = B_SPLINE_CURVE_WITH_KNOTS('',3,(#6924,#6925,#6926,#6927,#6928,
    #6929,#6930,#6931,#6932,#6933,#6934,#6935,#6936,#6937,#6938,#6939,
    #6940,#6941,#6942,#6943,#6944,#6945),.UNSPECIFIED.,.F.,.F.,(4,1,1,1,
    1,1,1,1,1,1,1,1,1,1,1,1,1,1,1,4),(0.,1.366713726009E-02,
    5.466812833143E-02,0.123003057355,0.218671936353,0.341674769329,
    0.492011558107,0.669682303667,0.874687006597,1.107025667278,
    1.36669828597,1.65370486286,1.968045398084,2.309719891748,
    2.678728343933,3.075070754704,3.498747124111,3.949757452199,
    4.428101739001,4.933779984548),.UNSPECIFIED.);
#6924 = CARTESIAN_POINT('',(12.13190665901,-30.5699045178,0.));
#6925 = CARTESIAN_POINT('',(12.133635999026,-30.57411966498,0.));
#6926 = CARTESIAN_POINT('',(12.1406840566,-30.59092423306,0.));
#6927 = CARTESIAN_POINT('',(12.157666338198,-30.62825227661,0.));
#6928 = CARTESIAN_POINT('',(12.187518584255,-30.68972858573,0.));
#6929 = CARTESIAN_POINT('',(12.231777971796,-30.77456051059,0.));
#6930 = CARTESIAN_POINT('',(12.291730742571,-30.88198150865,0.));
#6931 = CARTESIAN_POINT('',(12.368734026485,-31.01112467066,0.));
#6932 = CARTESIAN_POINT('',(12.464066745783,-31.16108196365,0.));
#6933 = CARTESIAN_POINT('',(12.578984440806,-31.33088317958,0.));
#6934 = CARTESIAN_POINT('',(12.714696188923,-31.51950569527,0.));
#6935 = CARTESIAN_POINT('',(12.872369670096,-31.72587323447,0.));
#6936 = CARTESIAN_POINT('',(13.053126715898,-31.94885847921,0.));
#6937 = CARTESIAN_POINT('',(13.25804209983,-32.18728449991,0.));
#6938 = CARTESIAN_POINT('',(13.488141386361,-32.43992665207,0.));
#6939 = CARTESIAN_POINT('',(13.744399106335,-32.70551443877,0.));
#6940 = CARTESIAN_POINT('',(14.027737170471,-32.98273337142,0.));
#6941 = CARTESIAN_POINT('',(14.339022262357,-33.27022732821,0.));
#6942 = CARTESIAN_POINT('',(14.679067922,-33.56659913724,0.));
#6943 = CARTESIAN_POINT('',(15.048617735292,-33.87041876273,0.));
#6944 = CARTESIAN_POINT('',(15.307939816671,-34.07135845428,0.));
#6945 = CARTESIAN_POINT('',(15.442603579215,-34.17273759439,0.));
#6946 = VECTOR('',#6947,1.);
#6947 = DIRECTION('',(-0.,-0.,-1.));
#6948 = ADVANCED_FACE('',(#6949),#6972,.F.);
#6949 = FACE_BOUND('',#6950,.F.);
#6950 = EDGE_LOOP('',(#6951,#6952,#6959,#6967));
#6951 = ORIENTED_EDGE('',*,*,#6890,.T.);
#6952 = ORIENTED_EDGE('',*,*,#6953,.T.);
#6953 = EDGE_CURVE('',#6864,#6954,#6956,.T.);
#6954 = VERTEX_POINT('',#6955);
#6955 = CARTESIAN_POINT('',(17.089016247627,-33.3798670412,5.));
#6956 = B_SPLINE_CURVE_WITH_KNOTS('',1,(#6957,#6958),.UNSPECIFIED.,.F.,
  .F.,(2,2),(0.,1.827380198213),.PIECEWISE_BEZIER_KNOTS.);
#6957 = CARTESIAN_POINT('',(15.442603579215,-34.17273759439,5.));
#6958 = CARTESIAN_POINT('',(17.089016247627,-33.3798670412,5.));
#6959 = ORIENTED_EDGE('',*,*,#6960,.F.);
#6960 = EDGE_CURVE('',#6961,#6954,#6963,.T.);
#6961 = VERTEX_POINT('',#6962);
#6962 = CARTESIAN_POINT('',(17.089016247627,-33.3798670412,0.));
#6963 = LINE('',#6964,#6965);
#6964 = CARTESIAN_POINT('',(17.089016247627,-33.3798670412,0.));
#6965 = VECTOR('',#6966,1.);
#6966 = DIRECTION('',(0.,0.,1.));
#6967 = ORIENTED_EDGE('',*,*,#6968,.F.);
#6968 = EDGE_CURVE('',#6891,#6961,#6969,.T.);
#6969 = B_SPLINE_CURVE_WITH_KNOTS('',1,(#6970,#6971),.UNSPECIFIED.,.F.,
  .F.,(2,2),(0.,1.827380198213),.PIECEWISE_BEZIER_KNOTS.);
#6970 = CARTESIAN_POINT('',(15.442603579215,-34.17273759439,0.));
#6971 = CARTESIAN_POINT('',(17.089016247627,-33.3798670412,0.));
#6972 = SURFACE_OF_LINEAR_EXTRUSION('',#6973,#6976);
#6973 = B_SPLINE_CURVE_WITH_KNOTS('',1,(#6974,#6975),.UNSPECIFIED.,.F.,
  .F.,(2,2),(0.,1.827380198213),.PIECEWISE_BEZIER_KNOTS.);
#6974 = CARTESIAN_POINT('',(15.442603579215,-34.17273759439,0.));
#6975 = CARTESIAN_POINT('',(17.089016247627,-33.3798670412,0.));
#6976 = VECTOR('',#6977,1.);
#6977 = DIRECTION('',(-0.,-0.,-1.));
#6978 = ADVANCED_FACE('',(#6979),#7042,.F.);
#6979 = FACE_BOUND('',#6980,.F.);
#6980 = EDGE_LOOP('',(#6981,#6982,#7009,#7017));
#6981 = ORIENTED_EDGE('',*,*,#6960,.T.);
#6982 = ORIENTED_EDGE('',*,*,#6983,.T.);
#6983 = EDGE_CURVE('',#6954,#6984,#6986,.T.);
#6984 = VERTEX_POINT('',#6985);
#6985 = CARTESIAN_POINT('',(16.336393689064,-28.54513027902,5.));
#6986 = B_SPLINE_CURVE_WITH_KNOTS('',3,(#6987,#6988,#6989,#6990,#6991,
    #6992,#6993,#6994,#6995,#6996,#6997,#6998,#6999,#7000,#7001,#7002,
    #7003,#7004,#7005,#7006,#7007,#7008),.UNSPECIFIED.,.F.,.F.,(4,1,1,1,
    1,1,1,1,1,1,1,1,1,1,1,1,1,1,1,4),(0.,0.505678245547,0.98402253235,
    1.435032860437,1.858709229845,2.255051640615,2.6240600928,
    2.965734586464,3.280075121689,3.567081698578,3.82675431727,
    4.059092977951,4.264097680881,4.441768426441,4.592105215219,
    4.715108048196,4.810776927193,4.879111856217,4.920112847288,
    4.933779984548),.UNSPECIFIED.);
#6987 = CARTESIAN_POINT('',(17.089016247627,-33.3798670412,5.));
#6988 = CARTESIAN_POINT('',(17.093716326851,-33.21137381211,5.));
#6989 = CARTESIAN_POINT('',(17.098300023053,-32.88334379632,5.));
#6990 = CARTESIAN_POINT('',(17.091174814725,-32.40498967986,5.));
#6991 = CARTESIAN_POINT('',(17.07147700486,-31.95434647718,5.));
#6992 = CARTESIAN_POINT('',(17.040788258688,-31.53172444217,5.));
#6993 = CARTESIAN_POINT('',(17.000708163068,-31.13735864605,5.));
#6994 = CARTESIAN_POINT('',(16.952837345118,-30.77141701644,5.));
#6995 = CARTESIAN_POINT('',(16.898778315335,-30.43399834475,5.));
#6996 = CARTESIAN_POINT('',(16.840131998236,-30.12513285395,5.));
#6997 = CARTESIAN_POINT('',(16.778495288443,-29.8447822788,5.));
#6998 = CARTESIAN_POINT('',(16.71545845687,-29.59284013114,5.));
#6999 = CARTESIAN_POINT('',(16.652602326746,-29.36913219899,5.));
#7000 = CARTESIAN_POINT('',(16.591496401268,-29.17341660065,5.));
#7001 = CARTESIAN_POINT('',(16.53369404685,-29.0053856365,5.));
#7002 = CARTESIAN_POINT('',(16.480736619275,-28.86466260039,5.));
#7003 = CARTESIAN_POINT('',(16.434131442287,-28.75081373995,5.));
#7004 = CARTESIAN_POINT('',(16.395402449482,-28.66331851735,5.));
#7005 = CARTESIAN_POINT('',(16.365950906566,-28.60164923977,5.));
#7006 = CARTESIAN_POINT('',(16.347354946328,-28.56509830289,5.));
#7007 = CARTESIAN_POINT('',(16.338610997968,-28.54911043277,5.));
#7008 = CARTESIAN_POINT('',(16.336393689064,-28.54513027902,5.));
#7009 = ORIENTED_EDGE('',*,*,#7010,.F.);
#7010 = EDGE_CURVE('',#7011,#6984,#7013,.T.);
#7011 = VERTEX_POINT('',#7012);
#7012 = CARTESIAN_POINT('',(16.336393689064,-28.54513027902,0.));
#7013 = LINE('',#7014,#7015);
#7014 = CARTESIAN_POINT('',(16.336393689064,-28.54513027902,0.));
#7015 = VECTOR('',#7016,1.);
#7016 = DIRECTION('',(0.,0.,1.));
#7017 = ORIENTED_EDGE('',*,*,#7018,.F.);
#7018 = EDGE_CURVE('',#6961,#7011,#7019,.T.);
#7019 = B_SPLINE_CURVE_WITH_KNOTS('',3,(#7020,#7021,#7022,#7023,#7024,
    #7025,#7026,#7027,#7028,#7029,#7030,#7031,#7032,#7033,#7034,#7035,
    #7036,#7037,#7038,#7039,#7040,#7041),.UNSPECIFIED.,.F.,.F.,(4,1,1,1,
    1,1,1,1,1,1,1,1,1,1,1,1,1,1,1,4),(0.,0.505678245547,0.98402253235,
    1.435032860437,1.858709229845,2.255051640615,2.6240600928,
    2.965734586464,3.280075121689,3.567081698578,3.82675431727,
    4.059092977951,4.264097680881,4.441768426441,4.592105215219,
    4.715108048196,4.810776927193,4.879111856217,4.920112847288,
    4.933779984548),.UNSPECIFIED.);
#7020 = CARTESIAN_POINT('',(17.089016247627,-33.3798670412,0.));
#7021 = CARTESIAN_POINT('',(17.093716326851,-33.21137381211,0.));
#7022 = CARTESIAN_POINT('',(17.098300023053,-32.88334379632,0.));
#7023 = CARTESIAN_POINT('',(17.091174814725,-32.40498967986,0.));
#7024 = CARTESIAN_POINT('',(17.07147700486,-31.95434647718,0.));
#7025 = CARTESIAN_POINT('',(17.040788258688,-31.53172444217,0.));
#7026 = CARTESIAN_POINT('',(17.000708163068,-31.13735864605,0.));
#7027 = CARTESIAN_POINT('',(16.952837345118,-30.77141701644,0.));
#7028 = CARTESIAN_POINT('',(16.898778315335,-30.43399834475,0.));
#7029 = CARTESIAN_POINT('',(16.840131998236,-30.12513285395,0.));
#7030 = CARTESIAN_POINT('',(16.778495288443,-29.8447822788,0.));
#7031 = CARTESIAN_POINT('',(16.71545845687,-29.59284013114,0.));
#7032 = CARTESIAN_POINT('',(16.652602326746,-29.36913219899,0.));
#7033 = CARTESIAN_POINT('',(16.591496401268,-29.17341660065,0.));
#7034 = CARTESIAN_POINT('',(16.53369404685,-29.0053856365,0.));
#7035 = CARTESIAN_POINT('',(16.480736619275,-28.86466260039,0.));
#7036 = CARTESIAN_POINT('',(16.434131442287,-28.75081373995,0.));
#7037 = CARTESIAN_POINT('',(16.395402449482,-28.66331851735,0.));
#7038 = CARTESIAN_POINT('',(16.365950906566,-28.60164923977,0.));
#7039 = CARTESIAN_POINT('',(16.347354946328,-28.56509830289,0.));
#7040 = CARTESIAN_POINT('',(16.338610997968,-28.54911043277,0.));
#7041 = CARTESIAN_POINT('',(16.336393689064,-28.54513027902,0.));
#7042 = SURFACE_OF_LINEAR_EXTRUSION('',#7043,#7066);
#7043 = B_SPLINE_CURVE_WITH_KNOTS('',3,(#7044,#7045,#7046,#7047,#7048,
    #7049,#7050,#7051,#7052,#7053,#7054,#7055,#7056,#7057,#7058,#7059,
    #7060,#7061,#7062,#7063,#7064,#7065),.UNSPECIFIED.,.F.,.F.,(4,1,1,1,
    1,1,1,1,1,1,1,1,1,1,1,1,1,1,1,4),(0.,0.505678245547,0.98402253235,
    1.435032860437,1.858709229845,2.255051640615,2.6240600928,
    2.965734586464,3.280075121689,3.567081698578,3.82675431727,
    4.059092977951,4.264097680881,4.441768426441,4.592105215219,
    4.715108048196,4.810776927193,4.879111856217,4.920112847288,
    4.933779984548),.UNSPECIFIED.);
#7044 = CARTESIAN_POINT('',(17.089016247627,-33.3798670412,0.));
#7045 = CARTESIAN_POINT('',(17.093716326851,-33.21137381211,0.));
#7046 = CARTESIAN_POINT('',(17.098300023053,-32.88334379632,0.));
#7047 = CARTESIAN_POINT('',(17.091174814725,-32.40498967986,0.));
#7048 = CARTESIAN_POINT('',(17.07147700486,-31.95434647718,0.));
#7049 = CARTESIAN_POINT('',(17.040788258688,-31.53172444217,0.));
#7050 = CARTESIAN_POINT('',(17.000708163068,-31.13735864605,0.));
#7051 = CARTESIAN_POINT('',(16.952837345118,-30.77141701644,0.));
#7052 = CARTESIAN_POINT('',(16.898778315335,-30.43399834475,0.));
#7053 = CARTESIAN_POINT('',(16.840131998236,-30.12513285395,0.));
#7054 = CARTESIAN_POINT('',(16.778495288443,-29.8447822788,0.));
#7055 = CARTESIAN_POINT('',(16.71545845687,-29.59284013114,0.));
#7056 = CARTESIAN_POINT('',(16.652602326746,-29.36913219899,0.));
#7057 = CARTESIAN_POINT('',(16.591496401268,-29.17341660065,0.));
#7058 = CARTESIAN_POINT('',(16.53369404685,-29.0053856365,0.));
#7059 = CARTESIAN_POINT('',(16.480736619275,-28.86466260039,0.));
#7060 = CARTESIAN_POINT('',(16.434131442287,-28.75081373995,0.));
#7061 = CARTESIAN_POINT('',(16.395402449482,-28.66331851735,0.));
#7062 = CARTESIAN_POINT('',(16.365950906566,-28.60164923977,0.));
#7063 = CARTESIAN_POINT('',(16.347354946328,-28.56509830289,0.));
#7064 = CARTESIAN_POINT('',(16.338610997968,-28.54911043277,0.));
#7065 = CARTESIAN_POINT('',(16.336393689064,-28.54513027902,0.));
#7066 = VECTOR('',#7067,1.);
#7067 = DIRECTION('',(-0.,-0.,-1.));
#7068 = ADVANCED_FACE('',(#7069),#7092,.F.);
#7069 = FACE_BOUND('',#7070,.F.);
#7070 = EDGE_LOOP('',(#7071,#7072,#7079,#7087));
#7071 = ORIENTED_EDGE('',*,*,#7010,.T.);
#7072 = ORIENTED_EDGE('',*,*,#7073,.T.);
#7073 = EDGE_CURVE('',#6984,#7074,#7076,.T.);
#7074 = VERTEX_POINT('',#7075);
#7075 = CARTESIAN_POINT('',(15.832610345753,-27.66485269506,5.));
#7076 = B_SPLINE_CURVE_WITH_KNOTS('',1,(#7077,#7078),.UNSPECIFIED.,.F.,
  .F.,(2,2),(0.,1.014241727507),.PIECEWISE_BEZIER_KNOTS.);
#7077 = CARTESIAN_POINT('',(16.336393689064,-28.54513027902,5.));
#7078 = CARTESIAN_POINT('',(15.832610345753,-27.66485269506,5.));
#7079 = ORIENTED_EDGE('',*,*,#7080,.F.);
#7080 = EDGE_CURVE('',#7081,#7074,#7083,.T.);
#7081 = VERTEX_POINT('',#7082);
#7082 = CARTESIAN_POINT('',(15.832610345753,-27.66485269506,0.));
#7083 = LINE('',#7084,#7085);
#7084 = CARTESIAN_POINT('',(15.832610345753,-27.66485269506,0.));
#7085 = VECTOR('',#7086,1.);
#7086 = DIRECTION('',(0.,0.,1.));
#7087 = ORIENTED_EDGE('',*,*,#7088,.F.);
#7088 = EDGE_CURVE('',#7011,#7081,#7089,.T.);
#7089 = B_SPLINE_CURVE_WITH_KNOTS('',1,(#7090,#7091),.UNSPECIFIED.,.F.,
  .F.,(2,2),(0.,1.014241727507),.PIECEWISE_BEZIER_KNOTS.);
#7090 = CARTESIAN_POINT('',(16.336393689064,-28.54513027902,0.));
#7091 = CARTESIAN_POINT('',(15.832610345753,-27.66485269506,0.));
#7092 = SURFACE_OF_LINEAR_EXTRUSION('',#7093,#7096);
#7093 = B_SPLINE_CURVE_WITH_KNOTS('',1,(#7094,#7095),.UNSPECIFIED.,.F.,
  .F.,(2,2),(0.,1.014241727507),.PIECEWISE_BEZIER_KNOTS.);
#7094 = CARTESIAN_POINT('',(16.336393689064,-28.54513027902,0.));
#7095 = CARTESIAN_POINT('',(15.832610345753,-27.66485269506,0.));
#7096 = VECTOR('',#7097,1.);
#7097 = DIRECTION('',(-0.,-0.,-1.));
#7098 = ADVANCED_FACE('',(#7099),#7122,.F.);
#7099 = FACE_BOUND('',#7100,.F.);
#7100 = EDGE_LOOP('',(#7101,#7102,#7109,#7117));
#7101 = ORIENTED_EDGE('',*,*,#7080,.T.);
#7102 = ORIENTED_EDGE('',*,*,#7103,.T.);
#7103 = EDGE_CURVE('',#7074,#7104,#7106,.T.);
#7104 = VERTEX_POINT('',#7105);
#7105 = CARTESIAN_POINT('',(18.055658836552,-26.26801874862,5.));
#7106 = B_SPLINE_CURVE_WITH_KNOTS('',1,(#7107,#7108),.UNSPECIFIED.,.F.,
  .F.,(2,2),(0.,2.625469418288),.PIECEWISE_BEZIER_KNOTS.);
#7107 = CARTESIAN_POINT('',(15.832610345753,-27.66485269506,5.));
#7108 = CARTESIAN_POINT('',(18.055658836552,-26.26801874862,5.));
#7109 = ORIENTED_EDGE('',*,*,#7110,.F.);
#7110 = EDGE_CURVE('',#7111,#7104,#7113,.T.);
#7111 = VERTEX_POINT('',#7112);
#7112 = CARTESIAN_POINT('',(18.055658836552,-26.26801874862,0.));
#7113 = LINE('',#7114,#7115);
#7114 = CARTESIAN_POINT('',(18.055658836552,-26.26801874862,0.));
#7115 = VECTOR('',#7116,1.);
#7116 = DIRECTION('',(0.,0.,1.));
#7117 = ORIENTED_EDGE('',*,*,#7118,.F.);
#7118 = EDGE_CURVE('',#7081,#7111,#7119,.T.);
#7119 = B_SPLINE_CURVE_WITH_KNOTS('',1,(#7120,#7121),.UNSPECIFIED.,.F.,
  .F.,(2,2),(0.,2.625469418288),.PIECEWISE_BEZIER_KNOTS.);
#7120 = CARTESIAN_POINT('',(15.832610345753,-27.66485269506,0.));
#7121 = CARTESIAN_POINT('',(18.055658836552,-26.26801874862,0.));
#7122 = SURFACE_OF_LINEAR_EXTRUSION('',#7123,#7126);
#7123 = B_SPLINE_CURVE_WITH_KNOTS('',1,(#7124,#7125),.UNSPECIFIED.,.F.,
  .F.,(2,2),(0.,2.625469418288),.PIECEWISE_BEZIER_KNOTS.);
#7124 = CARTESIAN_POINT('',(15.832610345753,-27.66485269506,0.));
#7125 = CARTESIAN_POINT('',(18.055658836552,-26.26801874862,0.));
#7126 = VECTOR('',#7127,1.);
#7127 = DIRECTION('',(-0.,-0.,-1.));
#7128 = ADVANCED_FACE('',(#7129),#7152,.F.);
#7129 = FACE_BOUND('',#7130,.F.);
#7130 = EDGE_LOOP('',(#7131,#7132,#7139,#7147));
#7131 = ORIENTED_EDGE('',*,*,#7110,.T.);
#7132 = ORIENTED_EDGE('',*,*,#7133,.T.);
#7133 = EDGE_CURVE('',#7104,#7134,#7136,.T.);
#7134 = VERTEX_POINT('',#7135);
#7135 = CARTESIAN_POINT('',(18.630178134109,-27.1038499867,5.));
#7136 = B_SPLINE_CURVE_WITH_KNOTS('',1,(#7137,#7138),.UNSPECIFIED.,.F.,
  .F.,(2,2),(0.,1.014241727507),.PIECEWISE_BEZIER_KNOTS.);
#7137 = CARTESIAN_POINT('',(18.055658836552,-26.26801874862,5.));
#7138 = CARTESIAN_POINT('',(18.630178134109,-27.1038499867,5.));
#7139 = ORIENTED_EDGE('',*,*,#7140,.F.);
#7140 = EDGE_CURVE('',#7141,#7134,#7143,.T.);
#7141 = VERTEX_POINT('',#7142);
#7142 = CARTESIAN_POINT('',(18.630178134109,-27.1038499867,0.));
#7143 = LINE('',#7144,#7145);
#7144 = CARTESIAN_POINT('',(18.630178134109,-27.1038499867,0.));
#7145 = VECTOR('',#7146,1.);
#7146 = DIRECTION('',(0.,0.,1.));
#7147 = ORIENTED_EDGE('',*,*,#7148,.F.);
#7148 = EDGE_CURVE('',#7111,#7141,#7149,.T.);
#7149 = B_SPLINE_CURVE_WITH_KNOTS('',1,(#7150,#7151),.UNSPECIFIED.,.F.,
  .F.,(2,2),(0.,1.014241727507),.PIECEWISE_BEZIER_KNOTS.);
#7150 = CARTESIAN_POINT('',(18.055658836552,-26.26801874862,0.));
#7151 = CARTESIAN_POINT('',(18.630178134109,-27.1038499867,0.));
#7152 = SURFACE_OF_LINEAR_EXTRUSION('',#7153,#7156);
#7153 = B_SPLINE_CURVE_WITH_KNOTS('',1,(#7154,#7155),.UNSPECIFIED.,.F.,
  .F.,(2,2),(0.,1.014241727507),.PIECEWISE_BEZIER_KNOTS.);
#7154 = CARTESIAN_POINT('',(18.055658836552,-26.26801874862,0.));
#7155 = CARTESIAN_POINT('',(18.630178134109,-27.1038499867,0.));
#7156 = VECTOR('',#7157,1.);
#7157 = DIRECTION('',(-0.,-0.,-1.));
#7158 = ADVANCED_FACE('',(#7159),#7222,.F.);
#7159 = FACE_BOUND('',#7160,.F.);
#7160 = EDGE_LOOP('',(#7161,#7162,#7189,#7197));
#7161 = ORIENTED_EDGE('',*,*,#7140,.T.);
#7162 = ORIENTED_EDGE('',*,*,#7163,.T.);
#7163 = EDGE_CURVE('',#7134,#7164,#7166,.T.);
#7164 = VERTEX_POINT('',#7165);
#7165 = CARTESIAN_POINT('',(22.659574751484,-29.87965314527,5.));
#7166 = B_SPLINE_CURVE_WITH_KNOTS('',3,(#7167,#7168,#7169,#7170,#7171,
    #7172,#7173,#7174,#7175,#7176,#7177,#7178,#7179,#7180,#7181,#7182,
    #7183,#7184,#7185,#7186,#7187,#7188),.UNSPECIFIED.,.F.,.F.,(4,1,1,1,
    1,1,1,1,1,1,1,1,1,1,1,1,1,1,1,4),(0.,1.366713726009E-02,
    5.466812833143E-02,0.123003057355,0.218671936353,0.341674769329,
    0.492011558107,0.669682303667,0.874687006597,1.107025667278,
    1.36669828597,1.65370486286,1.968045398084,2.309719891748,
    2.678728343933,3.075070754704,3.498747124111,3.949757452199,
    4.428101739001,4.933779984548),.UNSPECIFIED.);
#7167 = CARTESIAN_POINT('',(18.630178134109,-27.1038499867,5.));
#7168 = CARTESIAN_POINT('',(18.632802074448,-27.10757463698,5.));
#7169 = CARTESIAN_POINT('',(18.643412790689,-27.12238953911,5.));
#7170 = CARTESIAN_POINT('',(18.668275562146,-27.15500277751,5.));
#7171 = CARTESIAN_POINT('',(18.71105911579,-27.20829499754,5.));
#7172 = CARTESIAN_POINT('',(18.773085707228,-27.28115136867,5.));
#7173 = CARTESIAN_POINT('',(18.855438757683,-27.37253835149,5.));
#7174 = CARTESIAN_POINT('',(18.959248465526,-27.48130878215,5.));
#7175 = CARTESIAN_POINT('',(19.085559631403,-27.60629280698,5.));
#7176 = CARTESIAN_POINT('',(19.235380425041,-27.74626515909,5.));
#7177 = CARTESIAN_POINT('',(19.409662054647,-27.89995980956,5.));
#7178 = CARTESIAN_POINT('',(19.609303430015,-28.06606763341,5.));
#7179 = CARTESIAN_POINT('',(19.835147404209,-28.24323994586,5.));
#7180 = CARTESIAN_POINT('',(20.087979912445,-28.43009016582,5.));
#7181 = CARTESIAN_POINT('',(20.368528297112,-28.6251961436,5.));
#7182 = CARTESIAN_POINT('',(20.677459943371,-28.82710238281,5.));
#7183 = CARTESIAN_POINT('',(21.015381146485,-29.03432220738,5.));
#7184 = CARTESIAN_POINT('',(21.382835094982,-29.24534064106,5.));
#7185 = CARTESIAN_POINT('',(21.780304031728,-29.4586145123,5.));
#7186 = CARTESIAN_POINT('',(22.208194686465,-29.67258417586,5.));
#7187 = CARTESIAN_POINT('',(22.50572830968,-29.81078129808,5.));
#7188 = CARTESIAN_POINT('',(22.659574751484,-29.87965314527,5.));
#7189 = ORIENTED_EDGE('',*,*,#7190,.F.);
#7190 = EDGE_CURVE('',#7191,#7164,#7193,.T.);
#7191 = VERTEX_POINT('',#7192);
#7192 = CARTESIAN_POINT('',(22.659574751484,-29.87965314527,0.));
#7193 = LINE('',#7194,#7195);
#7194 = CARTESIAN_POINT('',(22.659574751484,-29.87965314527,0.));
#7195 = VECTOR('',#7196,1.);
#7196 = DIRECTION('',(0.,0.,1.));
#7197 = ORIENTED_EDGE('',*,*,#7198,.F.);
#7198 = EDGE_CURVE('',#7141,#7191,#7199,.T.);
#7199 = B_SPLINE_CURVE_WITH_KNOTS('',3,(#7200,#7201,#7202,#7203,#7204,
    #7205,#7206,#7207,#7208,#7209,#7210,#7211,#7212,#7213,#7214,#7215,
    #7216,#7217,#7218,#7219,#7220,#7221),.UNSPECIFIED.,.F.,.F.,(4,1,1,1,
    1,1,1,1,1,1,1,1,1,1,1,1,1,1,1,4),(0.,1.366713726009E-02,
    5.466812833143E-02,0.123003057355,0.218671936353,0.341674769329,
    0.492011558107,0.669682303667,0.874687006597,1.107025667278,
    1.36669828597,1.65370486286,1.968045398084,2.309719891748,
    2.678728343933,3.075070754704,3.498747124111,3.949757452199,
    4.428101739001,4.933779984548),.UNSPECIFIED.);
#7200 = CARTESIAN_POINT('',(18.630178134109,-27.1038499867,0.));
#7201 = CARTESIAN_POINT('',(18.632802074448,-27.10757463698,0.));
#7202 = CARTESIAN_POINT('',(18.643412790689,-27.12238953911,0.));
#7203 = CARTESIAN_POINT('',(18.668275562146,-27.15500277751,0.));
#7204 = CARTESIAN_POINT('',(18.71105911579,-27.20829499754,0.));
#7205 = CARTESIAN_POINT('',(18.773085707228,-27.28115136867,0.));
#7206 = CARTESIAN_POINT('',(18.855438757683,-27.37253835149,0.));
#7207 = CARTESIAN_POINT('',(18.959248465526,-27.48130878215,0.));
#7208 = CARTESIAN_POINT('',(19.085559631403,-27.60629280698,0.));
#7209 = CARTESIAN_POINT('',(19.235380425041,-27.74626515909,0.));
#7210 = CARTESIAN_POINT('',(19.409662054647,-27.89995980956,0.));
#7211 = CARTESIAN_POINT('',(19.609303430015,-28.06606763341,0.));
#7212 = CARTESIAN_POINT('',(19.835147404209,-28.24323994586,0.));
#7213 = CARTESIAN_POINT('',(20.087979912445,-28.43009016582,0.));
#7214 = CARTESIAN_POINT('',(20.368528297112,-28.6251961436,0.));
#7215 = CARTESIAN_POINT('',(20.677459943371,-28.82710238281,0.));
#7216 = CARTESIAN_POINT('',(21.015381146485,-29.03432220738,0.));
#7217 = CARTESIAN_POINT('',(21.382835094982,-29.24534064106,0.));
#7218 = CARTESIAN_POINT('',(21.780304031728,-29.4586145123,0.));
#7219 = CARTESIAN_POINT('',(22.208194686465,-29.67258417586,0.));
#7220 = CARTESIAN_POINT('',(22.50572830968,-29.81078129808,0.));
#7221 = CARTESIAN_POINT('',(22.659574751484,-29.87965314527,0.));
#7222 = SURFACE_OF_LINEAR_EXTRUSION('',#7223,#7246);
#7223 = B_SPLINE_CURVE_WITH_KNOTS('',3,(#7224,#7225,#7226,#7227,#7228,
    #7229,#7230,#7231,#7232,#7233,#7234,#7235,#7236,#7237,#7238,#7239,
    #7240,#7241,#7242,#7243,#7244,#7245),.UNSPECIFIED.,.F.,.F.,(4,1,1,1,
    1,1,1,1,1,1,1,1,1,1,1,1,1,1,1,4),(0.,1.366713726009E-02,
    5.466812833143E-02,0.123003057355,0.218671936353,0.341674769329,
    0.492011558107,0.669682303667,0.874687006597,1.107025667278,
    1.36669828597,1.65370486286,1.968045398084,2.309719891748,
    2.678728343933,3.075070754704,3.498747124111,3.949757452199,
    4.428101739001,4.933779984548),.UNSPECIFIED.);
#7224 = CARTESIAN_POINT('',(18.630178134109,-27.1038499867,0.));
#7225 = CARTESIAN_POINT('',(18.632802074448,-27.10757463698,0.));
#7226 = CARTESIAN_POINT('',(18.643412790689,-27.12238953911,0.));
#7227 = CARTESIAN_POINT('',(18.668275562146,-27.15500277751,0.));
#7228 = CARTESIAN_POINT('',(18.71105911579,-27.20829499754,0.));
#7229 = CARTESIAN_POINT('',(18.773085707228,-27.28115136867,0.));
#7230 = CARTESIAN_POINT('',(18.855438757683,-27.37253835149,0.));
#7231 = CARTESIAN_POINT('',(18.959248465526,-27.48130878215,0.));
#7232 = CARTESIAN_POINT('',(19.085559631403,-27.60629280698,0.));
#7233 = CARTESIAN_POINT('',(19.235380425041,-27.74626515909,0.));
#7234 = CARTESIAN_POINT('',(19.409662054647,-27.89995980956,0.));
#7235 = CARTESIAN_POINT('',(19.609303430015,-28.06606763341,0.));
#7236 = CARTESIAN_POINT('',(19.835147404209,-28.24323994586,0.));
#7237 = CARTESIAN_POINT('',(20.087979912445,-28.43009016582,0.));
#7238 = CARTESIAN_POINT('',(20.368528297112,-28.6251961436,0.));
#7239 = CARTESIAN_POINT('',(20.677459943371,-28.82710238281,0.));
#7240 = CARTESIAN_POINT('',(21.015381146485,-29.03432220738,0.));
#7241 = CARTESIAN_POINT('',(21.382835094982,-29.24534064106,0.));
#7242 = CARTESIAN_POINT('',(21.780304031728,-29.4586145123,0.));
#7243 = CARTESIAN_POINT('',(22.208194686465,-29.67258417586,0.));
#7244 = CARTESIAN_POINT('',(22.50572830968,-29.81078129808,0.));
#7245 = CARTESIAN_POINT('',(22.659574751484,-29.87965314527,0.));
#7246 = VECTOR('',#7247,1.);
#7247 = DIRECTION('',(-0.,-0.,-1.));
#7248 = ADVANCED_FACE('',(#7249),#7272,.F.);
#7249 = FACE_BOUND('',#7250,.F.);
#7250 = EDGE_LOOP('',(#7251,#7252,#7259,#7267));
#7251 = ORIENTED_EDGE('',*,*,#7190,.T.);
#7252 = ORIENTED_EDGE('',*,*,#7253,.T.);
#7253 = EDGE_CURVE('',#7164,#7254,#7256,.T.);
#7254 = VERTEX_POINT('',#7255);
#7255 = CARTESIAN_POINT('',(24.088278120886,-28.74030022757,5.));
#7256 = B_SPLINE_CURVE_WITH_KNOTS('',1,(#7257,#7258),.UNSPECIFIED.,.F.,
  .F.,(2,2),(0.,1.827380198213),.PIECEWISE_BEZIER_KNOTS.);
#7257 = CARTESIAN_POINT('',(22.659574751484,-29.87965314527,5.));
#7258 = CARTESIAN_POINT('',(24.088278120886,-28.74030022757,5.));
#7259 = ORIENTED_EDGE('',*,*,#7260,.F.);
#7260 = EDGE_CURVE('',#7261,#7254,#7263,.T.);
#7261 = VERTEX_POINT('',#7262);
#7262 = CARTESIAN_POINT('',(24.088278120886,-28.74030022757,0.));
#7263 = LINE('',#7264,#7265);
#7264 = CARTESIAN_POINT('',(24.088278120886,-28.74030022757,0.));
#7265 = VECTOR('',#7266,1.);
#7266 = DIRECTION('',(0.,0.,1.));
#7267 = ORIENTED_EDGE('',*,*,#7268,.F.);
#7268 = EDGE_CURVE('',#7191,#7261,#7269,.T.);
#7269 = B_SPLINE_CURVE_WITH_KNOTS('',1,(#7270,#7271),.UNSPECIFIED.,.F.,
  .F.,(2,2),(0.,1.827380198213),.PIECEWISE_BEZIER_KNOTS.);
#7270 = CARTESIAN_POINT('',(22.659574751484,-29.87965314527,0.));
#7271 = CARTESIAN_POINT('',(24.088278120886,-28.74030022757,0.));
#7272 = SURFACE_OF_LINEAR_EXTRUSION('',#7273,#7276);
#7273 = B_SPLINE_CURVE_WITH_KNOTS('',1,(#7274,#7275),.UNSPECIFIED.,.F.,
  .F.,(2,2),(0.,1.827380198213),.PIECEWISE_BEZIER_KNOTS.);
#7274 = CARTESIAN_POINT('',(22.659574751484,-29.87965314527,0.));
#7275 = CARTESIAN_POINT('',(24.088278120886,-28.74030022757,0.));
#7276 = VECTOR('',#7277,1.);
#7277 = DIRECTION('',(-0.,-0.,-1.));
#7278 = ADVANCED_FACE('',(#7279),#7342,.F.);
#7279 = FACE_BOUND('',#7280,.F.);
#7280 = EDGE_LOOP('',(#7281,#7282,#7309,#7317));
#7281 = ORIENTED_EDGE('',*,*,#7260,.T.);
#7282 = ORIENTED_EDGE('',*,*,#7283,.T.);
#7283 = EDGE_CURVE('',#7254,#7284,#7286,.T.);
#7284 = VERTEX_POINT('',#7285);
#7285 = CARTESIAN_POINT('',(22.278695241452,-24.19425468471,5.));
#7286 = B_SPLINE_CURVE_WITH_KNOTS('',3,(#7287,#7288,#7289,#7290,#7291,
    #7292,#7293,#7294,#7295,#7296,#7297,#7298,#7299,#7300,#7301,#7302,
    #7303,#7304,#7305,#7306,#7307,#7308),.UNSPECIFIED.,.F.,.F.,(4,1,1,1,
    1,1,1,1,1,1,1,1,1,1,1,1,1,1,1,4),(0.,0.505678245547,0.98402253235,
    1.435032860437,1.858709229845,2.255051640615,2.6240600928,
    2.965734586464,3.280075121689,3.567081698578,3.82675431727,
    4.059092977951,4.264097680881,4.441768426441,4.592105215219,
    4.715108048196,4.810776927193,4.879111856217,4.920112847288,
    4.933779984548),.UNSPECIFIED.);
#7287 = CARTESIAN_POINT('',(24.088278120886,-28.74030022757,5.));
#7288 = CARTESIAN_POINT('',(24.05536708861,-28.5749856095,5.));
#7289 = CARTESIAN_POINT('',(23.986842316498,-28.25416002271,5.));
#7290 = CARTESIAN_POINT('',(23.873451947262,-27.78938475067,5.));
#7291 = CARTESIAN_POINT('',(23.753970456275,-27.354423289,5.));
#7292 = CARTESIAN_POINT('',(23.630008891101,-26.94922615922,5.));
#7293 = CARTESIAN_POINT('',(23.503179041886,-26.57366659729,5.));
#7294 = CARTESIAN_POINT('',(23.375078772094,-26.22755214747,5.));
#7295 = CARTESIAN_POINT('',(23.247292397093,-25.91062253215,5.));
#7296 = CARTESIAN_POINT('',(23.121387428127,-25.62255097731,5.));
#7297 = CARTESIAN_POINT('',(22.998912207517,-25.36294483463,5.));
#7298 = CARTESIAN_POINT('',(22.881393438922,-25.13134641726,5.));
#7299 = CARTESIAN_POINT('',(22.770333545216,-24.92723411481,5.));
#7300 = CARTESIAN_POINT('',(22.667208855135,-24.75002286274,5.));
#7301 = CARTESIAN_POINT('',(22.573465319347,-24.59906701957,5.));
#7302 = CARTESIAN_POINT('',(22.490521823623,-24.47365634003,5.));
#7303 = CARTESIAN_POINT('',(22.419751380968,-24.37303253572,5.));
#7304 = CARTESIAN_POINT('',(22.362523886224,-24.29634901267,5.));
#7305 = CARTESIAN_POINT('',(22.320088049734,-24.24277949747,5.));
#7306 = CARTESIAN_POINT('',(22.293824980434,-24.21128295934,5.));
#7307 = CARTESIAN_POINT('',(22.281742625322,-24.19764165005,5.));
#7308 = CARTESIAN_POINT('',(22.278695241452,-24.19425468471,5.));
#7309 = ORIENTED_EDGE('',*,*,#7310,.F.);
#7310 = EDGE_CURVE('',#7311,#7284,#7313,.T.);
#7311 = VERTEX_POINT('',#7312);
#7312 = CARTESIAN_POINT('',(22.278695241452,-24.19425468471,0.));
#7313 = LINE('',#7314,#7315);
#7314 = CARTESIAN_POINT('',(22.278695241452,-24.19425468471,0.));
#7315 = VECTOR('',#7316,1.);
#7316 = DIRECTION('',(0.,0.,1.));
#7317 = ORIENTED_EDGE('',*,*,#7318,.F.);
#7318 = EDGE_CURVE('',#7261,#7311,#7319,.T.);
#7319 = B_SPLINE_CURVE_WITH_KNOTS('',3,(#7320,#7321,#7322,#7323,#7324,
    #7325,#7326,#7327,#7328,#7329,#7330,#7331,#7332,#7333,#7334,#7335,
    #7336,#7337,#7338,#7339,#7340,#7341),.UNSPECIFIED.,.F.,.F.,(4,1,1,1,
    1,1,1,1,1,1,1,1,1,1,1,1,1,1,1,4),(0.,0.505678245547,0.98402253235,
    1.435032860437,1.858709229845,2.255051640615,2.6240600928,
    2.965734586464,3.280075121689,3.567081698578,3.82675431727,
    4.059092977951,4.264097680881,4.441768426441,4.592105215219,
    4.715108048196,4.810776927193,4.879111856217,4.920112847288,
    4.933779984548),.UNSPECIFIED.);
#7320 = CARTESIAN_POINT('',(24.088278120886,-28.74030022757,0.));
#7321 = CARTESIAN_POINT('',(24.05536708861,-28.5749856095,0.));
#7322 = CARTESIAN_POINT('',(23.986842316498,-28.25416002271,0.));
#7323 = CARTESIAN_POINT('',(23.873451947262,-27.78938475067,0.));
#7324 = CARTESIAN_POINT('',(23.753970456275,-27.354423289,0.));
#7325 = CARTESIAN_POINT('',(23.630008891101,-26.94922615922,0.));
#7326 = CARTESIAN_POINT('',(23.503179041886,-26.57366659729,0.));
#7327 = CARTESIAN_POINT('',(23.375078772094,-26.22755214747,0.));
#7328 = CARTESIAN_POINT('',(23.247292397093,-25.91062253215,0.));
#7329 = CARTESIAN_POINT('',(23.121387428127,-25.62255097731,0.));
#7330 = CARTESIAN_POINT('',(22.998912207517,-25.36294483463,0.));
#7331 = CARTESIAN_POINT('',(22.881393438922,-25.13134641726,0.));
#7332 = CARTESIAN_POINT('',(22.770333545216,-24.92723411481,0.));
#7333 = CARTESIAN_POINT('',(22.667208855135,-24.75002286274,0.));
#7334 = CARTESIAN_POINT('',(22.573465319347,-24.59906701957,0.));
#7335 = CARTESIAN_POINT('',(22.490521823623,-24.47365634003,0.));
#7336 = CARTESIAN_POINT('',(22.419751380968,-24.37303253572,0.));
#7337 = CARTESIAN_POINT('',(22.362523886224,-24.29634901267,0.));
#7338 = CARTESIAN_POINT('',(22.320088049734,-24.24277949747,0.));
#7339 = CARTESIAN_POINT('',(22.293824980434,-24.21128295934,0.));
#7340 = CARTESIAN_POINT('',(22.281742625322,-24.19764165005,0.));
#7341 = CARTESIAN_POINT('',(22.278695241452,-24.19425468471,0.));
#7342 = SURFACE_OF_LINEAR_EXTRUSION('',#7343,#7366);
#7343 = B_SPLINE_CURVE_WITH_KNOTS('',3,(#7344,#7345,#7346,#7347,#7348,
    #7349,#7350,#7351,#7352,#7353,#7354,#7355,#7356,#7357,#7358,#7359,
    #7360,#7361,#7362,#7363,#7364,#7365),.UNSPECIFIED.,.F.,.F.,(4,1,1,1,
    1,1,1,1,1,1,1,1,1,1,1,1,1,1,1,4),(0.,0.505678245547,0.98402253235,
    1.435032860437,1.858709229845,2.255051640615,2.6240600928,
    2.965734586464,3.280075121689,3.567081698578,3.82675431727,
    4.059092977951,4.264097680881,4.441768426441,4.592105215219,
    4.715108048196,4.810776927193,4.879111856217,4.920112847288,
    4.933779984548),.UNSPECIFIED.);
#7344 = CARTESIAN_POINT('',(24.088278120886,-28.74030022757,0.));
#7345 = CARTESIAN_POINT('',(24.05536708861,-28.5749856095,0.));
#7346 = CARTESIAN_POINT('',(23.986842316498,-28.25416002271,0.));
#7347 = CARTESIAN_POINT('',(23.873451947262,-27.78938475067,0.));
#7348 = CARTESIAN_POINT('',(23.753970456275,-27.354423289,0.));
#7349 = CARTESIAN_POINT('',(23.630008891101,-26.94922615922,0.));
#7350 = CARTESIAN_POINT('',(23.503179041886,-26.57366659729,0.));
#7351 = CARTESIAN_POINT('',(23.375078772094,-26.22755214747,0.));
#7352 = CARTESIAN_POINT('',(23.247292397093,-25.91062253215,0.));
#7353 = CARTESIAN_POINT('',(23.121387428127,-25.62255097731,0.));
#7354 = CARTESIAN_POINT('',(22.998912207517,-25.36294483463,0.));
#7355 = CARTESIAN_POINT('',(22.881393438922,-25.13134641726,0.));
#7356 = CARTESIAN_POINT('',(22.770333545216,-24.92723411481,0.));
#7357 = CARTESIAN_POINT('',(22.667208855135,-24.75002286274,0.));
#7358 = CARTESIAN_POINT('',(22.573465319347,-24.59906701957,0.));
#7359 = CARTESIAN_POINT('',(22.490521823623,-24.47365634003,0.));
#7360 = CARTESIAN_POINT('',(22.419751380968,-24.37303253572,0.));
#7361 = CARTESIAN_POINT('',(22.362523886224,-24.29634901267,0.));
#7362 = CARTESIAN_POINT('',(22.320088049734,-24.24277949747,0.));
#7363 = CARTESIAN_POINT('',(22.293824980434,-24.21128295934,0.));
#7364 = CARTESIAN_POINT('',(22.281742625322,-24.19764165005,0.));
#7365 = CARTESIAN_POINT('',(22.278695241452,-24.19425468471,0.));
#7366 = VECTOR('',#7367,1.);
#7367 = DIRECTION('',(-0.,-0.,-1.));
#7368 = ADVANCED_FACE('',(#7369),#7392,.F.);
#7369 = FACE_BOUND('',#7370,.F.);
#7370 = EDGE_LOOP('',(#7371,#7372,#7379,#7387));
#7371 = ORIENTED_EDGE('',*,*,#7310,.T.);
#7372 = ORIENTED_EDGE('',*,*,#7373,.T.);
#7373 = EDGE_CURVE('',#7284,#7374,#7376,.T.);
#7374 = VERTEX_POINT('',#7375);
#7375 = CARTESIAN_POINT('',(21.591662608243,-23.44814983771,5.));
#7376 = B_SPLINE_CURVE_WITH_KNOTS('',1,(#7377,#7378),.UNSPECIFIED.,.F.,
  .F.,(2,2),(0.,1.014241727507),.PIECEWISE_BEZIER_KNOTS.);
#7377 = CARTESIAN_POINT('',(22.278695241452,-24.19425468471,5.));
#7378 = CARTESIAN_POINT('',(21.591662608243,-23.44814983771,5.));
#7379 = ORIENTED_EDGE('',*,*,#7380,.F.);
#7380 = EDGE_CURVE('',#7381,#7374,#7383,.T.);
#7381 = VERTEX_POINT('',#7382);
#7382 = CARTESIAN_POINT('',(21.591662608243,-23.44814983771,0.));
#7383 = LINE('',#7384,#7385);
#7384 = CARTESIAN_POINT('',(21.591662608243,-23.44814983771,0.));
#7385 = VECTOR('',#7386,1.);
#7386 = DIRECTION('',(0.,0.,1.));
#7387 = ORIENTED_EDGE('',*,*,#7388,.F.);
#7388 = EDGE_CURVE('',#7311,#7381,#7389,.T.);
#7389 = B_SPLINE_CURVE_WITH_KNOTS('',1,(#7390,#7391),.UNSPECIFIED.,.F.,
  .F.,(2,2),(0.,1.014241727507),.PIECEWISE_BEZIER_KNOTS.);
#7390 = CARTESIAN_POINT('',(22.278695241452,-24.19425468471,0.));
#7391 = CARTESIAN_POINT('',(21.591662608243,-23.44814983771,0.));
#7392 = SURFACE_OF_LINEAR_EXTRUSION('',#7393,#7396);
#7393 = B_SPLINE_CURVE_WITH_KNOTS('',1,(#7394,#7395),.UNSPECIFIED.,.F.,
  .F.,(2,2),(0.,1.014241727507),.PIECEWISE_BEZIER_KNOTS.);
#7394 = CARTESIAN_POINT('',(22.278695241452,-24.19425468471,0.));
#7395 = CARTESIAN_POINT('',(21.591662608243,-23.44814983771,0.));
#7396 = VECTOR('',#7397,1.);
#7397 = DIRECTION('',(-0.,-0.,-1.));
#7398 = ADVANCED_FACE('',(#7399),#7422,.F.);
#7399 = FACE_BOUND('',#7400,.F.);
#7400 = EDGE_LOOP('',(#7401,#7402,#7409,#7417));
#7401 = ORIENTED_EDGE('',*,*,#7380,.T.);
#7402 = ORIENTED_EDGE('',*,*,#7403,.T.);
#7403 = EDGE_CURVE('',#7374,#7404,#7406,.T.);
#7404 = VERTEX_POINT('',#7405);
#7405 = CARTESIAN_POINT('',(23.448149837712,-21.59166260824,5.));
#7406 = B_SPLINE_CURVE_WITH_KNOTS('',1,(#7407,#7408),.UNSPECIFIED.,.F.,
  .F.,(2,2),(0.,2.625469418288),.PIECEWISE_BEZIER_KNOTS.);
#7407 = CARTESIAN_POINT('',(21.591662608243,-23.44814983771,5.));
#7408 = CARTESIAN_POINT('',(23.448149837712,-21.59166260824,5.));
#7409 = ORIENTED_EDGE('',*,*,#7410,.F.);
#7410 = EDGE_CURVE('',#7411,#7404,#7413,.T.);
#7411 = VERTEX_POINT('',#7412);
#7412 = CARTESIAN_POINT('',(23.448149837712,-21.59166260824,0.));
#7413 = LINE('',#7414,#7415);
#7414 = CARTESIAN_POINT('',(23.448149837712,-21.59166260824,0.));
#7415 = VECTOR('',#7416,1.);
#7416 = DIRECTION('',(0.,0.,1.));
#7417 = ORIENTED_EDGE('',*,*,#7418,.F.);
#7418 = EDGE_CURVE('',#7381,#7411,#7419,.T.);
#7419 = B_SPLINE_CURVE_WITH_KNOTS('',1,(#7420,#7421),.UNSPECIFIED.,.F.,
  .F.,(2,2),(0.,2.625469418288),.PIECEWISE_BEZIER_KNOTS.);
#7420 = CARTESIAN_POINT('',(21.591662608243,-23.44814983771,0.));
#7421 = CARTESIAN_POINT('',(23.448149837712,-21.59166260824,0.));
#7422 = SURFACE_OF_LINEAR_EXTRUSION('',#7423,#7426);
#7423 = B_SPLINE_CURVE_WITH_KNOTS('',1,(#7424,#7425),.UNSPECIFIED.,.F.,
  .F.,(2,2),(0.,2.625469418288),.PIECEWISE_BEZIER_KNOTS.);
#7424 = CARTESIAN_POINT('',(21.591662608243,-23.44814983771,0.));
#7425 = CARTESIAN_POINT('',(23.448149837712,-21.59166260824,0.));
#7426 = VECTOR('',#7427,1.);
#7427 = DIRECTION('',(-0.,-0.,-1.));
#7428 = ADVANCED_FACE('',(#7429),#7452,.F.);
#7429 = FACE_BOUND('',#7430,.F.);
#7430 = EDGE_LOOP('',(#7431,#7432,#7439,#7447));
#7431 = ORIENTED_EDGE('',*,*,#7410,.T.);
#7432 = ORIENTED_EDGE('',*,*,#7433,.T.);
#7433 = EDGE_CURVE('',#7404,#7434,#7436,.T.);
#7434 = VERTEX_POINT('',#7435);
#7435 = CARTESIAN_POINT('',(24.194254684716,-22.27869524145,5.));
#7436 = B_SPLINE_CURVE_WITH_KNOTS('',1,(#7437,#7438),.UNSPECIFIED.,.F.,
  .F.,(2,2),(0.,1.014241727507),.PIECEWISE_BEZIER_KNOTS.);
#7437 = CARTESIAN_POINT('',(23.448149837712,-21.59166260824,5.));
#7438 = CARTESIAN_POINT('',(24.194254684716,-22.27869524145,5.));
#7439 = ORIENTED_EDGE('',*,*,#7440,.F.);
#7440 = EDGE_CURVE('',#7441,#7434,#7443,.T.);
#7441 = VERTEX_POINT('',#7442);
#7442 = CARTESIAN_POINT('',(24.194254684716,-22.27869524145,0.));
#7443 = LINE('',#7444,#7445);
#7444 = CARTESIAN_POINT('',(24.194254684716,-22.27869524145,0.));
#7445 = VECTOR('',#7446,1.);
#7446 = DIRECTION('',(0.,0.,1.));
#7447 = ORIENTED_EDGE('',*,*,#7448,.F.);
#7448 = EDGE_CURVE('',#7411,#7441,#7449,.T.);
#7449 = B_SPLINE_CURVE_WITH_KNOTS('',1,(#7450,#7451),.UNSPECIFIED.,.F.,
  .F.,(2,2),(0.,1.014241727507),.PIECEWISE_BEZIER_KNOTS.);
#7450 = CARTESIAN_POINT('',(23.448149837712,-21.59166260824,0.));
#7451 = CARTESIAN_POINT('',(24.194254684716,-22.27869524145,0.));
#7452 = SURFACE_OF_LINEAR_EXTRUSION('',#7453,#7456);
#7453 = B_SPLINE_CURVE_WITH_KNOTS('',1,(#7454,#7455),.UNSPECIFIED.,.F.,
  .F.,(2,2),(0.,1.014241727507),.PIECEWISE_BEZIER_KNOTS.);
#7454 = CARTESIAN_POINT('',(23.448149837712,-21.59166260824,0.));
#7455 = CARTESIAN_POINT('',(24.194254684716,-22.27869524145,0.));
#7456 = VECTOR('',#7457,1.);
#7457 = DIRECTION('',(-0.,-0.,-1.));
#7458 = ADVANCED_FACE('',(#7459),#7522,.F.);
#7459 = FACE_BOUND('',#7460,.F.);
#7460 = EDGE_LOOP('',(#7461,#7462,#7489,#7497));
#7461 = ORIENTED_EDGE('',*,*,#7440,.T.);
#7462 = ORIENTED_EDGE('',*,*,#7463,.T.);
#7463 = EDGE_CURVE('',#7434,#7464,#7466,.T.);
#7464 = VERTEX_POINT('',#7465);
#7465 = CARTESIAN_POINT('',(28.74030022757,-24.08827812088,5.));
#7466 = B_SPLINE_CURVE_WITH_KNOTS('',3,(#7467,#7468,#7469,#7470,#7471,
    #7472,#7473,#7474,#7475,#7476,#7477,#7478,#7479,#7480,#7481,#7482,
    #7483,#7484,#7485,#7486,#7487,#7488),.UNSPECIFIED.,.F.,.F.,(4,1,1,1,
    1,1,1,1,1,1,1,1,1,1,1,1,1,1,1,4),(0.,1.366713726009E-02,
    5.466812833143E-02,0.123003057355,0.218671936353,0.341674769329,
    0.492011558107,0.669682303667,0.874687006597,1.107025667278,
    1.36669828597,1.65370486286,1.968045398084,2.309719891748,
    2.678728343933,3.075070754704,3.498747124111,3.949757452199,
    4.428101739001,4.933779984548),.UNSPECIFIED.);
#7467 = CARTESIAN_POINT('',(24.194254684716,-22.27869524145,5.));
#7468 = CARTESIAN_POINT('',(24.197641650052,-22.28174262532,5.));
#7469 = CARTESIAN_POINT('',(24.211282959341,-22.29382498043,5.));
#7470 = CARTESIAN_POINT('',(24.242779497477,-22.32008804973,5.));
#7471 = CARTESIAN_POINT('',(24.296349012679,-22.36252388622,5.));
#7472 = CARTESIAN_POINT('',(24.373032535721,-22.41975138096,5.));
#7473 = CARTESIAN_POINT('',(24.47365634003,-22.49052182362,5.));
#7474 = CARTESIAN_POINT('',(24.599067019577,-22.57346531934,5.));
#7475 = CARTESIAN_POINT('',(24.750022862747,-22.66720885513,5.));
#7476 = CARTESIAN_POINT('',(24.92723411481,-22.77033354521,5.));
#7477 = CARTESIAN_POINT('',(25.13134641726,-22.88139343892,5.));
#7478 = CARTESIAN_POINT('',(25.362944834633,-22.99891220751,5.));
#7479 = CARTESIAN_POINT('',(25.62255097731,-23.12138742812,5.));
#7480 = CARTESIAN_POINT('',(25.910622532152,-23.24729239709,5.));
#7481 = CARTESIAN_POINT('',(26.227552147478,-23.37507877209,5.));
#7482 = CARTESIAN_POINT('',(26.573666597292,-23.50317904188,5.));
#7483 = CARTESIAN_POINT('',(26.949226159225,-23.6300088911,5.));
#7484 = CARTESIAN_POINT('',(27.354423289,-23.75397045627,5.));
#7485 = CARTESIAN_POINT('',(27.789384750676,-23.87345194726,5.));
#7486 = CARTESIAN_POINT('',(28.254160022713,-23.98684231649,5.));
#7487 = CARTESIAN_POINT('',(28.574985609504,-24.05536708861,5.));
#7488 = CARTESIAN_POINT('',(28.74030022757,-24.08827812088,5.));
#7489 = ORIENTED_EDGE('',*,*,#7490,.F.);
#7490 = EDGE_CURVE('',#7491,#7464,#7493,.T.);
#7491 = VERTEX_POINT('',#7492);
#7492 = CARTESIAN_POINT('',(28.74030022757,-24.08827812088,0.));
#7493 = LINE('',#7494,#7495);
#7494 = CARTESIAN_POINT('',(28.74030022757,-24.08827812088,0.));
#7495 = VECTOR('',#7496,1.);
#7496 = DIRECTION('',(0.,0.,1.));
#7497 = ORIENTED_EDGE('',*,*,#7498,.F.);
#7498 = EDGE_CURVE('',#7441,#7491,#7499,.T.);
#7499 = B_SPLINE_CURVE_WITH_KNOTS('',3,(#7500,#7501,#7502,#7503,#7504,
    #7505,#7506,#7507,#7508,#7509,#7510,#7511,#7512,#7513,#7514,#7515,
    #7516,#7517,#7518,#7519,#7520,#7521),.UNSPECIFIED.,.F.,.F.,(4,1,1,1,
    1,1,1,1,1,1,1,1,1,1,1,1,1,1,1,4),(0.,1.366713726009E-02,
    5.466812833143E-02,0.123003057355,0.218671936353,0.341674769329,
    0.492011558107,0.669682303667,0.874687006597,1.107025667278,
    1.36669828597,1.65370486286,1.968045398084,2.309719891748,
    2.678728343933,3.075070754704,3.498747124111,3.949757452199,
    4.428101739001,4.933779984548),.UNSPECIFIED.);
#7500 = CARTESIAN_POINT('',(24.194254684716,-22.27869524145,0.));
#7501 = CARTESIAN_POINT('',(24.197641650052,-22.28174262532,0.));
#7502 = CARTESIAN_POINT('',(24.211282959341,-22.29382498043,0.));
#7503 = CARTESIAN_POINT('',(24.242779497477,-22.32008804973,0.));
#7504 = CARTESIAN_POINT('',(24.296349012679,-22.36252388622,0.));
#7505 = CARTESIAN_POINT('',(24.373032535721,-22.41975138096,0.));
#7506 = CARTESIAN_POINT('',(24.47365634003,-22.49052182362,0.));
#7507 = CARTESIAN_POINT('',(24.599067019577,-22.57346531934,0.));
#7508 = CARTESIAN_POINT('',(24.750022862747,-22.66720885513,0.));
#7509 = CARTESIAN_POINT('',(24.92723411481,-22.77033354521,0.));
#7510 = CARTESIAN_POINT('',(25.13134641726,-22.88139343892,0.));
#7511 = CARTESIAN_POINT('',(25.362944834633,-22.99891220751,0.));
#7512 = CARTESIAN_POINT('',(25.62255097731,-23.12138742812,0.));
#7513 = CARTESIAN_POINT('',(25.910622532152,-23.24729239709,0.));
#7514 = CARTESIAN_POINT('',(26.227552147478,-23.37507877209,0.));
#7515 = CARTESIAN_POINT('',(26.573666597292,-23.50317904188,0.));
#7516 = CARTESIAN_POINT('',(26.949226159225,-23.6300088911,0.));
#7517 = CARTESIAN_POINT('',(27.354423289,-23.75397045627,0.));
#7518 = CARTESIAN_POINT('',(27.789384750676,-23.87345194726,0.));
#7519 = CARTESIAN_POINT('',(28.254160022713,-23.98684231649,0.));
#7520 = CARTESIAN_POINT('',(28.574985609504,-24.05536708861,0.));
#7521 = CARTESIAN_POINT('',(28.74030022757,-24.08827812088,0.));
#7522 = SURFACE_OF_LINEAR_EXTRUSION('',#7523,#7546);
#7523 = B_SPLINE_CURVE_WITH_KNOTS('',3,(#7524,#7525,#7526,#7527,#7528,
    #7529,#7530,#7531,#7532,#7533,#7534,#7535,#7536,#7537,#7538,#7539,
    #7540,#7541,#7542,#7543,#7544,#7545),.UNSPECIFIED.,.F.,.F.,(4,1,1,1,
    1,1,1,1,1,1,1,1,1,1,1,1,1,1,1,4),(0.,1.366713726009E-02,
    5.466812833143E-02,0.123003057355,0.218671936353,0.341674769329,
    0.492011558107,0.669682303667,0.874687006597,1.107025667278,
    1.36669828597,1.65370486286,1.968045398084,2.309719891748,
    2.678728343933,3.075070754704,3.498747124111,3.949757452199,
    4.428101739001,4.933779984548),.UNSPECIFIED.);
#7524 = CARTESIAN_POINT('',(24.194254684716,-22.27869524145,0.));
#7525 = CARTESIAN_POINT('',(24.197641650052,-22.28174262532,0.));
#7526 = CARTESIAN_POINT('',(24.211282959341,-22.29382498043,0.));
#7527 = CARTESIAN_POINT('',(24.242779497477,-22.32008804973,0.));
#7528 = CARTESIAN_POINT('',(24.296349012679,-22.36252388622,0.));
#7529 = CARTESIAN_POINT('',(24.373032535721,-22.41975138096,0.));
#7530 = CARTESIAN_POINT('',(24.47365634003,-22.49052182362,0.));
#7531 = CARTESIAN_POINT('',(24.599067019577,-22.57346531934,0.));
#7532 = CARTESIAN_POINT('',(24.750022862747,-22.66720885513,0.));
#7533 = CARTESIAN_POINT('',(24.92723411481,-22.77033354521,0.));
#7534 = CARTESIAN_POINT('',(25.13134641726,-22.88139343892,0.));
#7535 = CARTESIAN_POINT('',(25.362944834633,-22.99891220751,0.));
#7536 = CARTESIAN_POINT('',(25.62255097731,-23.12138742812,0.));
#7537 = CARTESIAN_POINT('',(25.910622532152,-23.24729239709,0.));
#7538 = CARTESIAN_POINT('',(26.227552147478,-23.37507877209,0.));
#7539 = CARTESIAN_POINT('',(26.573666597292,-23.50317904188,0.));
#7540 = CARTESIAN_POINT('',(26.949226159225,-23.6300088911,0.));
#7541 = CARTESIAN_POINT('',(27.354423289,-23.75397045627,0.));
#7542 = CARTESIAN_POINT('',(27.789384750676,-23.87345194726,0.));
#7543 = CARTESIAN_POINT('',(28.254160022713,-23.98684231649,0.));
#7544 = CARTESIAN_POINT('',(28.574985609504,-24.05536708861,0.));
#7545 = CARTESIAN_POINT('',(28.74030022757,-24.08827812088,0.));
#7546 = VECTOR('',#7547,1.);
#7547 = DIRECTION('',(-0.,-0.,-1.));
#7548 = ADVANCED_FACE('',(#7549),#7572,.F.);
#7549 = FACE_BOUND('',#7550,.F.);
#7550 = EDGE_LOOP('',(#7551,#7552,#7559,#7567));
#7551 = ORIENTED_EDGE('',*,*,#7490,.T.);
#7552 = ORIENTED_EDGE('',*,*,#7553,.T.);
#7553 = EDGE_CURVE('',#7464,#7554,#7556,.T.);
#7554 = VERTEX_POINT('',#7555);
#7555 = CARTESIAN_POINT('',(29.879653145274,-22.65957475148,5.));
#7556 = B_SPLINE_CURVE_WITH_KNOTS('',1,(#7557,#7558),.UNSPECIFIED.,.F.,
  .F.,(2,2),(0.,1.827380198213),.PIECEWISE_BEZIER_KNOTS.);
#7557 = CARTESIAN_POINT('',(28.74030022757,-24.08827812088,5.));
#7558 = CARTESIAN_POINT('',(29.879653145274,-22.65957475148,5.));
#7559 = ORIENTED_EDGE('',*,*,#7560,.F.);
#7560 = EDGE_CURVE('',#7561,#7554,#7563,.T.);
#7561 = VERTEX_POINT('',#7562);
#7562 = CARTESIAN_POINT('',(29.879653145274,-22.65957475148,0.));
#7563 = LINE('',#7564,#7565);
#7564 = CARTESIAN_POINT('',(29.879653145274,-22.65957475148,0.));
#7565 = VECTOR('',#7566,1.);
#7566 = DIRECTION('',(0.,0.,1.));
#7567 = ORIENTED_EDGE('',*,*,#7568,.F.);
#7568 = EDGE_CURVE('',#7491,#7561,#7569,.T.);
#7569 = B_SPLINE_CURVE_WITH_KNOTS('',1,(#7570,#7571),.UNSPECIFIED.,.F.,
  .F.,(2,2),(0.,1.827380198213),.PIECEWISE_BEZIER_KNOTS.);
#7570 = CARTESIAN_POINT('',(28.74030022757,-24.08827812088,0.));
#7571 = CARTESIAN_POINT('',(29.879653145274,-22.65957475148,0.));
#7572 = SURFACE_OF_LINEAR_EXTRUSION('',#7573,#7576);
#7573 = B_SPLINE_CURVE_WITH_KNOTS('',1,(#7574,#7575),.UNSPECIFIED.,.F.,
  .F.,(2,2),(0.,1.827380198213),.PIECEWISE_BEZIER_KNOTS.);
#7574 = CARTESIAN_POINT('',(28.74030022757,-24.08827812088,0.));
#7575 = CARTESIAN_POINT('',(29.879653145274,-22.65957475148,0.));
#7576 = VECTOR('',#7577,1.);
#7577 = DIRECTION('',(-0.,-0.,-1.));
#7578 = ADVANCED_FACE('',(#7579),#7642,.F.);
#7579 = FACE_BOUND('',#7580,.F.);
#7580 = EDGE_LOOP('',(#7581,#7582,#7609,#7617));
#7581 = ORIENTED_EDGE('',*,*,#7560,.T.);
#7582 = ORIENTED_EDGE('',*,*,#7583,.T.);
#7583 = EDGE_CURVE('',#7554,#7584,#7586,.T.);
#7584 = VERTEX_POINT('',#7585);
#7585 = CARTESIAN_POINT('',(27.103849986703,-18.6301781341,5.));
#7586 = B_SPLINE_CURVE_WITH_KNOTS('',3,(#7587,#7588,#7589,#7590,#7591,
    #7592,#7593,#7594,#7595,#7596,#7597,#7598,#7599,#7600,#7601,#7602,
    #7603,#7604,#7605,#7606,#7607,#7608),.UNSPECIFIED.,.F.,.F.,(4,1,1,1,
    1,1,1,1,1,1,1,1,1,1,1,1,1,1,1,4),(0.,0.505678245547,0.98402253235,
    1.435032860437,1.858709229845,2.255051640615,2.6240600928,
    2.965734586464,3.280075121689,3.567081698578,3.82675431727,
    4.059092977951,4.264097680881,4.441768426441,4.592105215219,
    4.715108048196,4.810776927193,4.879111856217,4.920112847288,
    4.933779984548),.UNSPECIFIED.);
#7587 = CARTESIAN_POINT('',(29.879653145274,-22.65957475148,5.));
#7588 = CARTESIAN_POINT('',(29.810781298081,-22.50572830968,5.));
#7589 = CARTESIAN_POINT('',(29.672584175863,-22.20819468646,5.));
#7590 = CARTESIAN_POINT('',(29.458614512309,-21.78030403172,5.));
#7591 = CARTESIAN_POINT('',(29.245340641069,-21.38283509498,5.));
#7592 = CARTESIAN_POINT('',(29.034322207389,-21.01538114648,5.));
#7593 = CARTESIAN_POINT('',(28.827102382815,-20.67745994337,5.));
#7594 = CARTESIAN_POINT('',(28.625196143608,-20.36852829711,5.));
#7595 = CARTESIAN_POINT('',(28.430090165822,-20.08797991244,5.));
#7596 = CARTESIAN_POINT('',(28.243239945865,-19.8351474042,5.));
#7597 = CARTESIAN_POINT('',(28.066067633413,-19.60930343001,5.));
#7598 = CARTESIAN_POINT('',(27.899959809567,-19.40966205464,5.));
#7599 = CARTESIAN_POINT('',(27.746265159097,-19.23538042504,5.));
#7600 = CARTESIAN_POINT('',(27.606292806985,-19.0855596314,5.));
#7601 = CARTESIAN_POINT('',(27.481308782151,-18.95924846552,5.));
#7602 = CARTESIAN_POINT('',(27.372538351494,-18.85543875768,5.));
#7603 = CARTESIAN_POINT('',(27.281151368679,-18.77308570722,5.));
#7604 = CARTESIAN_POINT('',(27.208294997542,-18.71105911579,5.));
#7605 = CARTESIAN_POINT('',(27.155002777518,-18.66827556214,5.));
#7606 = CARTESIAN_POINT('',(27.122389539115,-18.64341279068,5.));
#7607 = CARTESIAN_POINT('',(27.107574636988,-18.63280207444,5.));
#7608 = CARTESIAN_POINT('',(27.103849986703,-18.6301781341,5.));
#7609 = ORIENTED_EDGE('',*,*,#7610,.F.);
#7610 = EDGE_CURVE('',#7611,#7584,#7613,.T.);
#7611 = VERTEX_POINT('',#7612);
#7612 = CARTESIAN_POINT('',(27.103849986703,-18.6301781341,0.));
#7613 = LINE('',#7614,#7615);
#7614 = CARTESIAN_POINT('',(27.103849986703,-18.6301781341,0.));
#7615 = VECTOR('',#7616,1.);
#7616 = DIRECTION('',(0.,0.,1.));
#7617 = ORIENTED_EDGE('',*,*,#7618,.F.);
#7618 = EDGE_CURVE('',#7561,#7611,#7619,.T.);
#7619 = B_SPLINE_CURVE_WITH_KNOTS('',3,(#7620,#7621,#7622,#7623,#7624,
    #7625,#7626,#7627,#7628,#7629,#7630,#7631,#7632,#7633,#7634,#7635,
    #7636,#7637,#7638,#7639,#7640,#7641),.UNSPECIFIED.,.F.,.F.,(4,1,1,1,
    1,1,1,1,1,1,1,1,1,1,1,1,1,1,1,4),(0.,0.505678245547,0.98402253235,
    1.435032860437,1.858709229845,2.255051640615,2.6240600928,
    2.965734586464,3.280075121689,3.567081698578,3.82675431727,
    4.059092977951,4.264097680881,4.441768426441,4.592105215219,
    4.715108048196,4.810776927193,4.879111856217,4.920112847288,
    4.933779984548),.UNSPECIFIED.);
#7620 = CARTESIAN_POINT('',(29.879653145274,-22.65957475148,0.));
#7621 = CARTESIAN_POINT('',(29.810781298081,-22.50572830968,0.));
#7622 = CARTESIAN_POINT('',(29.672584175863,-22.20819468646,0.));
#7623 = CARTESIAN_POINT('',(29.458614512309,-21.78030403172,0.));
#7624 = CARTESIAN_POINT('',(29.245340641069,-21.38283509498,0.));
#7625 = CARTESIAN_POINT('',(29.034322207389,-21.01538114648,0.));
#7626 = CARTESIAN_POINT('',(28.827102382815,-20.67745994337,0.));
#7627 = CARTESIAN_POINT('',(28.625196143608,-20.36852829711,0.));
#7628 = CARTESIAN_POINT('',(28.430090165822,-20.08797991244,0.));
#7629 = CARTESIAN_POINT('',(28.243239945865,-19.8351474042,0.));
#7630 = CARTESIAN_POINT('',(28.066067633413,-19.60930343001,0.));
#7631 = CARTESIAN_POINT('',(27.899959809567,-19.40966205464,0.));
#7632 = CARTESIAN_POINT('',(27.746265159097,-19.23538042504,0.));
#7633 = CARTESIAN_POINT('',(27.606292806985,-19.0855596314,0.));
#7634 = CARTESIAN_POINT('',(27.481308782151,-18.95924846552,0.));
#7635 = CARTESIAN_POINT('',(27.372538351494,-18.85543875768,0.));
#7636 = CARTESIAN_POINT('',(27.281151368679,-18.77308570722,0.));
#7637 = CARTESIAN_POINT('',(27.208294997542,-18.71105911579,0.));
#7638 = CARTESIAN_POINT('',(27.155002777518,-18.66827556214,0.));
#7639 = CARTESIAN_POINT('',(27.122389539115,-18.64341279068,0.));
#7640 = CARTESIAN_POINT('',(27.107574636988,-18.63280207444,0.));
#7641 = CARTESIAN_POINT('',(27.103849986703,-18.6301781341,0.));
#7642 = SURFACE_OF_LINEAR_EXTRUSION('',#7643,#7666);
#7643 = B_SPLINE_CURVE_WITH_KNOTS('',3,(#7644,#7645,#7646,#7647,#7648,
    #7649,#7650,#7651,#7652,#7653,#7654,#7655,#7656,#7657,#7658,#7659,
    #7660,#7661,#7662,#7663,#7664,#7665),.UNSPECIFIED.,.F.,.F.,(4,1,1,1,
    1,1,1,1,1,1,1,1,1,1,1,1,1,1,1,4),(0.,0.505678245547,0.98402253235,
    1.435032860437,1.858709229845,2.255051640615,2.6240600928,
    2.965734586464,3.280075121689,3.567081698578,3.82675431727,
    4.059092977951,4.264097680881,4.441768426441,4.592105215219,
    4.715108048196,4.810776927193,4.879111856217,4.920112847288,
    4.933779984548),.UNSPECIFIED.);
#7644 = CARTESIAN_POINT('',(29.879653145274,-22.65957475148,0.));
#7645 = CARTESIAN_POINT('',(29.810781298081,-22.50572830968,0.));
#7646 = CARTESIAN_POINT('',(29.672584175863,-22.20819468646,0.));
#7647 = CARTESIAN_POINT('',(29.458614512309,-21.78030403172,0.));
#7648 = CARTESIAN_POINT('',(29.245340641069,-21.38283509498,0.));
#7649 = CARTESIAN_POINT('',(29.034322207389,-21.01538114648,0.));
#7650 = CARTESIAN_POINT('',(28.827102382815,-20.67745994337,0.));
#7651 = CARTESIAN_POINT('',(28.625196143608,-20.36852829711,0.));
#7652 = CARTESIAN_POINT('',(28.430090165822,-20.08797991244,0.));
#7653 = CARTESIAN_POINT('',(28.243239945865,-19.8351474042,0.));
#7654 = CARTESIAN_POINT('',(28.066067633413,-19.60930343001,0.));
#7655 = CARTESIAN_POINT('',(27.899959809567,-19.40966205464,0.));
#7656 = CARTESIAN_POINT('',(27.746265159097,-19.23538042504,0.));
#7657 = CARTESIAN_POINT('',(27.606292806985,-19.0855596314,0.));
#7658 = CARTESIAN_POINT('',(27.481308782151,-18.95924846552,0.));
#7659 = CARTESIAN_POINT('',(27.372538351494,-18.85543875768,0.));
#7660 = CARTESIAN_POINT('',(27.281151368679,-18.77308570722,0.));
#7661 = CARTESIAN_POINT('',(27.208294997542,-18.71105911579,0.));
#7662 = CARTESIAN_POINT('',(27.155002777518,-18.66827556214,0.));
#7663 = CARTESIAN_POINT('',(27.122389539115,-18.64341279068,0.));
#7664 = CARTESIAN_POINT('',(27.107574636988,-18.63280207444,0.));
#7665 = CARTESIAN_POINT('',(27.103849986703,-18.6301781341,0.));
#7666 = VECTOR('',#7667,1.);
#7667 = DIRECTION('',(-0.,-0.,-1.));
#7668 = ADVANCED_FACE('',(#7669),#7692,.F.);
#7669 = FACE_BOUND('',#7670,.F.);
#7670 = EDGE_LOOP('',(#7671,#7672,#7679,#7687));
#7671 = ORIENTED_EDGE('',*,*,#7610,.T.);
#7672 = ORIENTED_EDGE('',*,*,#7673,.T.);
#7673 = EDGE_CURVE('',#7584,#7674,#7676,.T.);
#7674 = VERTEX_POINT('',#7675);
#7675 = CARTESIAN_POINT('',(26.268018748624,-18.05565883655,5.));
#7676 = B_SPLINE_CURVE_WITH_KNOTS('',1,(#7677,#7678),.UNSPECIFIED.,.F.,
  .F.,(2,2),(0.,1.014241727507),.PIECEWISE_BEZIER_KNOTS.);
#7677 = CARTESIAN_POINT('',(27.103849986703,-18.6301781341,5.));
#7678 = CARTESIAN_POINT('',(26.268018748624,-18.05565883655,5.));
#7679 = ORIENTED_EDGE('',*,*,#7680,.F.);
#7680 = EDGE_CURVE('',#7681,#7674,#7683,.T.);
#7681 = VERTEX_POINT('',#7682);
#7682 = CARTESIAN_POINT('',(26.268018748624,-18.05565883655,0.));
#7683 = LINE('',#7684,#7685);
#7684 = CARTESIAN_POINT('',(26.268018748624,-18.05565883655,0.));
#7685 = VECTOR('',#7686,1.);
#7686 = DIRECTION('',(0.,0.,1.));
#7687 = ORIENTED_EDGE('',*,*,#7688,.F.);
#7688 = EDGE_CURVE('',#7611,#7681,#7689,.T.);
#7689 = B_SPLINE_CURVE_WITH_KNOTS('',1,(#7690,#7691),.UNSPECIFIED.,.F.,
  .F.,(2,2),(0.,1.014241727507),.PIECEWISE_BEZIER_KNOTS.);
#7690 = CARTESIAN_POINT('',(27.103849986703,-18.6301781341,0.));
#7691 = CARTESIAN_POINT('',(26.268018748624,-18.05565883655,0.));
#7692 = SURFACE_OF_LINEAR_EXTRUSION('',#7693,#7696);
#7693 = B_SPLINE_CURVE_WITH_KNOTS('',1,(#7694,#7695),.UNSPECIFIED.,.F.,
  .F.,(2,2),(0.,1.014241727507),.PIECEWISE_BEZIER_KNOTS.);
#7694 = CARTESIAN_POINT('',(27.103849986703,-18.6301781341,0.));
#7695 = CARTESIAN_POINT('',(26.268018748624,-18.05565883655,0.));
#7696 = VECTOR('',#7697,1.);
#7697 = DIRECTION('',(-0.,-0.,-1.));
#7698 = ADVANCED_FACE('',(#7699),#7722,.F.);
#7699 = FACE_BOUND('',#7700,.F.);
#7700 = EDGE_LOOP('',(#7701,#7702,#7709,#7717));
#7701 = ORIENTED_EDGE('',*,*,#7680,.T.);
#7702 = ORIENTED_EDGE('',*,*,#7703,.T.);
#7703 = EDGE_CURVE('',#7674,#7704,#7706,.T.);
#7704 = VERTEX_POINT('',#7705);
#7705 = CARTESIAN_POINT('',(27.664852695063,-15.83261034575,5.));
#7706 = B_SPLINE_CURVE_WITH_KNOTS('',1,(#7707,#7708),.UNSPECIFIED.,.F.,
  .F.,(2,2),(0.,2.625469418288),.PIECEWISE_BEZIER_KNOTS.);
#7707 = CARTESIAN_POINT('',(26.268018748624,-18.05565883655,5.));
#7708 = CARTESIAN_POINT('',(27.664852695063,-15.83261034575,5.));
#7709 = ORIENTED_EDGE('',*,*,#7710,.F.);
#7710 = EDGE_CURVE('',#7711,#7704,#7713,.T.);
#7711 = VERTEX_POINT('',#7712);
#7712 = CARTESIAN_POINT('',(27.664852695063,-15.83261034575,0.));
#7713 = LINE('',#7714,#7715);
#7714 = CARTESIAN_POINT('',(27.664852695063,-15.83261034575,0.));
#7715 = VECTOR('',#7716,1.);
#7716 = DIRECTION('',(0.,0.,1.));
#7717 = ORIENTED_EDGE('',*,*,#7718,.F.);
#7718 = EDGE_CURVE('',#7681,#7711,#7719,.T.);
#7719 = B_SPLINE_CURVE_WITH_KNOTS('',1,(#7720,#7721),.UNSPECIFIED.,.F.,
  .F.,(2,2),(0.,2.625469418288),.PIECEWISE_BEZIER_KNOTS.);
#7720 = CARTESIAN_POINT('',(26.268018748624,-18.05565883655,0.));
#7721 = CARTESIAN_POINT('',(27.664852695063,-15.83261034575,0.));
#7722 = SURFACE_OF_LINEAR_EXTRUSION('',#7723,#7726);
#7723 = B_SPLINE_CURVE_WITH_KNOTS('',1,(#7724,#7725),.UNSPECIFIED.,.F.,
  .F.,(2,2),(0.,2.625469418288),.PIECEWISE_BEZIER_KNOTS.);
#7724 = CARTESIAN_POINT('',(26.268018748624,-18.05565883655,0.));
#7725 = CARTESIAN_POINT('',(27.664852695063,-15.83261034575,0.));
#7726 = VECTOR('',#7727,1.);
#7727 = DIRECTION('',(-0.,-0.,-1.));
#7728 = ADVANCED_FACE('',(#7729),#7752,.F.);
#7729 = FACE_BOUND('',#7730,.F.);
#7730 = EDGE_LOOP('',(#7731,#7732,#7739,#7747));
#7731 = ORIENTED_EDGE('',*,*,#7710,.T.);
#7732 = ORIENTED_EDGE('',*,*,#7733,.T.);
#7733 = EDGE_CURVE('',#7704,#7734,#7736,.T.);
#7734 = VERTEX_POINT('',#7735);
#7735 = CARTESIAN_POINT('',(28.545130279021,-16.33639368906,5.));
#7736 = B_SPLINE_CURVE_WITH_KNOTS('',1,(#7737,#7738),.UNSPECIFIED.,.F.,
  .F.,(2,2),(0.,1.014241727507),.PIECEWISE_BEZIER_KNOTS.);
#7737 = CARTESIAN_POINT('',(27.664852695063,-15.83261034575,5.));
#7738 = CARTESIAN_POINT('',(28.545130279021,-16.33639368906,5.));
#7739 = ORIENTED_EDGE('',*,*,#7740,.F.);
#7740 = EDGE_CURVE('',#7741,#7734,#7743,.T.);
#7741 = VERTEX_POINT('',#7742);
#7742 = CARTESIAN_POINT('',(28.545130279021,-16.33639368906,0.));
#7743 = LINE('',#7744,#7745);
#7744 = CARTESIAN_POINT('',(28.545130279021,-16.33639368906,0.));
#7745 = VECTOR('',#7746,1.);
#7746 = DIRECTION('',(0.,0.,1.));
#7747 = ORIENTED_EDGE('',*,*,#7748,.F.);
#7748 = EDGE_CURVE('',#7711,#7741,#7749,.T.);
#7749 = B_SPLINE_CURVE_WITH_KNOTS('',1,(#7750,#7751),.UNSPECIFIED.,.F.,
  .F.,(2,2),(0.,1.014241727507),.PIECEWISE_BEZIER_KNOTS.);
#7750 = CARTESIAN_POINT('',(27.664852695063,-15.83261034575,0.));
#7751 = CARTESIAN_POINT('',(28.545130279021,-16.33639368906,0.));
#7752 = SURFACE_OF_LINEAR_EXTRUSION('',#7753,#7756);
#7753 = B_SPLINE_CURVE_WITH_KNOTS('',1,(#7754,#7755),.UNSPECIFIED.,.F.,
  .F.,(2,2),(0.,1.014241727507),.PIECEWISE_BEZIER_KNOTS.);
#7754 = CARTESIAN_POINT('',(27.664852695063,-15.83261034575,0.));
#7755 = CARTESIAN_POINT('',(28.545130279021,-16.33639368906,0.));
#7756 = VECTOR('',#7757,1.);
#7757 = DIRECTION('',(-0.,-0.,-1.));
#7758 = ADVANCED_FACE('',(#7759),#7822,.F.);
#7759 = FACE_BOUND('',#7760,.F.);
#7760 = EDGE_LOOP('',(#7761,#7762,#7789,#7797));
#7761 = ORIENTED_EDGE('',*,*,#7740,.T.);
#7762 = ORIENTED_EDGE('',*,*,#7763,.T.);
#7763 = EDGE_CURVE('',#7734,#7764,#7766,.T.);
#7764 = VERTEX_POINT('',#7765);
#7765 = CARTESIAN_POINT('',(33.379867041202,-17.08901624762,5.));
#7766 = B_SPLINE_CURVE_WITH_KNOTS('',3,(#7767,#7768,#7769,#7770,#7771,
    #7772,#7773,#7774,#7775,#7776,#7777,#7778,#7779,#7780,#7781,#7782,
    #7783,#7784,#7785,#7786,#7787,#7788),.UNSPECIFIED.,.F.,.F.,(4,1,1,1,
    1,1,1,1,1,1,1,1,1,1,1,1,1,1,1,4),(0.,1.366713726009E-02,
    5.466812833143E-02,0.123003057355,0.218671936353,0.341674769329,
    0.492011558107,0.669682303667,0.874687006597,1.107025667278,
    1.36669828597,1.65370486286,1.968045398084,2.309719891748,
    2.678728343933,3.075070754704,3.498747124111,3.949757452199,
    4.428101739001,4.933779984548),.UNSPECIFIED.);
#7767 = CARTESIAN_POINT('',(28.545130279021,-16.33639368906,5.));
#7768 = CARTESIAN_POINT('',(28.54911043277,-16.33861099796,5.));
#7769 = CARTESIAN_POINT('',(28.565098302899,-16.34735494632,5.));
#7770 = CARTESIAN_POINT('',(28.601649239774,-16.36595090656,5.));
#7771 = CARTESIAN_POINT('',(28.663318517355,-16.39540244948,5.));
#7772 = CARTESIAN_POINT('',(28.750813739951,-16.43413144228,5.));
#7773 = CARTESIAN_POINT('',(28.864662600398,-16.48073661927,5.));
#7774 = CARTESIAN_POINT('',(29.005385636509,-16.53369404685,5.));
#7775 = CARTESIAN_POINT('',(29.173416600658,-16.59149640126,5.));
#7776 = CARTESIAN_POINT('',(29.369132198997,-16.65260232674,5.));
#7777 = CARTESIAN_POINT('',(29.592840131148,-16.71545845687,5.));
#7778 = CARTESIAN_POINT('',(29.844782278807,-16.77849528844,5.));
#7779 = CARTESIAN_POINT('',(30.125132853954,-16.84013199823,5.));
#7780 = CARTESIAN_POINT('',(30.433998344759,-16.89877831533,5.));
#7781 = CARTESIAN_POINT('',(30.771417016449,-16.95283734511,5.));
#7782 = CARTESIAN_POINT('',(31.137358646057,-17.00070816306,5.));
#7783 = CARTESIAN_POINT('',(31.531724442173,-17.04078825868,5.));
#7784 = CARTESIAN_POINT('',(31.954346477184,-17.07147700486,5.));
#7785 = CARTESIAN_POINT('',(32.40498967986,-17.09117481472,5.));
#7786 = CARTESIAN_POINT('',(32.883343796325,-17.09830002305,5.));
#7787 = CARTESIAN_POINT('',(33.211373812119,-17.09371632685,5.));
#7788 = CARTESIAN_POINT('',(33.379867041202,-17.08901624762,5.));
#7789 = ORIENTED_EDGE('',*,*,#7790,.F.);
#7790 = EDGE_CURVE('',#7791,#7764,#7793,.T.);
#7791 = VERTEX_POINT('',#7792);
#7792 = CARTESIAN_POINT('',(33.379867041202,-17.08901624762,0.));
#7793 = LINE('',#7794,#7795);
#7794 = CARTESIAN_POINT('',(33.379867041202,-17.08901624762,0.));
#7795 = VECTOR('',#7796,1.);
#7796 = DIRECTION('',(0.,0.,1.));
#7797 = ORIENTED_EDGE('',*,*,#7798,.F.);
#7798 = EDGE_CURVE('',#7741,#7791,#7799,.T.);
#7799 = B_SPLINE_CURVE_WITH_KNOTS('',3,(#7800,#7801,#7802,#7803,#7804,
    #7805,#7806,#7807,#7808,#7809,#7810,#7811,#7812,#7813,#7814,#7815,
    #7816,#7817,#7818,#7819,#7820,#7821),.UNSPECIFIED.,.F.,.F.,(4,1,1,1,
    1,1,1,1,1,1,1,1,1,1,1,1,1,1,1,4),(0.,1.366713726009E-02,
    5.466812833143E-02,0.123003057355,0.218671936353,0.341674769329,
    0.492011558107,0.669682303667,0.874687006597,1.107025667278,
    1.36669828597,1.65370486286,1.968045398084,2.309719891748,
    2.678728343933,3.075070754704,3.498747124111,3.949757452199,
    4.428101739001,4.933779984548),.UNSPECIFIED.);
#7800 = CARTESIAN_POINT('',(28.545130279021,-16.33639368906,0.));
#7801 = CARTESIAN_POINT('',(28.54911043277,-16.33861099796,0.));
#7802 = CARTESIAN_POINT('',(28.565098302899,-16.34735494632,0.));
#7803 = CARTESIAN_POINT('',(28.601649239774,-16.36595090656,0.));
#7804 = CARTESIAN_POINT('',(28.663318517355,-16.39540244948,0.));
#7805 = CARTESIAN_POINT('',(28.750813739951,-16.43413144228,0.));
#7806 = CARTESIAN_POINT('',(28.864662600398,-16.48073661927,0.));
#7807 = CARTESIAN_POINT('',(29.005385636509,-16.53369404685,0.));
#7808 = CARTESIAN_POINT('',(29.173416600658,-16.59149640126,0.));
#7809 = CARTESIAN_POINT('',(29.369132198997,-16.65260232674,0.));
#7810 = CARTESIAN_POINT('',(29.592840131148,-16.71545845687,0.));
#7811 = CARTESIAN_POINT('',(29.844782278807,-16.77849528844,0.));
#7812 = CARTESIAN_POINT('',(30.125132853954,-16.84013199823,0.));
#7813 = CARTESIAN_POINT('',(30.433998344759,-16.89877831533,0.));
#7814 = CARTESIAN_POINT('',(30.771417016449,-16.95283734511,0.));
#7815 = CARTESIAN_POINT('',(31.137358646057,-17.00070816306,0.));
#7816 = CARTESIAN_POINT('',(31.531724442173,-17.04078825868,0.));
#7817 = CARTESIAN_POINT('',(31.954346477184,-17.07147700486,0.));
#7818 = CARTESIAN_POINT('',(32.40498967986,-17.09117481472,0.));
#7819 = CARTESIAN_POINT('',(32.883343796325,-17.09830002305,0.));
#7820 = CARTESIAN_POINT('',(33.211373812119,-17.09371632685,0.));
#7821 = CARTESIAN_POINT('',(33.379867041202,-17.08901624762,0.));
#7822 = SURFACE_OF_LINEAR_EXTRUSION('',#7823,#7846);
#7823 = B_SPLINE_CURVE_WITH_KNOTS('',3,(#7824,#7825,#7826,#7827,#7828,
    #7829,#7830,#7831,#7832,#7833,#7834,#7835,#7836,#7837,#7838,#7839,
    #7840,#7841,#7842,#7843,#7844,#7845),.UNSPECIFIED.,.F.,.F.,(4,1,1,1,
    1,1,1,1,1,1,1,1,1,1,1,1,1,1,1,4),(0.,1.366713726009E-02,
    5.466812833143E-02,0.123003057355,0.218671936353,0.341674769329,
    0.492011558107,0.669682303667,0.874687006597,1.107025667278,
    1.36669828597,1.65370486286,1.968045398084,2.309719891748,
    2.678728343933,3.075070754704,3.498747124111,3.949757452199,
    4.428101739001,4.933779984548),.UNSPECIFIED.);
#7824 = CARTESIAN_POINT('',(28.545130279021,-16.33639368906,0.));
#7825 = CARTESIAN_POINT('',(28.54911043277,-16.33861099796,0.));
#7826 = CARTESIAN_POINT('',(28.565098302899,-16.34735494632,0.));
#7827 = CARTESIAN_POINT('',(28.601649239774,-16.36595090656,0.));
#7828 = CARTESIAN_POINT('',(28.663318517355,-16.39540244948,0.));
#7829 = CARTESIAN_POINT('',(28.750813739951,-16.43413144228,0.));
#7830 = CARTESIAN_POINT('',(28.864662600398,-16.48073661927,0.));
#7831 = CARTESIAN_POINT('',(29.005385636509,-16.53369404685,0.));
#7832 = CARTESIAN_POINT('',(29.173416600658,-16.59149640126,0.));
#7833 = CARTESIAN_POINT('',(29.369132198997,-16.65260232674,0.));
#7834 = CARTESIAN_POINT('',(29.592840131148,-16.71545845687,0.));
#7835 = CARTESIAN_POINT('',(29.844782278807,-16.77849528844,0.));
#7836 = CARTESIAN_POINT('',(30.125132853954,-16.84013199823,0.));
#7837 = CARTESIAN_POINT('',(30.433998344759,-16.89877831533,0.));
#7838 = CARTESIAN_POINT('',(30.771417016449,-16.95283734511,0.));
#7839 = CARTESIAN_POINT('',(31.137358646057,-17.00070816306,0.));
#7840 = CARTESIAN_POINT('',(31.531724442173,-17.04078825868,0.));
#7841 = CARTESIAN_POINT('',(31.954346477184,-17.07147700486,0.));
#7842 = CARTESIAN_POINT('',(32.40498967986,-17.09117481472,0.));
#7843 = CARTESIAN_POINT('',(32.883343796325,-17.09830002305,0.));
#7844 = CARTESIAN_POINT('',(33.211373812119,-17.09371632685,0.));
#7845 = CARTESIAN_POINT('',(33.379867041202,-17.08901624762,0.));
#7846 = VECTOR('',#7847,1.);
#7847 = DIRECTION('',(-0.,-0.,-1.));
#7848 = ADVANCED_FACE('',(#7849),#7872,.F.);
#7849 = FACE_BOUND('',#7850,.F.);
#7850 = EDGE_LOOP('',(#7851,#7852,#7859,#7867));
#7851 = ORIENTED_EDGE('',*,*,#7790,.T.);
#7852 = ORIENTED_EDGE('',*,*,#7853,.T.);
#7853 = EDGE_CURVE('',#7764,#7854,#7856,.T.);
#7854 = VERTEX_POINT('',#7855);
#7855 = CARTESIAN_POINT('',(34.172737594392,-15.44260357921,5.));
#7856 = B_SPLINE_CURVE_WITH_KNOTS('',1,(#7857,#7858),.UNSPECIFIED.,.F.,
  .F.,(2,2),(0.,1.827380198213),.PIECEWISE_BEZIER_KNOTS.);
#7857 = CARTESIAN_POINT('',(33.379867041202,-17.08901624762,5.));
#7858 = CARTESIAN_POINT('',(34.172737594392,-15.44260357921,5.));
#7859 = ORIENTED_EDGE('',*,*,#7860,.F.);
#7860 = EDGE_CURVE('',#7861,#7854,#7863,.T.);
#7861 = VERTEX_POINT('',#7862);
#7862 = CARTESIAN_POINT('',(34.172737594392,-15.44260357921,0.));
#7863 = LINE('',#7864,#7865);
#7864 = CARTESIAN_POINT('',(34.172737594392,-15.44260357921,0.));
#7865 = VECTOR('',#7866,1.);
#7866 = DIRECTION('',(0.,0.,1.));
#7867 = ORIENTED_EDGE('',*,*,#7868,.F.);
#7868 = EDGE_CURVE('',#7791,#7861,#7869,.T.);
#7869 = B_SPLINE_CURVE_WITH_KNOTS('',1,(#7870,#7871),.UNSPECIFIED.,.F.,
  .F.,(2,2),(0.,1.827380198213),.PIECEWISE_BEZIER_KNOTS.);
#7870 = CARTESIAN_POINT('',(33.379867041202,-17.08901624762,0.));
#7871 = CARTESIAN_POINT('',(34.172737594392,-15.44260357921,0.));
#7872 = SURFACE_OF_LINEAR_EXTRUSION('',#7873,#7876);
#7873 = B_SPLINE_CURVE_WITH_KNOTS('',1,(#7874,#7875),.UNSPECIFIED.,.F.,
  .F.,(2,2),(0.,1.827380198213),.PIECEWISE_BEZIER_KNOTS.);
#7874 = CARTESIAN_POINT('',(33.379867041202,-17.08901624762,0.));
#7875 = CARTESIAN_POINT('',(34.172737594392,-15.44260357921,0.));
#7876 = VECTOR('',#7877,1.);
#7877 = DIRECTION('',(-0.,-0.,-1.));
#7878 = ADVANCED_FACE('',(#7879),#7942,.F.);
#7879 = FACE_BOUND('',#7880,.F.);
#7880 = EDGE_LOOP('',(#7881,#7882,#7909,#7917));
#7881 = ORIENTED_EDGE('',*,*,#7860,.T.);
#7882 = ORIENTED_EDGE('',*,*,#7883,.T.);
#7883 = EDGE_CURVE('',#7854,#7884,#7886,.T.);
#7884 = VERTEX_POINT('',#7885);
#7885 = CARTESIAN_POINT('',(30.569904517801,-12.13190665901,5.));
#7886 = B_SPLINE_CURVE_WITH_KNOTS('',3,(#7887,#7888,#7889,#7890,#7891,
    #7892,#7893,#7894,#7895,#7896,#7897,#7898,#7899,#7900,#7901,#7902,
    #7903,#7904,#7905,#7906,#7907,#7908),.UNSPECIFIED.,.F.,.F.,(4,1,1,1,
    1,1,1,1,1,1,1,1,1,1,1,1,1,1,1,4),(0.,0.505678245547,0.98402253235,
    1.435032860437,1.858709229845,2.255051640615,2.6240600928,
    2.965734586464,3.280075121689,3.567081698578,3.82675431727,
    4.059092977951,4.264097680881,4.441768426441,4.592105215219,
    4.715108048196,4.810776927193,4.879111856217,4.920112847288,
    4.933779984548),.UNSPECIFIED.);
#7887 = CARTESIAN_POINT('',(34.172737594392,-15.44260357921,5.));
#7888 = CARTESIAN_POINT('',(34.071358454284,-15.30793981667,5.));
#7889 = CARTESIAN_POINT('',(33.87041876273,-15.04861773529,5.));
#7890 = CARTESIAN_POINT('',(33.566599137247,-14.679067922,5.));
#7891 = CARTESIAN_POINT('',(33.270227328213,-14.33902226235,5.));
#7892 = CARTESIAN_POINT('',(32.982733371428,-14.02773717047,5.));
#7893 = CARTESIAN_POINT('',(32.705514438772,-13.74439910633,5.));
#7894 = CARTESIAN_POINT('',(32.439926652072,-13.48814138636,5.));
#7895 = CARTESIAN_POINT('',(32.187284499919,-13.25804209983,5.));
#7896 = CARTESIAN_POINT('',(31.948858479218,-13.05312671589,5.));
#7897 = CARTESIAN_POINT('',(31.725873234477,-12.87236967009,5.));
#7898 = CARTESIAN_POINT('',(31.519505695274,-12.71469618892,5.));
#7899 = CARTESIAN_POINT('',(31.330883179587,-12.5789844408,5.));
#7900 = CARTESIAN_POINT('',(31.161081963653,-12.46406674578,5.));
#7901 = CARTESIAN_POINT('',(31.011124670665,-12.36873402648,5.));
#7902 = CARTESIAN_POINT('',(30.881981508655,-12.29173074257,5.));
#7903 = CARTESIAN_POINT('',(30.774560510597,-12.23177797179,5.));
#7904 = CARTESIAN_POINT('',(30.689728585738,-12.18751858425,5.));
#7905 = CARTESIAN_POINT('',(30.628252276619,-12.15766633819,5.));
#7906 = CARTESIAN_POINT('',(30.590924233069,-12.1406840566,5.));
#7907 = CARTESIAN_POINT('',(30.574119664981,-12.13363599902,5.));
#7908 = CARTESIAN_POINT('',(30.569904517801,-12.13190665901,5.));
#7909 = ORIENTED_EDGE('',*,*,#7910,.F.);
#7910 = EDGE_CURVE('',#7911,#7884,#7913,.T.);
#7911 = VERTEX_POINT('',#7912);
#7912 = CARTESIAN_POINT('',(30.569904517801,-12.13190665901,0.));
#7913 = LINE('',#7914,#7915);
#7914 = CARTESIAN_POINT('',(30.569904517801,-12.13190665901,0.));
#7915 = VECTOR('',#7916,1.);
#7916 = DIRECTION('',(0.,0.,1.));
#7917 = ORIENTED_EDGE('',*,*,#7918,.F.);
#7918 = EDGE_CURVE('',#7861,#7911,#7919,.T.);
#7919 = B_SPLINE_CURVE_WITH_KNOTS('',3,(#7920,#7921,#7922,#7923,#7924,
    #7925,#7926,#7927,#7928,#7929,#7930,#7931,#7932,#7933,#7934,#7935,
    #7936,#7937,#7938,#7939,#7940,#7941),.UNSPECIFIED.,.F.,.F.,(4,1,1,1,
    1,1,1,1,1,1,1,1,1,1,1,1,1,1,1,4),(0.,0.505678245547,0.98402253235,
    1.435032860437,1.858709229845,2.255051640615,2.6240600928,
    2.965734586464,3.280075121689,3.567081698578,3.82675431727,
    4.059092977951,4.264097680881,4.441768426441,4.592105215219,
    4.715108048196,4.810776927193,4.879111856217,4.920112847288,
    4.933779984548),.UNSPECIFIED.);
#7920 = CARTESIAN_POINT('',(34.172737594392,-15.44260357921,0.));
#7921 = CARTESIAN_POINT('',(34.071358454284,-15.30793981667,0.));
#7922 = CARTESIAN_POINT('',(33.87041876273,-15.04861773529,0.));
#7923 = CARTESIAN_POINT('',(33.566599137247,-14.679067922,0.));
#7924 = CARTESIAN_POINT('',(33.270227328213,-14.33902226235,0.));
#7925 = CARTESIAN_POINT('',(32.982733371428,-14.02773717047,0.));
#7926 = CARTESIAN_POINT('',(32.705514438772,-13.74439910633,0.));
#7927 = CARTESIAN_POINT('',(32.439926652072,-13.48814138636,0.));
#7928 = CARTESIAN_POINT('',(32.187284499919,-13.25804209983,0.));
#7929 = CARTESIAN_POINT('',(31.948858479218,-13.05312671589,0.));
#7930 = CARTESIAN_POINT('',(31.725873234477,-12.87236967009,0.));
#7931 = CARTESIAN_POINT('',(31.519505695274,-12.71469618892,0.));
#7932 = CARTESIAN_POINT('',(31.330883179587,-12.5789844408,0.));
#7933 = CARTESIAN_POINT('',(31.161081963653,-12.46406674578,0.));
#7934 = CARTESIAN_POINT('',(31.011124670665,-12.36873402648,0.));
#7935 = CARTESIAN_POINT('',(30.881981508655,-12.29173074257,0.));
#7936 = CARTESIAN_POINT('',(30.774560510597,-12.23177797179,0.));
#7937 = CARTESIAN_POINT('',(30.689728585738,-12.18751858425,0.));
#7938 = CARTESIAN_POINT('',(30.628252276619,-12.15766633819,0.));
#7939 = CARTESIAN_POINT('',(30.590924233069,-12.1406840566,0.));
#7940 = CARTESIAN_POINT('',(30.574119664981,-12.13363599902,0.));
#7941 = CARTESIAN_POINT('',(30.569904517801,-12.13190665901,0.));
#7942 = SURFACE_OF_LINEAR_EXTRUSION('',#7943,#7966);
#7943 = B_SPLINE_CURVE_WITH_KNOTS('',3,(#7944,#7945,#7946,#7947,#7948,
    #7949,#7950,#7951,#7952,#7953,#7954,#7955,#7956,#7957,#7958,#7959,
    #7960,#7961,#7962,#7963,#7964,#7965),.UNSPECIFIED.,.F.,.F.,(4,1,1,1,
    1,1,1,1,1,1,1,1,1,1,1,1,1,1,1,4),(0.,0.505678245547,0.98402253235,
    1.435032860437,1.858709229845,2.255051640615,2.6240600928,
    2.965734586464,3.280075121689,3.567081698578,3.82675431727,
    4.059092977951,4.264097680881,4.441768426441,4.592105215219,
    4.715108048196,4.810776927193,4.879111856217,4.920112847288,
    4.933779984548),.UNSPECIFIED.);
#7944 = CARTESIAN_POINT('',(34.172737594392,-15.44260357921,0.));
#7945 = CARTESIAN_POINT('',(34.071358454284,-15.30793981667,0.));
#7946 = CARTESIAN_POINT('',(33.87041876273,-15.04861773529,0.));
#7947 = CARTESIAN_POINT('',(33.566599137247,-14.679067922,0.));
#7948 = CARTESIAN_POINT('',(33.270227328213,-14.33902226235,0.));
#7949 = CARTESIAN_POINT('',(32.982733371428,-14.02773717047,0.));
#7950 = CARTESIAN_POINT('',(32.705514438772,-13.74439910633,0.));
#7951 = CARTESIAN_POINT('',(32.439926652072,-13.48814138636,0.));
#7952 = CARTESIAN_POINT('',(32.187284499919,-13.25804209983,0.));
#7953 = CARTESIAN_POINT('',(31.948858479218,-13.05312671589,0.));
#7954 = CARTESIAN_POINT('',(31.725873234477,-12.87236967009,0.));
#7955 = CARTESIAN_POINT('',(31.519505695274,-12.71469618892,0.));
#7956 = CARTESIAN_POINT('',(31.330883179587,-12.5789844408,0.));
#7957 = CARTESIAN_POINT('',(31.161081963653,-12.46406674578,0.));
#7958 = CARTESIAN_POINT('',(31.011124670665,-12.36873402648,0.));
#7959 = CARTESIAN_POINT('',(30.881981508655,-12.29173074257,0.));
#7960 = CARTESIAN_POINT('',(30.774560510597,-12.23177797179,0.));
#7961 = CARTESIAN_POINT('',(30.689728585738,-12.18751858425,0.));
#7962 = CARTESIAN_POINT('',(30.628252276619,-12.15766633819,0.));
#7963 = CARTESIAN_POINT('',(30.590924233069,-12.1406840566,0.));
#7964 = CARTESIAN_POINT('',(30.574119664981,-12.13363599902,0.));
#7965 = CARTESIAN_POINT('',(30.569904517801,-12.13190665901,0.));
#7966 = VECTOR('',#7967,1.);
#7967 = DIRECTION('',(-0.,-0.,-1.));
#7968 = ADVANCED_FACE('',(#7969),#7992,.F.);
#7969 = FACE_BOUND('',#7970,.F.);
#7970 = EDGE_LOOP('',(#7971,#7972,#7979,#7987));
#7971 = ORIENTED_EDGE('',*,*,#7910,.T.);
#7972 = ORIENTED_EDGE('',*,*,#7973,.T.);
#7973 = EDGE_CURVE('',#7884,#7974,#7976,.T.);
#7974 = VERTEX_POINT('',#7975);
#7975 = CARTESIAN_POINT('',(29.627186743255,-11.75778170746,5.));
#7976 = B_SPLINE_CURVE_WITH_KNOTS('',1,(#7977,#7978),.UNSPECIFIED.,.F.,
  .F.,(2,2),(0.,1.014241727507),.PIECEWISE_BEZIER_KNOTS.);
#7977 = CARTESIAN_POINT('',(30.569904517801,-12.13190665901,5.));
#7978 = CARTESIAN_POINT('',(29.627186743255,-11.75778170746,5.));
#7979 = ORIENTED_EDGE('',*,*,#7980,.F.);
#7980 = EDGE_CURVE('',#7981,#7974,#7983,.T.);
#7981 = VERTEX_POINT('',#7982);
#7982 = CARTESIAN_POINT('',(29.627186743255,-11.75778170746,0.));
#7983 = LINE('',#7984,#7985);
#7984 = CARTESIAN_POINT('',(29.627186743255,-11.75778170746,0.));
#7985 = VECTOR('',#7986,1.);
#7986 = DIRECTION('',(0.,0.,1.));
#7987 = ORIENTED_EDGE('',*,*,#7988,.F.);
#7988 = EDGE_CURVE('',#7911,#7981,#7989,.T.);
#7989 = B_SPLINE_CURVE_WITH_KNOTS('',1,(#7990,#7991),.UNSPECIFIED.,.F.,
  .F.,(2,2),(0.,1.014241727507),.PIECEWISE_BEZIER_KNOTS.);
#7990 = CARTESIAN_POINT('',(30.569904517801,-12.13190665901,0.));
#7991 = CARTESIAN_POINT('',(29.627186743255,-11.75778170746,0.));
#7992 = SURFACE_OF_LINEAR_EXTRUSION('',#7993,#7996);
#7993 = B_SPLINE_CURVE_WITH_KNOTS('',1,(#7994,#7995),.UNSPECIFIED.,.F.,
  .F.,(2,2),(0.,1.014241727507),.PIECEWISE_BEZIER_KNOTS.);
#7994 = CARTESIAN_POINT('',(30.569904517801,-12.13190665901,0.));
#7995 = CARTESIAN_POINT('',(29.627186743255,-11.75778170746,0.));
#7996 = VECTOR('',#7997,1.);
#7997 = DIRECTION('',(-0.,-0.,-1.));
#7998 = ADVANCED_FACE('',(#7999),#8022,.F.);
#7999 = FACE_BOUND('',#8000,.F.);
#8000 = EDGE_LOOP('',(#8001,#8002,#8009,#8017));
#8001 = ORIENTED_EDGE('',*,*,#7980,.T.);
#8002 = ORIENTED_EDGE('',*,*,#8003,.T.);
#8003 = EDGE_CURVE('',#7974,#8004,#8006,.T.);
#8004 = VERTEX_POINT('',#8005);
#8005 = CARTESIAN_POINT('',(30.494324319919,-9.279644889304,5.));
#8006 = B_SPLINE_CURVE_WITH_KNOTS('',1,(#8007,#8008),.UNSPECIFIED.,.F.,
  .F.,(2,2),(0.,2.625469418288),.PIECEWISE_BEZIER_KNOTS.);
#8007 = CARTESIAN_POINT('',(29.627186743255,-11.75778170746,5.));
#8008 = CARTESIAN_POINT('',(30.494324319919,-9.279644889304,5.));
#8009 = ORIENTED_EDGE('',*,*,#8010,.F.);
#8010 = EDGE_CURVE('',#8011,#8004,#8013,.T.);
#8011 = VERTEX_POINT('',#8012);
#8012 = CARTESIAN_POINT('',(30.494324319919,-9.279644889304,0.));
#8013 = LINE('',#8014,#8015);
#8014 = CARTESIAN_POINT('',(30.494324319919,-9.279644889304,0.));
#8015 = VECTOR('',#8016,1.);
#8016 = DIRECTION('',(0.,0.,1.));
#8017 = ORIENTED_EDGE('',*,*,#8018,.F.);
#8018 = EDGE_CURVE('',#7981,#8011,#8019,.T.);
#8019 = B_SPLINE_CURVE_WITH_KNOTS('',1,(#8020,#8021),.UNSPECIFIED.,.F.,
  .F.,(2,2),(0.,2.625469418288),.PIECEWISE_BEZIER_KNOTS.);
#8020 = CARTESIAN_POINT('',(29.627186743255,-11.75778170746,0.));
#8021 = CARTESIAN_POINT('',(30.494324319919,-9.279644889304,0.));
#8022 = SURFACE_OF_LINEAR_EXTRUSION('',#8023,#8026);
#8023 = B_SPLINE_CURVE_WITH_KNOTS('',1,(#8024,#8025),.UNSPECIFIED.,.F.,
  .F.,(2,2),(0.,2.625469418288),.PIECEWISE_BEZIER_KNOTS.);
#8024 = CARTESIAN_POINT('',(29.627186743255,-11.75778170746,0.));
#8025 = CARTESIAN_POINT('',(30.494324319919,-9.279644889304,0.));
#8026 = VECTOR('',#8027,1.);
#8027 = DIRECTION('',(-0.,-0.,-1.));
#8028 = ADVANCED_FACE('',(#8029),#8052,.F.);
#8029 = FACE_BOUND('',#8030,.F.);
#8030 = EDGE_LOOP('',(#8031,#8032,#8039,#8047));
#8031 = ORIENTED_EDGE('',*,*,#8010,.T.);
#8032 = ORIENTED_EDGE('',*,*,#8033,.T.);
#8033 = EDGE_CURVE('',#8004,#8034,#8036,.T.);
#8034 = VERTEX_POINT('',#8035);
#8035 = CARTESIAN_POINT('',(31.464633847053,-9.574917142267,5.));
#8036 = B_SPLINE_CURVE_WITH_KNOTS('',1,(#8037,#8038),.UNSPECIFIED.,.F.,
  .F.,(2,2),(0.,1.014241727507),.PIECEWISE_BEZIER_KNOTS.);
#8037 = CARTESIAN_POINT('',(30.494324319919,-9.279644889304,5.));
#8038 = CARTESIAN_POINT('',(31.464633847053,-9.574917142267,5.));
#8039 = ORIENTED_EDGE('',*,*,#8040,.F.);
#8040 = EDGE_CURVE('',#8041,#8034,#8043,.T.);
#8041 = VERTEX_POINT('',#8042);
#8042 = CARTESIAN_POINT('',(31.464633847053,-9.574917142267,0.));
#8043 = LINE('',#8044,#8045);
#8044 = CARTESIAN_POINT('',(31.464633847053,-9.574917142267,0.));
#8045 = VECTOR('',#8046,1.);
#8046 = DIRECTION('',(0.,0.,1.));
#8047 = ORIENTED_EDGE('',*,*,#8048,.F.);
#8048 = EDGE_CURVE('',#8011,#8041,#8049,.T.);
#8049 = B_SPLINE_CURVE_WITH_KNOTS('',1,(#8050,#8051),.UNSPECIFIED.,.F.,
  .F.,(2,2),(0.,1.014241727507),.PIECEWISE_BEZIER_KNOTS.);
#8050 = CARTESIAN_POINT('',(30.494324319919,-9.279644889304,0.));
#8051 = CARTESIAN_POINT('',(31.464633847053,-9.574917142267,0.));
#8052 = SURFACE_OF_LINEAR_EXTRUSION('',#8053,#8056);
#8053 = B_SPLINE_CURVE_WITH_KNOTS('',1,(#8054,#8055),.UNSPECIFIED.,.F.,
  .F.,(2,2),(0.,1.014241727507),.PIECEWISE_BEZIER_KNOTS.);
#8054 = CARTESIAN_POINT('',(30.494324319919,-9.279644889304,0.));
#8055 = CARTESIAN_POINT('',(31.464633847053,-9.574917142267,0.));
#8056 = VECTOR('',#8057,1.);
#8057 = DIRECTION('',(-0.,-0.,-1.));
#8058 = ADVANCED_FACE('',(#8059),#8122,.F.);
#8059 = FACE_BOUND('',#8060,.F.);
#8060 = EDGE_LOOP('',(#8061,#8062,#8089,#8097));
#8061 = ORIENTED_EDGE('',*,*,#8040,.T.);
#8062 = ORIENTED_EDGE('',*,*,#8063,.T.);
#8063 = EDGE_CURVE('',#8034,#8064,#8066,.T.);
#8064 = VERTEX_POINT('',#8065);
#8065 = CARTESIAN_POINT('',(36.345627939203,-9.232839742194,5.));
#8066 = B_SPLINE_CURVE_WITH_KNOTS('',3,(#8067,#8068,#8069,#8070,#8071,
    #8072,#8073,#8074,#8075,#8076,#8077,#8078,#8079,#8080,#8081,#8082,
    #8083,#8084,#8085,#8086,#8087,#8088),.UNSPECIFIED.,.F.,.F.,(4,1,1,1,
    1,1,1,1,1,1,1,1,1,1,1,1,1,1,1,4),(0.,1.366713726009E-02,
    5.466812833143E-02,0.123003057355,0.218671936353,0.341674769329,
    0.492011558107,0.669682303667,0.874687006597,1.107025667278,
    1.36669828597,1.65370486286,1.968045398084,2.309719891748,
    2.678728343933,3.075070754704,3.498747124111,3.949757452199,
    4.428101739001,4.933779984548),.UNSPECIFIED.);
#8067 = CARTESIAN_POINT('',(31.464633847053,-9.574917142267,5.));
#8068 = CARTESIAN_POINT('',(31.469007607686,-9.576193191078,5.));
#8069 = CARTESIAN_POINT('',(31.486540340086,-9.581160274604,5.));
#8070 = CARTESIAN_POINT('',(31.526312859102,-9.591156646683,5.));
#8071 = CARTESIAN_POINT('',(31.592989543976,-9.606147072685,5.));
#8072 = CARTESIAN_POINT('',(31.686909090318,-9.624435530132,5.));
#8073 = CARTESIAN_POINT('',(31.808274149648,-9.644538463274,5.));
#8074 = CARTESIAN_POINT('',(31.957253101683,-9.664854316149,5.));
#8075 = CARTESIAN_POINT('',(32.133933412633,-9.683817037785,5.));
#8076 = CARTESIAN_POINT('',(32.338339359911,-9.699840092402,5.));
#8077 = CARTESIAN_POINT('',(32.570425271921,-9.711340590116,5.));
#8078 = CARTESIAN_POINT('',(32.830077718564,-9.716734554711,5.));
#8079 = CARTESIAN_POINT('',(33.1171147777,-9.714442031687,5.));
#8080 = CARTESIAN_POINT('',(33.43128639905,-9.702888925692,5.));
#8081 = CARTESIAN_POINT('',(33.772274545968,-9.680509864775,5.));
#8082 = CARTESIAN_POINT('',(34.139693514021,-9.64575078818,5.));
#8083 = CARTESIAN_POINT('',(34.533090396575,-9.59707134685,5.));
#8084 = CARTESIAN_POINT('',(34.95194530327,-9.532948412142,5.));
#8085 = CARTESIAN_POINT('',(35.395673115043,-9.451874810447,5.));
#8086 = CARTESIAN_POINT('',(35.863619403103,-9.352377570169,5.));
#8087 = CARTESIAN_POINT('',(36.182405053174,-9.27491525132,5.));
#8088 = CARTESIAN_POINT('',(36.345627939203,-9.232839742194,5.));
#8089 = ORIENTED_EDGE('',*,*,#8090,.F.);
#8090 = EDGE_CURVE('',#8091,#8064,#8093,.T.);
#8091 = VERTEX_POINT('',#8092);
#8092 = CARTESIAN_POINT('',(36.345627939203,-9.232839742194,0.));
#8093 = LINE('',#8094,#8095);
#8094 = CARTESIAN_POINT('',(36.345627939203,-9.232839742194,0.));
#8095 = VECTOR('',#8096,1.);
#8096 = DIRECTION('',(0.,0.,1.));
#8097 = ORIENTED_EDGE('',*,*,#8098,.F.);
#8098 = EDGE_CURVE('',#8041,#8091,#8099,.T.);
#8099 = B_SPLINE_CURVE_WITH_KNOTS('',3,(#8100,#8101,#8102,#8103,#8104,
    #8105,#8106,#8107,#8108,#8109,#8110,#8111,#8112,#8113,#8114,#8115,
    #8116,#8117,#8118,#8119,#8120,#8121),.UNSPECIFIED.,.F.,.F.,(4,1,1,1,
    1,1,1,1,1,1,1,1,1,1,1,1,1,1,1,4),(0.,1.366713726009E-02,
    5.466812833143E-02,0.123003057355,0.218671936353,0.341674769329,
    0.492011558107,0.669682303667,0.874687006597,1.107025667278,
    1.36669828597,1.65370486286,1.968045398084,2.309719891748,
    2.678728343933,3.075070754704,3.498747124111,3.949757452199,
    4.428101739001,4.933779984548),.UNSPECIFIED.);
#8100 = CARTESIAN_POINT('',(31.464633847053,-9.574917142267,0.));
#8101 = CARTESIAN_POINT('',(31.469007607686,-9.576193191078,0.));
#8102 = CARTESIAN_POINT('',(31.486540340086,-9.581160274604,0.));
#8103 = CARTESIAN_POINT('',(31.526312859102,-9.591156646683,0.));
#8104 = CARTESIAN_POINT('',(31.592989543976,-9.606147072685,0.));
#8105 = CARTESIAN_POINT('',(31.686909090318,-9.624435530132,0.));
#8106 = CARTESIAN_POINT('',(31.808274149648,-9.644538463274,0.));
#8107 = CARTESIAN_POINT('',(31.957253101683,-9.664854316149,0.));
#8108 = CARTESIAN_POINT('',(32.133933412633,-9.683817037785,0.));
#8109 = CARTESIAN_POINT('',(32.338339359911,-9.699840092402,0.));
#8110 = CARTESIAN_POINT('',(32.570425271921,-9.711340590116,0.));
#8111 = CARTESIAN_POINT('',(32.830077718564,-9.716734554711,0.));
#8112 = CARTESIAN_POINT('',(33.1171147777,-9.714442031687,0.));
#8113 = CARTESIAN_POINT('',(33.43128639905,-9.702888925692,0.));
#8114 = CARTESIAN_POINT('',(33.772274545968,-9.680509864775,0.));
#8115 = CARTESIAN_POINT('',(34.139693514021,-9.64575078818,0.));
#8116 = CARTESIAN_POINT('',(34.533090396575,-9.59707134685,0.));
#8117 = CARTESIAN_POINT('',(34.95194530327,-9.532948412142,0.));
#8118 = CARTESIAN_POINT('',(35.395673115043,-9.451874810447,0.));
#8119 = CARTESIAN_POINT('',(35.863619403103,-9.352377570169,0.));
#8120 = CARTESIAN_POINT('',(36.182405053174,-9.27491525132,0.));
#8121 = CARTESIAN_POINT('',(36.345627939203,-9.232839742194,0.));
#8122 = SURFACE_OF_LINEAR_EXTRUSION('',#8123,#8146);
#8123 = B_SPLINE_CURVE_WITH_KNOTS('',3,(#8124,#8125,#8126,#8127,#8128,
    #8129,#8130,#8131,#8132,#8133,#8134,#8135,#8136,#8137,#8138,#8139,
    #8140,#8141,#8142,#8143,#8144,#8145),.UNSPECIFIED.,.F.,.F.,(4,1,1,1,
    1,1,1,1,1,1,1,1,1,1,1,1,1,1,1,4),(0.,1.366713726009E-02,
    5.466812833143E-02,0.123003057355,0.218671936353,0.341674769329,
    0.492011558107,0.669682303667,0.874687006597,1.107025667278,
    1.36669828597,1.65370486286,1.968045398084,2.309719891748,
    2.678728343933,3.075070754704,3.498747124111,3.949757452199,
    4.428101739001,4.933779984548),.UNSPECIFIED.);
#8124 = CARTESIAN_POINT('',(31.464633847053,-9.574917142267,0.));
#8125 = CARTESIAN_POINT('',(31.469007607686,-9.576193191078,0.));
#8126 = CARTESIAN_POINT('',(31.486540340086,-9.581160274604,0.));
#8127 = CARTESIAN_POINT('',(31.526312859102,-9.591156646683,0.));
#8128 = CARTESIAN_POINT('',(31.592989543976,-9.606147072685,0.));
#8129 = CARTESIAN_POINT('',(31.686909090318,-9.624435530132,0.));
#8130 = CARTESIAN_POINT('',(31.808274149648,-9.644538463274,0.));
#8131 = CARTESIAN_POINT('',(31.957253101683,-9.664854316149,0.));
#8132 = CARTESIAN_POINT('',(32.133933412633,-9.683817037785,0.));
#8133 = CARTESIAN_POINT('',(32.338339359911,-9.699840092402,0.));
#8134 = CARTESIAN_POINT('',(32.570425271921,-9.711340590116,0.));
#8135 = CARTESIAN_POINT('',(32.830077718564,-9.716734554711,0.));
#8136 = CARTESIAN_POINT('',(33.1171147777,-9.714442031687,0.));
#8137 = CARTESIAN_POINT('',(33.43128639905,-9.702888925692,0.));
#8138 = CARTESIAN_POINT('',(33.772274545968,-9.680509864775,0.));
#8139 = CARTESIAN_POINT('',(34.139693514021,-9.64575078818,0.));
#8140 = CARTESIAN_POINT('',(34.533090396575,-9.59707134685,0.));
#8141 = CARTESIAN_POINT('',(34.95194530327,-9.532948412142,0.));
#8142 = CARTESIAN_POINT('',(35.395673115043,-9.451874810447,0.));
#8143 = CARTESIAN_POINT('',(35.863619403103,-9.352377570169,0.));
#8144 = CARTESIAN_POINT('',(36.182405053174,-9.27491525132,0.));
#8145 = CARTESIAN_POINT('',(36.345627939203,-9.232839742194,0.));
#8146 = VECTOR('',#8147,1.);
#8147 = DIRECTION('',(-0.,-0.,-1.));
#8148 = ADVANCED_FACE('',(#8149),#8172,.F.);
#8149 = FACE_BOUND('',#8150,.F.);
#8150 = EDGE_LOOP('',(#8151,#8152,#8159,#8167));
#8151 = ORIENTED_EDGE('',*,*,#8090,.T.);
#8152 = ORIENTED_EDGE('',*,*,#8153,.T.);
#8153 = EDGE_CURVE('',#8064,#8154,#8156,.T.);
#8154 = VERTEX_POINT('',#8155);
#8155 = CARTESIAN_POINT('',(36.752258287602,-7.451275780788,5.));
#8156 = B_SPLINE_CURVE_WITH_KNOTS('',1,(#8157,#8158),.UNSPECIFIED.,.F.,
  .F.,(2,2),(0.,1.827380198213),.PIECEWISE_BEZIER_KNOTS.);
#8157 = CARTESIAN_POINT('',(36.345627939203,-9.232839742194,5.));
#8158 = CARTESIAN_POINT('',(36.752258287602,-7.451275780788,5.));
#8159 = ORIENTED_EDGE('',*,*,#8160,.F.);
#8160 = EDGE_CURVE('',#8161,#8154,#8163,.T.);
#8161 = VERTEX_POINT('',#8162);
#8162 = CARTESIAN_POINT('',(36.752258287602,-7.451275780788,0.));
#8163 = LINE('',#8164,#8165);
#8164 = CARTESIAN_POINT('',(36.752258287602,-7.451275780788,0.));
#8165 = VECTOR('',#8166,1.);
#8166 = DIRECTION('',(0.,0.,1.));
#8167 = ORIENTED_EDGE('',*,*,#8168,.F.);
#8168 = EDGE_CURVE('',#8091,#8161,#8169,.T.);
#8169 = B_SPLINE_CURVE_WITH_KNOTS('',1,(#8170,#8171),.UNSPECIFIED.,.F.,
  .F.,(2,2),(0.,1.827380198213),.PIECEWISE_BEZIER_KNOTS.);
#8170 = CARTESIAN_POINT('',(36.345627939203,-9.232839742194,0.));
#8171 = CARTESIAN_POINT('',(36.752258287602,-7.451275780788,0.));
#8172 = SURFACE_OF_LINEAR_EXTRUSION('',#8173,#8176);
#8173 = B_SPLINE_CURVE_WITH_KNOTS('',1,(#8174,#8175),.UNSPECIFIED.,.F.,
  .F.,(2,2),(0.,1.827380198213),.PIECEWISE_BEZIER_KNOTS.);
#8174 = CARTESIAN_POINT('',(36.345627939203,-9.232839742194,0.));
#8175 = CARTESIAN_POINT('',(36.752258287602,-7.451275780788,0.));
#8176 = VECTOR('',#8177,1.);
#8177 = DIRECTION('',(-0.,-0.,-1.));
#8178 = ADVANCED_FACE('',(#8179),#8242,.F.);
#8179 = FACE_BOUND('',#8180,.F.);
#8180 = EDGE_LOOP('',(#8181,#8182,#8209,#8217));
#8181 = ORIENTED_EDGE('',*,*,#8160,.T.);
#8182 = ORIENTED_EDGE('',*,*,#8183,.T.);
#8183 = EDGE_CURVE('',#8154,#8184,#8186,.T.);
#8184 = VERTEX_POINT('',#8185);
#8185 = CARTESIAN_POINT('',(32.503056387571,-5.025290725597,5.));
#8186 = B_SPLINE_CURVE_WITH_KNOTS('',3,(#8187,#8188,#8189,#8190,#8191,
    #8192,#8193,#8194,#8195,#8196,#8197,#8198,#8199,#8200,#8201,#8202,
    #8203,#8204,#8205,#8206,#8207,#8208),.UNSPECIFIED.,.F.,.F.,(4,1,1,1,
    1,1,1,1,1,1,1,1,1,1,1,1,1,1,1,4),(0.,0.505678245547,0.98402253235,
    1.435032860437,1.858709229845,2.255051640615,2.6240600928,
    2.965734586464,3.280075121689,3.567081698578,3.82675431727,
    4.059092977951,4.264097680881,4.441768426441,4.592105215219,
    4.715108048196,4.810776927193,4.879111856217,4.920112847288,
    4.933779984548),.UNSPECIFIED.);
#8187 = CARTESIAN_POINT('',(36.752258287602,-7.451275780788,5.));
#8188 = CARTESIAN_POINT('',(36.623455427986,-7.342547300864,5.));
#8189 = CARTESIAN_POINT('',(36.369849122281,-7.134440253317,5.));
#8190 = CARTESIAN_POINT('',(35.991414319532,-6.841762052213,5.));
#8191 = CARTESIAN_POINT('',(35.62680589275,-6.576190978956,5.));
#8192 = CARTESIAN_POINT('',(35.277252560323,-6.336683878001,5.));
#8193 = CARTESIAN_POINT('',(34.943935434435,-6.122136706496,5.));
#8194 = CARTESIAN_POINT('',(34.627983780864,-5.931402744925,5.));
#8195 = CARTESIAN_POINT('',(34.330473986795,-5.763290695566,5.));
#8196 = CARTESIAN_POINT('',(34.052427841608,-5.616567748941,5.));
#8197 = CARTESIAN_POINT('',(33.794811075854,-5.489961544584,5.));
#8198 = CARTESIAN_POINT('',(33.558531951427,-5.382162364339,5.));
#8199 = CARTESIAN_POINT('',(33.344439891077,-5.291825651445,5.));
#8200 = CARTESIAN_POINT('',(33.153324353316,-5.21757350812,5.));
#8201 = CARTESIAN_POINT('',(32.985913277012,-5.157999616022,5.));
#8202 = CARTESIAN_POINT('',(32.842873161047,-5.111664022229,5.));
#8203 = CARTESIAN_POINT('',(32.72480468514,-5.077117813402,5.));
#8204 = CARTESIAN_POINT('',(32.632251033499,-5.052844980261,5.));
#8205 = CARTESIAN_POINT('',(32.565673314128,-5.03742095806,5.));
#8206 = CARTESIAN_POINT('',(32.525502249401,-5.029170728831,5.));
#8207 = CARTESIAN_POINT('',(32.507550666566,-5.026038748961,5.));
#8208 = CARTESIAN_POINT('',(32.503056387571,-5.025290725597,5.));
#8209 = ORIENTED_EDGE('',*,*,#8210,.F.);
#8210 = EDGE_CURVE('',#8211,#8184,#8213,.T.);
#8211 = VERTEX_POINT('',#8212);
#8212 = CARTESIAN_POINT('',(32.503056387571,-5.025290725597,0.));
#8213 = LINE('',#8214,#8215);
#8214 = CARTESIAN_POINT('',(32.503056387571,-5.025290725597,0.));
#8215 = VECTOR('',#8216,1.);
#8216 = DIRECTION('',(0.,0.,1.));
#8217 = ORIENTED_EDGE('',*,*,#8218,.F.);
#8218 = EDGE_CURVE('',#8161,#8211,#8219,.T.);
#8219 = B_SPLINE_CURVE_WITH_KNOTS('',3,(#8220,#8221,#8222,#8223,#8224,
    #8225,#8226,#8227,#8228,#8229,#8230,#8231,#8232,#8233,#8234,#8235,
    #8236,#8237,#8238,#8239,#8240,#8241),.UNSPECIFIED.,.F.,.F.,(4,1,1,1,
    1,1,1,1,1,1,1,1,1,1,1,1,1,1,1,4),(0.,0.505678245547,0.98402253235,
    1.435032860437,1.858709229845,2.255051640615,2.6240600928,
    2.965734586464,3.280075121689,3.567081698578,3.82675431727,
    4.059092977951,4.264097680881,4.441768426441,4.592105215219,
    4.715108048196,4.810776927193,4.879111856217,4.920112847288,
    4.933779984548),.UNSPECIFIED.);
#8220 = CARTESIAN_POINT('',(36.752258287602,-7.451275780788,0.));
#8221 = CARTESIAN_POINT('',(36.623455427986,-7.342547300864,0.));
#8222 = CARTESIAN_POINT('',(36.369849122281,-7.134440253317,0.));
#8223 = CARTESIAN_POINT('',(35.991414319532,-6.841762052213,0.));
#8224 = CARTESIAN_POINT('',(35.62680589275,-6.576190978956,0.));
#8225 = CARTESIAN_POINT('',(35.277252560323,-6.336683878001,0.));
#8226 = CARTESIAN_POINT('',(34.943935434435,-6.122136706496,0.));
#8227 = CARTESIAN_POINT('',(34.627983780864,-5.931402744925,0.));
#8228 = CARTESIAN_POINT('',(34.330473986795,-5.763290695566,0.));
#8229 = CARTESIAN_POINT('',(34.052427841608,-5.616567748941,0.));
#8230 = CARTESIAN_POINT('',(33.794811075854,-5.489961544584,0.));
#8231 = CARTESIAN_POINT('',(33.558531951427,-5.382162364339,0.));
#8232 = CARTESIAN_POINT('',(33.344439891077,-5.291825651445,0.));
#8233 = CARTESIAN_POINT('',(33.153324353316,-5.21757350812,0.));
#8234 = CARTESIAN_POINT('',(32.985913277012,-5.157999616022,0.));
#8235 = CARTESIAN_POINT('',(32.842873161047,-5.111664022229,0.));
#8236 = CARTESIAN_POINT('',(32.72480468514,-5.077117813402,0.));
#8237 = CARTESIAN_POINT('',(32.632251033499,-5.052844980261,0.));
#8238 = CARTESIAN_POINT('',(32.565673314128,-5.03742095806,0.));
#8239 = CARTESIAN_POINT('',(32.525502249401,-5.029170728831,0.));
#8240 = CARTESIAN_POINT('',(32.507550666566,-5.026038748961,0.));
#8241 = CARTESIAN_POINT('',(32.503056387571,-5.025290725597,0.));
#8242 = SURFACE_OF_LINEAR_EXTRUSION('',#8243,#8266);
#8243 = B_SPLINE_CURVE_WITH_KNOTS('',3,(#8244,#8245,#8246,#8247,#8248,
    #8249,#8250,#8251,#8252,#8253,#8254,#8255,#8256,#8257,#8258,#8259,
    #8260,#8261,#8262,#8263,#8264,#8265),.UNSPECIFIED.,.F.,.F.,(4,1,1,1,
    1,1,1,1,1,1,1,1,1,1,1,1,1,1,1,4),(0.,0.505678245547,0.98402253235,
    1.435032860437,1.858709229845,2.255051640615,2.6240600928,
    2.965734586464,3.280075121689,3.567081698578,3.82675431727,
    4.059092977951,4.264097680881,4.441768426441,4.592105215219,
    4.715108048196,4.810776927193,4.879111856217,4.920112847288,
    4.933779984548),.UNSPECIFIED.);
#8244 = CARTESIAN_POINT('',(36.752258287602,-7.451275780788,0.));
#8245 = CARTESIAN_POINT('',(36.623455427986,-7.342547300864,0.));
#8246 = CARTESIAN_POINT('',(36.369849122281,-7.134440253317,0.));
#8247 = CARTESIAN_POINT('',(35.991414319532,-6.841762052213,0.));
#8248 = CARTESIAN_POINT('',(35.62680589275,-6.576190978956,0.));
#8249 = CARTESIAN_POINT('',(35.277252560323,-6.336683878001,0.));
#8250 = CARTESIAN_POINT('',(34.943935434435,-6.122136706496,0.));
#8251 = CARTESIAN_POINT('',(34.627983780864,-5.931402744925,0.));
#8252 = CARTESIAN_POINT('',(34.330473986795,-5.763290695566,0.));
#8253 = CARTESIAN_POINT('',(34.052427841608,-5.616567748941,0.));
#8254 = CARTESIAN_POINT('',(33.794811075854,-5.489961544584,0.));
#8255 = CARTESIAN_POINT('',(33.558531951427,-5.382162364339,0.));
#8256 = CARTESIAN_POINT('',(33.344439891077,-5.291825651445,0.));
#8257 = CARTESIAN_POINT('',(33.153324353316,-5.21757350812,0.));
#8258 = CARTESIAN_POINT('',(32.985913277012,-5.157999616022,0.));
#8259 = CARTESIAN_POINT('',(32.842873161047,-5.111664022229,0.));
#8260 = CARTESIAN_POINT('',(32.72480468514,-5.077117813402,0.));
#8261 = CARTESIAN_POINT('',(32.632251033499,-5.052844980261,0.));
#8262 = CARTESIAN_POINT('',(32.565673314128,-5.03742095806,0.));
#8263 = CARTESIAN_POINT('',(32.525502249401,-5.029170728831,0.));
#8264 = CARTESIAN_POINT('',(32.507550666566,-5.026038748961,0.));
#8265 = CARTESIAN_POINT('',(32.503056387571,-5.025290725597,0.));
#8266 = VECTOR('',#8267,1.);
#8267 = DIRECTION('',(-0.,-0.,-1.));
#8268 = ADVANCED_FACE('',(#8269),#8292,.F.);
#8269 = FACE_BOUND('',#8270,.F.);
#8270 = EDGE_LOOP('',(#8271,#8272,#8279,#8287));
#8271 = ORIENTED_EDGE('',*,*,#8210,.T.);
#8272 = ORIENTED_EDGE('',*,*,#8273,.T.);
#8273 = EDGE_CURVE('',#8184,#8274,#8276,.T.);
#8274 = VERTEX_POINT('',#8275);
#8275 = CARTESIAN_POINT('',(31.500723882221,-4.870320307337,5.));
#8276 = B_SPLINE_CURVE_WITH_KNOTS('',1,(#8277,#8278),.UNSPECIFIED.,.F.,
  .F.,(2,2),(0.,1.014241727507),.PIECEWISE_BEZIER_KNOTS.);
#8277 = CARTESIAN_POINT('',(32.503056387571,-5.025290725597,5.));
#8278 = CARTESIAN_POINT('',(31.500723882221,-4.870320307337,5.));
#8279 = ORIENTED_EDGE('',*,*,#8280,.F.);
#8280 = EDGE_CURVE('',#8281,#8274,#8283,.T.);
#8281 = VERTEX_POINT('',#8282);
#8282 = CARTESIAN_POINT('',(31.500723882221,-4.870320307337,0.));
#8283 = LINE('',#8284,#8285);
#8284 = CARTESIAN_POINT('',(31.500723882221,-4.870320307337,0.));
#8285 = VECTOR('',#8286,1.);
#8286 = DIRECTION('',(0.,0.,1.));
#8287 = ORIENTED_EDGE('',*,*,#8288,.F.);
#8288 = EDGE_CURVE('',#8211,#8281,#8289,.T.);
#8289 = B_SPLINE_CURVE_WITH_KNOTS('',1,(#8290,#8291),.UNSPECIFIED.,.F.,
  .F.,(2,2),(0.,1.014241727507),.PIECEWISE_BEZIER_KNOTS.);
#8290 = CARTESIAN_POINT('',(32.503056387571,-5.025290725597,0.));
#8291 = CARTESIAN_POINT('',(31.500723882221,-4.870320307337,0.));
#8292 = SURFACE_OF_LINEAR_EXTRUSION('',#8293,#8296);
#8293 = B_SPLINE_CURVE_WITH_KNOTS('',1,(#8294,#8295),.UNSPECIFIED.,.F.,
  .F.,(2,2),(0.,1.014241727507),.PIECEWISE_BEZIER_KNOTS.);
#8294 = CARTESIAN_POINT('',(32.503056387571,-5.025290725597,0.));
#8295 = CARTESIAN_POINT('',(31.500723882221,-4.870320307337,0.));
#8296 = VECTOR('',#8297,1.);
#8297 = DIRECTION('',(-0.,-0.,-1.));
#8298 = ADVANCED_FACE('',(#8299),#8322,.F.);
#8299 = FACE_BOUND('',#8300,.F.);
#8300 = EDGE_LOOP('',(#8301,#8302,#8309,#8317));
#8301 = ORIENTED_EDGE('',*,*,#8280,.T.);
#8302 = ORIENTED_EDGE('',*,*,#8303,.T.);
#8303 = EDGE_CURVE('',#8274,#8304,#8306,.T.);
#8304 = VERTEX_POINT('',#8305);
#8305 = CARTESIAN_POINT('',(31.794683190165,-2.261359289683,5.));
#8306 = B_SPLINE_CURVE_WITH_KNOTS('',1,(#8307,#8308),.UNSPECIFIED.,.F.,
  .F.,(2,2),(0.,2.625469418288),.PIECEWISE_BEZIER_KNOTS.);
#8307 = CARTESIAN_POINT('',(31.500723882221,-4.870320307337,5.));
#8308 = CARTESIAN_POINT('',(31.794683190165,-2.261359289683,5.));
#8309 = ORIENTED_EDGE('',*,*,#8310,.F.);
#8310 = EDGE_CURVE('',#8311,#8304,#8313,.T.);
#8311 = VERTEX_POINT('',#8312);
#8312 = CARTESIAN_POINT('',(31.794683190165,-2.261359289683,0.));
#8313 = LINE('',#8314,#8315);
#8314 = CARTESIAN_POINT('',(31.794683190165,-2.261359289683,0.));
#8315 = VECTOR('',#8316,1.);
#8316 = DIRECTION('',(0.,0.,1.));
#8317 = ORIENTED_EDGE('',*,*,#8318,.F.);
#8318 = EDGE_CURVE('',#8281,#8311,#8319,.T.);
#8319 = B_SPLINE_CURVE_WITH_KNOTS('',1,(#8320,#8321),.UNSPECIFIED.,.F.,
  .F.,(2,2),(0.,2.625469418288),.PIECEWISE_BEZIER_KNOTS.);
#8320 = CARTESIAN_POINT('',(31.500723882221,-4.870320307337,0.));
#8321 = CARTESIAN_POINT('',(31.794683190165,-2.261359289683,0.));
#8322 = SURFACE_OF_LINEAR_EXTRUSION('',#8323,#8326);
#8323 = B_SPLINE_CURVE_WITH_KNOTS('',1,(#8324,#8325),.UNSPECIFIED.,.F.,
  .F.,(2,2),(0.,2.625469418288),.PIECEWISE_BEZIER_KNOTS.);
#8324 = CARTESIAN_POINT('',(31.500723882221,-4.870320307337,0.));
#8325 = CARTESIAN_POINT('',(31.794683190165,-2.261359289683,0.));
#8326 = VECTOR('',#8327,1.);
#8327 = DIRECTION('',(-0.,-0.,-1.));
#8328 = ADVANCED_FACE('',(#8329),#8352,.F.);
#8329 = FACE_BOUND('',#8330,.F.);
#8330 = EDGE_LOOP('',(#8331,#8332,#8339,#8347));
#8331 = ORIENTED_EDGE('',*,*,#8310,.T.);
#8332 = ORIENTED_EDGE('',*,*,#8333,.T.);
#8333 = EDGE_CURVE('',#8304,#8334,#8336,.T.);
#8334 = VERTEX_POINT('',#8335);
#8335 = CARTESIAN_POINT('',(32.806369289124,-2.333314268584,5.));
#8336 = B_SPLINE_CURVE_WITH_KNOTS('',1,(#8337,#8338),.UNSPECIFIED.,.F.,
  .F.,(2,2),(0.,1.014241727507),.PIECEWISE_BEZIER_KNOTS.);
#8337 = CARTESIAN_POINT('',(31.794683190165,-2.261359289683,5.));
#8338 = CARTESIAN_POINT('',(32.806369289124,-2.333314268584,5.));
#8339 = ORIENTED_EDGE('',*,*,#8340,.F.);
#8340 = EDGE_CURVE('',#8341,#8334,#8343,.T.);
#8341 = VERTEX_POINT('',#8342);
#8342 = CARTESIAN_POINT('',(32.806369289124,-2.333314268584,0.));
#8343 = LINE('',#8344,#8345);
#8344 = CARTESIAN_POINT('',(32.806369289124,-2.333314268584,0.));
#8345 = VECTOR('',#8346,1.);
#8346 = DIRECTION('',(0.,0.,1.));
#8347 = ORIENTED_EDGE('',*,*,#8348,.F.);
#8348 = EDGE_CURVE('',#8311,#8341,#8349,.T.);
#8349 = B_SPLINE_CURVE_WITH_KNOTS('',1,(#8350,#8351),.UNSPECIFIED.,.F.,
  .F.,(2,2),(0.,1.014241727507),.PIECEWISE_BEZIER_KNOTS.);
#8350 = CARTESIAN_POINT('',(31.794683190165,-2.261359289683,0.));
#8351 = CARTESIAN_POINT('',(32.806369289124,-2.333314268584,0.));
#8352 = SURFACE_OF_LINEAR_EXTRUSION('',#8353,#8356);
#8353 = B_SPLINE_CURVE_WITH_KNOTS('',1,(#8354,#8355),.UNSPECIFIED.,.F.,
  .F.,(2,2),(0.,1.014241727507),.PIECEWISE_BEZIER_KNOTS.);
#8354 = CARTESIAN_POINT('',(31.794683190165,-2.261359289683,0.));
#8355 = CARTESIAN_POINT('',(32.806369289124,-2.333314268584,0.));
#8356 = VECTOR('',#8357,1.);
#8357 = DIRECTION('',(-0.,-0.,-1.));
#8358 = ADVANCED_FACE('',(#8359),#8413,.F.);
#8359 = FACE_BOUND('',#8360,.F.);
#8360 = EDGE_LOOP('',(#8361,#8362,#8387,#8388));
#8361 = ORIENTED_EDGE('',*,*,#8340,.T.);
#8362 = ORIENTED_EDGE('',*,*,#8363,.T.);
#8363 = EDGE_CURVE('',#8334,#42,#8364,.T.);
#8364 = B_SPLINE_CURVE_WITH_KNOTS('',3,(#8365,#8366,#8367,#8368,#8369,
    #8370,#8371,#8372,#8373,#8374,#8375,#8376,#8377,#8378,#8379,#8380,
    #8381,#8382,#8383,#8384,#8385,#8386),.UNSPECIFIED.,.F.,.F.,(4,1,1,1,
    1,1,1,1,1,1,1,1,1,1,1,1,1,1,1,4),(0.,1.366713726009E-02,
    5.466812833143E-02,0.123003057355,0.218671936353,0.341674769329,
    0.492011558107,0.669682303667,0.874687006597,1.107025667278,
    1.36669828597,1.65370486286,1.968045398084,2.309719891748,
    2.678728343933,3.075070754704,3.498747124111,3.949757452199,
    4.428101739001,4.933779984548),.UNSPECIFIED.);
#8365 = CARTESIAN_POINT('',(32.806369289124,-2.333314268584,5.));
#8366 = CARTESIAN_POINT('',(32.81091733802,-2.333585070887,5.));
#8367 = CARTESIAN_POINT('',(32.829115768279,-2.33452621927,5.));
#8368 = CARTESIAN_POINT('',(32.870115509257,-2.335421743354,5.));
#8369 = CARTESIAN_POINT('',(32.938456154026,-2.335199369887,5.));
#8370 = CARTESIAN_POINT('',(33.034090505886,-2.332130232354,5.));
#8371 = CARTESIAN_POINT('',(33.156886013249,-2.324722876639,5.));
#8372 = CARTESIAN_POINT('',(33.306650454471,-2.31137843312,5.));
#8373 = CARTESIAN_POINT('',(33.483120623678,-2.29055065193,5.));
#8374 = CARTESIAN_POINT('',(33.685967152174,-2.260687372819,5.));
#8375 = CARTESIAN_POINT('',(33.914793287309,-2.220255555146,5.));
#8376 = CARTESIAN_POINT('',(34.169135975047,-2.167736176856,5.));
#8377 = CARTESIAN_POINT('',(34.448466281465,-2.101629377692,5.));
#8378 = CARTESIAN_POINT('',(34.752190156397,-2.02045616958,5.));
#8379 = CARTESIAN_POINT('',(35.079649209015,-1.922761197523,5.));
#8380 = CARTESIAN_POINT('',(35.430121594248,-1.807115191624,5.));
#8381 = CARTESIAN_POINT('',(35.802823000865,-1.672117203801,5.));
#8382 = CARTESIAN_POINT('',(36.196907645238,-1.516397979912,5.));
#8383 = CARTESIAN_POINT('',(36.611469700778,-1.338618335582,5.));
#8384 = CARTESIAN_POINT('',(37.045543379577,-1.137487853788,5.));
#8385 = CARTESIAN_POINT('',(37.339099420298,-0.991031196415,5.));
#8386 = CARTESIAN_POINT('',(37.488867286206,-0.913690099106,5.));
#8387 = ORIENTED_EDGE('',*,*,#39,.F.);
#8388 = ORIENTED_EDGE('',*,*,#8389,.F.);
#8389 = EDGE_CURVE('',#8341,#40,#8390,.T.);
#8390 = B_SPLINE_CURVE_WITH_KNOTS('',3,(#8391,#8392,#8393,#8394,#8395,
    #8396,#8397,#8398,#8399,#8400,#8401,#8402,#8403,#8404,#8405,#8406,
    #8407,#8408,#8409,#8410,#8411,#8412),.UNSPECIFIED.,.F.,.F.,(4,1,1,1,
    1,1,1,1,1,1,1,1,1,1,1,1,1,1,1,4),(0.,1.366713726009E-02,
    5.466812833143E-02,0.123003057355,0.218671936353,0.341674769329,
    0.492011558107,0.669682303667,0.874687006597,1.107025667278,
    1.36669828597,1.65370486286,1.968045398084,2.309719891748,
    2.678728343933,3.075070754704,3.498747124111,3.949757452199,
    4.428101739001,4.933779984548),.UNSPECIFIED.);
#8391 = CARTESIAN_POINT('',(32.806369289124,-2.333314268584,0.));
#8392 = CARTESIAN_POINT('',(32.81091733802,-2.333585070887,0.));
#8393 = CARTESIAN_POINT('',(32.829115768279,-2.33452621927,0.));
#8394 = CARTESIAN_POINT('',(32.870115509257,-2.335421743354,0.));
#8395 = CARTESIAN_POINT('',(32.938456154026,-2.335199369887,0.));
#8396 = CARTESIAN_POINT('',(33.034090505886,-2.332130232354,0.));
#8397 = CARTESIAN_POINT('',(33.156886013249,-2.324722876639,0.));
#8398 = CARTESIAN_POINT('',(33.306650454471,-2.31137843312,0.));
#8399 = CARTESIAN_POINT('',(33.483120623678,-2.29055065193,0.));
#8400 = CARTESIAN_POINT('',(33.685967152174,-2.260687372819,0.));
#8401 = CARTESIAN_POINT('',(33.914793287309,-2.220255555146,0.));
#8402 = CARTESIAN_POINT('',(34.169135975047,-2.167736176856,0.));
#8403 = CARTESIAN_POINT('',(34.448466281465,-2.101629377692,0.));
#8404 = CARTESIAN_POINT('',(34.752190156397,-2.02045616958,0.));
#8405 = CARTESIAN_POINT('',(35.079649209015,-1.922761197523,0.));
#8406 = CARTESIAN_POINT('',(35.430121594248,-1.807115191624,0.));
#8407 = CARTESIAN_POINT('',(35.802823000865,-1.672117203801,0.));
#8408 = CARTESIAN_POINT('',(36.196907645238,-1.516397979912,0.));
#8409 = CARTESIAN_POINT('',(36.611469700778,-1.338618335582,0.));
#8410 = CARTESIAN_POINT('',(37.045543379577,-1.137487853788,0.));
#8411 = CARTESIAN_POINT('',(37.339099420298,-0.991031196415,0.));
#8412 = CARTESIAN_POINT('',(37.488867286206,-0.913690099106,0.));
#8413 = SURFACE_OF_LINEAR_EXTRUSION('',#8414,#8437);
#8414 = B_SPLINE_CURVE_WITH_KNOTS('',3,(#8415,#8416,#8417,#8418,#8419,
    #8420,#8421,#8422,#8423,#8424,#8425,#8426,#8427,#8428,#8429,#8430,
    #8431,#8432,#8433,#8434,#8435,#8436),.UNSPECIFIED.,.F.,.F.,(4,1,1,1,
    1,1,1,1,1,1,1,1,1,1,1,1,1,1,1,4),(0.,1.366713726009E-02,
    5.466812833143E-02,0.123003057355,0.218671936353,0.341674769329,
    0.492011558107,0.669682303667,0.874687006597,1.107025667278,
    1.36669828597,1.65370486286,1.968045398084,2.309719891748,
    2.678728343933,3.075070754704,3.498747124111,3.949757452199,
    4.428101739001,4.933779984548),.UNSPECIFIED.);
#8415 = CARTESIAN_POINT('',(32.806369289124,-2.333314268584,0.));
#8416 = CARTESIAN_POINT('',(32.81091733802,-2.333585070887,0.));
#8417 = CARTESIAN_POINT('',(32.829115768279,-2.33452621927,0.));
#8418 = CARTESIAN_POINT('',(32.870115509257,-2.335421743354,0.));
#8419 = CARTESIAN_POINT('',(32.938456154026,-2.335199369887,0.));
#8420 = CARTESIAN_POINT('',(33.034090505886,-2.332130232354,0.));
#8421 = CARTESIAN_POINT('',(33.156886013249,-2.324722876639,0.));
#8422 = CARTESIAN_POINT('',(33.306650454471,-2.31137843312,0.));
#8423 = CARTESIAN_POINT('',(33.483120623678,-2.29055065193,0.));
#8424 = CARTESIAN_POINT('',(33.685967152174,-2.260687372819,0.));
#8425 = CARTESIAN_POINT('',(33.914793287309,-2.220255555146,0.));
#8426 = CARTESIAN_POINT('',(34.169135975047,-2.167736176856,0.));
#8427 = CARTESIAN_POINT('',(34.448466281465,-2.101629377692,0.));
#8428 = CARTESIAN_POINT('',(34.752190156397,-2.02045616958,0.));
#8429 = CARTESIAN_POINT('',(35.079649209015,-1.922761197523,0.));
#8430 = CARTESIAN_POINT('',(35.430121594248,-1.807115191624,0.));
#8431 = CARTESIAN_POINT('',(35.802823000865,-1.672117203801,0.));
#8432 = CARTESIAN_POINT('',(36.196907645238,-1.516397979912,0.));
#8433 = CARTESIAN_POINT('',(36.611469700778,-1.338618335582,0.));
#8434 = CARTESIAN_POINT('',(37.045543379577,-1.137487853788,0.));
#8435 = CARTESIAN_POINT('',(37.339099420298,-0.991031196415,0.));
#8436 = CARTESIAN_POINT('',(37.488867286206,-0.913690099106,0.));
#8437 = VECTOR('',#8438,1.);
#8438 = DIRECTION('',(-0.,-0.,-1.));
#8439 = ADVANCED_FACE('',(#8440),#8610,.F.);
#8440 = FACE_BOUND('',#8441,.F.);
#8441 = EDGE_LOOP('',(#8442,#8443,#8444,#8445,#8446,#8447,#8448,#8449,
    #8450,#8451,#8452,#8453,#8454,#8455,#8456,#8457,#8458,#8459,#8460,
    #8461,#8462,#8463,#8464,#8465,#8466,#8467,#8468,#8469,#8470,#8471,
    #8472,#8473,#8474,#8475,#8476,#8477,#8478,#8479,#8480,#8481,#8482,
    #8483,#8484,#8485,#8486,#8487,#8488,#8489,#8490,#8491,#8492,#8493,
    #8494,#8495,#8496,#8497,#8498,#8499,#8500,#8501,#8502,#8503,#8504,
    #8505,#8506,#8507,#8508,#8509,#8510,#8511,#8512,#8513,#8514,#8515,
    #8516,#8517,#8518,#8519,#8520,#8521,#8522,#8523,#8524,#8525,#8526,
    #8527,#8528,#8529,#8530,#8531,#8532,#8533,#8534,#8535,#8536,#8537,
    #8538,#8539,#8540,#8541,#8542,#8543,#8544,#8545,#8546,#8547,#8548,
    #8549,#8550,#8551,#8552,#8553,#8554,#8555,#8556,#8557,#8558,#8559,
    #8560,#8561,#8562,#8563,#8564,#8565,#8566,#8567,#8568,#8569,#8570,
    #8571,#8572,#8573,#8574,#8575,#8576,#8577,#8578,#8579,#8580,#8581,
    #8582,#8583,#8584,#8585,#8586,#8587,#8588,#8589,#8590,#8591,#8592,
    #8593,#8594,#8595,#8596,#8597,#8598,#8599,#8600,#8601,#8602,#8603,
    #8604,#8605,#8606,#8607,#8608,#8609));
#8442 = ORIENTED_EDGE('',*,*,#65,.T.);
#8443 = ORIENTED_EDGE('',*,*,#115,.T.);
#8444 = ORIENTED_EDGE('',*,*,#186,.T.);
#8445 = ORIENTED_EDGE('',*,*,#217,.T.);
#8446 = ORIENTED_EDGE('',*,*,#248,.T.);
#8447 = ORIENTED_EDGE('',*,*,#298,.T.);
#8448 = ORIENTED_EDGE('',*,*,#368,.T.);
#8449 = ORIENTED_EDGE('',*,*,#418,.T.);
#8450 = ORIENTED_EDGE('',*,*,#488,.T.);
#8451 = ORIENTED_EDGE('',*,*,#518,.T.);
#8452 = ORIENTED_EDGE('',*,*,#548,.T.);
#8453 = ORIENTED_EDGE('',*,*,#598,.T.);
#8454 = ORIENTED_EDGE('',*,*,#668,.T.);
#8455 = ORIENTED_EDGE('',*,*,#718,.T.);
#8456 = ORIENTED_EDGE('',*,*,#788,.T.);
#8457 = ORIENTED_EDGE('',*,*,#818,.T.);
#8458 = ORIENTED_EDGE('',*,*,#848,.T.);
#8459 = ORIENTED_EDGE('',*,*,#898,.T.);
#8460 = ORIENTED_EDGE('',*,*,#968,.T.);
#8461 = ORIENTED_EDGE('',*,*,#1018,.T.);
#8462 = ORIENTED_EDGE('',*,*,#1088,.T.);
#8463 = ORIENTED_EDGE('',*,*,#1118,.T.);
#8464 = ORIENTED_EDGE('',*,*,#1148,.T.);
#8465 = ORIENTED_EDGE('',*,*,#1198,.T.);
#8466 = ORIENTED_EDGE('',*,*,#1268,.T.);
#8467 = ORIENTED_EDGE('',*,*,#1318,.T.);
#8468 = ORIENTED_EDGE('',*,*,#1388,.T.);
#8469 = ORIENTED_EDGE('',*,*,#1418,.T.);
#8470 = ORIENTED_EDGE('',*,*,#1448,.T.);
#8471 = ORIENTED_EDGE('',*,*,#1498,.T.);
#8472 = ORIENTED_EDGE('',*,*,#1568,.T.);
#8473 = ORIENTED_EDGE('',*,*,#1618,.T.);
#8474 = ORIENTED_EDGE('',*,*,#1688,.T.);
#8475 = ORIENTED_EDGE('',*,*,#1718,.T.);
#8476 = ORIENTED_EDGE('',*,*,#1748,.T.);
#8477 = ORIENTED_EDGE('',*,*,#1798,.T.);
#8478 = ORIENTED_EDGE('',*,*,#1868,.T.);
#8479 = ORIENTED_EDGE('',*,*,#1918,.T.);
#8480 = ORIENTED_EDGE('',*,*,#1988,.T.);
#8481 = ORIENTED_EDGE('',*,*,#2018,.T.);
#8482 = ORIENTED_EDGE('',*,*,#2048,.T.);
#8483 = ORIENTED_EDGE('',*,*,#2098,.T.);
#8484 = ORIENTED_EDGE('',*,*,#2168,.T.);
#8485 = ORIENTED_EDGE('',*,*,#2218,.T.);
#8486 = ORIENTED_EDGE('',*,*,#2288,.T.);
#8487 = ORIENTED_EDGE('',*,*,#2318,.T.);
#8488 = ORIENTED_EDGE('',*,*,#2348,.T.);
#8489 = ORIENTED_EDGE('',*,*,#2398,.T.);
#8490 = ORIENTED_EDGE('',*,*,#2468,.T.);
#8491 = ORIENTED_EDGE('',*,*,#2518,.T.);
#8492 = ORIENTED_EDGE('',*,*,#2588,.T.);
#8493 = ORIENTED_EDGE('',*,*,#2618,.T.);
#8494 = ORIENTED_EDGE('',*,*,#2648,.T.);
#8495 = ORIENTED_EDGE('',*,*,#2698,.T.);
#8496 = ORIENTED_EDGE('',*,*,#2768,.T.);
#8497 = ORIENTED_EDGE('',*,*,#2818,.T.);
#8498 = ORIENTED_EDGE('',*,*,#2888,.T.);
#8499 = ORIENTED_EDGE('',*,*,#2918,.T.);
#8500 = ORIENTED_EDGE('',*,*,#2948,.T.);
#8501 = ORIENTED_EDGE('',*,*,#2998,.T.);
#8502 = ORIENTED_EDGE('',*,*,#3068,.T.);
#8503 = ORIENTED_EDGE('',*,*,#3118,.T.);
#8504 = ORIENTED_EDGE('',*,*,#3188,.T.);
#8505 = ORIENTED_EDGE('',*,*,#3218,.T.);
#8506 = ORIENTED_EDGE('',*,*,#3248,.T.);
#8507 = ORIENTED_EDGE('',*,*,#3298,.T.);
#8508 = ORIENTED_EDGE('',*,*,#3368,.T.);
#8509 = ORIENTED_EDGE('',*,*,#3418,.T.);
#8510 = ORIENTED_EDGE('',*,*,#3488,.T.);
#8511 = ORIENTED_EDGE('',*,*,#3518,.T.);
#8512 = ORIENTED_EDGE('',*,*,#3548,.T.);
#8513 = ORIENTED_EDGE('',*,*,#3598,.T.);
#8514 = ORIENTED_EDGE('',*,*,#3668,.T.);
#8515 = ORIENTED_EDGE('',*,*,#3718,.T.);
#8516 = ORIENTED_EDGE('',*,*,#3788,.T.);
#8517 = ORIENTED_EDGE('',*,*,#3818,.T.);
#8518 = ORIENTED_EDGE('',*,*,#3848,.T.);
#8519 = ORIENTED_EDGE('',*,*,#3898,.T.);
#8520 = ORIENTED_EDGE('',*,*,#3968,.T.);
#8521 = ORIENTED_EDGE('',*,*,#4018,.T.);
#8522 = ORIENTED_EDGE('',*,*,#4088,.T.);
#8523 = ORIENTED_EDGE('',*,*,#4118,.T.);
#8524 = ORIENTED_EDGE('',*,*,#4148,.T.);
#8525 = ORIENTED_EDGE('',*,*,#4198,.T.);
#8526 = ORIENTED_EDGE('',*,*,#4268,.T.);
#8527 = ORIENTED_EDGE('',*,*,#4318,.T.);
#8528 = ORIENTED_EDGE('',*,*,#4388,.T.);
#8529 = ORIENTED_EDGE('',*,*,#4418,.T.);
#8530 = ORIENTED_EDGE('',*,*,#4448,.T.);
#8531 = ORIENTED_EDGE('',*,*,#4498,.T.);
#8532 = ORIENTED_EDGE('',*,*,#4568,.T.);
#8533 = ORIENTED_EDGE('',*,*,#4618,.T.);
#8534 = ORIENTED_EDGE('',*,*,#4688,.T.);
#8535 = ORIENTED_EDGE('',*,*,#4718,.T.);
#8536 = ORIENTED_EDGE('',*,*,#4748,.T.);
#8537 = ORIENTED_EDGE('',*,*,#4798,.T.);
#8538 = ORIENTED_EDGE('',*,*,#4868,.T.);
#8539 = ORIENTED_EDGE('',*,*,#4918,.T.);
#8540 = ORIENTED_EDGE('',*,*,#4988,.T.);
#8541 = ORIENTED_EDGE('',*,*,#5018,.T.);
#8542 = ORIENTED_EDGE('',*,*,#5048,.T.);
#8543 = ORIENTED_EDGE('',*,*,#5098,.T.);
#8544 = ORIENTED_EDGE('',*,*,#5168,.T.);
#8545 = ORIENTED_EDGE('',*,*,#5218,.T.);
#8546 = ORIENTED_EDGE('',*,*,#5288,.T.);
#8547 = ORIENTED_EDGE('',*,*,#5318,.T.);
#8548 = ORIENTED_EDGE('',*,*,#5348,.T.);
#8549 = ORIENTED_EDGE('',*,*,#5398,.T.);
#8550 = ORIENTED_EDGE('',*,*,#5468,.T.);
#8551 = ORIENTED_EDGE('',*,*,#5518,.T.);
#8552 = ORIENTED_EDGE('',*,*,#5588,.T.);
#8553 = ORIENTED_EDGE('',*,*,#5618,.T.);
#8554 = ORIENTED_EDGE('',*,*,#5648,.T.);
#8555 = ORIENTED_EDGE('',*,*,#5698,.T.);
#8556 = ORIENTED_EDGE('',*,*,#5768,.T.);
#8557 = ORIENTED_EDGE('',*,*,#5818,.T.);
#8558 = ORIENTED_EDGE('',*,*,#5888,.T.);
#8559 = ORIENTED_EDGE('',*,*,#5918,.T.);
#8560 = ORIENTED_EDGE('',*,*,#5948,.T.);
#8561 = ORIENTED_EDGE('',*,*,#5998,.T.);
#8562 = ORIENTED_EDGE('',*,*,#6068,.T.);
#8563 = ORIENTED_EDGE('',*,*,#6118,.T.);
#8564 = ORIENTED_EDGE('',*,*,#6188,.T.);
#8565 = ORIENTED_EDGE('',*,*,#6218,.T.);
#8566 = ORIENTED_EDGE('',*,*,#6248,.T.);
#8567 = ORIENTED_EDGE('',*,*,#6298,.T.);
#8568 = ORIENTED_EDGE('',*,*,#6368,.T.);
#8569 = ORIENTED_EDGE('',*,*,#6418,.T.);
#8570 = ORIENTED_EDGE('',*,*,#6488,.T.);
#8571 = ORIENTED_EDGE('',*,*,#6518,.T.);
#8572 = ORIENTED_EDGE('',*,*,#6548,.T.);
#8573 = ORIENTED_EDGE('',*,*,#6598,.T.);
#8574 = ORIENTED_EDGE('',*,*,#6668,.T.);
#8575 = ORIENTED_EDGE('',*,*,#6718,.T.);
#8576 = ORIENTED_EDGE('',*,*,#6788,.T.);
#8577 = ORIENTED_EDGE('',*,*,#6818,.T.);
#8578 = ORIENTED_EDGE('',*,*,#6848,.T.);
#8579 = ORIENTED_EDGE('',*,*,#6898,.T.);
#8580 = ORIENTED_EDGE('',*,*,#6968,.T.);
#8581 = ORIENTED_EDGE('',*,*,#7018,.T.);
#8582 = ORIENTED_EDGE('',*,*,#7088,.T.);
#8583 = ORIENTED_EDGE('',*,*,#7118,.T.);
#8584 = ORIENTED_EDGE('',*,*,#7148,.T.);
#8585 = ORIENTED_EDGE('',*,*,#7198,.T.);
#8586 = ORIENTED_EDGE('',*,*,#7268,.T.);
#8587 = ORIENTED_EDGE('',*,*,#7318,.T.);
#8588 = ORIENTED_EDGE('',*,*,#7388,.T.);
#8589 = ORIENTED_EDGE('',*,*,#7418,.T.);
#8590 = ORIENTED_EDGE('',*,*,#7448,.T.);
#8591 = ORIENTED_EDGE('',*,*,#7498,.T.);
#8592 = ORIENTED_EDGE('',*,*,#7568,.T.);
#8593 = ORIENTED_EDGE('',*,*,#7618,.T.);
#8594 = ORIENTED_EDGE('',*,*,#7688,.T.);
#8595 = ORIENTED_EDGE('',*,*,#7718,.T.);
#8596 = ORIENTED_EDGE('',*,*,#7748,.T.);
#8597 = ORIENTED_EDGE('',*,*,#7798,.T.);
#8598 = ORIENTED_EDGE('',*,*,#7868,.T.);
#8599 = ORIENTED_EDGE('',*,*,#7918,.T.);
#8600 = ORIENTED_EDGE('',*,*,#7988,.T.);
#8601 = ORIENTED_EDGE('',*,*,#8018,.T.);
#8602 = ORIENTED_EDGE('',*,*,#8048,.T.);
#8603 = ORIENTED_EDGE('',*,*,#8098,.T.);
#8604 = ORIENTED_EDGE('',*,*,#8168,.T.);
#8605 = ORIENTED_EDGE('',*,*,#8218,.T.);
#8606 = ORIENTED_EDGE('',*,*,#8288,.T.);
#8607 = ORIENTED_EDGE('',*,*,#8318,.T.);
#8608 = ORIENTED_EDGE('',*,*,#8348,.T.);
#8609 = ORIENTED_EDGE('',*,*,#8389,.T.);
#8610 = PLANE('',#8611);
#8611 = AXIS2_PLACEMENT_3D('',#8612,#8613,#8614);
#8612 = CARTESIAN_POINT('',(7.55E-15,3.129E-14,0.));
#8613 = DIRECTION('',(0.,0.,1.));
#8614 = DIRECTION('',(1.,0.,-0.));
#8615 = ADVANCED_FACE('',(#8616),#8786,.T.);
#8616 = FACE_BOUND('',#8617,.T.);
#8617 = EDGE_LOOP('',(#8618,#8619,#8620,#8621,#8622,#8623,#8624,#8625,
    #8626,#8627,#8628,#8629,#8630,#8631,#8632,#8633,#8634,#8635,#8636,
    #8637,#8638,#8639,#8640,#8641,#8642,#8643,#8644,#8645,#8646,#8647,
    #8648,#8649,#8650,#8651,#8652,#8653,#8654,#8655,#8656,#8657,#8658,
    #8659,#8660,#8661,#8662,#8663,#8664,#8665,#8666,#8667,#8668,#8669,
    #8670,#8671,#8672,#8673,#8674,#8675,#8676,#8677,#8678,#8679,#8680,
    #8681,#8682,#8683,#8684,#8685,#8686,#8687,#8688,#8689,#8690,#8691,
    #8692,#8693,#8694,#8695,#8696,#8697,#8698,#8699,#8700,#8701,#8702,
    #8703,#8704,#8705,#8706,#8707,#8708,#8709,#8710,#8711,#8712,#8713,
    #8714,#8715,#8716,#8717,#8718,#8719,#8720,#8721,#8722,#8723,#8724,
    #8725,#8726,#8727,#8728,#8729,#8730,#8731,#8732,#8733,#8734,#8735,
    #8736,#8737,#8738,#8739,#8740,#8741,#8742,#8743,#8744,#8745,#8746,
    #8747,#8748,#8749,#8750,#8751,#8752,#8753,#8754,#8755,#8756,#8757,
    #8758,#8759,#8760,#8761,#8762,#8763,#8764,#8765,#8766,#8767,#8768,
    #8769,#8770,#8771,#8772,#8773,#8774,#8775,#8776,#8777,#8778,#8779,
    #8780,#8781,#8782,#8783,#8784,#8785));
#8618 = ORIENTED_EDGE('',*,*,#49,.T.);
#8619 = ORIENTED_EDGE('',*,*,#80,.T.);
#8620 = ORIENTED_EDGE('',*,*,#170,.T.);
#8621 = ORIENTED_EDGE('',*,*,#201,.T.);
#8622 = ORIENTED_EDGE('',*,*,#232,.T.);
#8623 = ORIENTED_EDGE('',*,*,#263,.T.);
#8624 = ORIENTED_EDGE('',*,*,#353,.T.);
#8625 = ORIENTED_EDGE('',*,*,#383,.T.);
#8626 = ORIENTED_EDGE('',*,*,#473,.T.);
#8627 = ORIENTED_EDGE('',*,*,#503,.T.);
#8628 = ORIENTED_EDGE('',*,*,#533,.T.);
#8629 = ORIENTED_EDGE('',*,*,#563,.T.);
#8630 = ORIENTED_EDGE('',*,*,#653,.T.);
#8631 = ORIENTED_EDGE('',*,*,#683,.T.);
#8632 = ORIENTED_EDGE('',*,*,#773,.T.);
#8633 = ORIENTED_EDGE('',*,*,#803,.T.);
#8634 = ORIENTED_EDGE('',*,*,#833,.T.);
#8635 = ORIENTED_EDGE('',*,*,#863,.T.);
#8636 = ORIENTED_EDGE('',*,*,#953,.T.);
#8637 = ORIENTED_EDGE('',*,*,#983,.T.);
#8638 = ORIENTED_EDGE('',*,*,#1073,.T.);
#8639 = ORIENTED_EDGE('',*,*,#1103,.T.);
#8640 = ORIENTED_EDGE('',*,*,#1133,.T.);
#8641 = ORIENTED_EDGE('',*,*,#1163,.T.);
#8642 = ORIENTED_EDGE('',*,*,#1253,.T.);
#8643 = ORIENTED_EDGE('',*,*,#1283,.T.);
#8644 = ORIENTED_EDGE('',*,*,#1373,.T.);
#8645 = ORIENTED_EDGE('',*,*,#1403,.T.);
#8646 = ORIENTED_EDGE('',*,*,#1433,.T.);
#8647 = ORIENTED_EDGE('',*,*,#1463,.T.);
#8648 = ORIENTED_EDGE('',*,*,#1553,.T.);
#8649 = ORIENTED_EDGE('',*,*,#1583,.T.);
#8650 = ORIENTED_EDGE('',*,*,#1673,.T.);
#8651 = ORIENTED_EDGE('',*,*,#1703,.T.);
#8652 = ORIENTED_EDGE('',*,*,#1733,.T.);
#8653 = ORIENTED_EDGE('',*,*,#1763,.T.);
#8654 = ORIENTED_EDGE('',*,*,#1853,.T.);
#8655 = ORIENTED_EDGE('',*,*,#1883,.T.);
#8656 = ORIENTED_EDGE('',*,*,#1973,.T.);
#8657 = ORIENTED_EDGE('',*,*,#2003,.T.);
#8658 = ORIENTED_EDGE('',*,*,#2033,.T.);
#8659 = ORIENTED_EDGE('',*,*,#2063,.T.);
#8660 = ORIENTED_EDGE('',*,*,#2153,.T.);
#8661 = ORIENTED_EDGE('',*,*,#2183,.T.);
#8662 = ORIENTED_EDGE('',*,*,#2273,.T.);
#8663 = ORIENTED_EDGE('',*,*,#2303,.T.);
#8664 = ORIENTED_EDGE('',*,*,#2333,.T.);
#8665 = ORIENTED_EDGE('',*,*,#2363,.T.);
#8666 = ORIENTED_EDGE('',*,*,#2453,.T.);
#8667 = ORIENTED_EDGE('',*,*,#2483,.T.);
#8668 = ORIENTED_EDGE('',*,*,#2573,.T.);
#8669 = ORIENTED_EDGE('',*,*,#2603,.T.);
#8670 = ORIENTED_EDGE('',*,*,#2633,.T.);
#8671 = ORIENTED_EDGE('',*,*,#2663,.T.);
#8672 = ORIENTED_EDGE('',*,*,#2753,.T.);
#8673 = ORIENTED_EDGE('',*,*,#2783,.T.);
#8674 = ORIENTED_EDGE('',*,*,#2873,.T.);
#8675 = ORIENTED_EDGE('',*,*,#2903,.T.);
#8676 = ORIENTED_EDGE('',*,*,#2933,.T.);
#8677 = ORIENTED_EDGE('',*,*,#2963,.T.);
#8678 = ORIENTED_EDGE('',*,*,#3053,.T.);
#8679 = ORIENTED_EDGE('',*,*,#3083,.T.);
#8680 = ORIENTED_EDGE('',*,*,#3173,.T.);
#8681 = ORIENTED_EDGE('',*,*,#3203,.T.);
#8682 = ORIENTED_EDGE('',*,*,#3233,.T.);
#8683 = ORIENTED_EDGE('',*,*,#3263,.T.);
#8684 = ORIENTED_EDGE('',*,*,#3353,.T.);
#8685 = ORIENTED_EDGE('',*,*,#3383,.T.);
#8686 = ORIENTED_EDGE('',*,*,#3473,.T.);
#8687 = ORIENTED_EDGE('',*,*,#3503,.T.);
#8688 = ORIENTED_EDGE('',*,*,#3533,.T.);
#8689 = ORIENTED_EDGE('',*,*,#3563,.T.);
#8690 = ORIENTED_EDGE('',*,*,#3653,.T.);
#8691 = ORIENTED_EDGE('',*,*,#3683,.T.);
#8692 = ORIENTED_EDGE('',*,*,#3773,.T.);
#8693 = ORIENTED_EDGE('',*,*,#3803,.T.);
#8694 = ORIENTED_EDGE('',*,*,#3833,.T.);
#8695 = ORIENTED_EDGE('',*,*,#3863,.T.);
#8696 = ORIENTED_EDGE('',*,*,#3953,.T.);
#8697 = ORIENTED_EDGE('',*,*,#3983,.T.);
#8698 = ORIENTED_EDGE('',*,*,#4073,.T.);
#8699 = ORIENTED_EDGE('',*,*,#4103,.T.);
#8700 = ORIENTED_EDGE('',*,*,#4133,.T.);
#8701 = ORIENTED_EDGE('',*,*,#4163,.T.);
#8702 = ORIENTED_EDGE('',*,*,#4253,.T.);
#8703 = ORIENTED_EDGE('',*,*,#4283,.T.);
#8704 = ORIENTED_EDGE('',*,*,#4373,.T.);
#8705 = ORIENTED_EDGE('',*,*,#4403,.T.);
#8706 = ORIENTED_EDGE('',*,*,#4433,.T.);
#8707 = ORIENTED_EDGE('',*,*,#4463,.T.);
#8708 = ORIENTED_EDGE('',*,*,#4553,.T.);
#8709 = ORIENTED_EDGE('',*,*,#4583,.T.);
#8710 = ORIENTED_EDGE('',*,*,#4673,.T.);
#8711 = ORIENTED_EDGE('',*,*,#4703,.T.);
#8712 = ORIENTED_EDGE('',*,*,#4733,.T.);
#8713 = ORIENTED_EDGE('',*,*,#4763,.T.);
#8714 = ORIENTED_EDGE('',*,*,#4853,.T.);
#8715 = ORIENTED_EDGE('',*,*,#4883,.T.);
#8716 = ORIENTED_EDGE('',*,*,#4973,.T.);
#8717 = ORIENTED_EDGE('',*,*,#5003,.T.);
#8718 = ORIENTED_EDGE('',*,*,#5033,.T.);
#8719 = ORIENTED_EDGE('',*,*,#5063,.T.);
#8720 = ORIENTED_EDGE('',*,*,#5153,.T.);
#8721 = ORIENTED_EDGE('',*,*,#5183,.T.);
#8722 = ORIENTED_EDGE('',*,*,#5273,.T.);
#8723 = ORIENTED_EDGE('',*,*,#5303,.T.);
#8724 = ORIENTED_EDGE('',*,*,#5333,.T.);
#8725 = ORIENTED_EDGE('',*,*,#5363,.T.);
#8726 = ORIENTED_EDGE('',*,*,#5453,.T.);
#8727 = ORIENTED_EDGE('',*,*,#5483,.T.);
#8728 = ORIENTED_EDGE('',*,*,#5573,.T.);
#8729 = ORIENTED_EDGE('',*,*,#5603,.T.);
#8730 = ORIENTED_EDGE('',*,*,#5633,.T.);
#8731 = ORIENTED_EDGE('',*,*,#5663,.T.);
#8732 = ORIENTED_EDGE('',*,*,#5753,.T.);
#8733 = ORIENTED_EDGE('',*,*,#5783,.T.);
#8734 = ORIENTED_EDGE('',*,*,#5873,.T.);
#8735 = ORIENTED_EDGE('',*,*,#5903,.T.);
#8736 = ORIENTED_EDGE('',*,*,#5933,.T.);
#8737 = ORIENTED_EDGE('',*,*,#5963,.T.);
#8738 = ORIENTED_EDGE('',*,*,#6053,.T.);
#8739 = ORIENTED_EDGE('',*,*,#6083,.T.);
#8740 = ORIENTED_EDGE('',*,*,#6173,.T.);
#8741 = ORIENTED_EDGE('',*,*,#6203,.T.);
#8742 = ORIENTED_EDGE('',*,*,#6233,.T.);
#8743 = ORIENTED_EDGE('',*,*,#6263,.T.);
#8744 = ORIENTED_EDGE('',*,*,#6353,.T.);
#8745 = ORIENTED_EDGE('',*,*,#6383,.T.);
#8746 = ORIENTED_EDGE('',*,*,#6473,.T.);
#8747 = ORIENTED_EDGE('',*,*,#6503,.T.);
#8748 = ORIENTED_EDGE('',*,*,#6533,.T.);
#8749 = ORIENTED_EDGE('',*,*,#6563,.T.);
#8750 = ORIENTED_EDGE('',*,*,#6653,.T.);
#8751 = ORIENTED_EDGE('',*,*,#6683,.T.);
#8752 = ORIENTED_EDGE('',*,*,#6773,.T.);
#8753 = ORIENTED_EDGE('',*,*,#6803,.T.);
#8754 = ORIENTED_EDGE('',*,*,#6833,.T.);
#8755 = ORIENTED_EDGE('',*,*,#6863,.T.);
#8756 = ORIENTED_EDGE('',*,*,#6953,.T.);
#8757 = ORIENTED_EDGE('',*,*,#6983,.T.);
#8758 = ORIENTED_EDGE('',*,*,#7073,.T.);
#8759 = ORIENTED_EDGE('',*,*,#7103,.T.);
#8760 = ORIENTED_EDGE('',*,*,#7133,.T.);
#8761 = ORIENTED_EDGE('',*,*,#7163,.T.);
#8762 = ORIENTED_EDGE('',*,*,#7253,.T.);
#8763 = ORIENTED_EDGE('',*,*,#7283,.T.);
#8764 = ORIENTED_EDGE('',*,*,#7373,.T.);
#8765 = ORIENTED_EDGE('',*,*,#7403,.T.);
#8766 = ORIENTED_EDGE('',*,*,#7433,.T.);
#8767 = ORIENTED_EDGE('',*,*,#7463,.T.);
#8768 = ORIENTED_EDGE('',*,*,#7553,.T.);
#8769 = ORIENTED_EDGE('',*,*,#7583,.T.);
#8770 = ORIENTED_EDGE('',*,*,#7673,.T.);
#8771 = ORIENTED_EDGE('',*,*,#7703,.T.);
#8772 = ORIENTED_EDGE('',*,*,#7733,.T.);
#8773 = ORIENTED_EDGE('',*,*,#7763,.T.);
#8774 = ORIENTED_EDGE('',*,*,#7853,.T.);
#8775 = ORIENTED_EDGE('',*,*,#7883,.T.);
#8776 = ORIENTED_EDGE('',*,*,#7973,.T.);
#8777 = ORIENTED_EDGE('',*,*,#8003,.T.);
#8778 = ORIENTED_EDGE('',*,*,#8033,.T.);
#8779 = ORIENTED_EDGE('',*,*,#8063,.T.);
#8780 = ORIENTED_EDGE('',*,*,#8153,.T.);
#8781 = ORIENTED_EDGE('',*,*,#8183,.T.);
#8782 = ORIENTED_EDGE('',*,*,#8273,.T.);
#8783 = ORIENTED_EDGE('',*,*,#8303,.T.);
#8784 = ORIENTED_EDGE('',*,*,#8333,.T.);
#8785 = ORIENTED_EDGE('',*,*,#8363,.T.);
#8786 = PLANE('',#8787);
#8787 = AXIS2_PLACEMENT_3D('',#8788,#8789,#8790);
#8788 = CARTESIAN_POINT('',(7.55E-15,3.129E-14,5.));
#8789 = DIRECTION('',(0.,0.,1.));
#8790 = DIRECTION('',(1.,0.,0.));
#8791 = ( GEOMETRIC_REPRESENTATION_CONTEXT(3) 
GLOBAL_UNCERTAINTY_ASSIGNED_CONTEXT((#8795)) 
GLOBAL_UNIT_ASSIGNED_CONTEXT((#8792,#8793,#8794)) REPRESENTATION_CONTEXT
('Context #1','3D Context with UNIT and UNCERTAINTY') );
#8792 = ( LENGTH_UNIT() NAMED_UNIT(*) SI_UNIT(.MILLI.,.METRE.) );
#8793 = ( NAMED_UNIT(*) PLANE_ANGLE_UNIT() SI_UNIT($,.RADIAN.) );
#8794 = ( NAMED_UNIT(*) SI_UNIT($,.STERADIAN.) SOLID_ANGLE_UNIT() );
#8795 = UNCERTAINTY_MEASURE_WITH_UNIT(LENGTH_MEASURE(1.E-07),#8792,
  'distance_accuracy_value','confusion accuracy');
#8796 = CONTEXT_DEPENDENT_SHAPE_REPRESENTATION(#8797,#8799);
#8797 = ( REPRESENTATION_RELATIONSHIP('','',#32,#10) 
REPRESENTATION_RELATIONSHIP_WITH_TRANSFORMATION(#8798) 
SHAPE_REPRESENTATION_RELATIONSHIP() );
#8798 = ITEM_DEFINED_TRANSFORMATION('','',#11,#15);
#8799 = PRODUCT_DEFINITION_SHAPE('Placement','Placement of an item',
  #8800);
#8800 = NEXT_ASSEMBLY_USAGE_OCCURRENCE('3','InvoluteGear024','',#5,#27,$
  );
#8801 = PRODUCT_RELATED_PRODUCT_CATEGORY('part',$,(#29));
#8802 = MECHANICAL_DESIGN_GEOMETRIC_PRESENTATION_REPRESENTATION('',(
    #8803),#8791);
#8803 = STYLED_ITEM('color',(#8804),#33);
#8804 = PRESENTATION_STYLE_ASSIGNMENT((#8805,#8811));
#8805 = SURFACE_STYLE_USAGE(.BOTH.,#8806);
#8806 = SURFACE_SIDE_STYLE('',(#8807));
#8807 = SURFACE_STYLE_FILL_AREA(#8808);
#8808 = FILL_AREA_STYLE('',(#8809));
#8809 = FILL_AREA_STYLE_COLOUR('',#8810);
#8810 = COLOUR_RGB('',0.447058818107,0.474509808674,0.501960817233);
#8811 = CURVE_STYLE('',#8812,POSITIVE_LENGTH_MEASURE(0.1),#8813);
#8812 = DRAUGHTING_PRE_DEFINED_CURVE_FONT('continuous');
#8813 = COLOUR_RGB('',9.803921802644E-02,9.803921802644E-02,
  9.803921802644E-02);
ENDSEC;
END-ISO-10303-21;
